:020000040800F2
:10000000C07B002479030008C9DB000819C200087E
:1000100099D90008490C0008390C010800000000BB
:1000200000000000000000000000000091E900084E
:10003000691A00080000000061DC000871EB00088C
:100040009303000893030008930300089303000838
:100050009303000893030008930300089303000828
:10006000930300089303000893030008B90C0008E9
:10007000C90C0008930300089303000893030008C9
:10008000930300089303000893030008811A0008F3
:10009000911A0008930300089303000893030008D3
:1000A00093030008930300089303000893030008D8
:1000B00099F00008930300089303000893030008D5
:1000C00093030008930300089303000893030008B8
:1000D0009303000893030008190C0108290C010878
:1000E0009303000893030008000000009303000836
:1000F0009303000893030008930300089303000888
:100100009303000893030008930300089303000877
:100110009303000829F900089303000893030008DB
:1001200093030008D90C0008E90C0008F90C00083A
:10013000090D0008930300089303000893030008C7
:1001400000000000000000000000000000000000AF
:100150009303000893030008930300089303000827
:100160009303000893030008930300089303000817
:1001700093030008930300089303000800000000A5
:10018000930300089303000839F90008930300085B
:1001900093030008930300089303000893030008E7
:1001A0009303000893030008930300080000000075
:1001B00093030008930300089303000893030008C7
:1001C00093030008930300080000000000000000F3
:1001D0000000000000000000930300080000000081
:1001E000000000000000000000000000000000000F
:1001F00000000000000000009303000893030008C3
:100200009303000893030008000000009303000814
:100210009303000893030008930300089303000866
:100220009303000800000000930300080000000092
:1002300093030008930300080000000093030008E4
:100240009303000893030008930300089303000836
:100250009303000893030008930300089303000826
:100260009303000893030008930300089303000816
:1002700093030008930300089303000800000000A4
:1002800093030008930300089303000893030008F6
:100290000000000093030008930300080000000022
:1002A0000000000093030008930300089303000874
:1002B000090C01089303000893030008A11A000821
:1002C00093030008930300089303000800F002F86A
:1002D00000F042F80AA090E8000C82448344AAF19E
:1002E0000107DA4501D100F037F8AFF2090EBAE89C
:1002F0000F0013F0010F18BFFB1A43F0010318475A
:10030000D444020004450200103A24BF78C878C1E2
:10031000FAD8520724BF30C830C144BF04680C600B
:10032000704700000023002400250026103A28BF53
:1003300078C1FBD8520728BF30C148BF0B60704757
:100340001FB522F0BFFF9DE8030000F0D9F900F0CF
:10035000A9F91FBD10B510BD00F064FA1146FFF7F2
:10036000EFFF1EF029FE00F082FA03B4FFF7F2FF60
:1003700003BC00F0B3FA0000094880470948004771
:10038000FEE7FEE7FEE7FEE7FEE7FEE7FEE7FEE745
:10039000FEE7FEE704480549054A064B70470000A2
:1003A00059EF0008CD02000800000020C07B0024A7
:1003B00000000220C073002470B5064600F084F9E6
:1003C000056806F10B0020F00704B4429CBF002032
:1003D00070BD2B466A68BAB11068A04210D304F110
:1003E000080188423CBF5068586007D35168101913
:1003F00041601168091B016058601460101D70BDD8
:1004000013465268002AE7D12146284600F064F9D5
:100410000028DED170BD53EA020C00F069802DE99E
:10042000F04B4FF00006002B1FBFB3FA83F503FA21
:1004300005F424FA05F65E4012BF1643B2FA82F5BF
:1004400002FA05F4C5F120051EBF22FA05FC44EAB4
:100450000C04203556EA044C4FEA144418BF641CBF
:100460004FF000084FF00009904271EB030C39D3B4
:10047000002919BFB1FA81F701FA07F6B0FA80F73F
:1004800000FA07F6C7F120071EBF20FA07FC46EA6C
:100490000C062037B6FBF4FCA7EB0507103F07F06E
:1004A0001F0BCBF120062CFA06F60CFA0BFB44BF0F
:1004B000B3460026202FA4BF5E464FF0000B5BEA38
:1004C000060C08BF4FF0010B19EB0B0948EB0608AF
:1004D000ABFB027C06FB02CC0BFB03CCC01B71EB1D
:1004E0000C01C1E70B46024641464846BDE8F08B89
:1004F00013B5084318BF4FF0FF300146AFF300803B
:10050000BDE81C407047002800DA40427047032ACB
:1005100040F2308010F0030C00F0158011F8013B20
:10052000BCF1020F624498BF11F801CB00F8013B07
:1005300038BF11F8013BA2F1040298BF00F801CBCB
:1005400038BF00F8013B11F0030300F02580083AA2
:10055000C0F0088051F8043B083A51F804CBA0E8F9
:100560000810F5E7121D5CBF51F8043B40F8043B4E
:10057000AFF30080D20724BF11F8013B11F801CB83
:1005800048BF11F8012B24BF00F8013B00F801CB54
:1005900048BF00F8012B704710B5203AC0F00B801F
:1005A000B1E81850A0E81850B1E81850A0E8185069
:1005B000203ABFF4F5AF5FEA027C24BFB1E81850DF
:1005C000A0E8185044BF18C918C0BDE810405FEA41
:1005D000827C24BF51F8043B40F8043B08BF7047BD
:1005E000D20728BF31F8023B48BF11F8012B28BFC2
:1005F00020F8023B48BF00F8012B704702F0FF03D0
:1006000043EA032242EA024200F024B84FF000021B
:100610000429C0F0128010F0030C00F01B80CCF114
:10062000040CBCF1020F18BF00F8012BA8BF20F882
:10063000022BA1EB0C0100F00DB85FEAC17C24BFD6
:1006400000F8012B00F8012B48BF00F8012B704780
:100650004FF0000200B5134694469646203922BF5B
:10066000A0E80C50A0E80C50B1F12001BFF4F7AFA6
:10067000090728BFA0E80C5048BF0CC05DF804EB88
:10068000890028BF40F8042B08BF704748BF20F8F6
:10069000022B11F0804F18BF00F8012B70477047F4
:1006A0007047704770B5064C7C44064D7D4404E0AD
:1006B0002046016808448047241DAC42F8D170BD33
:1006C000584102005C41020000487047700000245D
:1006D000704770477047704738B504460A46002097
:1006E0006946AFF30080002808BF38BD0246009974
:1006F000204600F075F8012038BD012000F08AB8CE
:10070000F8B5AFF30080054600200C46102000BF6E
:100710000646A819A0420DD9324669460020AFF31B
:100720000080070008BF00F075F80098A04218BFCD
:100730000546C419FFF7C8FF05600746F01D20F005
:1007400007004619284600F00AF8B44208BFF8BD71
:10075000A21B31463868BDE8F84000F041B80021DE
:100760000160C0E9011070471020704770B5044661
:10077000051FFFF7A9FF0068002C14BF446870BD77
:10078000002C18BFAC423CBF20466468F8D3016817
:100790000A18AA4218BF456003D12A6805461144C9
:1007A000016028684119A1421CBF6C6070BD61687E
:1007B000696021680844286070BD10B500F00CF82D
:1007C000006810BD10B5044600F006F8046010BDC6
:1007D0000048704768000024004870476800002403
:1007E000034640688C46002818BF88423CBF034639
:1007F0004068F8D318681844884207D00CF1030009
:1008000020F00700001D411A521A0146081D0A6017
:10081000FFF7ACBF10B500F039F8BDE8104000F0AC
:100820002FB870477546FFF7D3FFAE4605006946FF
:10083000534620F00700854618B020B5FFF7AAFD03
:10084000BDE820404FF000064FF000074FF00008D1
:100850004FF0000BAC46ACE8C009ACE8C009ACE80E
:10086000C009ACE8C00921F007018D46704710B5FA
:100870000446AFF300802046BDE81040FFF775BD89
:10088000002801D000F02AB87047000010B50128F8
:1008900005D0002103A000F027F8012010BD09A118
:1008A000F8E7000053494752544D454D3A204F75E3
:1008B00074206F662068656170206D656D6F727958
:1008C000000000003A2048656170206D656D6F7210
:1008D0007920636F72727570746564000149182025
:1008E000ABBEFEE72600020070B505460C460A20A6
:1008F00000E06D1C00F011F835B128780028F8D11F
:1009000002E0641C00F009F814B120780028F8D146
:10091000BDE870400A20AFF3008008B569468DF845
:1009200000000320ABBE08BD80B586B00020049057
:1009300003900290019040F66801C2F2004191F8E4
:1009400029008DF8040091F828008DF80500C87A78
:100950008DF80600887A8DF807009DF817008DF84D
:1009600008009DF816008DF80900487900F0010292
:100970009DF80A0010438DF80A00087B00F0010280
:100980009DF80B0040EA42008DF80B0040F2100089
:10099000C2F20040D0F804C0086B91F82A3040F24F
:1009A0000F1101AAE04706B080BD00000000000062
:1009B0002DE9F0478FB0DDF87890DDF874801C9F4A
:1009C0001B9E1A9D199CDDF860E0DDF85CC0CDF837
:1009D0003890CDF834800C970B960A950994CDF891
:1009E00020E0CDF81CC006930592049103909DF879
:1009F00034109DF8350040EA012000B200EE100AE4
:100A0000B8EEC00A8DED020A9DF836109DF8370049
:100A100040EA012000B200EE100AB8EEC00A8DEDE7
:100A2000010A9DF838109DF8390040EA012000B213
:100A300000EE100AB8EEC00A8DED000A9DF83A10DB
:100A40009DF83B0040EA012000B200EE100AB8EE2B
:100A5000C00A40F66800C2F2004080ED070A029921
:100A600040F69823C2F20043C3F8C81E03F6C861DB
:100A7000019AC3F8CC2E9DED000A9FED111A80EE6D
:100A8000010A81ED020A90F82500A8B9FFE740F6B7
:100A90006800C2F2004090ED071A40F24810C2F21E
:100AA000004000F5E06090ED000A9FED062AA1EEFF
:100AB000020A80ED000AFFE70FB0BDE8F08700BF33
:100AC000000048C38FC275BD2DE9F0478EB0DDF838
:100AD0007490DDF870801B9F1A9E199D189CDDF89C
:100AE0005CE0DDF858C0CDF83490CDF830800B973D
:100AF0000A9609950894CDF81CE0CDF818C0059326
:100B00000492039102909DF830109DF8310040EA64
:100B1000012000B200EE100AB8EEC00A8DED010A05
:100B20009DF8321040F66800C2F2004000908170DB
:100B30008178490881709DF8331001F0010101713D
:100B40009DF83310C1F3400180F825109DF8331053
:100B5000C1F38001C1709DF83310C1F3C001417031
:100B600090F8250001282FD1FFE79DED010AB5EE91
:100B7000400AF1EE10FA08D1FFE740F24810C2F245
:100B80000040D0F800070190FFE740F66800C2F28D
:100B9000004090ED070A9FED111A20EE010A40F681
:100BA0009420C2F2004080ED000A9DED010A90ED14
:100BB000001A30EE010A40F24810C2F2004000F57F
:100BC000E06080ED000A06E040F69421C2F20041A8
:100BD00000200860FFE70EB0BDE8F0878FC2F5BCCB
:100BE00080B589B008900020ADF814008DF816008B
:100BF0000690079040F66801C2F20041059A069BF4
:100C0000DDF81CC0C1F830C0CB628A62049003904A
:100C10000290019000900098019A029BDDF80CC0B0
:100C2000DDF810E0C1F824E0C1F820C0CB618A6192
:100C3000486108980863082081F82A0081F8240098
:100C400009B080BD00000000FFE7FEE700000000E3
:100C500080B582B040F69820C2F2004001901AF0B0
:100C60000FFD019819F06CF9019813F031FB02B0F7
:100C700080BD00000000000080B540F69820C2F260
:100C8000004012F02DF880BD80B582B040F24810CF
:100C9000C2F20040019011F073FA019811F034F99A
:100CA00002B080BD0000000080B540F24810C2F2E2
:100CB000004011F079FA80BD80B541F6A860C2F21B
:100CC000004002F0B9FA80BD80B541F65040C2F252
:100CD000004002F0B1FA80BD80B541F64050C2F24A
:100CE000004002F0A9FA80BD80B541F6C840C2F2CA
:100CF000004002F0A1FA80BD80B541F6B850C2F2C2
:100D0000004002F099FA80BD80B541F63060C2F231
:100D1000004002F091FA80BD83B002900298016811
:100D200001201022C4F202029142009000F0A38040
:100D3000FFE70298016801202822C4F202029142D2
:100D4000009000F09880FFE702980168012040229F
:100D5000C4F202029142009000F08D80FFE70298F9
:100D6000016801205822C4F202029142009000F072
:100D70008280FFE70298016801207022C4F202021B
:100D80009142009077D0FFE7029801680120882205
:100D9000C4F20202914200906DD0FFE70298016810
:100DA0000120A022C4F202029142009063D0FFE72A
:100DB000029801680120B822C4F202029142009018
:100DC00059D0FFE702980168012040F21042C4F2B6
:100DD0000202914200904ED0FFE702980168012084
:100DE00040F22842C4F202029142009043D0FFE751
:100DF00002980168012040F24042C4F2020291428E
:100E0000009038D0FFE702980168012040F2584274
:100E1000C4F20202914200902DD0FFE702980168CF
:100E2000012040F27042C4F202029142009022D0AE
:100E3000FFE702980168012040F28842C4F20202F2
:100E40009142009017D0FFE702980168012040F21C
:100E5000A042C4F20202914200900CD0FFE7029837
:100E600000684FF64831CBF6FD710844B0FA80F0C7
:100E700040090090FFE70098C00740B3FFE70298E1
:100E8000007810384AF6AB21CAF6AA21A0FB01105F
:100E900000090190019800F0070143F2CC40C0F630
:100EA0000200405C0299C8650198042807D3FFE757
:100EB00002990868042262F30900886506E0029935
:100EC000086840F2FF3290438865FFE705E0029929
:100ED000086820F0FF008865FFE70298806D03B086
:100EE000704700000000000084B003900398006881
:100EF000019003980168012045F20842C5F60202FC
:100F0000914200904ED0FFE703980168012045F21E
:100F10001C42C5F602029142009043D0FFE70398BD
:100F20000168012045F23042C5F60202914200906C
:100F300038D0FFE703980168012045F24442C5F626
:100F40000202914200902DD0FFE703980168012032
:100F500045F25842C5F602029142009022D0FFE7C6
:100F600003980168012045F26C42C5F602029142E5
:100F7000009017D0FFE703980168012045F28042F6
:100F8000C5F60202914200900CD0FFE7039800687A
:100F90004AF66C31CAF2FD710844B0FA80F040099B
:100FA0000090FFE70098C00710B3FFE703980078B0
:100FB00008384CF6CD41CCF6CC41A0FB011000091D
:100FC0000290029945F60000C5F6020000EB810090
:100FD00003990866039945F68000C5F60200486645
:100FE000029800F01F01012088400399886635E0CF
:100FF0000398007810384AF6AB21CAF6AA21A0FB64
:10100000011000090290019840F2B841C4F20201B7
:1010100088420CD8FFE7019840F21041C4F2020167
:10102000884204D3FFE7029808300290FFE7029954
:1010300040F60000C4F2020000EB8100039908664C
:10104000039940F68000C4F202004866029800F05E
:101050001F010120884003998866FFE704B07047AC
:1010600083B002900298007901900198002800F066
:101070008A80FFE70198082800F28580FFE7029840
:101080000168012045F20842C5F602029142009033
:101090004ED0FFE702980168012045F21C42C5F6D8
:1010A00002029142009043D0FFE7029801680120BC
:1010B00045F23042C5F602029142009038D0FFE777
:1010C00002980168012045F24442C5F602029142AD
:1010D00000902DD0FFE702980168012045F25842A8
:1010E000C5F602029142009022D0FFE70298016803
:1010F000012045F26C42C5F602029142009017D0E1
:10110000FFE702980168012045F28042C5F602021D
:10111000914200900CD0FFE7029800684AF66C31CB
:10112000CAF2FD710844B0FA80F040090090FFE770
:101130000098C00780B1FFE7019945F6FC00C5F6AD
:10114000020000EB81000299C866029945F6401042
:10115000C5F6020008670FE0019940F6FC00C4F2F2
:10116000020000EB81000299C866029940F6401027
:10117000C4F202000867FFE70198411E0120884081
:1011800002994867FFE703B07047000000000000C5
:1011900085B0049000208DF80F000498806918BB7A
:1011A000FFE70498806A029003281BD80299DFE8C1
:1011B00001F0020D0218049890F82F00C00720B12A
:1011C000FFE701208DF80F00FFE70CE00498C06AEC
:1011D000B0F1C07F04D1FFE701208DF80F00FFE7D9
:1011E00001E000E0FFE747E004988069B0F5005FA8
:1011F00026D1FFE70498806A019003281ED8019940
:10120000DFE801F00206021101208DF80F0016E060
:10121000049890F82F00C00720B1FFE701208DF857
:101220000F00FFE70BE00498C06AB0F1C07F04D163
:10123000FFE701208DF80F00FFE700E0FFE71AE06D
:101240000498806A0090032804D3FFE700980328DD
:1012500004D00EE001208DF80F000BE0049890F808
:101260002F00C00720B1FFE701208DF80F00FFE736
:1012700000E0FFE7FFE7FFE79DF80F0005B07047CC
:1012800089B008900791069205930898806D0490A4
:101290000898806D03900898016801201022C4F21C
:1012A00002029142029000F00381FFE70898016872
:1012B00001202822C4F202029142029000F0F8803C
:1012C000FFE70898016801204022C4F2020291421F
:1012D000029000F0ED80FFE7089801680120582295
:1012E000C4F202029142029000F0E280FFE7089807
:1012F000016801207022C4F202029142029000F0C3
:10130000D780FFE70898016801208822C4F2020212
:101310009142029000F0CC80FFE70898016801201C
:10132000A022C4F202029142029000F0C180FFE7C5
:10133000089801680120B822C4F20202914202908A
:1013400000F0B680FFE708980168012040F21042E3
:10135000C4F202029142029000F0AA80FFE70898CE
:101360000168012040F22842C4F202029142029038
:1013700000F09E80FFE708980168012040F240429B
:10138000C4F202029142029000F09280FFE70898B6
:101390000168012040F25842C4F2020291420290D8
:1013A00000F08680FFE708980168012040F2704253
:1013B000C4F20202914202907AD0FFE708980168D5
:1013C000012040F28842C4F20202914202906FD0A2
:1013D000FFE708980168012040F2A042C4F202022F
:1013E0009142029064D0FFE708980168012040F222
:1013F000B842C4F202029142029059D0FFE7089825
:101400000168012045F20842C5F6020291420290AD
:101410004ED0FFE708980168012045F21C42C5F64E
:1014200002029142029043D0FFE708980168012030
:1014300045F23042C5F602029142029038D0FFE7F1
:1014400008980168012045F24442C5F60202914223
:1014500002902DD0FFE708980168012045F258421C
:10146000C5F602029142029022D0FFE70898016877
:10147000012045F26C42C5F602029142029017D05B
:10148000FFE708980168012045F28042C5F6020294
:10149000914202900CD0FFE7089800684AF66C3140
:1014A000CAF2FD710844B0FA80F040090290FFE7EB
:1014B0000298C00770B1FFE70898416E806E4860DF
:1014C0000898C06E28B1FFE70898016F406F486028
:1014D000FFE7FFE70898016801201022C4F202022A
:1014E0009142019000F0A380FFE708980168012075
:1014F0002822C4F202029142019000F09880FFE796
:101500000898016801204022C4F202029142019031
:1015100000F08D80FFE70898016801205822C4F28E
:1015200002029142019000F08280FFE70898016872
:1015300001207022C4F202029142019077D0FFE7AD
:101540000898016801208822C4F2020291420190A9
:101550006DD0FFE7089801680120A022C4F20202C2
:101560009142019063D0FFE7089801680120B822FA
:10157000C4F202029142019059D0FFE70898016835
:10158000012040F21042C4F20202914201904ED07A
:10159000FFE708980168012040F22842C4F20202E5
:1015A0009142019043D0FFE708980168012040F282
:1015B0004042C4F202029142019038D0FFE70898FD
:1015C0000168012040F25842C4F2020291420190A7
:1015D0002DD0FFE708980168012040F27042C4F264
:1015E00002029142019022D0FFE708980168012091
:1015F00040F28842C4F202029142019017D0FFE704
:1016000008980168012040F2A042C4F2020291420F
:1016100001900CD0FFE7089800684FF64831CBF6F0
:10162000FD710844B0FA80F040090190FFE701988D
:10163000C00750B3FFE70898C06D00F01F013F20BE
:1016400088400499886008980168086820F4802020
:1016500008600598089909684860089880684028DB
:1016600009D1FFE7069808990968886007980899E2
:101670000968C86008E007980899096888600698B2
:1016800008990968C860FFE782E0089801680120AE
:1016900045F20842C5F60202914200904ED0FFE7A3
:1016A00008980168012045F21C42C5F602029142E9
:1016B000009043D0FFE708980168012045F23042CE
:1016C000C5F602029142009038D0FFE70898016801
:1016D000012045F24442C5F60202914200902DD00D
:1016E000FFE708980168012045F25842C5F602025A
:1016F0009142009022D0FFE708980168012045F24E
:101700006C42C5F602029142009017D0FFE708989C
:101710000168012045F28042C5F602029142009024
:101720000CD0FFE7089800684AF66C31CAF2FD71E8
:101730000844B0FA80F040090090FFE70098C00725
:1017400020B3FFE70898C06D00F01F01012088401A
:101750000399486005980899096848600898806866
:10176000402809D1FFE7069808990968886007981A
:1017700008990968C86008E00798089909688860AE
:10178000069808990968C860FFE700E0FFE7FFE7EF
:1017900009B070470000000080B582B040F6982084
:1017A000C2F2004001901AF087FD019800F58070A8
:1017B0001AF082FD019880301AF07EFD019800F544
:1017C000C0701AF079FD02B080BD0000000000007A
:1017D00081B040F69C00C2F20040007870BBFFE789
:1017E00040F69C01C2F200410120087041F2040061
:1017F000CEF2000000680090009840F24011C2F262
:1018000000410968884208D2FFE740F24411C2F261
:101810000041086801300860FFE741F20400CEF2A1
:101820000000006840F24011C2F20041086040F63A
:101830009C01C2F2004100200870FFE701B0704730
:1018400080B584B0039041F20400CEF2000000683D
:101850000290029803990968401A00EE100AB8EE47
:10186000400A40F22C10C2F2004090ED001AB8EE8F
:10187000411A80EE010A8DED010A02980399086071
:10188000FFF7A6FF9DED010A04B080BD0000000037
:1018900080B582B000F068F840F63420C2F2004013
:1018A000016883884FF47A7201FB023100EE101A4E
:1018B000B8EE400AC08801EE100AB8EEC11A9FEDDA
:1018C000052AA1EE020A8DED010A9DED010A02B082
:1018D00080BD00BF6F12833A80B582B001904EF692
:1018E000FC51CEF20001086840F08070086041F2BF
:1018F0000401CEF200010020086041F20002CEF2A5
:101900000002116841F001011160019944F2402286
:10191000C0F20F024A4340F22C11C2F200410A60A9
:101920000A6844F6D353C1F26203A2FB0332920960
:1019300040F23013C2F200431A6009684DF6836228
:10194000C4F21B32A1FB0221890C40F23412C2F214
:101950000042116040F24411C2F200410860FFF7FA
:1019600037FF02B080BD0000B0B586B041F2040080
:10197000CEF2000000680590FFF72AFF40F2441005
:10198000C2F2004001680598002302934FF0FF3C2B
:101990001A46E1FB0C0240F23811C2F200410091FC
:1019A0004A6008600868496840F22C14C2F200449A
:1019B0002268FEF730FD029B02468C46009940F6F5
:1019C000A000C2F20040C0F804C00260D1F800C01C
:1019D0004968D0F800E042682468AEFB04E502FBE9
:1019E0000452BCEB0E0C61EB020240F6A801C2F2FD
:1019F00000410391C1F800C04A60006840F63422FB
:101A0000C2F20042049210600868496840F2301245
:101A1000C2F2004201921268FEF7FDFCDDF804C03C
:101A2000029B049A0146039891800168406892885D
:101A3000DCF800C002FB0CF28A1A60F1000040F6EC
:101A4000B001C2F200410A6048600868496840F28B
:101A50003412C2F200421268FEF7DDFC0499C8801D
:101A600006B0B0BD0000000070470000000000009C
:101A700081B0EFF3108072B60090FFE7FEE7000040
:101A800080B541F62070C2F2004004F021F880BD1C
:101A900080B541F6C070C2F2004004F019F880BD74
:101AA00080B542F26000C2F2004004F011F880BD3F
:101AB00084B002900298406B009002980068D0F8C1
:101AC00084004FF6FC718843009940EA8100029936
:101AD0000968C1F8840002980068D0F8840020F4F6
:101AE0007F00029A1168926B40EA0240C1F88400BC
:101AF0000298816B00980844009002980068D0F822
:101B000088006FF38F00009940EA8100029909680C
:101B1000C1F8880002980068D0F8880020F4FE0020
:101B2000029A1168D26B40EA0240C1F8880002981C
:101B3000C16B009800EB4100009002980068D0F85B
:101B4000A0006FF38F00009940EA810002990968B4
:101B5000C1F8A00002980068D0F8A00020F4FE00B0
:101B6000029A1168126C40EA0240C1F8A000029982
:101B7000086C496C009A00FB0120009002980068F4
:101B8000D0F8B0006FF38F00009940EA810002990D
:101B90000968C1F8B00002980068D0F8B00020F4DD
:101BA000FE00029A1168926C40EA0240C1F8B0004F
:101BB0000299886CC96C009A00FB01200090029881
:101BC0000068D0F8AC006FF38F00009940EA810004
:101BD00002990968C1F8AC000299086D496D009A34
:101BE00000FB0120009002980068D0F8F0006FF32D
:101BF0008F00009940EA810002990968C1F8F0005D
:101C000002980068D0F8F00020F47C10029A116865
:101C1000926D40EA0240C1F8F0000298816D009890
:101C200000EB4100009002980068D0F8C0006FF30C
:101C30008F00009940EA810002990968C1F8C0004C
:101C400002980068D0F8C00020F47C10029A116855
:101C5000D26D40EA0240C1F8C00002980068D0F896
:101C6000C00020F07C50029A1168126E40EA0260B7
:101C7000C1F8C00002994A6B4AF60040C4F2000065
:101C800000EB8200C86602998A6BC86E00EB820086
:101C900008670299CA6B086F00EBC2004867029997
:101CA0000A6C4B6C486F5A4300EB820088670299BC
:101CB0008A6CCB6C886F5A4300EB8200C86702992C
:101CC0000A6D4B6DC86F5A4300EB8200C1F880006B
:101CD00002998A6DD1F8800000EBC200C1F884003F
:101CE0000299CA6D8B6ED1F884005A4300EB8200D2
:101CF000C1F8880002990A6E8B6ED1F888005A43A9
:101D000000EB8200C1F890000298D0F890004DF2EC
:101D1000FD31C4F2000188420FD3FFE70299D1F8E8
:101D20009C0040F02000C1F89C000299032081F83B
:101D3000980001208DF80F0017E00298C06E019006
:101D4000FFE701980299D1F89010884208D2FFE786
:101D5000019900200860FFE7019804300190F0E746
:101D6000FFE700208DF80F00FFE79DF80F0004B09B
:101D7000704700000000000088B0079006910592AF
:101D800004930698406848B9FFE70698016882689E
:101D90000069104340EA8140039009E00698016819
:101DA000826800691043084340F080400390FFE7D9
:101DB0000698D0F820C0C16842698369C06940EACA
:101DC0000C601843104340EA014002900798826E6D
:101DD000D0F884000499514300EB810001900398EE
:101DE00001990860019804300190029801990860F7
:101DF00001980430019000200090FFE700980699B8
:101E0000CA6843F2BC41C0F60201895C88420DD227
:101E1000FFE705980099405801990860019804303F
:101E20000190FFE7009804300090E7E708B07047A2
:101E300080B590B00F908DED0E0ACDED0D0A00200B
:101E40000C900B900A9009900890079006900590CE
:101E5000049003900F989DED0E0ADDED0D0A0BA97D
:101E60000BF086F89DED0B0A07A809A90BF098FD69
:101E70009DED0C0A03A805A90BF092FD09980A9B99
:101E8000C0EBC00143F69460C0F6020000EB810C89
:101E9000059A06990CEB820E9EED000A9DED034A11
:101EA0009DED043A0CEB810C9CED001A23EE012A07
:101EB000A4EE002A9DED071A9DED080AC3EBC303AB
:101EC00000EB830000EB820292ED005A00EB8100F0
:101ED00090ED006A23EE063AA4EE053A20EE030ADE
:101EE000A1EE020A8DED000A09980A9BC0EBC00121
:101EF00043F6D050C0F6020000EB810C059A06991B
:101F00000CEB820E9EED000A9DED034A9DED043A16
:101F10000CEB810C9CED001A23EE012AA4EE002AA2
:101F20009DED071A9DED080AC3EBC30300EB830088
:101F300000EB820292ED005A00EB810090ED006A06
:101F400023EE063AA4EE053A20EE030AA1EE020AB9
:101F50008DED010A09980A9BC0EBC00143F60C50B5
:101F6000C0F6020000EB810C059A06990CEB820E7C
:101F70009EED000A9DED034A9DED043A0CEB810CA9
:101F80009CED001A23EE012AA4EE002A9DED071A0B
:101F90009DED080AC3EBC30300EB830000EB820254
:101FA00092ED005A00EB810090ED006A23EE063AB4
:101FB000A4EE053A20EE030AA1EE020A8DED020A14
:101FC0000F9890ED050A9DED001A20EE010A80EDB4
:101FD000000A0F9890ED060A9DED011A20EE010A05
:101FE00080ED010A0F9890ED070A9DED021A20EE90
:101FF000010A80ED020A10B080BD00000000000060
:1020000087B006900591049200208DF80F001F20E4
:1020100002909DF81400C00720B9FFE701208DF859
:102020000F004BE0FFE70299481E0290002001904C
:1020300051B1FFE70598029901F01F0120FA01F163
:10204000012088430190FFE70198C00708B1FFE72E
:10205000E9E70498009018282BD80099DFE801F0F0
:1020600028292929292929291F29292929292929EB
:1020700016292929292929290D000298072804D37E
:10208000FFE701208DF80F00FFE716E0029808280F
:1020900004D3FFE701208DF80F00FFE70DE0029861
:1020A000102804D3FFE701208DF80F00FFE704E0BC
:1020B00003E001208DF80F00FFE7FFE79DF80F0018
:1020C00078B9FFE70598069909684861069800689D
:1020D000806820F018000499084306990968886010
:1020E000FFE79DF80F0007B07047000000000000F8
:1020F00080B582B00090009820B9FFE701208DF8EC
:10210000070057E00098407F38B9FFE700990020AA
:102110000877009800F054F8FFE70099022048770C
:102120000098007980B9FFE70098016841F6B75040
:10213000C0F2C140486100980068806820F0180033
:102140000099096888600BE000988168C268FFF711
:1021500057FF20B1FFE701208DF807002AE0FFE7D5
:102160000098407930B9FFE7009801684FF0FF30E0
:10217000086104E00098016800690861FFE70098C1
:102180000068806820F06000009A1168526910436E
:10219000886000980068806820F08000009A1168CC
:1021A00092691043886000990120487700208DF8DB
:1021B0000700FFE79DF8070002B080BD00000000A7
:1021C00082B001900198006844F60041C5F6020112
:1021D000884210D1FFE7FFE744F2E040C5F6020075
:1021E000016841F400210160006800F400200090C3
:1021F0000098FFE7FFE702B0704700000000000012
:1022000080B58AB0089004F00BFD0490089828B9B6
:10221000FFE701208DF8270000F0AABC089890F88D
:10222000350002280ED0FFE7089980204865FFE7B7
:102230000899002081F83400FFE701208DF827007D
:1022400000F096BC0898016801201022C4F2020236
:102250009142039000F0A380FFE7089801680120F5
:102260002822C4F202029142039000F09880FFE716
:102270000898016801204022C4F2020291420390B2
:1022800000F08D80FFE70898016801205822C4F211
:1022900002029142039000F08280FFE708980168F3
:1022A00001207022C4F202029142039077D0FFE72E
:1022B0000898016801208822C4F20202914203902A
:1022C0006DD0FFE7089801680120A022C4F2020245
:1022D0009142039063D0FFE7089801680120B8227B
:1022E000C4F202029142039059D0FFE708980168B6
:1022F000012040F21042C4F20202914203904ED0FB
:10230000FFE708980168012040F22842C4F2020267
:102310009142039043D0FFE708980168012040F202
:102320004042C4F202029142039038D0FFE708987D
:102330000168012040F25842C4F202029142039027
:102340002DD0FFE708980168012040F27042C4F2E6
:1023500002029142039022D0FFE708980168012011
:1023600040F28842C4F202029142039017D0FFE784
:1023700008980168012040F2A042C4F20202914292
:1023800003900CD0FFE7089800684FF64831CBF671
:10239000FD710844B0FA80F040090390FFE703980C
:1023A000C00780B1FFE708980168086820F01E00A8
:1023B000086008980168486920F080004861089822
:1023C0000068059009E008980168086820F00E0090
:1023D0000860089800680590FFE7089801680120E8
:1023E0001022C4F202029142029000F00381FFE742
:1023F0000898016801202822C4F20202914202904A
:1024000000F0F880FFE70898016801204022C4F23C
:1024100002029142029000F0ED80FFE70898016807
:1024200001205822C4F202029142029000F0E280A0
:10243000FFE70898016801207022C4F2020291426D
:10244000029000F0D780FFE70898016801208822F9
:10245000C4F202029142029000F0CC80FFE708989B
:1024600001680120A022C4F202029142029000F011
:10247000C180FFE7089801680120B822C4F2020277
:102480009142029000F0B680FFE7089801680120B1
:1024900040F21042C4F202029142029000F0AA807F
:1024A000FFE708980168012040F22842C4F20202C6
:1024B0009142029000F09E80FFE708980168012099
:1024C00040F24042C4F202029142029000F0928037
:1024D000FFE708980168012040F25842C4F2020266
:1024E0009142029000F08680FFE708980168012081
:1024F00040F27042C4F20202914202907AD0FFE7A9
:1025000008980168012040F28842C4F20202914218
:1025100002906FD0FFE708980168012040F2A042C6
:10252000C4F202029142029064D0FFE70898016869
:10253000012040F2B842C4F202029142029059D006
:10254000FFE708980168012045F20842C5F602023B
:10255000914202904ED0FFE708980168012045F2B1
:102560001C42C5F602029142029043D0FFE7089850
:102570000168012045F23042C5F602029142029004
:1025800038D0FFE708980168012045F24442C5F6BB
:102590000202914202902DD0FFE7089801680120C5
:1025A00045F25842C5F602029142029022D0FFE75E
:1025B00008980168012045F26C42C5F6020291427A
:1025C000029017D0FFE708980168012045F2804289
:1025D000C5F60202914202900CD0FFE7089800680D
:1025E0004AF66C31CAF2FD710844B0FA80F0400935
:1025F0000290FFE70298C00738B1FFE70898016E24
:10260000086820F480700860FFE7089800681021CF
:10261000C4F20201884200F08180FFE70898006858
:102620002821C4F20201884278D0FFE708980068A8
:102630004021C4F20201884270D0FFE70898006888
:102640005821C4F20201884268D0FFE70898006868
:102650007021C4F20201884260D0FFE70898006848
:102660008821C4F20201884258D0FFE70898006828
:10267000A021C4F20201884250D0FFE70898006808
:10268000B821C4F20201884248D0FFE708980068E8
:1026900040F21041C4F2020188423FD0FFE708989F
:1026A000006840F22841C4F20201884236D0FFE7B8
:1026B0000898006840F24041C4F2020188422DD0DF
:1026C000FFE70898006840F25841C4F202018842CE
:1026D00024D0FFE70898006840F27041C4F202017C
:1026E00088421BD0FFE70898006840F28841C4F296
:1026F0000201884212D0FFE70898006840F2A0412A
:10270000C4F20201884209D0FFE70898006840F24D
:10271000B841C4F20201884207D1FFE70898016876
:10272000086820F00100086006E008980168086861
:1027300020F001000860FFE7FFE705980068C00788
:10274000C8B1FFE704F06CFA0499401A062811D3C7
:10275000FFE70899202048650899032081F8350093
:10276000FFE70899002081F83400FFE701208DF889
:102770002700FDE1E1E70898016801201022C4F27A
:1027800002029142019000F0A380FFE708980168DF
:1027900001202822C4F202029142019000F09880A8
:1027A000FFE70898016801204022C4F2020291422A
:1027B000019000F08D80FFE7089801680120582201
:1027C000C4F202029142019000F08280FFE7089873
:1027D000016801207022C4F202029142019077D078
:1027E000FFE70898016801208822C4F202029142A2
:1027F00001906DD0FFE7089801680120A022C4F283
:1028000002029142019063D0FFE70898016801201D
:10281000B822C4F202029142019059D0FFE7089811
:102820000168012040F21042C4F20202914201907C
:102830004ED0FFE708980168012040F22842C4F218
:1028400002029142019043D0FFE7089801680120FD
:1028500040F24042C4F202029142019038D0FFE7B8
:1028600008980168012040F25842C4F202029142E5
:1028700001902DD0FFE708980168012040F27042D6
:10288000C4F202029142019022D0FFE70898016849
:10289000012040F28842C4F202029142019017D016
:1028A000FFE708980168012040F2A042C4F202024A
:1028B000914201900CD0FFE7089800684FF648312C
:1028C000CBF6FD710844B0FA80F040090190FFE7B3
:1028D0000198C00760B1FFE70898806D07900898DD
:1028E000C06D00F01F013F208840079988600BE011
:1028F0000898806D06900898C06D00F01F010120B7
:10290000884006994860FFE7089801680120102276
:10291000C4F202029142009000F00381FFE70898A0
:10292000016801202822C4F202029142009000F0C6
:10293000F880FFE70898016801204022C4F20202F3
:102940009142009000F0ED80FFE7089801680120B7
:102950005822C4F202029142009000F0E280FFE7A8
:102960000898016801207022C4F20202914200908E
:1029700000F0D780FFE70898016801208822C4F2A0
:1029800002029142009000F0CC80FFE708980168B5
:102990000120A022C4F202029142009000F0C18006
:1029A000FFE7089801680120B822C4F202029142B0
:1029B000009000F0B680FFE708980168012040F21F
:1029C0001042C4F202029142009000F0AA80FFE798
:1029D00008980168012040F22842C4F202029142A4
:1029E000009000F09E80FFE708980168012040F207
:1029F0004042C4F202029142009000F09280FFE750
:102A000008980168012040F25842C4F20202914243
:102A1000009000F08680FFE708980168012040F2EE
:102A20007042C4F20202914200907AD0FFE7089807
:102A30000168012040F28842C4F2020291420090F3
:102A40006FD0FFE708980168012040F2A042C4F26D
:102A500002029142009064D0FFE7089801680120CB
:102A600040F2B842C4F202029142009059D0FFE70E
:102A700008980168012045F20842C5F60202914219
:102A800000904ED0FFE708980168012045F21C42F3
:102A9000C5F602029142009043D0FFE70898016812
:102AA000012045F23042C5F602029142009038D032
:102AB000FFE708980168012045F24442C5F602028A
:102AC000914200902DD0FFE708980168012045F25F
:102AD0005842C5F602029142009022D0FFE70898C2
:102AE0000168012045F26C42C5F602029142009055
:102AF00017D0FFE708980168012045F28042C5F62B
:102B00000202914200900CD0FFE7089800684AF654
:102B10006C31CAF2FD710844B0FA80F040090090AF
:102B2000FFE70098C007A0B1FFE70898416E806EEC
:102B300048600898C06E58B1FFE70898C16E0868F1
:102B400020F4807008600898016F406F4860FFE7CC
:102B5000FFE70899012081F83500FFE70899002078
:102B600081F83400FFE7FFE700208DF82700FFE73A
:102B70009DF827000AB080BD80B586B00490049807
:102B800020B9FFE701208DF8170046E3049890F87C
:102B90003500022807D0FFE704998020486501200E
:102BA0008DF8170039E30498016801201022C4F25F
:102BB00002029142029000F0A380FFE704980168AE
:102BC00001202822C4F202029142029000F0988073
:102BD000FFE70498016801204022C4F202029142FA
:102BE000029000F08D80FFE70498016801205822D0
:102BF000C4F202029142029000F08280FFE7049842
:102C0000016801207022C4F202029142029077D042
:102C1000FFE70498016801208822C4F20202914271
:102C200002906DD0FFE7049801680120A022C4F251
:102C300002029142029063D0FFE7049801680120EC
:102C4000B822C4F202029142029059D0FFE70498E0
:102C50000168012040F21042C4F202029142029047
:102C60004ED0FFE704980168012040F22842C4F2E8
:102C700002029142029043D0FFE7049801680120CC
:102C800040F24042C4F202029142029038D0FFE783
:102C900004980168012040F25842C4F202029142B5
:102CA00002902DD0FFE704980168012040F27042A5
:102CB000C4F202029142029022D0FFE70498016818
:102CC000012040F28842C4F202029142029017D0E1
:102CD000FFE704980168012040F2A042C4F202021A
:102CE000914202900CD0FFE7049800684FF64831FB
:102CF000CBF6FD710844B0FA80F040090290FFE77E
:102D00000298C007002800F09D80FFE70499042086
:102D100081F83500049800681021C4F2020188424D
:102D200000F08180FFE7049800682821C4F20201C6
:102D3000884278D0FFE7049800684021C4F202017D
:102D4000884270D0FFE7049800685821C4F202015D
:102D5000884268D0FFE7049800687021C4F202013D
:102D6000884260D0FFE7049800688821C4F202011D
:102D7000884258D0FFE704980068A021C4F20201FD
:102D8000884250D0FFE704980068B821C4F20201DD
:102D9000884248D0FFE70498006840F21041C4F22E
:102DA000020188423FD0FFE70498006840F22841C2
:102DB000C4F20201884236D0FFE70498006840F26E
:102DC0004041C4F2020188422DD0FFE70498006818
:102DD00040F25841C4F20201884224D0FFE704982F
:102DE000006840F27041C4F2020188421BD0FFE744
:102DF0000498006840F28841C4F20201884212D06F
:102E0000FFE70498006840F2A041C4F20201884242
:102E100009D0FFE70498006840F2B841C4F202010B
:102E2000884207D1FFE704980168086820F0010094
:102E3000086006E004980168086820F00100086056
:102E4000FFE7E5E104980168086820F00E000860DB
:102E5000049800681021C4F20201884200F08180C9
:102E6000FFE7049800682821C4F20201884278D064
:102E7000FFE7049800684021C4F20201884270D044
:102E8000FFE7049800685821C4F20201884268D024
:102E9000FFE7049800687021C4F20201884260D004
:102EA000FFE7049800688821C4F20201884258D0E4
:102EB000FFE704980068A021C4F20201884250D0C4
:102EC000FFE704980068B821C4F20201884248D0A4
:102ED000FFE70498006840F21041C4F20201884202
:102EE0003FD0FFE70498006840F22841C4F2020195
:102EF000884236D0FFE70498006840F24041C4F2AF
:102F0000020188422DD0FFE70498006840F2584142
:102F1000C4F20201884224D0FFE70498006840F21E
:102F20007041C4F2020188421BD0FFE70498006898
:102F300040F28841C4F20201884212D0FFE70498AF
:102F4000006840F2A041C4F20201884209D0FFE7C4
:102F50000498006840F2B841C4F20201884207D1E7
:102F6000FFE704980168086820F00100086006E0A7
:102F700004980168086820F001000860FFE70498E1
:102F8000016801201022C4F202029142019000F077
:102F90000381FFE70498016801202822C4F202029D
:102FA0009142019000F0F880FFE704980168012049
:102FB0004022C4F202029142019000F0ED80FFE74E
:102FC0000498016801205822C4F202029142019043
:102FD00000F0E280FFE70498016801207022C4F24B
:102FE00002029142019000F0D780FFE70498016847
:102FF00001208822C4F202029142019000F0CC80AC
:10300000FFE7049801680120A022C4F20202914265
:10301000019000F0C180FFE7049801680120B82208
:10302000C4F202029142019000F0B680FFE70498DA
:103030000168012040F21042C4F202029142019064
:1030400000F0AA80FFE704980168012040F22842BE
:10305000C4F202029142019000F09E80FFE70498C2
:103060000168012040F24042C4F202029142019004
:1030700000F09280FFE704980168012040F2584276
:10308000C4F202029142019000F08680FFE70498AA
:103090000168012040F27042C4F2020291420190A4
:1030A0007AD0FFE704980168012040F28842C4F218
:1030B0000202914201906FD0FFE70498016801205D
:1030C00040F2A042C4F202029142019064D0FFE7B4
:1030D00004980168012040F2B842C4F20202914211
:1030E000019059D0FFE704980168012045F2084299
:1030F000C5F60202914201904ED0FFE704980168A4
:10310000012045F21C42C5F602029142019043D0D3
:10311000FFE704980168012045F23042C5F602023B
:103120009142019038D0FFE704980168012045F2F0
:103130004442C5F60202914201902DD0FFE7049867
:103140000168012045F25842C5F602029142019001
:1031500022D0FFE704980168012045F26C42C5F6D1
:1031600002029142019017D0FFE704980168012004
:1031700045F28042C5F60202914201900CD0FFE771
:10318000049800684AF66C31CAF2FD710844B0FA3E
:1031900080F040090190FFE70198C00728B3FFE7DE
:1031A0000498016E086820F4807008600498806DAF
:1031B00003900498C06D00F01F010120884003991E
:1031C00048600498416E806E48600498C06E58B1A3
:1031D000FFE70498C16E086820F4807008600498C6
:1031E000016F406F4860FFE7FFE70499012081F815
:1031F0003500FFE70499002081F83400FFE70498C8
:10320000006D20B1FFE70498016D8847FFE7FFE7F5
:10321000FFE700208DF81700FFE79DF8170006B0C4
:1032200080BD00000000000081B000900098406D5B
:1032300001B070470000000080B590B00F900020F2
:103240000B9040F24400C2F20040006848F2B51111
:10325000C1F64E31A0FB0110800A0A900F98806DD4
:1032600009900F98806D0890099800680E90089852
:1032700000680D900F98016801201022C4F202022C
:103280009142079000F0A380FFE70F9801680120AA
:103290002822C4F202029142079000F09880FFE7D2
:1032A0000F98016801204022C4F202029142079067
:1032B00000F08D80FFE70F98016801205822C4F2CA
:1032C00002029142079000F08280FFE70F980168A8
:1032D00001207022C4F202029142079077D0FFE7EA
:1032E0000F98016801208822C4F2020291420790DF
:1032F0006DD0FFE70F9801680120A022C4F20202FE
:103300009142079063D0FFE70F9801680120B8222F
:10331000C4F202029142079059D0FFE70F9801686A
:10332000012040F21042C4F20202914207904ED0B6
:10333000FFE70F980168012040F22842C4F2020220
:103340009142079043D0FFE70F980168012040F2B7
:103350004042C4F202029142079038D0FFE70F9832
:103360000168012040F25842C4F2020291420790E3
:103370002DD0FFE70F980168012040F27042C4F29F
:1033800002029142079022D0FFE70F9801680120C6
:1033900040F28842C4F202029142079017D0FFE740
:1033A0000F980168012040F2A042C4F2020291424B
:1033B00007900CD0FFE70F9800684FF64831CBF626
:1033C000FD710844B0FA80F040090790FFE70798C4
:1033D000C007002800F01385FFE70E980F99C96D0C
:1033E00001F01F01C8400007002840F1B080FFE74E
:1033F0000F9800681021C4F20201884200F0818019
:10340000FFE70F9800682821C4F20201884278D0B3
:10341000FFE70F9800684021C4F20201884270D093
:10342000FFE70F9800685821C4F20201884268D073
:10343000FFE70F9800687021C4F20201884260D053
:10344000FFE70F9800688821C4F20201884258D033
:10345000FFE70F980068A021C4F20201884250D013
:10346000FFE70F980068B821C4F20201884248D0F3
:10347000FFE70F98006840F21041C4F20201884251
:103480003FD0FFE70F98006840F22841C4F20201E4
:10349000884236D0FFE70F98006840F24041C4F2FE
:1034A000020188422DD0FFE70F98006840F2584192
:1034B000C4F20201884224D0FFE70F98006840F26E
:1034C0007041C4F2020188421BD0FFE70F980068E8
:1034D00040F28841C4F20201884212D0FFE70F98FF
:1034E000006840F2A041C4F20201884209D0FFE71F
:1034F0000F98006840F2B841C4F20201884207D137
:10350000FFE70F980068006800F00400069006E0EE
:103510000F980068006800F008000690FFE7069822
:10352000A0B1FFE70F980168086820F00400086068
:103530000F98C06D00F01F0108208840099988602D
:103540000F99486D40F001004865FFE7FFE70E98CE
:103550000F99C96D01F01F01C840C007002800F095
:10356000A980FFE70F9800681021C4F20201884289
:1035700000F08180FFE70F9800682821C4F2020163
:10358000884278D0FFE70F9800684021C4F202011A
:10359000884270D0FFE70F9800685821C4F20201FA
:1035A000884268D0FFE70F9800687021C4F20201DA
:1035B000884260D0FFE70F9800688821C4F20201BA
:1035C000884258D0FFE70F980068A021C4F202019A
:1035D000884250D0FFE70F980068B821C4F202017A
:1035E000884248D0FFE70F98006840F21041C4F2CB
:1035F000020188423FD0FFE70F98006840F228415F
:10360000C4F20201884236D0FFE70F98006840F20A
:103610004041C4F2020188422DD0FFE70F980068B4
:1036200040F25841C4F20201884224D0FFE70F98CB
:10363000006840F27041C4F2020188421BD0FFE7EB
:103640000F98006840F28841C4F20201884212D00B
:10365000FFE70F98006840F2A041C4F202018842DF
:1036600009D0FFE70F98006840F2B841C4F20201A8
:10367000884207D1FFE70F980068406900F080009A
:10368000059005E00F980068006800200590FFE7AE
:10369000059870B1FFE70F98C06D00F01F01012081
:1036A0008840099988600F99486D40F0020048658C
:1036B000FFE7FFE70E980F99C96D01F01F01C840A1
:1036C0004007002840F1A980FFE70F98006810210B
:1036D000C4F20201884200F08180FFE70F98006881
:1036E0002821C4F20201884278D0FFE70F980068D1
:1036F0004021C4F20201884270D0FFE70F980068B1
:103700005821C4F20201884268D0FFE70F98006890
:103710007021C4F20201884260D0FFE70F98006870
:103720008821C4F20201884258D0FFE70F98006850
:10373000A021C4F20201884250D0FFE70F98006830
:10374000B821C4F20201884248D0FFE70F98006810
:1037500040F21041C4F2020188423FD0FFE70F98C7
:10376000006840F22841C4F20201884236D0FFE7E7
:103770000F98006840F24041C4F2020188422DD007
:10378000FFE70F98006840F25841C4F202018842F6
:1037900024D0FFE70F98006840F27041C4F20201A4
:1037A00088421BD0FFE70F98006840F28841C4F2BE
:1037B0000201884212D0FFE70F98006840F2A04152
:1037C000C4F20201884209D0FFE70F98006840F276
:1037D000B841C4F20201884207D1FFE70F980068A0
:1037E000006800F00200049005E00F98006800688F
:1037F00000200490FFE7049870B1FFE70F98C06DB8
:1038000000F01F0104208840099988600F99486DD5
:1038100040F004004865FFE7FFE70E980F99C96D77
:1038200001F01F01C840C006002840F1DE80FFE71C
:103830000F9800681021C4F20201884200F08180D4
:10384000FFE70F9800682821C4F20201884278D06F
:10385000FFE70F9800684021C4F20201884270D04F
:10386000FFE70F9800685821C4F20201884268D02F
:10387000FFE70F9800687021C4F20201884260D00F
:10388000FFE70F9800688821C4F20201884258D0EF
:10389000FFE70F980068A021C4F20201884250D0CF
:1038A000FFE70F980068B821C4F20201884248D0AF
:1038B000FFE70F98006840F21041C4F2020188420D
:1038C0003FD0FFE70F98006840F22841C4F20201A0
:1038D000884236D0FFE70F98006840F24041C4F2BA
:1038E000020188422DD0FFE70F98006840F258414E
:1038F000C4F20201884224D0FFE70F98006840F22A
:103900007041C4F2020188421BD0FFE70F980068A3
:1039100040F28841C4F20201884212D0FFE70F98BA
:10392000006840F2A041C4F20201884209D0FFE7DA
:103930000F98006840F2B841C4F20201884207D1F2
:10394000FFE70F980068006800F00800039006E0A9
:103950000F980068006800F004000390FFE70398E8
:10396000002841D0FFE70F98C06D00F01F01102024
:103970008840099988600F98006800684003002813
:103980001AD5FFE70F98006800680003002809D4E3
:10399000FFE70F98006C20B1FFE70F98016C884794
:1039A000FFE708E00F98806C20B1FFE70F98816C6B
:1039B0008847FFE7FFE716E00F9800680068C0053A
:1039C000002807D4FFE70F980168086820F0080076
:1039D0000860FFE70F98006C20B1FFE70F98016CBB
:1039E0008847FFE7FFE7FFE7FFE70E980F99C96DEC
:1039F00001F01F01C8408006002840F12681FFE742
:103A00000F9800681021C4F20201884200F0818002
:103A1000FFE70F9800682821C4F20201884278D09D
:103A2000FFE70F9800684021C4F20201884270D07D
:103A3000FFE70F9800685821C4F20201884268D05D
:103A4000FFE70F9800687021C4F20201884260D03D
:103A5000FFE70F9800688821C4F20201884258D01D
:103A6000FFE70F980068A021C4F20201884250D0FD
:103A7000FFE70F980068B821C4F20201884248D0DD
:103A8000FFE70F98006840F21041C4F2020188423B
:103A90003FD0FFE70F98006840F22841C4F20201CE
:103AA000884236D0FFE70F98006840F24041C4F2E8
:103AB000020188422DD0FFE70F98006840F258417C
:103AC000C4F20201884224D0FFE70F98006840F258
:103AD0007041C4F2020188421BD0FFE70F980068D2
:103AE00040F28841C4F20201884212D0FFE70F98E9
:103AF000006840F2A041C4F20201884209D0FFE709
:103B00000F98006840F2B841C4F20201884207D120
:103B1000FFE70F980068006800F01000029006E0D0
:103B20000F980068006800F002000290FFE702981A
:103B3000002800F08980FFE70F98C06D00F01F019A
:103B400020208840099988600F9890F83500042853
:103B500037D1FFE70F980168086820F01600086069
:103B60000F980168486920F0800048610F98006C48
:103B700020B9FFE70F98806C38B1FFE70F98016814
:103B8000086820F008000860FFE70F98C06D00F09B
:103B90001F013F208840099988600F99012081F812
:103BA0003500FFE70F99002081F83400FFE70F98F8
:103BB000006D20B1FFE70F98016D8847FFE700F027
:103BC00019BC0F9800680068400300281AD5FFE769
:103BD0000F98006800680003002809D4FFE70F98D9
:103BE000406C20B1FFE70F98416C8847FFE708E081
:103BF0000F98C06B20B1FFE70F98C16B8847FFE7B4
:103C0000FFE720E00F9800680068C005002811D485
:103C1000FFE70F980168086820F0100008600F990E
:103C2000012081F83500FFE70F99002081F834006A
:103C3000FFE7FFE70F98C06B20B1FFE70F98C16B5C
:103C40008847FFE7FFE7FFE7FFE70F98406D002891
:103C500000F0D480FFE70F98406DC007002800F007
:103C6000C480FFE70F99042081F835000F980068A1
:103C70001021C4F20201884200F08180FFE70F9812
:103C800000682821C4F20201884278D0FFE70F982B
:103C900000684021C4F20201884270D0FFE70F980B
:103CA00000685821C4F20201884268D0FFE70F98EB
:103CB00000687021C4F20201884260D0FFE70F98CB
:103CC00000688821C4F20201884258D0FFE70F98AB
:103CD0000068A021C4F20201884250D0FFE70F988B
:103CE0000068B821C4F20201884248D0FFE70F986B
:103CF000006840F21041C4F2020188423FD0FFE761
:103D00000F98006840F22841C4F20201884236D080
:103D1000FFE70F98006840F24041C4F20201884278
:103D20002DD0FFE70F98006840F25841C4F202011D
:103D3000884224D0FFE70F98006840F27041C4F237
:103D4000020188421BD0FFE70F98006840F28841CB
:103D5000C4F20201884212D0FFE70F98006840F2D7
:103D6000A041C4F20201884209D0FFE70F98006821
:103D700040F2B841C4F20201884207D1FFE70F9830
:103D80000168086820F00100086006E00F980168EB
:103D9000086820F001000860FFE7FFE70B9801309A
:103DA0000B900A99884201D9FFE707E0FFE70F98D7
:103DB00000680068C0070028F0D1FFE70F9800688E
:103DC0000068C00728B1FFE70F99032081F835008C
:103DD00004E00F99012081F83500FFE7FFE70F9914
:103DE000002081F83400FFE7FFE70F98C06C20B196
:103DF000FFE70F98C16C8847FFE7FFE7FAE20F98EB
:103E00000168012045F20842C5F602029142019084
:103E10004ED0FFE70F980168012045F21C42C5F61D
:103E200002029142019043D0FFE70F980168012000
:103E300045F23042C5F602029142019038D0FFE7C8
:103E40000F980168012045F24442C5F602029142F2
:103E500001902DD0FFE70F980168012045F25842EC
:103E6000C5F602029142019022D0FFE70F98016847
:103E7000012045F26C42C5F602029142019017D032
:103E8000FFE70F980168012045F28042C5F6020263
:103E9000914201900CD0FFE70F9800684AF66C3110
:103EA000CAF2FD710844B0FA80F040090190FFE7C2
:103EB0000198C007002800F09B82FFE70F98006878
:103EC00000680C900D980F99C96D01F01F01C84052
:103ED0004007002840F1D780FFE79DF830004007F9
:103EE000002840F1D080FFE70F98C06D00F01F015F
:103EF00004208840089948609DF831000006002899
:103F000018D5FFE79DF83200C00748B9FFE70F98C2
:103F1000806C20B1FFE70F98816C8847FFE708E0CD
:103F20000F98006C20B1FFE70F98016C8847FFE7FE
:103F3000FFE7A7E09DF830008006002800F1998097
:103F4000FFE70F9800681021C4F20201884200F0D8
:103F50008180FFE70F9800682821C4F2020188429F
:103F600078D0FFE70F9800684021C4F20201884230
:103F700070D0FFE70F9800685821C4F20201884210
:103F800068D0FFE70F9800687021C4F202018842F0
:103F900060D0FFE70F9800688821C4F202018842D0
:103FA00058D0FFE70F980068A021C4F202018842B0
:103FB00050D0FFE70F980068B821C4F20201884290
:103FC00048D0FFE70F98006840F21041C4F20201A8
:103FD00088423FD0FFE70F98006840F22841C4F2C2
:103FE0000201884236D0FFE70F98006840F2404156
:103FF000C4F2020188422DD0FFE70F98006840F21A
:104000005841C4F20201884224D0FFE70F980068AB
:1040100040F27041C4F2020188421BD0FFE70F98C2
:10402000006840F28841C4F20201884212D0FFE7E2
:104030000F98006840F2A041C4F20201884209D002
:10404000FFE70F98006840F2B841C4F202018842CD
:1040500007D1FFE70F980168086820F008000860A2
:1040600006E00F980168086820F004000860FFE788
:10407000FFE70F98006C20B1FFE70F98016C8847AD
:10408000FFE7FFE7B3E10D980F99C96D01F01F013C
:10409000C8408007002840F1E180FFE79DF830002C
:1040A0008007002840F1DA80FFE70F98C06D00F02C
:1040B0001F0102208840089948609DF831000006E1
:1040C000002818D5FFE79DF83200C00748B9FFE780
:1040D0000F98406C20B1FFE70F98416C8847FFE7CD
:1040E00008E00F98C06B20B1FFE70F98C16B8847BD
:1040F000FFE7FFE7B1E09DF830008006002800F1FF
:10410000A380FFE70F9800681021C4F202018842E3
:1041100000F08180FFE70F9800682821C4F20201B7
:10412000884278D0FFE70F9800684021C4F202016E
:10413000884270D0FFE70F9800685821C4F202014E
:10414000884268D0FFE70F9800687021C4F202012E
:10415000884260D0FFE70F9800688821C4F202010E
:10416000884258D0FFE70F980068A021C4F20201EE
:10417000884250D0FFE70F980068B821C4F20201CE
:10418000884248D0FFE70F98006840F21041C4F21F
:10419000020188423FD0FFE70F98006840F22841B3
:1041A000C4F20201884236D0FFE70F98006840F25F
:1041B0004041C4F2020188422DD0FFE70F98006809
:1041C00040F25841C4F20201884224D0FFE70F9820
:1041D000006840F27041C4F2020188421BD0FFE740
:1041E0000F98006840F28841C4F20201884212D060
:1041F000FFE70F98006840F2A041C4F20201884234
:1042000009D0FFE70F98006840F2B841C4F20201FC
:10421000884207D1FFE70F980168086820F0140072
:10422000086006E00F980168086820F00A0008603E
:10423000FFE70F99012081F83500FFE70F99002073
:1042400081F83400FFE7FFE70F98C06B20B1FFE76C
:104250000F98C16B8847FFE7FFE7C7E00D980F99FC
:10426000C96D01F01F01C8400007002840F1BC8063
:10427000FFE79DF830000007002840F1B580FFE718
:104280000F9800681021C4F20201884200F081807A
:10429000FFE70F9800682821C4F20201884278D015
:1042A000FFE70F9800684021C4F20201884270D0F5
:1042B000FFE70F9800685821C4F20201884268D0D5
:1042C000FFE70F9800687021C4F20201884260D0B5
:1042D000FFE70F9800688821C4F20201884258D095
:1042E000FFE70F980068A021C4F20201884250D075
:1042F000FFE70F980068B821C4F20201884248D055
:10430000FFE70F98006840F21041C4F202018842B2
:104310003FD0FFE70F98006840F22841C4F2020145
:10432000884236D0FFE70F98006840F24041C4F25F
:10433000020188422DD0FFE70F98006840F25841F3
:10434000C4F20201884224D0FFE70F98006840F2CF
:104350007041C4F2020188421BD0FFE70F98006849
:1043600040F28841C4F20201884212D0FFE70F9860
:10437000006840F2A041C4F20201884209D0FFE780
:104380000F98006840F2B841C4F20201884207D198
:10439000FFE70F980168086820F01C00086006E03D
:1043A0000F980168086820F00E000860FFE70F987A
:1043B000C06D00F01F01012000FA01F1089A516060
:1043C0000F9948650F9981F83500FFE70F99002094
:1043D00081F83400FFE70F98C06C20B1FFE70F9819
:1043E000C16C8847FFE700E0FFE7FFE7FFE700E079
:1043F000FFE7FFE710B080BD10B58EB00C9002F063
:104400000FFC0A900C9828B9FFE701208DF83700BF
:1044100000F09EBC0C98016801201022C4F2020238
:104420009142079000F0A380FFE70C9801680120FB
:104430002822C4F202029142079000F09880FFE720
:104440000C98016801204022C4F2020291420790B8
:1044500000F08D80FFE70C98016801205822C4F21B
:1044600002029142079000F08280FFE70C980168F9
:1044700001207022C4F202029142079077D0FFE738
:104480000C98016801208822C4F202029142079030
:104490006DD0FFE70C9801680120A022C4F202024F
:1044A0009142079063D0FFE70C9801680120B82281
:1044B000C4F202029142079059D0FFE70C980168BC
:1044C000012040F21042C4F20202914207904ED005
:1044D000FFE70C980168012040F22842C4F2020272
:1044E0009142079043D0FFE70C980168012040F209
:1044F0004042C4F202029142079038D0FFE70C9884
:104500000168012040F25842C4F202029142079031
:104510002DD0FFE70C980168012040F27042C4F2F0
:1045200002029142079022D0FFE70C980168012017
:1045300040F28842C4F202029142079017D0FFE78E
:104540000C980168012040F2A042C4F2020291429C
:1045500007900CD0FFE70C9800684FF64831CBF677
:10456000FD710844B0FA80F040090790FFE7079812
:10457000C007002800F07881FFE70C98406A08B176
:10458000FFE7FFE70C99022081F83500FFE70C995F
:10459000002081F83400FFE70C9800681021C4F275
:1045A0000201884200F08180FFE70C980068282112
:1045B000C4F20201884278D0FFE70C9800684021DD
:1045C000C4F20201884270D0FFE70C9800685821BD
:1045D000C4F20201884268D0FFE70C98006870219D
:1045E000C4F20201884260D0FFE70C98006888217D
:1045F000C4F20201884258D0FFE70C980068A0215D
:10460000C4F20201884250D0FFE70C980068B8213C
:10461000C4F20201884248D0FFE70C98006840F2DB
:104620001041C4F2020188423FD0FFE70C980068B5
:1046300040F22841C4F20201884236D0FFE70C98CC
:10464000006840F24041C4F2020188422DD0FFE7E9
:104650000C98006840F25841C4F20201884224D00C
:10466000FFE70C98006840F27041C4F202018842F2
:104670001BD0FFE70C98006840F28841C4F20201A9
:10468000884212D0FFE70C98006840F2A041C4F2C3
:104690000201884209D0FFE70C98006840F2B84157
:1046A000C4F20201884207D1FFE70C98016808684C
:1046B00020F00100086006E00C980168086820F00E
:1046C00001000860FFE7FFE70C9800680068C0077A
:1046D00098B1FFE702F0A4FA0A99401A06280BD312
:1046E000FFE70C99202048650C99032081F83500DC
:1046F00001208DF837002BE3E6E70C98006800688E
:104700000B900B9848F23F01CFF6106108400B90D8
:104710000C998868D1F80CC00B694A6940EA0C0012
:10472000184310438A691043CA691043096A014358
:104730000B9808430B900C98406A042808D1FFE7B7
:104740000C99C86A096B01430B9808430B90FFE76B
:104750000C984068292807D3FFE70C98416801208E
:104760002F29069036D3FFE70C9840683F2807D3DF
:10477000FFE70C9841680120432906902AD3FFE700
:104780000C984068472807D3FFE70C984168012040
:10479000492906901ED3FFE70C9840684F2807D39D
:1047A000FFE70C98416801205329069012D3FFE7D8
:1047B0000C98416800207429059008D3FFE70C98F5
:1047C00041680020782938BF01200590FFE705984F
:1047D0000690FFE70698C00728B1FFE70B9840F462
:1047E00080100B90FFE70B980C99096808600C98F3
:1047F000006840690B900B9820F007000B900C9814
:10480000416A0B9808430B900C98406A04281AD10F
:10481000FFE70C98816A0B9808430B900C98C06ACC
:1048200080B1FFE70C98FCF7B3FC50B1FFE70C999F
:10483000402048650C99012081F835008DF837003B
:1048400086E2FFE7FFE70B980C99096848610C982E
:10485000FCF762FA09900C98C06D00F01F013F2030
:1048600088400999886026E10C980168012045F28A
:104870000842C5F60202914204904ED0FFE70C9820
:104880000168012045F21C42C5F6020291420490E3
:1048900043D0FFE70C980168012045F23042C5F68D
:1048A00002029142049038D0FFE70C980168012081
:1048B00045F24442C5F60202914204902DD0FFE732
:1048C0000C980168012045F25842C5F60202914257
:1048D000049022D0FFE70C980168012045F26C4259
:1048E000C5F602029142049017D0FFE70C980168C8
:1048F000012045F28042C5F60202914204900CD09C
:10490000FFE70C9800684AF66C31CAF2FD71084462
:10491000B0FA80F040090490FFE70498C00700282F
:1049200000F0BD80FFE70C980168012045F20842C5
:10493000C5F60202914203904ED0FFE70C98016841
:10494000012045F21C42C5F602029142039043D079
:10495000FFE70C980168012045F23042C5F60202DB
:104960009142039038D0FFE70C980168012045F28E
:104970004442C5F60202914203902DD0FFE70C9805
:104980000168012045F25842C5F6020291420390A7
:1049900022D0FFE70C980168012045F26C42C5F671
:1049A00002029142039017D0FFE70C9801680120A2
:1049B00045F28042C5F60202914203900CD0FFE717
:1049C0000C9800684AF66C31CAF2FD710844B0FADE
:1049D00080F040090390FFE70398C00708B1FFE7A4
:1049E000FFE70C99022081F83500FFE70C990020C1
:1049F00081F83400FFE70C98006800680B900B9872
:104A00006FF310100B900C988068402803D1FFE7DB
:104A10001020029008E00C9880688038B0FA80F08E
:104A2000400980030290FFE702980C99CA680B695D
:104A3000D1F814C0D1F818E0CC694EEA040E4CEA63
:104A40000E0C43EA0C031A4340EAD200096A40EA1A
:104A500011110B9808430B900B980C99096808608A
:104A60000C9908684AF6F832CAF2FD7210444CF606
:104A7000CD42CCF6CC42A0FB02026FF0030000EA6C
:104A80009200C8650C98FCF747F908900C98C06D27
:104A900000F01F0101208840089948600AE00C9945
:104AA000402048650C99032081F8350001208DF8DD
:104AB00037004DE1FFE70C98016801201022C4F295
:104AC00002029142019000F00381FFE70C98016817
:104AD00001202822C4F202029142019000F0F880E5
:104AE000FFE70C98016801204022C4F202029142C3
:104AF000019000F0ED80FFE70C980168012058223A
:104B0000C4F202029142019000F0E280FFE70C98AB
:104B1000016801207022C4F202029142019000F06B
:104B2000D780FFE70C98016801208822C4F20202B6
:104B30009142019000F0CC80FFE70C9801680120C1
:104B4000A022C4F202029142019000F0C180FFE76E
:104B50000C9801680120B822C4F20202914201902F
:104B600000F0B680FFE70C980168012040F2104287
:104B7000C4F202029142019000F0AA80FFE70C9873
:104B80000168012040F22842C4F2020291420190E1
:104B900000F09E80FFE70C980168012040F240423F
:104BA000C4F202029142019000F09280FFE70C985B
:104BB0000168012040F25842C4F202029142019081
:104BC00000F08680FFE70C980168012040F27042F7
:104BD000C4F20202914201907AD0FFE70C9801687A
:104BE000012040F28842C4F20202914201906FD04B
:104BF000FFE70C980168012040F2A042C4F20202D3
:104C00009142019064D0FFE70C980168012040F2C6
:104C1000B842C4F202029142019059D0FFE70C98C9
:104C20000168012045F20842C5F602029142019056
:104C30004ED0FFE70C980168012045F21C42C5F6F2
:104C400002029142019043D0FFE70C9801680120D5
:104C500045F23042C5F602029142019038D0FFE79A
:104C60000C980168012045F24442C5F602029142C7
:104C700001902DD0FFE70C980168012045F25842C1
:104C8000C5F602029142019022D0FFE70C9801681C
:104C9000012045F26C42C5F602029142019017D004
:104CA000FFE70C980168012045F28042C5F6020238
:104CB000914201900CD0FFE70C9800684AF66C31E5
:104CC000CAF2FD710844B0FA80F040090190FFE794
:104CD0000198C00790B3FFE70C98FCF705F90C9812
:104CE0008068802804D1FFE70C9900204860FFE726
:104CF0000C990879096E08600C98416E806E4860C6
:104D00000C98406888B1FFE70C98406808280CD8D8
:104D1000FFE70C98FCF7A4F90C98C16E002008601E
:104D20000C98016F406F486007E00C990020C8663E
:104D30000C9908670C994867FFE7FFE70C9900207A
:104D400048650C9A012182F835108DF83700FFE78D
:104D50009DF837000EB010BD80B588B00690059163
:104D60000492039300208DF80B00069820B9FFE70A
:104D700001208DF81F006CE3FFE7069890F83400DF
:104D8000012804D1FFE702208DF81F0061E3069996
:104D9000012081F83400FFE7FFE7069890F835001E
:104DA000012840F04383FFE70699022081F835008F
:104DB000069900204865069800681021C4F2020197
:104DC000884200F08180FFE7069800682821C4F23D
:104DD0000201884278D0FFE7069800684021C4F2BB
:104DE0000201884270D0FFE7069800685821C4F29B
:104DF0000201884268D0FFE7069800687021C4F27B
:104E00000201884260D0FFE7069800688821C4F25A
:104E10000201884258D0FFE706980068A021C4F23A
:104E20000201884250D0FFE706980068B821C4F21A
:104E30000201884248D0FFE70698006840F210411E
:104E4000C4F2020188423FD0FFE70698006840F2B2
:104E50002841C4F20201884236D0FFE70698006874
:104E600040F24041C4F2020188422DD0FFE706988B
:104E7000006840F25841C4F20201884224D0FFE7A2
:104E80000698006840F27041C4F2020188421BD0CB
:104E9000FFE70698006840F28841C4F202018842A8
:104EA00012D0FFE70698006840F2A041C4F2020168
:104EB000884209D0FFE70698006840F2B841C4F282
:104EC0000201884207D1FFE706980168086820F0D0
:104ED0000100086006E006980168086820F00100FB
:104EE0000860FFE706980599049A039BFCF7C8F948
:104EF0000698016801201022C4F20202914201903A
:104F000000F0A380FFE70698016801202822C4F280
:104F100002029142019000F09880FFE70698016834
:104F200001204022C4F202029142019000F08D80E3
:104F3000FFE70698016801205822C4F2020291425C
:104F4000019000F08280FFE706980168012070223E
:104F5000C4F202029142019077D0FFE706980168FF
:104F600001208822C4F20202914201906DD0FFE735
:104F7000069801680120A022C4F202029142019029
:104F800063D0FFE7069801680120B822C4F202024C
:104F90009142019059D0FFE706980168012040F244
:104FA0001042C4F20202914201904ED0FFE70698EF
:104FB0000168012040F22842C4F2020291420190AD
:104FC00043D0FFE706980168012040F24042C4F256
:104FD00002029142019038D0FFE706980168012053
:104FE00040F25842C4F20202914201902DD0FFE7F4
:104FF00006980168012040F27042C4F20202914218
:10500000019022D0FFE706980168012040F2884213
:10501000C4F202029142019017D0FFE7069801689E
:10502000012040F2A042C4F20202914201900CD051
:10503000FFE7069800684FF64831CBF6FD7108444B
:10504000B0FA80F040090190FFE70198C007A8B1CD
:10505000FFE70698006800680B2161F34400069999
:10506000096808600698006C38B1FFE70698016887
:10507000086840F008000860FFE714E00698006840
:105080000068052161F343000699096808600698E5
:10509000006C38B1FFE706980168086840F004002A
:1050A0000860FFE7FFE70698016801201022C4F2BC
:1050B00002029142009000F00381FFE70698016828
:1050C00001202822C4F202029142009000F0F880F0
:1050D000FFE70698016801204022C4F202029142D3
:1050E000009000F0ED80FFE706980168012058224B
:1050F000C4F202029142009000F0E280FFE70698BD
:10510000016801207022C4F202029142009000F076
:10511000D780FFE70698016801208822C4F20202C6
:105120009142009000F0CC80FFE7069801680120D2
:10513000A022C4F202029142009000F0C180FFE779
:10514000069801680120B822C4F202029142009040
:1051500000F0B680FFE706980168012040F2104297
:10516000C4F202029142009000F0AA80FFE7069884
:105170000168012040F22842C4F2020291420090EC
:1051800000F09E80FFE706980168012040F240424F
:10519000C4F202029142009000F09280FFE706986C
:1051A0000168012040F25842C4F20202914200908C
:1051B00000F08680FFE706980168012040F2704207
:1051C000C4F20202914200907AD0FFE7069801688B
:1051D000012040F28842C4F20202914200906FD056
:1051E000FFE706980168012040F2A042C4F20202E3
:1051F0009142009064D0FFE706980168012040F2D8
:10520000B842C4F202029142009059D0FFE70698DA
:105210000168012045F20842C5F602029142009061
:105220004ED0FFE706980168012045F21C42C5F602
:1052300002029142009043D0FFE7069801680120E6
:1052400045F23042C5F602029142009038D0FFE7A5
:1052500006980168012045F24442C5F602029142D7
:1052600000902DD0FFE706980168012045F25842D2
:10527000C5F602029142009022D0FFE7069801682D
:10528000012045F26C42C5F602029142009017D00F
:10529000FFE706980168012045F28042C5F6020248
:1052A000914200900CD0FFE7069800684AF66C31F6
:1052B000CAF2FD710844B0FA80F040090090FFE79F
:1052C0000098C007D0B1FFE70698006E0068C003E1
:1052D000002807D5FFE70698016E086840F4807043
:1052E0000860FFE70698C06E38B1FFE70698C16E08
:1052F000086840F480700860FFE7FFE706980068E0
:105300001021C4F20201884200F08180FFE7069874
:1053100000682821C4F20201884278D0FFE706988D
:1053200000684021C4F20201884270D0FFE706986D
:1053300000685821C4F20201884268D0FFE706984D
:1053400000687021C4F20201884260D0FFE706982D
:1053500000688821C4F20201884258D0FFE706980D
:105360000068A021C4F20201884250D0FFE70698ED
:105370000068B821C4F20201884248D0FFE70698CD
:10538000006840F21041C4F2020188423FD0FFE7BA
:105390000698006840F22841C4F20201884236D0E3
:1053A000FFE70698006840F24041C4F202018842DB
:1053B0002DD0FFE70698006840F25841C4F2020180
:1053C000884224D0FFE70698006840F27041C4F29A
:1053D000020188421BD0FFE70698006840F288412E
:1053E000C4F20201884212D0FFE70698006840F23A
:1053F000A041C4F20201884209D0FFE70698006884
:1054000040F2B841C4F20201884207D1FFE7069892
:105410000168086840F00100086006E0069801682D
:10542000086840F001000860FFE70DE006994FF4BE
:1054300000604865FFE70699002081F83400FFE727
:1054400001208DF80B00FFE79DF80B008DF81F0081
:10545000FFE79DF81F0008B080BD000000000000BD
:1054600085B0039002910192039890F898008DF80E
:1054700003009DF80300012805D0FFE79DF8030015
:1054800002285DD1FFE7029803990968896D0842F7
:1054900007D1FFE703980168C86D40F00100C865B7
:1054A00015E0029803990968896D084002998842BD
:1054B00007D1FFE703980168C86D40F00200C86596
:1054C00004E0039801680320C865FFE7FFE79DF843
:1054D00009008007002809D5FFE7019A03980168B1
:1054E000D1F8E0001043C1F8E000FFE79DF80900A3
:1054F0004007002809D5FFE7019A03980168D1F811
:10550000E4001043C1F8E400FFE7FFE702984FF61C
:10551000FF71C3F6CF7100EA010203980168486D7C
:1055200010434865029A4AF61401C4F20001086863
:1055300040EA92700860FFE700208DF813000AE04F
:105540000399D1F89C0040F00200C1F89C000120B2
:105550008DF81300FFE79DF8130005B070470000B9
:1055600080B586B00490039102920398406808B910
:10557000FFE700E0FFE7049890F89800022845D183
:10558000FFE704980068D0F8C00010F07C5F0BD1F2
:10559000FFE70499D1F89C0040F02000C1F89C007E
:1055A00001208DF817003CE004980068D0F8C40092
:1055B000800200280BD5FFE70499D1F89C0040F445
:1055C0000070C1F89C0001208DF8170029E00498B4
:1055D0000068D0F8C400C0F3044001900498039917
:1055E000029A019BFCF7C8FB0199012000FA01F126
:1055F000049A1268C2F8D010019988400499C1F841
:105600009400FFE700208DF817000AE00499D1F814
:105610009C0040F00800C1F89C0001208DF81700A4
:10562000FFE79DF8170006B080BD000000000000F5
:1056300082B00190009102B07047000000000000AD
:1056400087B005900491059890F898008DF80300B4
:105650009DF80300012805D0FFE79DF8030002280C
:105660006AD1FFE70498C068072801D1FFE7FFE788
:105670000498006878BBFFE70498C068072801D049
:10568000FFE7FFE70498C06807280CD1FFE7049AFA
:1056900010699169D269000440EA0220084340F091
:1056A000605003900CE004998868CB680A694969E6
:1056B000800740EAC36040EA024008430390FFE7E6
:1056C0000598C06E0499496800EB81000190039829
:1056D000019908602CE00498C068072801D0FFE712
:1056E000FFE70498C168006940EA4170039004989C
:1056F000C068072804D1FFE704988069029006E09B
:1057000004988168406940EA81700290FFE705983B
:10571000006F0499496800EBC1000190039801995A
:105720000860019804300190029801990860FFE731
:1057300000208DF81B000AE00599D1F89C0040F08C
:105740000200C1F89C0001208DF81B00FFE79DF8C6
:105750001B0007B07047000085B0DDF814C003904F
:10576000029101920093039890F89800012812D1B9
:10577000FFE702980001019940EA8100009940EAA0
:1057800041000599084303990968C1F88000002089
:105790008DF813000AE00399D1F89C0040F0040052
:1057A000C1F89C0001208DF81300FFE79DF813005D
:1057B00005B070470000000081B0009001B0704754
:1057C00082B00190009102B070470000000000001C
:1057D0008AB00890079106920593002001900898DE
:1057E00090F898008DF803009DF80300022840F01F
:1057F0005C81FFE70798402851D1FFE708980068CF
:10580000D0F8A00010F4FE0F0BD1FFE70899D1F8F3
:105810009C0040F02000C1F89C0001208DF827007A
:105820004EE108980068D0F8A400400658B9FFE798
:105830000899D1F89C0040F48070C1F89C000120C8
:105840008DF827003CE108980068D0F8A40000F02B
:1058500080710120B0EB116F0DD1FFE7089800684F
:10586000D0F8A0100120B0EBD17F03D1FFE70120D9
:105870000190FFE7FFE708980068D0F8A40000F463
:105880007C51019800EB112001900898426C406F08
:105890000199514300EB81000490FFE770E0079805
:1058A000412851D1FFE708980068D0F8B00010F403
:1058B000FE0F0BD1FFE70899D1F89C0040F02000C3
:1058C000C1F89C0001208DF82700F9E008980068D5
:1058D000D0F8B400400658B9FFE70899D1F89C0009
:1058E00040F48070C1F89C0001208DF82700E7E0AB
:1058F00008980068D0F8B40000F080710120B0EB87
:10590000116F0DD1FFE708980068D0F8B0100120A2
:10591000B0EBD17F03D1FFE701200190FFE7FFE764
:1059200008980068D0F8B40000F47C51019800EBAE
:10593000112001900898C26C806F0199514300EBCF
:1059400081000490FFE71AE007980899096D8842E2
:105950000BD3FFE70899D1F89C0040F02000C1F874
:105960009C0001208DF82700AAE00898426DC06FC6
:105970000799514300EB81000490FFE7FFE7FFE741
:105980000498006800F080400699486006984068D6
:1059900038B9FFE704980068C0F38A4006990860A8
:1059A00006E00498006820F0604006990860FFE770
:1059B0000498006800F00050069988600498006818
:1059C00000F000400699086104980430049004989F
:1059D00000880699C86104980068C0F303400699DE
:1059E000C8600498006800F4801006994861049823
:1059F000006800F400100699886104980068C0F3FC
:105A000006600699086204980068C00F069948620B
:105A10000498043004900498039000200290FFE75B
:105A200002980699CA6843F2BC41C0F60201895C3B
:105A300088420AD2FFE70398029A805C059988544D
:105A4000FFE7029801300290EAE70798402806D164
:105A5000FFE7019808990968C1F8A80021E00798B4
:105A6000412806D1FFE7019808990968C1F8B800F4
:105A700016E007981F2808D8FFE7079901208840FB
:105A800008990968C1F8980009E0079800F01F011B
:105A90000120884008990968C1F89C00FFE7FFE7EA
:105AA000FFE700208DF827000AE00899D1F89C0054
:105AB00040F00800C1F89C0001208DF82700FFE7A6
:105AC0009DF827000AB0704781B0009001B0704780
:105AD00080B594B013904AF61000C4F2000000683C
:105AE000800712904AF61400C4F200000168129870
:105AF00000EA8170129013980068006D00F4704005
:105B0000119013980068416D1198084011901398F6
:105B10000068006D00F00F00109013980068416D50
:105B200010980840109013980068006D00F0F00085
:105B30000F9013980068416D0F9808400F901398CC
:105B40000068006D00F071500E9013980068416D70
:105B50000E9808400E9013980068006D00F0607079
:105B60000D9013980068416D0D9808400D901398A2
:105B70000068406D039013980068006D01909DF8D7
:105B80000D00C007B8B1FFE79DF80500C00788B158
:105B9000FFE7FFE7139801684FF4807008654AF645
:105BA0001001C4F2000100200860FFE71398FFF71E
:105BB0008BFFFFE7FFE79DF80D0000F004010020D8
:105BC000B0EB910F28D0FFE79DF8050000F004012D
:105BD0000020B0EB910F1ED0FFE713980068D0F8BB
:105BE000DC000B9013980068D0F8E4100B98084084
:105BF0000B90FFE7139801684FF4806008654AF640
:105C00001001C4F2000100200860FFE713980B990F
:105C100000F0FEFDFFE7FFE71298B8B1FFE7FFE7EE
:105C200012984FF6FF71C3F6CF71084013990968B7
:105C300008651298800F4AF61001C4F2000108604E
:105C4000FFE713981299FFF7F3FCFFE71198B8B13B
:105C5000FFE7FFE711984FF6FF71C3F6CF710840D9
:105C60001399096808651198800F4AF61001C4F26B
:105C700000010860FFE71398119900F0D9FDFFE7D4
:105C80001098B8B1FFE7FFE710984FF6FF71C3F621
:105C9000CF7108401399096808651098800F4AF67B
:105CA0001001C4F200010860FFE71398109900F09A
:105CB00027FDFFE70F98B8B1FFE7FFE70F984FF612
:105CC000FF71C3F6CF7108401399096808650F98F2
:105CD000800F4AF61001C4F200010860FFE7139834
:105CE0000F9900F03DFDFFE79DF80D0000F0080161
:105CF0000020B0EBD10F1BD0FFE79DF8050000F0AE
:105D000008010020B0EBD10F11D0FFE7FFE7139897
:105D100001684FF4006008654AF61001C4F2000102
:105D200000200860FFE7139800F08AFDFFE7FFE717
:105D30009DF80D0000F002010020B0EB510F28D0BB
:105D4000FFE79DF8050000F002010020B0EB510FC5
:105D50001ED0FFE713980068D0F8D8000C90139875
:105D60000068D0F8E0100C9808400C90FFE71398FA
:105D700001684FF4007008654AF61001C4F2000192
:105D800000200860FFE713980C9900F049FDFFE739
:105D9000FFE79DF80E0000F008010020B0EBD10FE6
:105DA0001BD0FFE79DF8060000F008010020B0EBD3
:105DB000D10F11D0FFE7FFE7139801684FF40020DF
:105DC00008654AF61001C4F2000100200860FFE7F0
:105DD000139800F091FCFFE7FFE79DF80E00C00765
:105DE000B8B1FFE79DF80600C00788B1FFE7FFE7FD
:105DF000139801684FF4803008654AF61001C4F228
:105E0000000100200860FFE7139800F0FDFCFFE7A9
:105E1000FFE79DF80E0000F004010020B0EB910FA9
:105E20001BD0FFE79DF8060000F004010020B0EB56
:105E3000910F11D0FFE7FFE7139801684FF480201E
:105E400008654AF61001C4F2000100200860FFE76F
:105E5000139800F0D5FCFFE7FFE79DF80E0000F077
:105E600002010020B0EB510F1FD0FFE79DF80600A4
:105E700000F002010020B0EB510F15D0FFE7FFE763
:105E8000139801684FF4003008654AF61001C4F217
:105E9000000100200860FFE71399D1F89C0040F052
:105EA0008000C1F89C00FFE7FFE70D98B8B1FFE75D
:105EB000FFE70D984FF6FF71C3F6CF7108401399B5
:105EC000096808650D98800F4AF61001C4F20001B8
:105ED0000860FFE713980D99FFF772FCFFE70E9833
:105EE000D0B1FFE7FFE70E984FF6FF71C3F6CF7111
:105EF00008401399096808650E98800F4AF610014A
:105F0000C4F200010860FFE70E9A1399D1F89C00D3
:105F10001043C1F89C00FFE7139800684AF20001A3
:105F2000C4F20001884240F0B980FFE7139840684E
:105F300080688007002800F0B080FFE71398406871
:105F4000006A00F00F000A9013984068416A0A98AE
:105F500008400A9013984068006A00F030000990E9
:105F600013984068416A099808400990139840685E
:105F7000006A00F4C070089013984068416A08985D
:105F80000840089013984068006A00F4FC400790AD
:105F900013984068416A0798084007901398406832
:105FA000006A00F4F020069013984068416A069851
:105FB0000840069013984068406A02901398406821
:105FC000006A00900A9848B1FFE70A981399496857
:105FD000086213980A9900F0FBFBFFE7099848B1A3
:105FE000FFE709981399496808621398099900F026
:105FF000FFFBFFE79DF8080000F040010020B0EB38
:10600000911F1FD0FFE79DF8000000F04001002025
:10601000B0EB911F15D0FFE713984068C06B000CE0
:10602000059013984068C06B00F03F0004901398EF
:1060300041684020086213980599049A00F0D0FB4B
:10604000FFE7FFE7089848B1FFE708981399496808
:1060500008621398089900F0B3FBFFE7079860B156
:10606000FFE70798139949680862079A1399D1F8CE
:106070009C001043C1F89C00FFE7069860B1FFE761
:106080000698139949680862069A1399D1F89C00FA
:106090001043C1F89C00FFE7FFE7FFE71398D0F833
:1060A0009C0020B1FFE71398FFF786FBFFE714B0D1
:1060B00080BD00000000000080B598B0169043F24B
:1060C000F431C0F6020101A84C22FAF765FA1698DD
:1060D00020B9FFE701208DF85F00D9E1169800682C
:1060E0004AF20001C4F20001884206D1FFE7169986
:1060F000086800F580704860FFE716988068B0F582
:10610000407F01D1FFE7FFE71698006C08B1FFE779
:10611000FFE71698806C08B1FFE7FFE71698006D5F
:1061200008B1FFE7FFE71698006E08B1FFE7FFE749
:106130001699C86D096E084408B1FFE7FFE7169885
:1061400090F8980040B9FFE71699002081F899006F
:10615000169800F0A1F9FFE716980168886920F009
:106160001000886100F05CFD1590FFE7169800684C
:1061700080690007002817D5FFE700F051FD159949
:10618000401A0B280FD3FFE71699D1F89C0040F076
:106190000100C1F89C001699032081F898000120A5
:1061A0008DF85F0074E1E1E716980168886940F0B6
:1061B0000100886100F034FD1590FFE71698006833
:1061C0008069C007B8B9FFE700F02AFD1599401AA9
:1061D0000B280FD3FFE71699D1F89C0040F001007F
:1061E000C1F89C001699032081F8980001208DF8D1
:1061F0005F004DE1E2E716980168886940F002000F
:1062000088611698007C012807D1FFE7169801687D
:10621000886920F04000886106E016980168886966
:1062200040F040008861FFE71698407C012807D1C4
:10623000FFE716980168886940F48040886106E0AD
:1062400016980168886920F480408861FFE71698F5
:10625000807C012807D1FFE716980168886920F43F
:106260008050886106E016980168886940F4805083
:106270008861FFE716980068806920F44070169ADC
:10628000116892681043886116980168886920F047
:10629000A400886116980168086920F01000086160
:1062A0001698C068012807D1FFE716980168886929
:1062B00040F0040088612BE01698C06830B3FFE717
:1062C0001698C068022819D0FFE7169801688869F7
:1062D00040F08000886116980168086940F010005D
:1062E00008611698C068032807D1FFE7169801686F
:1062F000886940F020008861FFE706E01698016891
:10630000886940F020008861FFE700E0FFE7FFE7D1
:10631000169A116853699069D2F81CE0A0F1010C3B
:106320006FF0FF0000EB0E2040EA4C60126A013A69
:1063300010430022CFF6FF7202EB03421043C86104
:1063400016988068B0F5407F1CD1FFE7169A116857
:10635000536A906AD2F82CE001386FF0FF0C0CEB16
:106360000E2C40EA0C00D2F830C06FF00F0202EBA6
:106370000C1210430022CFF6FF7202EB03421043CF
:10638000C860FFE71698006E48B1FFE716980168ED
:10639000426ED1F8C0001043C1F8C000FFE7169963
:1063A000C86D096E084480B1FFE716980068D0F800
:1063B000C80020F00700169A1168936E01AA52F8DF
:1063C00023201043C1F8C800FFE71698006C80B185
:1063D000FFE716980068D0F8BC0020F00700169A76
:1063E0001168536C01AA52F823201043C1F8BC0075
:1063F000FFE71698806C88B1FFE716980068D0F820
:10640000BC0020F07000169A1168D36C01AA52F8F3
:10641000232040EA0210C1F8BC00FFE71698006D87
:1064200088B1FFE716980068D0F8BC0020F4E0605F
:10643000169A1168536D01AA52F8232040EA0220EF
:10644000C1F8BC00FFE7169800684AF20001C4F2E8
:106450000001884207D1FFE716984168886820F05C
:1064600003008860FFE716990020C1F89400169990
:10647000C1F89C001699012081F898001698FBF746
:1064800017FB8DF853009DF853008DF85F00FFE770
:106490009DF85F0018B080BD80B5C2B0419000206B
:1064A00040903F903E903D903C900EA8B821FAF766
:1064B000CFF8419800684AF20001C4F20001884216
:1064C00055D1FFE700200F904FF400400E904FF0A1
:1064D000805029900EA800F0E3FF18B1FFE7FBF70A
:1064E000C7FAFFE740F6BC00C2F200400168013184
:1064F00001600068012810D1FFE7FFE744F2EC409B
:10650000C5F60200016841F480710160006800F482
:1065100080700D900D98FFE7FFE7FFE744F2E04041
:10652000C5F60200016841F008010160006800F052
:1065300008000C900C98FFE703203C9002203D904F
:10654000002006903E903F900920409040F6004089
:10655000C5F602003CA900F077F9069A13200790CF
:10656000052100F065FC079800F056FCC2E0419858
:1065700000684AF20041C4F20001884258D1FFE7A6
:1065800000200F904FF400400E904FF08050299063
:106590000EA800F085FF18B1FFE7FBF769FAFFE7E7
:1065A00040F6BC00C2F200400168013101600068A1
:1065B000012810D1FFE7FFE744F2EC40C5F60200E6
:1065C000016841F480710160006800F480700B90F4
:1065D0000B98FFE7FFE7FFE744F2E040C5F6020053
:1065E000016841F002010160006800F002000A90B9
:1065F0000A98FFE760203C9002203D900020049024
:106600003E903F900920409040F20040C5F60200C5
:106610003CA900F019F9102000F00AFB049A14209C
:106620000590052100F004FC059800F0F5FB60E002
:10663000419800684DF20041C4F20001884257D1F0
:10664000FFE700200F904FF400400E904FF0805075
:1066500029900EA800F024FF18B1FFE7FBF708FA15
:10666000FFE740F6BC00C2F2004001680131016062
:106670000068012810D1FFE7FFE744F2EC40C5F6BF
:106680000200016841F480710160006800F48070CC
:1066900009900998FFE7FFE7FFE744F2E040C5F6FD
:1066A0000200016841F008010160006800F0080084
:1066B00008900898FFE74FF440503C9002203D902E
:1066C000002002903E903F9005200190409040F6BF
:1066D0000040C5F602003CA900F0B6F80199029A04
:1066E0009F20039000F0A4FB039800F095FBFFE7C8
:1066F000FFE7FFE742B080BD81B0009001B0704776
:1067000080B582B0019000919DF80000C00720B3D1
:10671000FFE7019841F62071C2F20041884203D19F
:10672000FFE70BF0F1FA17E0019841F6C071C2F2F1
:106730000041884203D1FFE70BF0F2FA0BE0019829
:1067400042F26001C2F20041884203D1FFE70BF040
:10675000F3FAFFE7FFE7FFE7FFE702B080BD0000C5
:1067600082B00190009102B070470000000000006C
:1067700082B00090009890F89800012811D1FFE7AE
:106780000099022081F8980000980168886920F03B
:106790000100886100990020C1F89C008DF8070075
:1067A0000AE00099D1F89C0040F00400C1F89C0078
:1067B00001208DF80700FFE79DF8070002B0704741
:1067C00082B00190009102B070470000000000000C
:1067D00082B00190009102B07047000000000000FC
:1067E00083B002900191009203B070470000000056
:1067F00082B00190009102B07047000000000000DC
:1068000081B0009001B0704781B0009001B0704736
:1068100082B00190009102B07047000000000000BB
:1068200082B00190009102B07047000000000000AB
:1068300082B00190009102B070470000000000009B
:1068400081B0009001B070478FB00E900D91002084
:106850000C908020C5F600000990FFE70D980068B5
:106860000C99C840002800F0C181FFE70D9800682E
:106870000C9A0121914008400B900B98002800F0E1
:10688000B181FFE70D98406800F00300012807D0B0
:10689000FFE70D98406800F0030002282FD1FFE7C2
:1068A0000E9880680A900C984100032000FA01F1CC
:1068B0000A9888430A900D98C0680C99490000FA1C
:1068C00001F10A9808430A900A980E9988600E9878
:1068D00040680A900C99012000FA01F10A98884357
:1068E0000A900D984068C0F300100C9900FA01F16D
:1068F0000A9808430A900A980E994860FFE70D9895
:10690000406800F00300032818D0FFE70E98C06825
:106910000A900C984100032000FA01F10A9888437C
:106920000A900D9880680C99490000FA01F10A98C4
:1069300008430A900A980E99C860FFE70D984068CE
:1069400000F00300022826D1FFE70E980C996FF0A3
:10695000030202EA51010844006A0A900C9800F010
:10696000070081000F2000FA01F10A9888430A907D
:106970000D9800690C9901F00701890000FA01F1F6
:106980000A9808430A900A980E990C9B02EA53024F
:1069900011440862FFE70E9800680A900C984100C5
:1069A000032000FA01F10A9888430A900D98406884
:1069B00000F003000C99490000FA01F10A9808431D
:1069C0000A900A980E9908600D988079800700282F
:1069D00000F00781FFE7FFE744F2F440C5F602004C
:1069E000016841F002010160006800F002000890B7
:1069F0000898FFE70C9820F0030040F20841C5F624
:106A0000000140580A900C9800F0030081000F200C
:106A100000FA01F10A9888430A900E980021C5F601
:106A20000201884203D1FFE7002007906CE00E9836
:106A300040F20041C5F60201884203D1FFE7012080
:106A400006905EE00E9840F60001C5F6020188420D
:106A500003D1FFE70220059050E00E9840F6004178
:106A6000C5F60201884203D1FFE70320049042E00B
:106A70000E9841F20001C5F60201884203D1FFE7FA
:106A80000420039034E00E9841F20041C5F6020163
:106A9000884203D1FFE70520029026E00E9841F6D8
:106AA0000001C5F60201884203D1FFE706200190EC
:106AB00018E00E9841F60041C5F60201884203D164
:106AC000FFE7072000900AE00E9942F20042C5F667
:106AD00002020A20914208BF09200090FFE70098B7
:106AE0000190FFE701980290FFE702980390FFE70B
:106AF00003980490FFE704980590FFE70598069037
:106B0000FFE706980790FFE707980C9901F003014B
:106B1000890000FA01F10A9808430A900A980C9932
:106B200021F0030140F20842C5F6000288504FF000
:106B3000B04000680A900B990A9888430A900D9813
:106B40008079C006002805D5FFE70B990A9808430D
:106B50000A90FFE70A984FF0B04108600420C5F69C
:106B6000000000680A900B990A9888430A900D98D3
:106B700080798006002805D5FFE70B990A9808431D
:106B80000A90FFE70A980421C5F6000108600998F9
:106B900040680A900B990A9888430A900D9880796A
:106BA0008007002805D5FFE70B990A9808430A904B
:106BB000FFE70A9809994860099800680A900B99BC
:106BC0000A9888430A900D988079C00728B1FFE79A
:106BD0000B990A9808430A90FFE70A9809990860F8
:106BE000FFE7FFE70C9801300C9037E60FB07047D5
:106BF00082B00190ADF802108DF801209DF80100DF
:106C000028B1FFE7BDF802000199886105E0BDF8F1
:106C10000200000401998861FFE702B0704700009C
:106C200046F67430C2F20040006870470000000071
:106C300082B00190FFE744F2F440C5F6020001681B
:106C400041F002010160006800F00200009000982D
:106C5000FFE7019A40F20441C5F6000108681043BD
:106C6000086002B07047000040F25D00C2F20040D0
:106C7000027846F67431C2F2004108681044086098
:106C8000704700000000000080B582B0032000F0D3
:106C9000E7F801F0E1FE44F21842C5F6020211687D
:106CA000C1F3032343F2AC41C0F60201CB5C03F015
:106CB0001F03D84000900098126802F00F02895C10
:106CC00001F01F01C84040F24801C2F200410860D3
:106CD000009840F24401C2F2004108600F2000F029
:106CE00013F820B1FFE701208DF8070005E000F060
:106CF00077F800208DF80700FFE79DF8070002B045
:106D000080BD00000000000080B590B00E900E988D
:106D10000F2810D8FFE70E991C200090002200F0E9
:106D200087F8009800F078F80E9840F26001C2F2FF
:106D30000041086003E001208DF83F004CE0FFE7D0
:106D400044F2E840C5F60200016841F0010101602B
:106D5000006800F0010001900198FFE706A802A971
:106D600001F0E2FD0B980490049820B9FFE701F0D0
:106D70004BFE059004E001F047FE40000590FFE760
:106D800005984DF68361C4F21B31A0FB01014FF061
:106D9000FF3000EB9140039042F2D410C2F2004069
:106DA0004FF08041016040F2E731C16003994160DA
:106DB00000210161816003F05BFA48B9FFE742F20C
:106DC000D410C2F2004003F0ABFA8DF83F0003E0AC
:106DD00001208DF83F00FFE79DF83F0010B080BD17
:106DE00080B582B0FFE744F2F440C5F602000168C6
:106DF00041F002010160006800F00200019001987A
:106E0000FFE76FF001000F21002200F011F802B03F
:106E100080BD00000000000080B582B0ADF8060023
:106E2000BDF9060017F0D0FB02B080BD00000000E5
:106E300080B586B0ADF816000491039217F0DCFB24
:106E40000290BDF91600019002980499039A06F089
:106E5000BFFE0146019817F0D7FB06B080BD0000C9
:106E600080B582B00190019817F016FC02B080BD89
:106E700080B584B0029044F60C00C5F602000068AC
:106E800000F004010020B0EB910F13D1FFE744F6AE
:106E90000C00C5F60200006800F007000299884265
:106EA00004D0FFE701208DF80F002EE000208DF8C0
:106EB0000F002AE044F60C01C5F60201086820F034
:106EC0000700029A10430860FFF7AAFE0190FFE74F
:106ED00044F60400C5F60200006800F400510020EA
:106EE000B0EB513F0DD1FFE7FFF79AFE0199401A31
:106EF000B0F57A7F04D9FFE701208DF80F0004E098
:106F0000E6E700208DF80F00FFE79DF80F0004B0C2
:106F100080BD00000000000080B501F049FD44F292
:106F20002041C5F602010968C1F3021243F2AC41E7
:106F3000C0F60201895C01F01F01C84080BD00005D
:106F400088B0079044F22840C5F60200016801F0BD
:106F5000030106910068C0F30530059044F22C400F
:106F6000C5F602000068C0F300100490049844F2D3
:106F70003C41C5F60201096889B2C908484300EEE0
:106F8000100AB8EE400A8DED020A0598002800F0BC
:106F90001B81FFE70698009048B1FFE700980128A1
:106FA00069D0FFE70098022800F08980ABE044F246
:106FB0000040C5F60200006800F020010020B0EBA0
:106FC000511F33D0FFE744F20040C5F602000068CD
:106FD000C0F3C10149F20000C0F2D030C8400390B4
:106FE0009DED030AB8EE400A9DED051AB8EE411A70
:106FF00080EE010A44F23840C5F6020000686FF3E3
:107000005F2001EE100AB8EE411A9DED022A9FEDB5
:10701000743A82EE032A31EE021AB7EE002A31EEFC
:10702000021A20EE010A8DED010A23E09DED050A0A
:10703000B8EE401A9FED6C0A80EE010A44F2384027
:10704000C5F6020000686FF35F2001EE100AB8EE8B
:10705000411A9DED022A9FED623A82EE032A31EE3B
:10706000021AB7EE002A31EE021A20EE010A8DED67
:10707000010AFFE76BE09DED050AB8EE401A9FEDAF
:10708000590A80EE010A44F23840C5F60200006851
:107090006FF35F2001EE100AB8EE411A9DED022A4F
:1070A0009FED4F3A82EE032A31EE021AB7EE002A24
:1070B00031EE021A20EE010A8DED010A47E09DED46
:1070C000050AB8EE401A9FED450A80EE010A44F227
:1070D0003840C5F6020000686FF35F2001EE100A29
:1070E000B8EE411A9DED022A9FED3D3A82EE032A49
:1070F00031EE021AB7EE002A31EE021A20EE010A32
:107100008DED010A23E09DED050AB8EE401A9FEDD2
:10711000350A80EE010A44F23840C5F602000068E4
:107120006FF35F2001EE100AB8EE411A9DED022ABE
:107130009FED2B3A82EE032A31EE021AB7EE002AB7
:1071400031EE021A20EE010A8DED010AFFE79DEDF6
:10715000010A44F23840C5F60200016889B2490AC2
:1071600001EE101AB8EE411AB7EE002A31EE021AFB
:1071700080EE010A0799BCEEC00A81ED000A9DED80
:10718000010A0168C1F3064101EE101AB8EE411A76
:1071900031EE021A80EE010A0799BCEEC00A81EDB9
:1071A000010A9DED010A0068C0F3066001EE100AB5
:1071B000B8EE411A31EE021A80EE010A0798BCEED1
:1071C000C00A80ED020A07E00799002008600799CD
:1071D000486007998860FFE708B07047001BB74B0D
:1071E000000000460024744A0024744C0000000093
:1071F00088B0079044F22840C5F60200016801F00B
:10720000030106910068C0F30550059044F22C403C
:10721000C5F602000068C0F300200490049844F210
:107220004441C5F60201096889B2C908484300EE25
:10723000100AB8EE400A8DED020A0598002800F009
:107240001B81FFE70698009048B1FFE700980128EE
:1072500069D0FFE70098022800F08980ABE044F293
:107260000040C5F60200006800F020010020B0EBED
:10727000511F33D0FFE744F20040C5F6020000681A
:10728000C0F3C10149F20000C0F2D030C840039001
:107290009DED030AB8EE400A9DED051AB8EE411ABD
:1072A00080EE010A44F24040C5F6020000686FF328
:1072B0005F2001EE100AB8EE411A9DED022A9FED03
:1072C000743A82EE032A31EE021AB7EE002A31EE4A
:1072D000021A20EE010A8DED010A23E09DED050A58
:1072E000B8EE401A9FED6C0A80EE010A44F240406D
:1072F000C5F6020000686FF35F2001EE100AB8EED9
:10730000411A9DED022A9FED623A82EE032A31EE88
:10731000021AB7EE002A31EE021A20EE010A8DEDB4
:10732000010AFFE76BE09DED050AB8EE401A9FEDFC
:10733000590A80EE010A44F24040C5F60200006896
:107340006FF35F2001EE100AB8EE411A9DED022A9C
:107350009FED4F3A82EE032A31EE021AB7EE002A71
:1073600031EE021A20EE010A8DED010A47E09DED93
:10737000050AB8EE401A9FED450A80EE010A44F274
:107380004040C5F6020000686FF35F2001EE100A6E
:10739000B8EE411A9DED022A9FED3D3A82EE032A96
:1073A00031EE021AB7EE002A31EE021A20EE010A7F
:1073B0008DED010A23E09DED050AB8EE401A9FED20
:1073C000350A80EE010A44F24040C5F6020000682A
:1073D0006FF35F2001EE100AB8EE411A9DED022A0C
:1073E0009FED2B3A82EE032A31EE021AB7EE002A05
:1073F00031EE021A20EE010A8DED010AFFE79DED44
:10740000010A44F24040C5F60200016889B2490A07
:1074100001EE101AB8EE411AB7EE002A31EE021A48
:1074200080EE010A0799BCEEC00A81ED000A9DEDCD
:10743000010A0168C1F3064101EE101AB8EE411AC3
:1074400031EE021A80EE010A0799BCEEC00A81ED06
:10745000010A9DED010A0068C0F3066001EE100A02
:10746000B8EE411A31EE021A80EE010A0798BCEE1E
:10747000C00A80ED020A07E007990020086007991A
:10748000486007998860FFE708B07047001BB74B5A
:10749000000000460024744A0024744C00000000E0
:1074A00080B59AB0189000208DF857008DF85600DE
:1074B0001898C0780007002848D5FFE71898406E54
:1074C000149078B1FFE71498B0F5801F13D0FFE750
:1074D0001498B0F5001F16D0FFE71498B0F5401FC0
:1074E00019D019E044F22C41C5F60201086840F4B5
:1074F0000030086014E018980830022106F0E4FB20
:107500008DF857000CE018982830022106F0C4FCD2
:107510008DF8570004E003E001208DF85700FFE7E5
:107520009DF8570060B9FFE744F25041C5F60201EB
:10753000086820F44010189A526E1043086004E066
:107540009DF857008DF85600FFE7FFE71898407840
:10755000C007002840D0FFE71898806D13900428DA
:1075600020D81399DFE801F0030C141C1D0044F22D
:107570002C41C5F60201086840F40030086015E0AF
:1075800018980830002106F09FFB8DF857000DE099
:1075900018982830002106F07FFC8DF8570005E090
:1075A00004E003E001208DF85700FFE79DF8570045
:1075B00060B9FFE744F25041C5F60201086820F0C7
:1075C0000700189A926D1043086004E09DF8570078
:1075D0008DF85600FFE7FFE718984078400700282D
:1075E00056D5FFE71898D0F8A4001290C8B1FFE76D
:1075F0001298B0F5001F1DD0FFE71298B0F5800F6C
:1076000020D0FFE71298B0F5C00F23D0FFE7129803
:10761000B0F5000F1FD0FFE71298B0F5200F1BD078
:107620001BE044F22C41C5F60201086840F400302A
:10763000086016E018980830002106F045FB8DF828
:1076400057000EE018982830002106F025FC8DF830
:10765000570006E005E004E003E001208DF8570044
:10766000FFE79DF8570068B9FFE744F25841C5F6B7
:107670000201086820F46000189AD2F8A420104390
:10768000086004E09DF857008DF85600FFE7FFE71B
:10769000189840780007002856D5FFE71898D0F8CA
:1076A000A8001190C8B1FFE71198B0F1807F1DD0FC
:1076B000FFE71198B0F1007F20D0FFE71198B0F1FB
:1076C000407F23D0FFE71198B0F1806F1FD0FFE714
:1076D0001198B0F1A06F1BD01BE044F22C41C5F60D
:1076E0000201086840F40030086016E0189808307D
:1076F000002106F0E9FA8DF857000EE018982830BE
:10770000002106F0C9FB8DF8570006E005E004E013
:1077100003E001208DF85700FFE79DF8570068B996
:10772000FFE744F25841C5F60201086820F0E06026
:10773000189AD2F8A8201043086004E09DF857007A
:107740008DF85600FFE7FFE71898C07880070028FB
:107750003ED5FFE71898C06C1090F0B1FFE7109885
:10776000102808D0FFE7109820280DD0FFE71098C8
:10777000302811D012E044F22C41C5F6020108680D
:1077800040F4003008600DE018980830022106F03F
:107790009BFA8DF8570005E004E003E001208DF826
:1077A0005700FFE79DF8570060B9FFE744F24C41EE
:1077B000C5F60201086820F03000189AD26C104318
:1077C000086004E09DF857008DF85600FFE7FFE7DA
:1077D00018984078C00600284ED5FFE71898C06D6D
:1077E0000F90A0B1FFE70F98B0F5805F18D0FFE7CA
:1077F0000F98B0F5005F1BD0FFE70F98B0F5405F22
:107800001ED0FFE70F98B0F5804F1AD01AE044F26F
:107810002C41C5F60201086840F40030086015E00C
:1078200018980830002106F04FFA8DF857000DE047
:1078300018982830002106F02FFB8DF8570005E03E
:1078400004E003E001208DF85700FFE79DF85700A2
:1078500060B9FFE744F25041C5F60201086820F420
:10786000E040189AD26D1043086004E09DF857007C
:107870008DF85600FFE7FFE718984078800600284B
:107880004CD5FFE71898006E0E90C8B1FFE70E9830
:10789000B0F5803F15D0FFE70E98B0F5003F18D047
:1078A000FFE70E98B0F5403F1BD0FFE70E98B0F50C
:1078B000802F17D0FFE70E98B0F5A02F13D013E05C
:1078C00016E018980830012106F0FEF98DF85700EF
:1078D0000EE018982830012106F0DEFA8DF85700E6
:1078E00006E005E004E003E001208DF85700FFE723
:1078F0009DF8570060B9FFE744F25041C5F6020118
:10790000086820F4E020189A126E1043086004E022
:107910009DF857008DF85600FFE7FFE7189840786C
:10792000400600284ED5FFE71898D0F8AC000D901F
:10793000C8B1FFE70D98B0F1805F15D0FFE70D9853
:10794000B0F1005F18D0FFE70D98B0F1405F1BD099
:10795000FFE70D98B0F1804F17D0FFE70D98B0F119
:10796000A04F13D013E016E018980830012106F05C
:10797000ABF98DF857000EE018982830012106F079
:107980008BFA8DF8570006E005E004E003E00120E3
:107990008DF85700FFE79DF8570068B9FFE744F2FC
:1079A0005841C5F60201086820F0E040189AD2F864
:1079B000AC201043086004E09DF857008DF8560095
:1079C000FFE7FFE718984078000600283BD5FFE75F
:1079D0001898C06E0C90D8B1FFE70C98B0F1805F9A
:1079E00005D0FFE70C98B0F1005F09D011E044F238
:1079F0002C41C5F60201086840F4003008600CE034
:107A000018980830012106F05FF98DF8570004E05E
:107A100003E001208DF85700FFE79DF8570060B99B
:107A2000FFE744F25041C5F60201086820F04050DB
:107A3000189AD26E1043086004E09DF857008DF844
:107A40005600FFE7FFE71898C078C007002837D036
:107A5000FFE71898806C0B90032817D80B99DFE884
:107A600001F014020B1344F22C41C5F60201086820
:107A700040F4003008600DE018980830022106F04C
:107A800023F98DF8570005E004E003E001208DF8AC
:107A90005700FFE79DF8570060B9FFE744F24C41FB
:107AA000C5F60201086820F00300189A926C104392
:107AB000086004E09DF857008DF85600FFE7FFE7E7
:107AC000189880784006002840F1B480FFE744F61B
:107AD0000001C5F60201086840F480700860FFF7F5
:107AE0009FF81690FFE744F60000C5F60200006814
:107AF000C00500280CD4FFE7FFF792F81699401A4A
:107B0000652804D3FFE703208DF8570000E0EAE77B
:107B10009DF85700002840F08780FFE744F270404E
:107B2000C5F60200006800F440701899D1F8B01052
:107B300001F44071884213D0FFE744F27041C5F66A
:107B40000201086820F440701790086840F4803003
:107B50000860086820F48030086017980860FFE724
:107B60001898D0F8B000B0F5807F1FD1FFE7FFF77D
:107B700057F81690FFE744F27040C5F6020000681F
:107B800000F002010020B0EB510F0ED1FFE7FFF72C
:107B900047F81699401A41F28931884204D3FFE729
:107BA00003208DF8570000E0E5E7FFE79DF8570058
:107BB000A0BBFFE7FFE71898D0F8B00000F44070D2
:107BC000B0F5407F13D1FFE744F21041C5F6020142
:107BD000086820F47C50189AD2F8B0204FF6F04391
:107BE000C0F6FF731A4040EA1210086008E044F241
:107BF0001041C5F60201086820F47C500860FFE7D8
:107C00001898D0F8B0206FF31F3244F27041C5F6D7
:107C10000201086810430860FFE704E09DF8570080
:107C20008DF85600FFE704E09DF857008DF85600E8
:107C3000FFE7FFE718980068C007002800F04C80B5
:107C4000FFE71898806F0A9028282BD80A99DFE858
:107C500001F015292929292929291629292929291C
:107C600029291E2929292929292926292929292992
:107C700029292729292929292929280016E018989E
:107C80000830012106F020F88DF857000EE0189812
:107C90002830012106F000F98DF8570006E005E0D4
:107CA00004E003E001208DF85700FFE79DF857003E
:107CB00060B9FFE744F25441C5F60201086820F0BC
:107CC0003800189A926F1043086004E09DF857003E
:107CD0008DF85600FFE7FFE7189800788007002826
:107CE00039D5FFE71898406F0990052819D80999E8
:107CF000DFE801F003040C14151616E0189808309C
:107D0000012105F0E1FF8DF857000EE018982830AA
:107D1000012106F0C1F88DF8570006E005E004E007
:107D200003E001208DF85700FFE79DF8570060B988
:107D3000FFE744F25441C5F60201086820F007004D
:107D4000189A526F1043086004E09DF857008DF8B0
:107D50005600FFE7FFE718980078400700283BD55A
:107D6000FFE71898D0F890000890052819D80899CE
:107D7000DFE801F003040C14151616E0189808301B
:107D8000012105F0A1FF8DF857000EE0189828306A
:107D9000012106F081F88DF8570006E005E004E0C7
:107DA00003E001208DF85700FFE79DF8570068B900
:107DB000FFE744F25841C5F60201086820F00700C9
:107DC000189AD2F890201043086004E09DF85700FC
:107DD0008DF85600FFE7FFE7189800788006002826
:107DE0004ED5FFE71898D0F88C000790C8B1FFE790
:107DF0000798B0F1805F15D0FFE70798B0F1005FFA
:107E000018D0FFE70798B0F1405F1BD0FFE7079855
:107E1000B0F1804F17D0FFE70798B0F1A04F13D013
:107E200013E016E018980830002105F04DFF8DF89A
:107E300057000EE018982830022106F02DF88DF832
:107E4000570006E005E004E003E001208DF857004C
:107E5000FFE79DF8570068B9FFE744F25441C5F6C3
:107E60000201086820F0E040189AD2F88C201043F4
:107E7000086004E09DF857008DF85600FFE7FFE723
:107E800018980078400600284ED5FFE71898D0F8DB
:107E900098000690C8B1FFE70698B0F5806F15D03E
:107EA000FFE70698B0F5006F18D0FFE70698B0F529
:107EB000406F1BD0FFE70698B0F5805F17D0FFE753
:107EC0000698B0F5A05F13D013E016E018980830BC
:107ED000002105F0F9FE8DF857000EE018982830C3
:107EE000022105F0D9FF8DF8570006E005E004E017
:107EF00003E001208DF85700FFE79DF8570068B9AF
:107F0000FFE744F25841C5F60201086820F4E0504A
:107F1000189AD2F898201043086004E09DF85700A2
:107F20008DF85600FFE7FFE7189800780006002854
:107F30004ED5FFE71898D0F89C000590C8B1FFE730
:107F40000598B0F5005F15D0FFE70598B0F5804FB4
:107F500018D0FFE70598B0F5C04F1BD0FFE7059894
:107F6000B0F5004F17D0FFE70598B0F5204F13D0BC
:107F700013E016E018980830002105F0A5FE8DF8F2
:107F800057000EE018982830022105F085FF8DF883
:107F9000570006E005E004E003E001208DF85700FB
:107FA000FFE79DF8570068B9FFE744F25841C5F66E
:107FB0000201086820F46040189AD2F89C2010430F
:107FC000086004E09DF857008DF85600FFE7FFE7D2
:107FD000189800780007002820D5FFE71898D0F8F7
:107FE0008000B0F5805F0CD1FFE71898283002219F
:107FF00005F052FF20B1FFE701208DF85600FFE7A2
:10800000FFE744F25441C5F60201086820F44050ED
:10801000189AD2F8802010430860FFE7189800787B
:10802000C006002820D5FFE71898D0F89400B0F5D6
:10803000807F0CD1FFE718982830022105F02CFF33
:1080400020B1FFE701208DF85600FFE7FFE744F27B
:108050005841C5F60201086820F44070189AD2F819
:10806000942010430860FFE71898807800070028E4
:108070003CD5FFE71898D0F8A000049050B1FFE776
:108080000498B0F5803F0DD0FFE70498B0F5003FAD
:1080900010D010E018980830002105F015FE8DF87A
:1080A00057000CE018982830022105F0F5FE8DF8F5
:1080B000570004E003E001208DF85700FFE79DF82A
:1080C000570068B9FFE744F25841C5F60201086855
:1080D00020F44030189AD2F8A0201043086004E041
:1080E0009DF857008DF85600FFE7FFE71898807855
:1080F000400700283FD5FFE71898D0F88400039088
:10810000B0F5801F0AD0FFE70398B0F5001F0ED02E
:10811000FFE70398B0F5401F11D011E044F22C4165
:10812000C5F60201086840F4003008600CE01898B9
:108130002830012105F0B0FE8DF8570004E003E07F
:1081400001208DF85700FFE79DF8570068B9FFE759
:1081500044F25441C5F60201086820F44010189A10
:10816000D2F884201043086004E09DF857008DF891
:108170005600FFE7FFE718988078C007A8B3FFE72D
:108180001898006D029028B1FFE70298B0F5803F83
:1081900009D010E044F22C41C5F60201086840F411
:1081A000003008600BE018980830022105F08CFDC3
:1081B0008DF8570003E001208DF85700FFE79DF888
:1081C000570060B9FFE744F24C41C5F60201086868
:1081D00020F48030189A126D1043086004E09DF876
:1081E00057008DF85600FFE7FFE71898C078800623
:1081F00000280CD5FFE718982830022105F04CFE26
:1082000020B1FFE701208DF85600FFE7FFE718983F
:108210008078800700283AD5FFE71898C06F019052
:10822000D0B1FFE70198B0F5807F0AD0FFE7019851
:10823000B0F5007F0ED0FFE70198B0F5407F0AD07F
:108240000BE044F22C41C5F60201086840F400300E
:10825000086006E005E004E003E001208DF8570027
:10826000FFE79DF8570060B9FFE744F25441C5F6B7
:108270000201086820F44070189AD26F1043086019
:1082800004E09DF857008DF85600FFE7FFE71898C7
:108290008078C00600280CD5FFE744F25041C5F6AF
:1082A0000201086820F00040189A126F104308601D
:1082B000FFE718988078800600280CD5FFE744F285
:1082C0005041C5F60201086820F08070189A926E3D
:1082D00010430860FFE71898C0784006002811D5C1
:1082E000FFE7FFE744F21041C5F60201086820F4F9
:1082F000004008601898D0F8B4200868104308605F
:10830000FFE7FFE71898C078000600280CD5FFE7C4
:1083100044F24C41C5F60201086820F04050189A1A
:10832000526D10430860FFE7189880780006002817
:108330000DD5FFE744F25441C5F60201086820F468
:108340004000189AD2F8882010430860FFE7189878
:108350000079C00790B1FFE718980830002105F0B8
:10836000B3FC8DF857009DF8570008B9FFE704E00B
:108370009DF857008DF85600FFE7FFE71898007941
:108380008007002812D5FFE718980830012105F072
:108390009BFC8DF857009DF8570008B9FFE704E0F3
:1083A0009DF857008DF85600FFE7FFE71898007911
:1083B0004007002812D5FFE718980830022105F081
:1083C00083FC8DF857009DF8570008B9FFE704E0DB
:1083D0009DF857008DF85600FFE7FFE718980079E1
:1083E0000007002812D5FFE718982830002105F073
:1083F00053FD8DF857009DF8570008B9FFE704E0DA
:108400009DF857008DF85600FFE7FFE718980079B0
:10841000C006002812D5FFE718982830012105F082
:108420003BFD8DF857009DF8570008B9FFE704E0C1
:108430009DF857008DF85600FFE7FFE71898007980
:108440008006002812D5FFE718982830022105F091
:1084500023FD8DF857009DF8570008B9FFE704E0A9
:108460009DF857008DF85600FFE7FFE79DF856008E
:1084700020B9FFE700208DF8670003E001208DF8A8
:108480006700FFE79DF867001AB080BD000000009C
:1084900080B586B004900391049820B9FFE70120CD
:1084A0008DF817003CE2039842F20001C5F200216A
:1084B000096801F00F01884216D9FFE742F2000077
:1084C000C5F20020016821F00F01039A11430160F9
:1084D000006800F00F000399884204D0FFE70120F4
:1084E0008DF817001CE2FFE7049800784007002889
:1084F00019D5FFE70498006944F21841C5F6020156
:10850000096801F0700188420CD9FFE744F2184174
:10851000C5F60201086820F07000049A1269104341
:108520000860FFE7FFE7049800780007002819D5E6
:10853000FFE70498406944F21C41C5F6020109684E
:1085400001F0700188420CD9FFE744F21C41C5F6E6
:108550000201086820F07000049A52691043086014
:10856000FFE7FFE704980078C006002819D5FFE769
:108570000498806944F21C41C5F60201096801F4BF
:10858000E06188420CD9FFE744F21C41C5F60201C4
:10859000086820F4E060049A926910430860FFE7DD
:1085A000FFE7049800788006002819D5FFE70498B3
:1085B000C06944F22041C5F60201096801F070016A
:1085C00088420CD9FFE744F22041C5F60201086851
:1085D00020F07000049AD26910430860FFE7FFE7BB
:1085E000049800788007002819D5FFE70498C06830
:1085F00044F21841C5F60201096801F00F018842F2
:108600000CD9FFE744F21841C5F60201086820F0D2
:108610000F00049AD26810430860FFE7FFE7049850
:108620000078C007002800F08C80FFE744F2184172
:10863000C5F60201086820F47060049A926810433D
:10864000086004984068022811D1FFE744F2004016
:10865000C5F60200006800F400310020B0EB514F75
:1086600004D1FFE701208DF8170059E13EE004989E
:108670004068032811D1FFE744F20040C5F602002C
:10868000006800F000710020B0EB516F04D1FFE7EB
:1086900001208DF8170043E127E004984068012885
:1086A00011D1FFE744F20040C5F60200006800F473
:1086B00080710020B0EB112F04D1FFE701208DF86D
:1086C00017002DE110E044F20040C5F602000068FA
:1086D00000F004010020B0EB910F04D1FFE701206E
:1086E0008DF817001CE1FFE7FFE7FFE744F21041B8
:1086F000C5F60201086820F00700049A526810438A
:108700000860FEF78DFA0190FFE744F21040C5F6CD
:108710000200006800F0380004994968B0EBC10F0E
:108720000ED0FFE7FEF77CFA0199401A41F2893139
:10873000884204D3FFE703208DF81700F0E0E4E758
:10874000FFE7049800788007002819D5FFE7049810
:10875000C06844F21841C5F60201096801F00F0132
:1087600088420CD2FFE744F21841C5F602010868BE
:1087700020F00F00049AD26810430860FFE7FFE77B
:10878000039842F20001C5F20021096801F00F01CF
:10879000884216D2FFE742F20000C5F200200168CD
:1087A00021F00F01039A11430160006800F00F00EF
:1087B0000399884204D0FFE701208DF81700AFE04D
:1087C000FFE7049800784007002819D5FFE70498D0
:1087D000006944F21841C5F60201096801F0700110
:1087E00088420CD2FFE744F21841C5F6020108683E
:1087F00020F07000049A126910430860FFE7FFE759
:10880000049800780007002819D5FFE7049840690C
:1088100044F21C41C5F60201096801F0700188426A
:108820000CD2FFE744F21C41C5F60201086820F0B3
:108830007000049A526910430860FFE7FFE704984C
:108840000078C006002819D5FFE70498806944F233
:108850001C41C5F60201096801F4E06188420CD2AE
:10886000FFE744F21C41C5F60201086820F4E0600D
:10887000049A926910430860FFE7FFE704980078C4
:108880008006002819D5FFE70498C06944F220410A
:10889000C5F60201096801F0700188420CD2FFE7B9
:1088A00044F22041C5F60201086820F07000049AE5
:1088B000D26910430860FFE7FFE700F0CDF844F20B
:1088C0001842C5F602021168C1F3032343F2AC411A
:1088D000C0F60201CB5C03F01F03D8400090009863
:1088E000126802F00F02895C01F01F01C84040F2DB
:1088F0004801C2F200410860009840F24401C2F20F
:108900000041086040F26000C2F200400068FEF7DB
:10891000FBF98DF80B009DF80B008DF81700FFE7B1
:108920009DF8170006B080BD82B0019000910199BA
:108930003F20086044F21040C5F60200006800F0D5
:1089400007000199486044F21840C5F6020001682A
:1089500001F47061019A9160016801F00F01019AC0
:10896000D160006800F070000199086144F21C4079
:10897000C5F60200016801F07001019A51610068BA
:1089800000F4E0600199886144F22040C5F60200DD
:10899000006800F070000199C86142F20000C5F261
:1089A0000020006800F00F000099086002B07047D6
:1089B00080B582B000F050F844F21842C5F60202C9
:1089C0001168C1F3032343F2AC41C0F60201CB5C52
:1089D00003F01F03D84001900198126802F00F02C3
:1089E000895C01F01F0120FA01F140F24800C2F257
:1089F00000400160019940F24402C2F2004211605D
:108A0000006802B080BD000080B5FFF7D1FF44F2DE
:108A10001C41C5F602010968C1F3021243F2AC41E0
:108A2000C0F60201895C01F01F01C84080BD000052
:108A300080B5FFF7BDFF44F21C41C5F6020109688D
:108A4000C1F3022243F2AC41C0F60201895C01F09D
:108A50001F01C84080BD00008AB044F21040C5F636
:108A60000200006800F0380001460191182800F269
:108A700069810199DFE811F019006601660166015C
:108A800066016601660166013A00660166016601DB
:108A900066016601660166014000660166016601C5
:108AA0006601660166016601460044F20040C5F6B3
:108AB0000200006800F020010020B0EB511F0ED032
:108AC000FFE744F20040C5F602000068C0F3C101B0
:108AD00049F20000C0F2D030C840029005E049F2EF
:108AE0000000C0F2D0300290FFE731E140F6001004
:108AF000C0F23D0002902BE143F20060C0F26E1024
:108B0000029025E144F22840C5F60200016801F018
:108B1000030108910068C0F30510079044F22C404F
:108B2000C5F60200006800F001000690069844F2C5
:108B30003441C5F60201096889B2C908484300EE0C
:108B4000100AB8EE400A8DED040A0798002800F0DC
:108B5000F580FFE70898009048B1FFE700980128EA
:108B600069D0FFE70098022800F08980ABE044F26A
:108B70000040C5F60200006800F020010020B0EBC4
:108B8000511F33D0FFE744F20040C5F602000068F1
:108B9000C0F3C10149F20000C0F2D030C8400590D6
:108BA0009DED050AB8EE400A9DED071AB8EE411A90
:108BB00080EE010A44F23040C5F6020000686FF30F
:108BC0005F2001EE100AB8EE411A9DED042A9FEDD8
:108BD000633A82EE032A31EE021AB7EE002A31EE32
:108BE000021A20EE010A8DED030A23E09DED070A2B
:108BF000B8EE401A9FED5B0A80EE010A44F2304065
:108C0000C5F6020000686FF35F2001EE100AB8EEAF
:108C1000411A9DED042A9FED513A82EE032A31EE6E
:108C2000021AB7EE002A31EE021A20EE010A8DED8B
:108C3000030AFFE76BE09DED070AB8EE401A9FEDCF
:108C4000480A80EE010A44F23040C5F6020000688E
:108C50006FF35F2001EE100AB8EE411A9DED042A71
:108C60009FED3E3A82EE032A31EE021AB7EE002A59
:108C700031EE021A20EE010A8DED030A47E09DED68
:108C8000070AB8EE401A9FED340A80EE010A44F25A
:108C90003040C5F6020000686FF35F2001EE100A55
:108CA000B8EE411A9DED042A9FED2C3A82EE032A7C
:108CB00031EE021AB7EE002A31EE021A20EE010A56
:108CC0008DED030A23E09DED070AB8EE401A9FEDF3
:108CD000240A80EE010A44F23040C5F60200006822
:108CE0006FF35F2001EE100AB8EE411A9DED042AE1
:108CF0009FED1A3A82EE032A31EE021AB7EE002AED
:108D000031EE021A20EE010A8DED030AFFE744F26C
:108D10003040C5F60200006881B2012000EB51200E
:108D200009909DED030A9DED091AB8EE411A80EEF7
:108D3000010ABCEEC00A8DED020A02E0002002909A
:108D4000FFE705E040F60010C0F23D000290FFE7AB
:108D500002980AB0704700BF001BB74B00000046E6
:108D60000024744A0024744C80B58CB00A900A9890
:108D700028B9FFE701208DF82F0000F001BD0A9807
:108D80000078C007002800F0B980FFE744F21040E7
:108D9000C5F60200006800F03800069044F2284052
:108DA000C5F6020000680590069810280AD0FFE773
:108DB000069818281CD1FFE7059800F00300022848
:108DC00016D1FFE744F20040C5F60200006800F447
:108DD00000310020B0EB514F09D0FFE70A984068FE
:108DE00028B9FFE701208DF82F0000F0C9BC84E00E
:108DF000FFE70A984068B0F5803F09D1FFE744F2E9
:108E00000041C5F60201086840F48030086032E095
:108E10000A98406868B9FFE744F20041C5F60201CC
:108E2000086820F480300860086820F4802008601A
:108E300020E00A984068B0F5A02F0DD1FFE744F27A
:108E40000041C5F60201086840F480200860086807
:108E500040F4803008600CE044F20041C5F60201A5
:108E6000086820F480300860086820F480200860DA
:108E7000FFE7FFE7FFE7FFE70A984068F0B1FFE789
:108E8000FDF7CEFE0990FFE744F20040C5F6020070
:108E9000006800F400310020B0EB514F0DD1FFE726
:108EA000FDF7BEFE0999401A652805D3FFE70320A8
:108EB0008DF82F0000F064BCE6E71DE0FDF7B0FE82
:108EC0000990FFE744F20040C5F60200006800F494
:108ED00000310020B0EB514F0DD0FFE7FDF7A0FEB1
:108EE0000999401A652805D3FFE703208DF82F0064
:108EF00000F046BCE6E7FFE7FFE7FFE70A980078E7
:108F00008007002840F1C580FFE744F21040C5F615
:108F10000200006800F03800049044F22840C5F6D2
:108F2000020000680390049850B1FFE704981828E5
:108F300050D1FFE79DF80C00800700284AD1FFE7D9
:108F400044F20040C5F60200006800F00401002071
:108F5000B0EB910F09D0FFE70A98C06828B9FFE786
:108F600001208DF82F0000F00BBC44F20041C5F643
:108F70000201086820F019000A9AD26810430860BC
:108F8000FDF74EFE0990FFE744F20040C5F60200EF
:108F9000006800F004010020B0EB910F0CD1FFE756
:108FA000FDF73EFE0999401A032804D3FFE703208A
:108FB0008DF82F00E4E3E7E744F20441C5F602012F
:108FC000086820F0FE400A9A126940EA02600860D0
:108FD000FFE75DE00A98C068A0B3FFE744F20041F4
:108FE000C5F60201086820F019000A9AD2681043F9
:108FF0000860FDF715FE0990FFE744F20040C5F652
:109000000200006800F004010020B0EB910F0CD1C9
:10901000FFE7FDF705FE0999401A032804D3FFE78F
:1090200003208DF82F00ABE3E7E744F20441C5F6D7
:109030000201086820F0FE400A9A126940EA0260C4
:10904000086024E044F20041C5F60201086820F0FF
:1090500001000860FDF7E4FD0990FFE744F20040DD
:10906000C5F60200006800F004010020B0EB910F8B
:109070000CD0FFE7FDF7D4FD0999401A032804D36B
:10908000FFE703208DF82F007AE3E7E7FFE7FFE72C
:10909000FFE70A980078C006002840F1A080FFE7AB
:1090A00044F21040C5F60200006800F0380002905B
:1090B00044F22840C5F60200006801900298082892
:1090C0000AD0FFE7029818282BD1FFE7019800F09B
:1090D0000300012825D1FFE744F20040C5F6020055
:1090E000006800F480710020B0EB112F09D0FFE779
:1090F0000A98C069802804D0FFE701208DF82F006E
:109100003EE3FFE744F20C41C5F60201086820F097
:109110007C500A9A126A40EA02600860FFE7FFE7A3
:109120005CE00A98C06998B3FFE744F20041C5F6D5
:109130000201086840F080000860FDF771FD0990A9
:10914000FFE744F20040C5F60200006800F48071B9
:109150000020B0EB112F0CD1FFE7FDF761FD09995D
:10916000401A032804D3FFE703208DF82F0007E3FC
:10917000E7E7FFE744F20C41C5F60201086820F07A
:109180007C500A9A126A40EA02600860FFE724E015
:1091900044F20041C5F60201086820F08000086032
:1091A000FDF73EFD0990FFE744F20040C5F60200DE
:1091B000006800F480710020B0EB112F0CD0FFE7A5
:1091C000FDF72EFD0999401A032804D3FFE7032079
:1091D0008DF82F00D4E2E7E7FFE7FFE7FFE70A9803
:1091E0000078000700284FD5FFE70A98406928B3A8
:1091F000FFE744F27441C5F60201086840F001003F
:109200000860FDF70DFD0990FFE744F27440C5F6D4
:109210000200006800F002010020B0EB510F0CD1F9
:10922000FFE7FDF7FDFC0999401A032804D3FFE787
:1092300003208DF82F00A3E2E7E724E044F2744115
:10924000C5F60201086820F001000860FDF7E8FC9F
:109250000990FFE744F27440C5F60200006800F090
:1092600002010020B0EB510F0CD0FFE7FDF7D8FC56
:109270000999401A032804D3FFE703208DF82F0033
:109280007EE2E7E7FFE7FFE70A980078800600281C
:109290004FD5FFE70A98806928B3FFE744F2004101
:1092A000C5F60201086840F480500860FDF7B8FC7C
:1092B0000990FFE744F20040C5F60200006800F4A0
:1092C00000510020B0EB513F0CD1FFE7FDF7A8FCA7
:1092D0000999401A032804D3FFE703208DF82F00D3
:1092E0004EE2E7E724E044F20041C5F602010868D7
:1092F00020F480500860FDF793FC0990FFE744F2EA
:109300000040C5F60200006800F400510020B0EBF8
:10931000513F0CD0FFE7FDF783FC0999401A032861
:1093200004D3FFE703208DF82F0029E2E7E7FFE7EA
:10933000FFE70A9800784007002840F1A780FFE780
:1093400044F60001C5F60201086840F48070086028
:10935000FDF766FC0990FFE744F60000C5F6020041
:109360000068C00500280CD4FFE7FDF759FC0999F7
:10937000401A652804D3FFE703208DF82F00FFE192
:10938000EAE7FFE70A988068012809D1FFE744F27D
:109390007041C5F60201086840F00100086031E044
:1093A0000A98806868B9FFE744F27041C5F6020187
:1093B000086820F001000860086820F004000860D8
:1093C0001FE00A98806805280DD1FFE744F270413C
:1093D000C5F60201086840F004000860086840F023
:1093E000010008600CE044F27041C5F60201086813
:1093F00020F001000860086820F004000860FFE722
:10940000FFE7FFE7FFE70A988068F8B1FFE7FDF79D
:1094100007FC0990FFE744F27040C5F602000068BF
:1094200000F002010020B0EB510F0ED1FFE7FDF775
:10943000F7FB0999401A41F28931884204D3FFE7CA
:1094400003208DF82F009BE1E5E71EE0FDF7E8FB28
:109450000990FFE744F27040C5F60200006800F092
:1094600002010020B0EB510F0ED0FFE7FDF7D8FB53
:109470000999401A41F28931884204D3FFE7032059
:109480008DF82F007CE1E5E7FFE7FFE70A98406AE7
:10949000002800F07181FFE744F21040C5F6020099
:1094A000006800F03800182800F0E080FFE70A9814
:1094B000406A022840F0B480FFE744F20041C5F65C
:1094C0000201086820F080700860FDF7A9FB099090
:1094D000FFE744F20040C5F60200006800F00071AA
:1094E0000020B0EB516F0CD0FFE7FDF799FB099915
:1094F000401A032804D3FFE703208DF82F003FE133
:10950000E7E7FFE744F22841C5F60201086840F2A8
:10951000F33290430A9B9A6ADB6A42EA03121043D1
:1095200008600A99086BD1F834C08B6BCA6B01389C
:109530006FF35F204FF60061CFF6FF7101EB4C2116
:1095400089B208440021CFF6FF7101EB034101F419
:10955000FE0108444FF07F4101EB026101F0FE4142
:10956000084444F23041C5F602010860FFE744F2C6
:109570002C41C5F602010091086820F00100086046
:1095800044F23442C5F6020210684FF6F87398436D
:109590000A9B9B6C40EAC3001060086820F00C0036
:1095A0000A9A126C10430860086820F002000A9AB8
:1095B000526C10430860086840F480300860086806
:1095C00040F400300860086840F4802008600868B3
:1095D00040F00100086044F20041C5F6020108684D
:1095E00040F080700860FDF71BFB0990FFE744F234
:1095F0000040C5F60200006800F000710020B0EBEA
:10960000516F0CD1FFE7FDF70BFB0999401A0328B6
:1096100004D3FFE703208DF82F00B1E0E7E724E053
:1096200044F20041C5F60201086820F0807008602D
:10963000FDF7F6FA0990FFE744F20040C5F6020094
:10964000006800F000710020B0EB516F0CD0FFE714
:10965000FDF7E6FA0999401A032804D3FFE703202F
:109660008DF82F008CE0E7E7FFE784E044F2284024
:10967000C5F602000068089044F23040C5F60200CA
:10968000006807900A98406A012837D0FFE70898D9
:1096900000F003000A99896A88422FD1FFE70898F1
:1096A00000F47C710A98C06AB0EB111F26D1FFE765
:1096B00007986FF35F200A99096B013988421DD121
:1096C000FFE7BDF81C100A98406B0138B0EB512F32
:1096D00014D1FFE7079800F4FE010A98806B013867
:1096E000B0EB114F0AD1FFE7079800F0FE410A984E
:1096F000C06B0138B0EB116F04D0FFE701208DF88B
:109700002F003DE044F23440C5F60200006880B20C
:10971000C00808900A98806C0899884229D0FFE711
:1097200044F22C41C5F60201086820F001000860EF
:10973000FDF776FA0990FFE7FDF772FA0999401AEA
:1097400008B9FFE7F8E744F23441C5F602010868BA
:109750004FF6F87290430A9A926C40EAC200086091
:1097600044F22C41C5F60201086840F0010008608F
:10977000FFE7FFE7FFE7FFE700208DF82F00FFE797
:109780009DF82F000CB080BD80B586B00490039189
:1097900002920193049820B9FFE701208DF8170089
:1097A00056E00498D0F8880040B9FFE704990020FB
:1097B00081F88400049801F0F3FFFFE70499242066
:1097C000C1F8880004980168086820F0010008606A
:1097D0000498806A20B1FFE7049806F0F9F8FFE7E3
:1097E000049806F0C9FB012804D1FFE701208DF899
:1097F00017002DE004980168886840F48040886074
:1098000004980068806820F4004003990843049994
:10981000096888600298400500900199009840EA24
:10982000014000900498006800686FF319400099A7
:10983000084304990968086004980168086840F0C2
:1098400001000860049806F067F98DF81700FFE73B
:109850009DF8170006B080BD80B586B004900498CE
:1098600020B9FFE701208DF817003AE10498406A1B
:1098700008B9FFE7FFE704990020886204980068B0
:1098800043F20001C4F2010188421BD0FFE70498B3
:10989000006843F60001C4F20001884212D0FFE7DD
:1098A0000498006843F60041C4F20001884209D0E0
:1098B000FFE70498C068102804D3FFE701208DF863
:1098C00017000EE1049805F017F80290049800685C
:1098D00043F20001C4F20101884216D0FFE7049868
:1098E000006843F60001C4F2000188420DD0FFE792
:1098F0000498006843F60041C4F20001884204D095
:10990000FFE7029808281FD8FFE70498006843F291
:109910000001C4F20101884212D0FFE704980068F8
:1099200043F60001C4F20001884209D0FFE7049821
:10993000006843F60041C4F20001884208D1FFE705
:109940000298112804D3FFE701208DF81700C8E022
:10995000049890F8810040B9FFE70499002081F84D
:109960008000049800F0C4F8FFE70499022081F811
:10997000810004980168086820F0010008600498DC
:109980000068806800F4F810039004988069B0F1D2
:10999000806F1BD1FFE704984068B0F5800F04D1B9
:1099A000FFE70498806B50B1FFE70498406868B9FE
:1099B000FFE70498806BB0F1805F07D1FFE7049860
:1099C0000168086840F480500860FFE704988079D7
:1099D0004006002810D5FFE70498C06807280BD37D
:1099E000FFE704980068006820F48070049A11680A
:1099F000126D1043086006E004980168086820F4BE
:109A000080700860FFE7049B1968DA68D869D3F8AA
:109A100028C040EA0C00DDF80CC040EA0C00DB6B0B
:109A2000184310438860049A0192506B516A0843AE
:109A3000916B0843916908431168D2F804C0936898
:109A4000D2F810E040EA0E00D2F814E040EA0E002E
:109A5000D2F820E040EA0E0040EA0C00D2F84CC0F8
:109A600040EA0C001843936C1843926D1043C86091
:109A70000498406898B9FFE704980068806801215D
:109A800061F3CC20049909688860049800688068B4
:109A9000022161F34A20049909688860FFE704986D
:109AA0000168086D20F0010008650498807940067F
:109AB00000280BD5FFE704980068C06820F000403C
:109AC000049A1168526D1043C860FFE704990020A2
:109AD000C1F88400049A012182F881108DF81700E2
:109AE000FFE79DF8170006B080BD000000000000F1
:109AF00080B5B6B0359000203490339032903190DC
:109B0000309002A8B821F6F7A3FD3598006841F21D
:109B10000041C5F6000188423FD1FFE700200390D5
:109B20004FF4804002904FF0A0402D9002A8FDF726
:109B3000B7FC18B1FFE7F7F79BFFFFE7FFE744F239
:109B4000F440C5F60200016841F0200101600068A0
:109B500000F0200001900198FFE7FFE744F2E040A9
:109B6000C5F60200016841F001010160006800F0E3
:109B7000010000900098FFE7A02030900220319073
:109B80000020329003203390082034900020C5F646
:109B9000020030A9FCF758FEFFE736B080BD000098
:109BA00080B588B006900591ADF812200393069811
:109BB000006820300290FDF733F80190069890F885
:109BC0008100012804D0FFE702208DF81F00D5E1B5
:109BD000059820B1FFE7BDF8120020B9FFE701208A
:109BE0008DF81F00CAE1FFE7069890F88000012871
:109BF00004D1FFE702208DF81F00BFE10699012084
:109C000081F88000FFE7FFE70699032081F88100D3
:109C100006990020C1F884000599069AD165BDF81F
:109C20001210069AA2F86010BDF81210069AA2F857
:109C30006210069948660699A1F868000699A1F88D
:109C40006A00069948670699086706988068B0F523
:109C5000C02F07D1FFE706980168086840F400604C
:109C6000086009E006980068C068012161F352406D
:109C700006990968C860FFE70698006840684FF6D3
:109C8000FF718843BDF812100844069909684860BE
:109C900006980168086840F001000860069840686E
:109CA000B0F5800F07D1FFE706980168086840F417
:109CB00000700860FFE70698C068102848D3FFE7E7
:109CC000FFE70698B0F86200002840D0FFE706984A
:109CD000006840698007002810D5FFE706980168F2
:109CE000C06D006808620699C86D0430C8650699A1
:109CF000B1F862000138A1F8620027E0FCF790FF9C
:109D00000199401A0399884204D3FFE70398013070
:109D100018B9FFE70398C0B9FFE7069804F060FDA3
:109D20000699D1F8840040F48070C1F88400069947
:109D3000012081F88100FFE70699002081F880006A
:109D4000FFE703208DF81F0018E1FFE7B9E7E8E01F
:109D50000698C068082863D3FFE7FFE70698B0F8C5
:109D6000620000285BD0FFE7069800684069800722
:109D700000282BD5FFE70698B0F86200022814D31C
:109D8000FFE70698C06B80B1FFE706980168C06DD9
:109D9000006808620699C86D0430C8650699B1F874
:109DA00062000238A1F862000FE00698C06D0088DA
:109DB000029908800699C86D0230C8650699B1F805
:109DC00062000138A1F86200FFE727E0FCF728FFF6
:109DD0000199401A0399884204D3FFE703980130A0
:109DE00018B9FFE70398C0B9FFE7069804F0F8FC3C
:109DF0000699D1F8840040F48070C1F88400069977
:109E0000012081F88100FFE70699002081F8800099
:109E1000FFE703208DF81F00B0E0FFE79EE77FE03B
:109E2000FFE70698B0F86200002878D0FFE70698B0
:109E3000006840698007002848D5FFE70698B0F819
:109E40006200042815D3FFE70698C06B412810D3A1
:109E5000FFE706980168C06D006808620699C86D42
:109E60000430C8650699B1F862000438A1F86200B0
:109E70002BE00698B0F86200022814D3FFE706989A
:109E8000C06B80B1FFE70698C06D0088029908801A
:109E90000699C86D0230C8650699B1F862000238AB
:109EA000A1F8620010E006980168C06D007881F8A2
:109EB00020000699C86D0130C8650699B1F86200A6
:109EC0000138A1F86200FFE7FFE727E0FCF7A8FEF2
:109ED0000199401A0399884204D3FFE7039801309F
:109EE00018B9FFE70398C0B9FFE7069804F078FCBB
:109EF0000699D1F8840040F48070C1F88400069976
:109F0000012081F88100FFE70699002081F8800098
:109F1000FFE703208DF81F0030E0FFE781E7FFE750
:109F2000FFE70698039B01996A4611600821002209
:109F300004F0FAFC40B1FFE70699D1F8840040F044
:109F40002000C1F88400FFE7069804F049FC069958
:109F5000012081F88100FFE70699002081F8800048
:109F6000FFE70698D0F8840020B1FFE701208DF8C4
:109F70001F0003E000208DF81F00FFE79DF81F0081
:109F800008B080BD0000000082B00190009140F256
:109F90000441C5F600010868019A9043009A1043F5
:109FA000086002B07047000081B0009001B07047B7
:109FB00081B0009001B0704781B0009001B070474F
:109FC00084B00290019100200090FFE7029890F881
:109FD0003C00012804D1FFE702208DF80F0082E049
:109FE0000299012081F83C00FFE7FFE7009820F08C
:109FF000FF000199C96808430090009820F4407060
:10A000000199896808430090009820F480600199C4
:10A01000496808430090009820F40060019909689D
:10A0200008430090009820F4805001990969084382
:10A030000090009820F4005001994969084300906D
:10A04000009820F480400199096B08430090009823
:10A0500020F470200199896940EA0140009000983D
:10A0600020F080500199C969084300900298006867
:10A070000021C4F20101884209D0FFE7029800687C
:10A0800040F20041C4F2010188421ED1FFE700986E
:10A0900020F470000199896A40EA0150009000980C
:10A0A00020F080700199096A08430090009820F020
:10A0B00000700199496A08430090009820F0005010
:10A0C0000199C96A08430090FFE70098029909685E
:10A0D0004864FFE70299002081F83C00FFE7002078
:10A0E0008DF80F00FFE79DF80F0004B070470000E7
:10A0F00085B003900291FFE7039890F83C00012897
:10A1000004D1FFE702208DF81300ABE00399012092
:10A1100081F83C00FFE7FFE70399022081F83D004A
:10A120000398006840680190039800688068009078
:10A13000039800680021C4F20101884209D0FFE7BA
:10A140000398006840F20041C4F2010188420AD13C
:10A15000FFE7019820F4700001900298416801988F
:10A1600008430190FFE7019820F0700001900298E9
:10A1700001680198084301900198039909684860B3
:10A18000039800680021C4F2010188424ED0FFE725
:10A1900003980068B0F1804F48D0FFE7039800684B
:10A1A00040F20041C4F2000188423FD0FFE703982B
:10A1B000006840F60001C4F20001884236D0FFE793
:10A1C0000398006840F60041C4F2000188422DD097
:10A1D000FFE70398006840F20041C4F201018842A1
:10A1E00024D0FFE70398006841F60001C4F20001A3
:10A1F00088421BD0FFE70398006844F20001C4F2D4
:10A200000101884212D0FFE7039800684EF2000176
:10A21000C4F20001884209D0FFE7039800684EF2BB
:10A220000041C4F2000188420ED1FFE7009820F0FF
:10A230008000009002988168009808430090009880
:10A24000039909688860FFE70399012081F83D00C0
:10A25000FFE70399002081F83C00FFE700208DF81C
:10A260001300FFE79DF8130005B0704700000000E1
:10A2700080B582B00090009820B9FFE701208DF8EA
:10A28000070045E0009890F83D0040B9FFE70099CD
:10A29000002081F83C00009800F03EF8FFE70099AC
:10A2A000022081F83D00009951F8040B04F0FCFEF7
:10A2B0000099012081F84800FFE70099012081F80A
:10A2C0003E00009981F83F00009981F84000009914
:10A2D00081F84100009981F84200009981F843001B
:10A2E000FFE7FFE70099012081F84400009981F819
:10A2F0004500009981F84600009981F84700FFE782
:10A300000099012081F83D0000208DF80700FFE74B
:10A310009DF8070002B080BD81B0009001B0704789
:10A3200083B00190019890F83D00012804D0FFE728
:10A3300001208DF80B0083E00199022081F83D0097
:10A3400001980168C86840F00100C8600198006881
:10A350000021C4F2010188424ED0FFE70198006855
:10A36000B0F1804F48D0FFE70198006840F200410B
:10A37000C4F2000188423FD0FFE70198006840F630
:10A380000001C4F20001884236D0FFE7019800685E
:10A3900040F60041C4F2000188422DD0FFE7019849
:10A3A000006840F20041C4F20101884224D0FFE776
:10A3B0000198006841F60001C4F2000188421BD0F8
:10A3C000FFE70198006844F20001C4F201018842ED
:10A3D00012D0FFE7019800684EF20001C4F20001BC
:10A3E000884209D0FFE7019800684EF20041C4F2AC
:10A3F0000001884219D1FFE70198006880680721B1
:10A40000C0F2010108400090009806280CD0FFE738
:10A410000098B0F5803F07D0FFE701980168086811
:10A4200040F001000860FFE706E001980168086855
:10A4300040F001000860FFE700208DF80B00FFE707
:10A440009DF80B0003B0704781B0009001B07047D9
:10A4500080B584B0039003980068C06802900398A8
:10A460000068006901909DF804008007002824D549
:10A47000FFE79DF80800800700281DD5FFE7039837
:10A4800001686FF0020008610399012008770398C2
:10A4900000688069800720B1FFE70398FFF7D4FFC9
:10A4A00006E0039800F058F9039800F0BDFAFFE7C2
:10A4B000039900200877FFE7FFE79DF804004007B5
:10A4C000002825D5FFE79DF80800400700281ED585
:10A4D000FFE7039801686FF0040008610399022008
:10A4E000087703980068806910F4407F04D0FFE784
:10A4F0000398FFF7A9FF06E0039800F02DF90398F1
:10A5000000F092FAFFE7039900200877FFE7FFE7E2
:10A510009DF804000007002824D5FFE79DF80800F7
:10A52000000700281DD5FFE7039801686FF00800B9
:10A53000086103990420087703980068C0698007C0
:10A5400020B1FFE70398FFF77FFF06E0039800F0D4
:10A5500003F9039800F068FAFFE7039900200877F1
:10A56000FFE7FFE79DF80400C006002825D5FFE7B8
:10A570009DF80800C00600281ED5FFE70398016873
:10A580006FF01000086103990820087703980068AD
:10A59000C06910F4407F04D0FFE70398FFF754FF31
:10A5A00006E0039800F0D8F8039800F03DFAFFE7C2
:10A5B000039900200877FFE7FFE79DF80400C00734
:10A5C00078B1FFE79DF80800C00748B1FFE703989E
:10A5D00001686FF001000861039800F029FAFFE7B5
:10A5E000FFE7019800F08000802806D0FFE79DF883
:10A5F00005008006002810D5FFE79DF8080000063A
:10A60000002809D5FFE7039801686FF4025008613C
:10A610000398FFF7CDFCFFE7FFE79DF80500C007B3
:10A6200080B1FFE79DF808000006002809D5FFE784
:10A63000039801686FF4807008610398FFF7B4FC19
:10A64000FFE7FFE79DF804004006002810D5FFE76C
:10A650009DF808004006002809D5FFE70398016827
:10A660006FF040000861039800F0F2F9FFE7FFE7A0
:10A670009DF804008006002810D5FFE79DF808002B
:10A680008006002809D5FFE7039801686FF02000D5
:10A6900008610398FFF790FCFFE7FFE704B080BD77
:10A6A00080B588B007900020069005900490039034
:10A6B0000290079800680021C4F20101884221D16C
:10A6C000FFE7FFE744F2E040C5F60200016841F011
:10A6D00010010160006800F0100001900198FFE790
:10A6E0004FF408500290022003900020049005903F
:10A6F0000120069041F20000C5F6020002A9FCF715
:10A70000A3F827E00798006840F20041C4F2000176
:10A7100088421ED1FFE7FFE744F2E040C5F60200A1
:10A72000016841F002010160006800F00200009041
:10A730000098FFE702200290039000210491059108
:10A74000069040F20040C5F6020002A9FCF77CF832
:10A75000FFE7FFE708B080BD81B0009001B070470F
:10A7600080B586B004900391029200208DF8070016
:10A77000FFE7049890F83C00012804D1FFE702208D
:10A780008DF81700C0E00499012081F83C00FFE734
:10A79000FFE702980090142800F2A7800099DFE8F4
:10A7A00001F00BA4A4A424A4A4A43EA4A4A457A48C
:10A7B000A4A471A4A4A48A0004980068039904F0D6
:10A7C00057FD04980168886940F008008861049882
:10A7D0000168886920F00400886103980269049880
:10A7E000016888691043886183E0049800680399D0
:10A7F00004F0E6FD04980168886940F4006088610F
:10A8000004980168886920F480608861039802696F
:10A8100004980168886940EA0220886169E0049828
:10A820000068039904F084FE04980168C86940F048
:10A830000800C86104980168C86920F00400C86174
:10A840000398026904980168C8691043C86150E020
:10A8500004980068039904F023FF04980168C8690C
:10A8600040F40060C86104980168C86920F4806001
:10A87000C8610398026904980168C86940EA022027
:10A88000C86136E004980068039904F079FF0498E1
:10A890000168486D40F00800486504980168486DFB
:10A8A00020F0040048650398026904980168486D27
:10A8B000104348651DE004980068039904F0C8FF40
:10A8C00004980168486D40F4006048650498016888
:10A8D000486D20F480604865039802690498016817
:10A8E000486D40EA0220486503E001208DF807002A
:10A8F000FFE7FFE70499002081F83C00FFE79DF89F
:10A9000007008DF81700FFE79DF8170006B080BD1F
:10A9100080B582B00090009820B9FFE701208DF843
:10A92000070045E0009890F83D0040B9FFE7009926
:10A93000002081F83C00009800F03EF8FFE7009905
:10A94000022081F83D00009951F8040B04F0ACFBA3
:10A950000099012081F84800FFE70099012081F863
:10A960003E00009981F83F00009981F8400000996D
:10A9700081F84100009981F84200009981F8430074
:10A98000FFE7FFE70099012081F84400009981F872
:10A990004500009981F84600009981F84700FFE7DB
:10A9A0000099012081F83D0000208DF80700FFE7A5
:10A9B0009DF8070002B080BD83B002900298006845
:10A9C0000021C4F20101884210D1FFE7FFE744F201
:10A9D000F040C5F60200016841F001010160006825
:10A9E00000F0010001900198FFE719E0029800686B
:10A9F00040F20041C4F20001884210D1FFE7FFE7B6
:10AA000044F2E840C5F60200016841F0020101602D
:10AA1000006800F0020000900098FFE7FFE7FFE702
:10AA200003B070470000000081B0009001B0704793
:10AA300080B582B0019001980068B0F1804F03D1D9
:10AA4000FFE7FCF711F9FFE702B080BD000000004E
:10AA500081B0009001B0704783B00190FFE701988A
:10AA600090F88400012804D1FFE702208DF80B0044
:10AA70002CE00199012081F88400FFE7FFE70199AC
:10AA80002420C1F8880001980068006800900198AF
:10AA90000168086820F001000860009820F000506C
:10AAA00000900199002048660098019909680860A3
:10AAB00001992020C1F88800FFE70199002081F862
:10AAC0008400FFE700208DF80B00FFE79DF80B00E6
:10AAD00003B070470000000080B586B00490039179
:10AAE000ADF80A200498D0F88C00202844D1FFE764
:10AAF000039820B1FFE7BDF80A0020B9FFE7012065
:10AB00008DF817003CE004990120C86604990020E4
:10AB1000086704980399BDF80A2005F055FF8DF8E1
:10AB200009009DF8090010BBFFE70498C06E0128DA
:10AB300018D1FFE70498016810200862FFE7FFE7DB
:10AB40000498006850E8000F40F010000190FFE703
:10AB500001990498026842E800100028F0D1FFE74C
:10AB6000FFE703E001208DF80900FFE7FFE79DF80C
:10AB700009008DF8170003E002208DF81700FFE7A9
:10AB80009DF8170006B080BD80B584B00390ADF885
:10AB90000A1042F60430C2F20040006890B1FFE7AC
:10ABA0000398006842F60431C2F20041096809685E
:10ABB000884207D1FFE7BDF80A0003F0C1FD03F0AA
:10ABC0007BFC53E000208DF80900FFE79DF80900A9
:10ABD00042F25051C2F200410978884245DAFFE75B
:10ABE00003989DF8092042F65831C2F2004151F80D
:10ABF00022100968884231D1FFE79DF8091042F61A
:10AC00005830C2F2004050F82100D0F80801B8B125
:10AC1000FFE79DF8091042F65830C2F2004001905B
:10AC200050F82100D0F80801804701989DF80910DC
:10AC300050F821000630BDF80A10F5F7E7FCFFE7F1
:10AC40009DF8091042F65830C2F2004050F8212019
:10AC50001068911D9288FFF73FFF07E0FFE79DF81E
:10AC6000090001308DF80900B0E7FFE704B080BDAE
:10AC700081B0009001B0704780B584B0029001911E
:10AC8000FFE7029890F88400012804D1FFE7022032
:10AC90008DF80F0032E00299012081F88400FFE76F
:10ACA000FFE702992420C1F8880002980068006834
:10ACB000009002980168086820F00100086002987E
:10ACC0000068806820F06060019908430299096873
:10ACD0008860029804F038FE0098029909680860BC
:10ACE00002992020C1F88800FFE70299002081F82E
:10ACF0008400FFE700208DF80F00FFE79DF80F00AC
:10AD000004B080BD0000000080B584B002900191C5
:10AD1000FFE7029890F88400012804D1FFE70220A1
:10AD20008DF80F0032E00299012081F88400FFE7DE
:10AD3000FFE702992420C1F88800029800680068A3
:10AD4000009002980168086820F0010008600298ED
:10AD50000068806820F06040019908430299096802
:10AD60008860029804F0F0FD009802990968086074
:10AD700002992020C1F88800FFE70299002081F89D
:10AD80008400FFE700208DF80F00FFE79DF80F001B
:10AD900004B080BD0000000081B0009001B0704799
:10ADA00081B0009001B0704780B586B00490FFE795
:10ADB000FFE70498006850E8000F20F490700390BB
:10ADC000FFE703990498026842E800100028F0D1D8
:10ADD000FFE7FFE7FFE7FFE70498006850E8020F8E
:10ADE0004FF6FE71CEF6FF7108400290FFE7029920
:10ADF0000498026842E802100028EDD1FFE7FFE75F
:10AE00000498C06E012814D1FFE7FFE7FFE704981C
:10AE1000006850E8000F20F010000190FFE7019952
:10AE20000498026842E800100028F0D1FFE7FFE72D
:10AE3000FFE70498006880684006002837D5FFE7E0
:10AE4000FFE7FFE70498006850E8020F20F0400099
:10AE50000090FFE700990498026842E80210002879
:10AE6000F0D1FFE7FFE70498D0F88000F0B1FFE7EA
:10AE70000498D0F88010002008650498D0F880006D
:10AE8000F7F7BEF988B1FFE70498D0F88000F8F72B
:10AE9000CBF9202808D1FFE704991020C1F89000D1
:10AEA00003208DF8170019E0FFE7FFE7FFE704999B
:10AEB0000020A1F85E0004990A680F21116204992C
:10AEC0000A68916941F008019161049A2021C2F851
:10AED0008C100499C8668DF81700FFE79DF81700DD
:10AEE00006B080BD0000000080B584B0039042F63B
:10AEF0000430C2F200400068A8B1FFE70398006880
:10AF000042F60431C2F200410968096888420AD158
:10AF1000FFE703980168082008620398FFF744FFE1
:10AF200003F0CAFA60E000208DF80B00FFE79DF8FF
:10AF30000B0042F25051C2F20041097888422CDAEB
:10AF4000FFE703989DF80B2042F65831C2F200410A
:10AF500051F822100968884218D1FFE79DF80B10BC
:10AF600042F65830C2F20040019050F8212010689B
:10AF7000911D9288FFF7B0FD01989DF80B1050F8D5
:10AF80002110881D8988F5F741FB2DE0FFE79DF82A
:10AF90000B0001308DF80B00C9E70398006844F2FC
:10AFA0000041C4F20001884210D1FFE70398016814
:10AFB0000820086242F20030C2F2004041F68C31B3
:10AFC000C2F20041502200F00BFF0DE00398006830
:10AFD00047F60001C4F20001884204D1FFE703985C
:10AFE00005F0C6FEFFE7FFE704B080BD00000000EB
:10AFF00080B592B0119011980068C06910901198B6
:10B00000006800680F901198006880680E90109892
:10B0100040F60F0108400D900D98E0B9FFE79DF84C
:10B0200040008006002815D5FFE79DF83C0080060B
:10B03000002806D4FFE79DF83B00C006002809D58C
:10B04000FFE71198406F20B1FFE71198416F8847E3
:10B05000FFE74AE3FFE70D98002800F00C81FFE7C7
:10B060000E980121C1F20001084209D1FFE70F98B3
:10B0700040F22011C0F20041084200F0FC80FFE7DE
:10B080009DF84000C00788B1FFE79DF83D00C0076C
:10B0900060B1FFE711980168012008621199D1F8A9
:10B0A000900040F00100C1F89000FFE79DF84000DB
:10B0B0008007002811D5FFE79DF83800C00760B170
:10B0C000FFE711980168022008621199D1F89000F9
:10B0D00040F00400C1F89000FFE79DF840004007F1
:10B0E000002811D5FFE79DF83800C00760B1FFE7E1
:10B0F00011980168042008621199D1F8900040F07D
:10B100000200C1F89000FFE79DF84000000700280A
:10B1100019D5FFE79DF83C008006002807D4FFE71B
:10B120000E980121C1F2000108420CD0FFE71198EE
:10B130000168082008621199D1F8900040F00800D9
:10B14000C1F89000FFE79DF841000007002813D5E3
:10B15000FFE79DF83F00400700280DD5FFE7119855
:10B1600001684FF4006008621199D1F8900040F036
:10B170002000C1F89000FFE71198D0F89000002857
:10B1800078D0FFE79DF840008006002815D5FFE73E
:10B190009DF83C008006002806D4FFE79DF83B00A0
:10B1A000C006002809D5FFE71198406F20B1FFE7DE
:10B1B0001198416F8847FFE7FFE71198D0F890009A
:10B1C0000C9011980068806800F04000402806D07C
:10B1D000FFE79DF8300010F0280F42D0FFE71198EC
:10B1E00004F026FE1198006880684006002833D5D8
:10B1F000FFE7FFE7FFE71198006850E8020F20F033
:10B2000040000B90FFE70B991198026842E802108A
:10B210000028F0D1FFE7FFE71198D0F88000B0B127
:10B22000FFE71198D0F880104FF66140C0F600009B
:10B2300008651198D0F88000F7F79EFC30B1FFE761
:10B240001198D0F88000016D8847FFE703E011985E
:10B25000FFF74AFEFFE703E01198FFF745FEFFE71F
:10B2600007E01198FFF740FE11990020C1F8900007
:10B27000FFE7FFE739E21198C06E012840F0D68160
:10B28000FFE79DF84000C006002840F1CF81FFE7AE
:10B290009DF83C00C006002840F1C881FFE71198E6
:10B2A0000168102008621198006880684006002834
:10B2B00040F15A81FFE71198D0F880000068102112
:10B2C000C4F20201884200F0A280FFE71198D0F892
:10B2D000800000682821C4F20201884200F09780B3
:10B2E000FFE71198D0F8800000684021C4F2020105
:10B2F000884200F08C80FFE71198D0F88000006849
:10B300005821C4F20201884200F08180FFE71198C1
:10B31000D0F8800000687021C4F20201884276D023
:10B32000FFE71198D0F8800000688821C4F202017C
:10B3300088426CD0FFE71198D0F880000068A02107
:10B34000C4F20201884262D0FFE71198D0F8800071
:10B350000068B821C4F20201884258D0FFE7119872
:10B36000D0F88000006840F21041C4F20201884227
:10B370004DD0FFE71198D0F88000006840F22841D6
:10B38000C4F20201884242D0FFE71198D0F8800051
:10B39000006840F24041C4F20201884237D0FFE722
:10B3A0001198D0F88000006840F25841C4F20201C0
:10B3B00088422CD0FFE71198D0F88000006840F256
:10B3C0007041C4F20201884221D0FFE71198D0F801
:10B3D0008000006840F28841C4F20201884216D021
:10B3E000FFE71198D0F88000006840F2A041C4F255
:10B3F000020188420BD0FFE71198D0F88000006866
:10B4000040F2B841C4F20201884207D1FFE7119827
:10B41000D0F8800000684068019006E01198D0F8EC
:10B420008000006840680190FFE70198ADF82A00AD
:10B43000BDF82A0000287BD0FFE7BDF82A0011994B
:10B44000B1F85C10884273DAFFE7BDF82A00119961
:10B45000A1F85E001198D0F88000C069B0F5807F37
:10B4600059D0FFE7FFE7FFE71198006850E8000FA9
:10B4700020F480700990FFE709991198026842E86A
:10B4800000100028F0D1FFE7FFE7FFE7FFE7119882
:10B49000006850E8020F20F001000890FFE70899CB
:10B4A0001198026842E802100028F0D1FFE7FFE798
:10B4B000FFE7FFE71198006850E8020F20F0400016
:10B4C0000790FFE707991198026842E802100028E8
:10B4D000F0D1FFE7FFE711992020C1F88C00119906
:10B4E0000020C866FFE7FFE71198006850E8000FEA
:10B4F00020F010000690FFE706991198026842E8D4
:10B5000000100028F0D1FFE7FFE71198D0F8800085
:10B51000F6F776FEFFE71199022008671198B0F858
:10B520005C10B0F85E20891A89B2FFF72DFB1AE093
:10B53000BDF82A001199B1F85C10884212D1FFE7DA
:10B540001198D0F88000C069B0F5807F09D1FFE77D
:10B550001199022008671198B0F85C10FFF714FBEE
:10B56000FFE7FFE7FFE7C0E01199B1F85C00B1F831
:10B570005E10401AADF816001198B0F85E00002871
:10B5800053D0FFE7BDF8160000284ED0FFE7FFE7D5
:10B59000FFE71198006850E8000F20F490700490C5
:10B5A000FFE704991198026842E800100028F0D1E2
:10B5B000FFE7FFE7FFE7FFE71198006850E8020F99
:10B5C0004FF6FE71CEF6FF7108400390FFE7039936
:10B5D0001198026842E802100028EDD1FFE7FFE76A
:10B5E00011992020C1F88C0011990020C86611998A
:10B5F0004867FFE7FFE71198006850E8000F20F068
:10B6000010000290FFE702991198026842E80010CA
:10B610000028F0D1FFE7FFE7119902200867119891
:10B62000BDF81610FFF7B0FAFFE75EE09DF84200A4
:10B63000C00600280FD5FFE79DF83A004006002815
:10B6400009D5FFE7119801684FF48010086211983E
:10B65000FFF7A6FB49E09DF840000006002815D53D
:10B66000FFE79DF83C000006002806D4FFE79DF8A0
:10B670003A000006002809D5FFE71198806F20B135
:10B68000FFE71198816F8847FFE72EE09DF84000A3
:10B69000400600280AD5FFE79DF83C004006002838
:10B6A00004D5FFE7119804F013FC1EE09DF842005A
:10B6B000000600280AD5FFE79DF83F004006002855
:10B6C00004D5FFE71198FFF767FB0EE09DF84300F4
:10B6D000C00750B1FFE79DF83F000006002804D5E1
:10B6E000FFE71198FFF7C4FAFFE712B080BD000032
:10B6F00080B582B00090009820B9FFE701208DF856
:10B70000070046E00098806908B1FFE700E0FFE726
:10B710000098D0F8880040B9FFE70099002081F830
:10B720008400009800F03CF8FFE700992420C1F85D
:10B73000880000980168086820F0010008600098FF
:10B74000806A20B1FFE7009804F042F9FFE7009813
:10B7500004F012FC012804D1FFE701208DF8070056
:10B7600017E000980168486820F49040486000980D
:10B770000168886820F02A008860009801680868DD
:10B7800040F001000860009804F0C6F98DF8070049
:10B79000FFE79DF8070002B080BD00000000000038
:10B7A00080B5E0B05F9000205E905D905C905B9013
:10B7B0005A902CA8B821F4F74BFF5F98006845F227
:10B7C0000001C4F20001884240F09680FFE70020AB
:10B7D0002D9002212C9149902CA8FBF761FE18B105
:10B7E000FFE7F6F745F9FFE7FFE744F2E840C5F663
:10B7F0000200016841F480110160006800F48010CB
:10B800002B902B98FFE7FFE744F2E040C5F60200DB
:10B81000016841F004010160006800F004002A9012
:10B820002A98FFE7FFE744F2E040C5F6020001680E
:10B8300041F008010160006800F008002990299893
:10B84000FFE74FF480505A9002201B905B9000203D
:10B850001E905C905D9008201C905E9040F6000069
:10B86000C5F602005AA91D91FAF7EEFF1B9B1C9822
:10B870001D991E9A4FF0040CCDF868C15B935C9241
:10B880005D925E9040F60040C5F60200FAF7DCFFDC
:10B890001E9941F65040C2F200401F902822C4F287
:10B8A00002020260412242608160C1604FF4806206
:10B8B000026141618161C1614FF4403202624162C3
:10B8C000F8F79AFD18B1FFE7F6F7D2F8FFE7FFE7C0
:10B8D0005F9841F65041C2F20041C0F880105F9875
:10B8E0008863FFE735201A9005210022FBF7A0FAB4
:10B8F0001A98FBF791FA70E25F98006847F600012A
:10B90000C4F20001884240F0A180FFE700202D90A2
:10B9100002212C9149902CA8FBF7C2FD18B1FFE73A
:10B92000F6F7A6F8FFE7FFE744F2E840C5F60200A5
:10B93000016841F080410160006800F0804028907B
:10B940002898FFE7FFE744F2E040C5F602000168EF
:10B9500041F010010160006800F010002790279866
:10B96000FFE74FF4C0705A9002205B9000201890BF
:10B970005C9003205D9007205E9041F20000C5F6C8
:10B9800002005AA9FAF760FF189941F6C840C2F2BE
:10B990000040199040F24042C4F2020202604F227D
:10B9A00042608160C1604FF48062026141618161E7
:10B9B0004FF48072C2614FF4403202624162F8F784
:10B9C0001BFD18B1FFE7F6F753F8FFE7FFE75F98B5
:10B9D00041F6C841C2F20041C0F880105F98886308
:10B9E000FFE741F64050C2F20040179040F2284174
:10B9F000C4F20201016050214160402181600021B8
:10BA0000C1604FF48062026141618161C1614FF4A4
:10BA1000403202624162F8F7EFFC18B1FFE7F6F737
:10BA200027F8FFE7FFE75F9841F64051C2F2004177
:10BA3000C1675F988863FFE75220169005210022B6
:10BA4000FBF7F6F91698FBF7E7F9C5E15F98006890
:10BA500044F20041C4F20001884240F08D80FFE7CB
:10BA600000202D9002212C9149902CA8FBF718FD65
:10BA700018B1FFE7F5F7FCFFFFE7FFE744F2E84006
:10BA8000C5F60200016841F400310160006800F46D
:10BA9000003026902698FFE7FFE744F2E040C5F625
:10BAA0000200016841F008010160006800F0080030
:10BAB00025902598FFE710205A9002200F905B9068
:10BAC0005C90032010905D90072011905E9040F6EE
:10BAD0000040C5F6020012905AA91391FAF7B4FE7D
:10BAE000DDF83CC0109B119A129813994FF0600E2C
:10BAF000CDF868E1CDF86CC14FF0000CCDF850C026
:10BB0000CDF870C15D935E92FAF79EFE149941F6EE
:10BB1000A860C2F2004015901022C4F20202026036
:10BB20002B2242608160C1604FF4806202614161FA
:10BB300081614FF48072C2614FF44032026241620F
:10BB4000F8F75AFC18B1FFE7F5F792FFFFE7FFE7B8
:10BB50005F9841F6A861C2F20041C0F880105F987A
:10BB60008863FFE726200E9005210022FBF760F98D
:10BB70000E98FBF751F92EE15F98006844F600013A
:10BB8000C4F2000188426DD1FFE700202D90022110
:10BB90002C9149902CA8FBF783FC18B1FFE7F5F72F
:10BBA00067FFFFE7FFE744F2E840C5F602000168DF
:10BBB00041F480210160006800F4802024902498E2
:10BBC000FFE7FFE744F2E040C5F60200016841F0FC
:10BBD00002010160006800F0020023902398FFE753
:10BBE000FFE744F2E040C5F60200016841F00801B9
:10BBF0000160006800F0080022902298FFE74FF4EF
:10BC000080405A90022008905B905C90032009903D
:10BC10005D9007200A905E9040F20040C5F6020059
:10BC20005AA90B91FAF710FE089B099A0A980B99EA
:10BC30004FF4407CCDF868C15B9300230C935C9378
:10BC40005D925E9040F60040C5F60200FAF7FCFDFA
:10BC50000C9A27200D900521FBF7EAF80D98FBF7C9
:10BC6000DBF8B7E05F98006841F60041C4F20101DB
:10BC7000884240F0AE80FFE700202D9001212C91FA
:10BC80004A902CA8FBF70CFC18B1FFE7F5F7F0FE83
:10BC9000FFE7FFE744F2F040C5F60200016841F01B
:10BCA00080010160006800F0800021902198FFE78A
:10BCB000FFE744F2E040C5F60200016841F01001E0
:10BCC0000160006800F0100020902098FFE7042039
:10BCD0005A90022103915B91002106915C915D9144
:10BCE0005E9041F20000C5F6020004905AA9059149
:10BCF000FAF7AAFD039B04980599069A4FF0080CE1
:10BD0000CDF868C15B935C925D920B225E92FAF76C
:10BD10009BFD069941F6B850C2F20040079040F2F0
:10BD20005842C4F202020260762242608160C16021
:10BD30004FF48062026141618161C1614FF4403220
:10BD400002624162F8F758FB18B1FFE7F5F790FE81
:10BD5000FFE7FFE75F9841F6B851C2F20041C0F833
:10BD600080105F988863FFE741F63060C2F20040C0
:10BD7000029040F27041C4F20201016077214160FB
:10BD8000402181600021C1604FF480620261416105
:10BD90008161C1614FF4403202624162F8F72CFBCD
:10BDA00018B1FFE7F5F764FEFFE7FFE75F9841F69C
:10BDB0003061C2F20041C1675F988863FFE79C2051
:10BDC000019005210022FBF733F80198FBF724F8D6
:10BDD000FFE7FFE7FFE7FFE7FFE760B080BD000098
:10BDE00080B586B004900391ADF80A200498D0F88D
:10BDF0008C0020283CD1FFE7039820B1FFE7BDF875
:10BE00000A0020B9FFE701208DF8170034E00499FB
:10BE10000020C8660498006840F60041C5F600019D
:10BE200088421CD0FFE704980068406800020028A0
:10BE300014D5FFE7FFE7FFE70498006850E8000F1C
:10BE400040F080600190FFE701990498026842E8A1
:10BE500000100028F0D1FFE7FFE7FFE7FFE70498B5
:10BE60000399BDF80A2004F0AFFD8DF8170003E038
:10BE700002208DF81700FFE79DF8170006B080BD7F
:10BE800080B582B001900198006842F2BC41C2F2D4
:10BE900000410968884240F0F780FFE740F6C100A2
:10BEA000C2F20040007838BBFFE740F6C200C2F2A1
:10BEB00000400078FD281ED1FFE740F61420C2F2B2
:10BEC00000400078FC2816D1FFE740F6C101C2F21D
:10BED00000410120087040F6C001C2F2004100207C
:10BEE00008700A78501C087040F6D411C2F2004164
:10BEF000FC208854FFE7B5E040F6C000C2F20040E5
:10BF000000783F2812DCFFE740F61420C2F2004020
:10BF1000007840F6C003C2F200431A78511C197031
:10BF200040F6D411C2F2004188542CE040F6C10121
:10BF3000C2F200410020087040F6C200C2F2004088
:10BF40000078FD281ED1FFE740F61420C2F2004021
:10BF50000078FC2816D1FFE740F6C101C2F200418B
:10BF60000120087040F6C001C2F2004100200870B4
:10BF70000A78501C087040F6D411C2F20041FC202F
:10BF80008854FFE7FFE740F6D410C2F20040407843
:10BF90008DF8030000208DF802009DF80300402872
:10BFA00027D1FFE740F6C000C2F2004000784028E9
:10BFB0001FD1FFE740F6D410C2F2004090F83F00D6
:10BFC000FD2812D1FFE740F69410C2F2004040F67F
:10BFD000D411C2F200414022F4F799FA40F6C801A8
:10BFE000C2F2004101200860FFE701208DF8020045
:10BFF0002CE09DF80300412827D1FFE740F6C00060
:10C00000C2F20040007838281FD1FFE740F6D41074
:10C01000C2F2004090F83700FD2812D1FFE740F649
:10C020005C10C2F2004040F6D411C2F20041382246
:10C03000F4F76DFA40F6C401C2F200410120086035
:10C04000FFE701208DF80200FFE7FFE79DF80200FF
:10C0500038B1FFE740F6C101C2F20041002008708C
:10C06000FFE7FFE740F61421C2F20041087840F6EE
:10C07000C202C2F20042107042F2BC40C2F2004062
:10C080000122FFF7ADFEFFE70198006842F20031A0
:10C09000C2F200410968884207D1FFE741F68C30BF
:10C0A000C2F2004012F0DCFEFFE702B080BD0000EB
:10C0B00081B0009001B0704780B58AB008900791B8
:10C0C000ADF81A2005930898D0F88800202840F091
:10C0D0008780FFE7079820B1FFE7BDF81A0020B975
:10C0E000FFE701208DF827007EE008990020C1F8C5
:10C0F000900008992120C1F88800FAF791FD02907C
:10C10000BDF81A000899A1F85400BDF81A00089962
:10C11000A1F8560008988068B0F5805F09D1FFE764
:10C120000898006928B9FFE7002004900798039059
:10C1300004E00798049000200390FFE7FFE70898C9
:10C14000B0F8560088B3FFE70898029B05996A4645
:10C1500011608021002204F0CFFC40B1FFE7089974
:10C160002020C1F8880003208DF827003CE00498C7
:10C1700058B9FFE7039800886FF35F2008990968B2
:10C18000886203980230039008E0049800780899C8
:10C1900009688862049801300490FFE70899B1F8B3
:10C1A00056000138A1F85600C9E70898029B059986
:10C1B0006A4611604021002204F09EFC40B1FFE776
:10C1C00008992020C1F8880003208DF827000BE093
:10C1D00008992020C1F8880000208DF8270003E08E
:10C1E00002208DF82700FFE79DF827000AB080BDE8
:10C1F00080B582B001900198006847F60001C4F252
:10C200000001884204D1FFE7019804F0EDFDFFE74B
:10C2100002B080BD00000000FFE7FEE70000000064
:10C2200080B512F0ADFE80BD80B58CB04EF24810E6
:10C23000C4F21C100B90002004900A90099040F664
:10C240005410C2F20040F5F7FBFA40F69020C2F21B
:10C25000004080ED000A90ED001A40F68C20C2F2FA
:10C26000004090ED000A30EE010A80ED000A41F630
:10C27000DC31C2F2004101910A6840F6CC00C2F202
:10C2800000400390C2614A6802628A68426291ED8E
:10C29000030A9FED611A8DED021A20EE010A80ED6E
:10C2A000040A91ED040A20EE010A80ED050A91EDE1
:10C2B000050A20EE010A80ED060A80ED1F0A4A6A8F
:10C2C00002608A6A4260CA6A8260096BC16005F0D6
:10C2D0003FFD039A02F1400143F6C440C0F602005C
:10C2E00005F08EFA039A02F14C0143F6D040C0F6F5
:10C2F000020005F085FA039A02F1580143F6DC408A
:10C30000C0F6020005F07CFA01989DED021A039A2E
:10C3100090ED060A20EE010A82ED1B0A90ED072A35
:10C320009FED3E0AA2EE010A82ED1C0A90ED080A7A
:10C3300020EE010A82ED1D0A09A806A905F0E4FA1B
:10C3400004988DF81700FFE79DF8170002282ADCF3
:10C35000FFE79DF8171040F6CC00C2F2004006AA95
:10C3600002EB810292ED002A00EB810090ED071AAA
:10C3700090ED0A0A31EE421AB7EEC11AB7EEC00AC2
:10C380009FED212B20EE020B9FED212BA1EE020B46
:10C39000B7EEC00B80ED0A0AFFE79DF817000130E9
:10C3A0008DF81700D0E740F6CC02C2F200420092AE
:10C3B00002F1280002F1340105F022FA009890ED14
:10C3C000200A9FED171AB4EE410AF1EE10FA09DDCA
:10C3D000FFE740F6CC01C2F200414FF07E50C1F8B9
:10C3E00084000CE040F6CC00C2F2004090ED200A40
:10C3F000B7EE001A30EE010A80ED200AFFE70CB01C
:10C4000080BD00BF00BF00BF9A9999999999B93F23
:10C41000CDCCCCCCCCCCEC3F35FA8E3C8FC2F53CAD
:10C4200000803B450000000080B58AB009908DF87F
:10C4300023108DF822208DF8213042F65631C2F2B9
:10C44000004106910420088042F65431C2F20041B6
:10C45000082008809DF82300099908739DF82200A0
:10C46000099948739DF8210009998873099900205A
:10C4700008749DF82100F3F79FFF09994861099816
:10C4800040699DF82110F4F7C1F8069800889DF8DE
:10C4900021104843F3F790FF0699099A9061099893
:10C4A000806909889DF821205143F4F7D1F8069856
:10C4B00000889DF821104843F3F77EFF0699099AFA
:10C4C000D0610998C06909889DF821205143F4F78B
:10C4D000BFF8069800889DF823104843F3F76CFFD7
:10C4E0000699099A10620998006A09889DF8232024
:10C4F0005143F4F7ADF89DF82100F3F75DFF09997A
:10C5000048620998406A9DF82110F4F77FF8069870
:10C5100000889DF823104843F3F74EFF0699099AC7
:10C5200010600998006809889DF823205143F4F7AA
:10C530008FF8069800889DF821104843F3F73CFFD8
:10C540000699099A50600998406809889DF8212049
:10C550005143F4F77DF8069800889DF8221048436F
:10C56000F3F72AFF0699099A90600998806809886C
:10C570009DF822205143F4F76BF8069800889DF847
:10C5800023104843F3F718FF0699099AC2F8E80008
:10C590000998D0F8E80009889DF823205143F4F762
:10C5A00057F8099A02F13000117BD2F8E8300122E5
:10C5B000079212F048F9069800889DF82310484326
:10C5C000F3F7FAFE0699099AC2F8EC000998D0F838
:10C5D000EC0009889DF823205143F4F739F8079AB5
:10C5E000099B03F13800197BD3F8EC3012F02BF9DA
:10C5F0009DF8220010B3FFE742F65630C2F2004029
:10C60000059000889DF822104843F3F7D5FE059960
:10C61000099AC2F8F0000998D0F8F00009889DF84E
:10C6200022205143F4F714F8099A02F14000517B9B
:10C63000D2F8F030012212F006F9FFE742F6563048
:10C64000C2F20040049000889DF821104843F3F79F
:10C65000B3FE0499099AC2F8F4000998D0F8F400DE
:10C6600009889DF821205143F3F7F2FF099A02F15E
:10C670004800917BD2F8F430012212F0E4F80498DB
:10C6800000889DF8231048434843F3F795FE04992A
:10C69000099AC2F8F8000998D0F8F80009889DF8BE
:10C6A000232051435143F3F7D3FF099901F150007F
:10C6B0000A7BD1F8F830114612F0C5F804980088CA
:10C6C0009DF8231048434843F3F776FE0499099AEE
:10C6D000C2F8FC000998D0F8FC0009889DF82320D6
:10C6E00051435143F3F7B4FF099901F158000A7B14
:10C6F000D1F8FC30114612F0A6F8049800889DF895
:10C70000231048434843F3F757FE01460498099A1B
:10C71000C2F8001100889DF8231048434843F3F7FE
:10C720004BFE0499099AC2F804010998D0F8000157
:10C7300009889DF8232051435143F3F789FF049959
:10C740000998D0F8040109889DF8232051435143EA
:10C75000F3F77EFF099901F160000A7BD1F80031FF
:10C76000114612F070F8099901F168000A7BD1F8BE
:10C770000431114612F067F89DF8220040B3FFE73C
:10C7800042F65630C2F20040039000889DF8231014
:10C7900048439DF822104843F3F70EFE0399099A87
:10C7A000C2F808010998D0F8080109889DF82320EB
:10C7B00051439DF822205143F3F74AFF099B03F1AF
:10C7C0007000197B5A7BD3F8083112F03CF8FFE770
:10C7D00042F65630C2F20040019000889DF82110C8
:10C7E00048439DF823104843F3F7E6FD01460198BE
:10C7F000099AC2F80C1100889DF8231048439DF84F
:10C8000021104843F3F7D8FD0199099AC2F81001A5
:10C810000998D0F80C0109889DF8212051439DF812
:10C8200023205143F3F714FF01990998D0F8100120
:10C8300009889DF8232051439DF821205143F3F7A7
:10C8400007FF099B03F178001A7B997BD3F80C3121
:10C8500011F0F9FF099B03F18000197B9A7BD3F853
:10C86000103111F0F0FF019800889DF82310484323
:10C870004843F3F7A1FD0199099AC2F814010998F8
:10C88000D0F8140109889DF8232051435143F3F750
:10C89000DFFE099901F188000A7BD1F814311146B5
:10C8A00011F0D1FF019800889DF8211048434843BA
:10C8B000F3F782FD0199099AC2F818010998D0F896
:10C8C000180109889DF8212051435143F3F7C0FE18
:10C8D000099901F190008A7BD1F81831114611F0C5
:10C8E000B2FF019800889DF8231048439DF821105D
:10C8F0004843F3F761FD0199099AC2F81C010998B0
:10C90000D0F81C0109889DF8232051439DF821206F
:10C910005143F3F79DFE099B03F19800197B9A7B25
:10C92000D3F81C3111F08FFF019800880999097B19
:10C9300048434843F3F740FD01460198099AC2F87D
:10C94000201100880999097B48434843F3F734FDD7
:10C9500001460198099AC2F8241100880999097BB7
:10C9600048434843F3F728FD01460198099AC2F865
:10C97000281100880999097B4843F3F71DFD0146FA
:10C980000198099AC2F82C1100880999097B48433B
:10C99000F3F712FD0999C1F83001099901F1A000DE
:10C9A0000A7BD1F82031114611F04DFF099901F1B0
:10C9B000A8000A7BD1F82431114611F044FF0999EF
:10C9C00001F1B0000A7BD1F82831114611F03BFF8C
:10C9D000099A02F1B800117BD2F82C31012202929F
:10C9E00011F031FF029A099B03F1C000197BD3F8C3
:10C9F000303111F028FF0999002081F828000999A9
:10CA000081F82900099981F82A00099981F82B00F9
:10CA1000099981F82C000AB080BD000000000000D8
:10CA200080B582B001900198C07B20B1FFE70198EA
:10CA300005F0A2F816E0019BD3F8F400596842F61D
:10CA40005632C2F20042009212889B7B5A43F3F79F
:10CA5000A3FD0099019A50680988927B5143F3F72E
:10CA6000F7FDFFE7019BD3F8F000996842F65632D4
:10CA7000C2F2004212885B7B5A43F3F78DFD02B08D
:10CA800080BD00000000000080B582B001900198D8
:10CA900090F82C00B0BBFFE70199B1F89800A1F81D
:10CAA000A8000199B1F87A00A1F8AA000199B1F89B
:10CAB000A800A1F8B0000199B1F85A00A1F8B2009D
:10CAC000019A02F1980002F17801A83212F026F8DA
:10CAD000019981F8C800019A02F1A80002F15801F9
:10CAE000B03212F01BF8019981F8C800019A02F1E6
:10CAF000580002F1B001503212F0A8F8019981F803
:10CB0000C800FFE702B080BD80B582B001900198F7
:10CB100090F82900A8BBFFE7019901F16000683196
:10CB200012F0F4F8019981F8C800019A02F160004E
:10CB300002F15001583211F0F1FF019981F8C8005B
:10CB40000199B1F85800A1F8A8000199B1F86A005C
:10CB5000A1F8AA00019A02F1580002F16801A83276
:10CB600011F0DCFF019981F8C800019A02F1A800D8
:10CB700002F18801583211F007FE019981F8C800CE
:10CB8000FFE702B080BD000080B582B0019001983F
:10CB900090F82A00002872D1FFE7019901F178008E
:10CBA000803112F0B3F8019981F8C8000199B1F809
:10CBB0007800A1F8A8000199B1F85A00A1F8AA00DC
:10CBC000019A02F1780002F15801A83211F0A6FF93
:10CBD000019981F8C8000199B1F8A800A1F8B00046
:10CBE0000199B1F88200A1F8B200019A02F1A800FF
:10CBF00002F18001B03211F091FF019981F8C80073
:10CC00000199B1F89000A1F8A0000199B1F8920043
:10CC1000A1F8A200019A02F1B00002F19001A03245
:10CC200011F0B2FD019981F8C800019901F1A0004D
:10CC3000B03111F00DFE019981F8C8000199B1F8E9
:10CC40005800A1F8A8000199B1F88200A1F8AA0043
:10CC5000019A02F1580002F18001A83211F05EFF42
:10CC6000019981F8C800019A02F1A80002F1B0010F
:10CC7000983211F053FF019981F8C800FFE702B024
:10CC800080BD00000000000080B584B003900398D0
:10CC9000FFF7C6FE0398D0F8CC0028B1FFE7039851
:10CCA000D0F8CC108847FFE7039800F0B5F8039858
:10CCB000D0F8D00028B1FFE70398D0F8D01088470B
:10CCC000FFE70398FFF720FF0398D0F8D40028B1BE
:10CCD000FFE70398D0F8D4108847FFE70398007C5B
:10CCE00020B9FFE70398C07BF0B9FFE70398FFF78F
:10CCF0004BFF0398D0F8D80028B1FFE70398D0F88D
:10CD0000D8108847FFE7039800F0DAF80398D0F8C6
:10CD1000DC0028B1FFE70398D0F8DC108847FFE774
:10CD20000398FFF7B1FE1BE0039BD3F8E800D3F8AC
:10CD3000EC1042F65632C2F20042019212881B7B7E
:10CD40005A43F3F729FC019A039BD3F8F800D3F870
:10CD5000FC1012881B7B5A435A43F3F71DFCFFE774
:10CD60000398D0F8E00028B1FFE70398D0F8E0106E
:10CD70008847FFE700208DF80B00FFE79DF80B00C8
:10CD80000399097B88422CDAFFE70398D0F8F82052
:10CD90009DF80B10037B11FB031302EB830292ED52
:10CDA000000A006A00EB810090ED001AB4EE410A1F
:10CDB000F1EE10FA0EDAFFE7039B186A9DF80B20DC
:10CDC00050F82200D3F8F8101B7B12FB032241F825
:10CDD0002200FFE7FFE79DF80B0001308DF80B0004
:10CDE000CCE7039B1868D3F8E81042F65632C2F23B
:10CDF000004212881B7B5A43F3F7CEFB0398D0F80E
:10CE0000E40028B1FFE70398D0F8E4108847FFE773
:10CE10000398006804B080BD80B582B0019001988D
:10CE200090F82800002846D1FFE70198407B0128B0
:10CE300034DBFFE70199087BA1F8B80001990120D4
:10CE40000090A1F8BA00019A02F1600002F13001ED
:10CE5000B83211F063FE01460098019A82F8C810BA
:10CE6000019A117BA2F8C0100199A1F8C200019AA1
:10CE700002F1700002F14001C03211F04FFE019941
:10CE800081F8C800019A02F1B80002F1C0013832FD
:10CE900011F07AFC019981F8C8000BE0019A02F1C7
:10CEA000600002F13001383211F038FE019981F84A
:10CEB000C800FFE7FFE702B080BD000000000000EF
:10CEC00080B582B00190019890F82B0000284BD1DA
:10CED000FFE70199B1F87800A1F8B80001990120A5
:10CEE0000090A1F8BA00019A02F1780002F138012D
:10CEF000B83211F013FE01460098019A82F8C8106A
:10CF0000019AB2F84810A2F8C0100199A1F8C20025
:10CF1000019A02F1480002F1B801C03211F096FE08
:10CF200001460098019A82F8C810019AB2F8981048
:10CF3000A2F8B8100199A1F8BA00019A02F198007C
:10CF400002F1C001B83211F0E9FD019981F8C80081
:10CF5000019A02F1380002F1B801303211F014FCEC
:10CF6000019981F8C800FFE702B080BD0000000011
:10CF700085B004908DED030ACDED020A01919DED7F
:10CF8000030A9DED021A30EE410A8DED000A9DED77
:10CF9000030AB0EE081A20EE010A049890ED032A65
:10CFA00090ED043A32EE432A80EE020A019880EDB9
:10CFB000000A9DED000A20EE010A049890ED031A84
:10CFC00090ED042A31EE421A80EE010A019880EDBC
:10CFD000010A05B07047000080B582B041F62C40D0
:10CFE000C2F20040019044F60041C5F60201016022
:10CFF000012101710022427141F6B753C0F2C143D1
:10D000008360C260426182610162F5F771F818B114
:10D01000FFE7F4F72DFDFFE702B080BD0000000040
:10D0200080B58AB0FFE744F2D840C5F60200016837
:10D0300041F001010160006800F0010009900998C9
:10D04000FFE7FFE744F2D840C5F60200016841F06F
:10D0500002010160006800F0020008900898FFE7F4
:10D060000B2000900521059100220692F9F7E0FEC1
:10D070000098F9F7D1FE0599069A0C200190F9F76E
:10D08000D7FE0198F9F7C8FE0599069A3920029053
:10D09000F9F7CEFE0298F9F7BFFE0599069A3A20F5
:10D0A0000390F9F7C5FE0398F9F7B6FE0599069ABD
:10D0B0003B200490F9F7BCFE0498F9F7ADFE059902
:10D0C000069A3C200790F9F7B3FE0798F9F7A4FEFB
:10D0D0000AB080BD0000000080B582B041F620702B
:10D0E000C2F2004000904AF20001C4F20001016067
:10D0F000002201928260C260012101744274827434
:10D100004FF0030EC0F814E00A2383614FF01D0CAA
:10D11000C0F81CC00362C0F824E08362C0F82CC0D1
:10D12000036342638163C2630421016441648264D6
:10D13000C164026541658265C265016642668166B9
:10D14000F8F7BAFF18B1FFE7F4F792FCFFE702B077
:10D1500080BD00000000000080B582B041F6C070C4
:10D16000C2F2004000904AF20041C4F200010160A6
:10D17000002201928260C2600121017442748274B3
:10D180004FF0030EC0F814E00A2383614FF01D0C2A
:10D19000C0F81CC00362C0F824E08362C0F82CC051
:10D1A000036340F2563343638163C2630421016425
:10D1B00041648264C164026541658265C26501663D
:10D1C00042668166F8F778FF18B1FFE7F4F750FC84
:10D1D000FFE702B080BD000080B582B042F260007F
:10D1E000C2F2004000904DF20041C4F20001016023
:10D1F000002201928260C260012101744274827433
:10D200004FF0030EC0F814E00A2383614FF01D0CA9
:10D21000C0F81CC00362C0F824E08362C0F82CC0D0
:10D22000036340F2AC6343638163C263042101641E
:10D2300041648264C164026541658265C2650166BC
:10D2400042668166F8F738FF18B1FFE7F4F710FC83
:10D25000FFE702B080BD000080B582B04EF6C92065
:10D26000C0F6000043F6E842C0F602020021019138
:10D2700012F04EF9019941F68832C2F20042106074
:10D280004EF6C910C0F6000043F24042C0F602025A
:10D2900012F03EF9019940F2F802C2F20042106029
:10D2A0004EF64930C0F6000043F6A042C0F6020236
:10D2B00012F02EF9019940F68822C2F20042106065
:10D2C0004EF6F920C0F6000043F2D442C0F6020246
:10D2D00012F01EF9019940F6B802C2F20042106045
:10D2E0004EF62120C0F6000043F26442C0F602026E
:10D2F00012F00EF9019940F66002C2F2004210608D
:10D300004EF66920C0F6000043F28842C0F60202E1
:10D3100012F0FEF840F66401C2F20041086002B06B
:10D3200080BD00000000000080B590B000200F908C
:10D330000E900D900C900B90FFE744F2E040C5F684
:10D340000200016841F010010160006800F0100067
:10D350000A900A98FFE7FFE744F2E040C5F60200B2
:10D36000016841F004010160006800F004000990C8
:10D370000998FFE7FFE744F2E040C5F602000168C4
:10D3800041F080010160006800F08000089008987A
:10D39000FFE7FFE744F2E040C5F60200016841F014
:10D3A00001010160006800F0010007900798FFE7A5
:10D3B000FFE744F2E040C5F60200016841F00201D7
:10D3C0000160006800F0020006900698FFE7FFE7A2
:10D3D00044F2E040C5F60200016841F00801016036
:10D3E000006800F0080005900598FFE740F600008F
:10D3F000C5F6020002904EF2090101220192F9F7EE
:10D40000F7FB019902984FF460420B920C910021B6
:10D4100004910D910E910BA90391F9F715FA019B57
:10D4200002980399049A4FF0090CCDF82CC00C9384
:10D430000D9203220E92F9F707FA039904984FF41C
:10D44000A0520B924FF488120C920D9041F2000002
:10D45000C5F60200F9F7F8F9039904984FF4005261
:10D460000B9202220C920D900E9005200F9040F22C
:10D470000040C5F60200F9F7E7F904994FF00060A3
:10D48000FCF782FD10B080BD80B582B042F2001082
:10D49000C2F20040009041F20041C5F60001016077
:10D4A0004FF4800141604FF4003181600321C1607D
:10D4B00000210191016141614FF080628261C1618F
:10D4C000016241628162C1624FF0804242638163C6
:10D4D000C163016441648164C16401654165816522
:10D4E000FCF7BAF918B1FFE7F4F7C2FAFFE702B0A8
:10D4F00080BD00000000000080B59AB000200190BF
:10D5000019901890179016901590149013901290EF
:10D510001190109003A83421F3F79AF8019942F280
:10D520008810C2F2004002900022C4F201020260A0
:10D53000416081604FF6FF72C260016141618161AB
:10D54000FDF7E6F918B1FFE7F4F792FAFFE70020DC
:10D5500017901890199042F28810C2F2004017A953
:10D56000FCF7C6FD18B1FFE7F4F782FAFFE7602089
:10D570001090002211921292139214921592169208
:10D5800042F28810C2F2004010A9FDF7E9F818B184
:10D59000FFE7F4F76DFAFFE742F28810C2F20040AD
:10D5A00010A90822FDF7DCF818B1FFE7F4F760FADC
:10D5B000FFE70020009003900490059006900790EC
:10D5C0004FF40051089109900B904FF000710C91AD
:10D5D0000D900F9042F28810C2F2004003A9FCF7B0
:10D5E000EFFC18B1FFE7F4F743FAFFE742F28810C7
:10D5F000C2F20040FDF754F81AB080BD00000000F0
:10D6000080B58CB0002101910B910A91099108918C
:10D6100007910691059104910391029142F2202015
:10D62000C2F2004040F20042C4F200020260532203
:10D630004260816040F2CF72C26001618161FDF79A
:10D6400067F918B1FFE7F4F713FAFFE70020099034
:10D650000B9042F22020C2F2004009A9FCF748FDDD
:10D6600018B1FFE7F4F704FAFFE76020029000200A
:10D6700003900490069042F22020C2F2004002A9DA
:10D680000C22FDF76DF818B1FFE7F4F7F1F9FFE7A9
:10D6900042F22020C2F20040FDF702F80CB080BD3B
:10D6A00080B582B042F22840C2F20040019045F2BB
:10D6B0000001C4F20001016048F2A061C0F2010162
:10D6C00041604FF4805181604FF40051C1604FF4CC
:10D6D000806101610C21416100218161C1610162B0
:10D6E00041628162FEF704F818B1FFE7F4F7C0F970
:10D6F000FFE742F22840C2F200400021FDF704FBA0
:10D7000018B1FFE7F4F7B4F9FFE742F22840C2F29C
:10D7100000400021FDF7B0FA18B1FFE7F4F7A8F9CF
:10D72000FFE742F22840C2F20040FDF795F918B138
:10D73000FFE7F4F79DF9FFE702B080BD00000000AD
:10D7400080B582B042F2BC40C2F20040009047F681
:10D750000001C4F2000101604FF4E1314160002199
:10D7600001918160C1600161082242618161C161F2
:10D77000016241628162FDF7BBFF18B1FFE7F4F778
:10D7800077F9FFE742F2BC40C2F200400021FDF70A
:10D79000BBFA18B1FFE7F4F76BF9FFE742F2BC40C0
:10D7A000C2F200400021FDF767FA18B1FFE7F4F775
:10D7B0005FF9FFE742F2BC40C2F20040FDF74CF9CE
:10D7C00018B1FFE7F4F754F9FFE702B080BD00009D
:10D7D00080B582B042F26C20C2F20040009041F667
:10D7E0000041C4F2010101604FF4E13141600021C8
:10D7F00001918160C1600161082242618161C16162
:10D80000016241628162FDF773FF18B1FFE7F4F72F
:10D810002FF9FFE742F26C20C2F200400021FDF731
:10D8200073FA18B1FFE7F4F723F9FFE742F26C202F
:10D83000C2F200400021FDF71FFA18B1FFE7F4F72C
:10D8400017F9FFE742F26C20C2F20040FDF704F93D
:10D8500018B1FFE7F4F70CF9FFE702B080BD000054
:10D8600080B582B042F20030C2F20040009044F233
:10D870000041C4F20001016040F60011C0F23D0118
:10D880004160002301938360C36003610C21416107
:10D8900083614FF40041C1610362436283621946B0
:10D8A0001A46FBF771FF18B1FFE7F4F7E1F8FFE75D
:10D8B00042F20030C2F200400021FDF725FA18B113
:10D8C000FFE7F4F7D5F8FFE742F20030C2F200407C
:10D8D0000021FDF7D1F918B1FFE7F4F7C9F8FFE728
:10D8E00042F20030C2F20040FDF7B6F818B1FFE78F
:10D8F000F4F7BEF8FFE702B080BD000000000000B2
:10D9000080B582B042F29430C2F20040009044F6FA
:10D910000001C4F20001016043F60061C0F2490158
:10D920004160002301938360C36003610C21416166
:10D930008361C36103624362836219461A46FBF73F
:10D9400023FF18B1FFE7F4F793F8FFE742F29430B2
:10D95000C2F200400021FDF7D7F918B1FFE7F4F754
:10D9600087F8FFE742F29430C2F200400021FDF751
:10D9700083F918B1FFE7F4F77BF8FFE742F2943040
:10D98000C2F20040FDF768F818B1FFE7F4F770F84D
:10D99000FFE702B080BD0000FFE7FEE700000000E7
:10D9A00083B002908DED010A00919DED010AB8EE61
:10D9B000081AB4EE410AF1EE10FA23DBFFE79DED01
:10D9C000010AB8EE001AB4EE410AF1EE10FA19DAC3
:10D9D000FFE70099002008600099012048609DED54
:10D9E000011AB8EE000A30EE410A029880ED000AF2
:10D9F0009DED010AB0EE081A30EE010A029880EDA2
:10DA0000010ADBE09DED010AB8EE001AB4EE410A0E
:10DA1000F1EE10FA23DBFFE79DED010ABFEE001ADD
:10DA2000B4EE410AF1EE10FA19DAFFE7009901208D
:10DA300008600099022048609DED011ABFEE000ABF
:10DA400030EE410A029880ED000A9DED010AB0EE29
:10DA5000001A30EE010A029880ED010AADE09DED5A
:10DA6000010ABFEE001AB4EE410AF1EE10FA21DB12
:10DA7000FFE79DED010AB5EE400AF1EE10FA19DA62
:10DA8000FFE70099022008600099032048609DED9F
:10DA9000011A9FED4B0A30EE410A029880ED000A10
:10DAA0009DED010AB7EE001A30EE010A029880EDF2
:10DAB000010A81E09DED010AB5EE400AF1EE10FA8F
:10DAC0001DDBFFE79DED010AB7EE001AB4EE410A37
:10DAD000F1EE10FA13DAFFE70099032008600099CD
:10DAE000042048609DED011AB7EE000A30EE410AAD
:10DAF000029880ED000A0198029948605BE09DED74
:10DB0000010AB7EE001AB4EE410AF1EE10FA23DB77
:10DB1000FFE79DED010AB0EE001AB4EE410AF1EE06
:10DB200010FA19DAFFE7009904200860009905202F
:10DB300048609DED011AB0EE000A30EE410A0298ED
:10DB400080ED000A9DED010ABFEE001A30EE010AD9
:10DB5000029880ED010A2DE09DED010AB0EE001A59
:10DB6000B4EE410AF1EE10FA23DBFFE79DED010A66
:10DB7000B0EE081AB4EE410AF1EE10FA19DCFFE734
:10DB80000099052008600099062048609DED011A63
:10DB9000B0EE080A30EE410A029880ED000A9DEDD1
:10DBA000010AB8EE001A30EE010A029880ED010A6F
:10DBB000FFE7FFE7FFE7FFE7FFE7FFE703B0704797
:10DBC0000000008000000000FFE7FEE7000000000A
:10DBD00088B0079006910592079800F0070004901E
:10DBE0000498C0F10700052803D3FFE70420019043
:10DBF00004E00498C0F107000190FFE7019803904A
:10DC000004980430062803D8FFE70020009003E0C2
:10DC1000049803380090FFE7009802900698039953
:10DC2000012202FA01F101390840029B984005994E
:10DC30009A40013A1140084308B0704700000000C4
:10DC400080B540F69820C2F200400CF069F980BD22
:10DC500080B540F69820C2F200400AF02DFA80BD4F
:10DC6000EFF30980BFF36F8F154B1A681EF0100F8A
:10DC700008BF20ED108A20E9F04F10602DE909005F
:10DC80004FF0500080F31188BFF34F8FBFF36F8FB9
:10DC900013F066FA4FF0000080F31188BDE8090028
:10DCA00019680868B0E8F04F1EF0100F08BFB0EC1C
:10DCB000108A80F30988BFF36F8F704700BF00BFE1
:10DCC000482600240000000080B586B0049003912F
:10DCD00000208DF8070044F22840C5F602000068D5
:10DCE00000F00300032804D1FFE701208DF817009E
:10DCF000CBE044F20041C5F60201086820F08060E4
:10DD00000860F8F78DFF0290FFE744F20040C5F687
:10DD10000200006800F000610020B0EBD16F0CD071
:10DD2000FFE7F8F77DFF0299401A032804D3FFE7C5
:10DD300003208DF81700A8E0E7E7FFE744F2284149
:10DD4000C5F60201086820F47C30049A126840EAA3
:10DD50000230086004994868D1F808C0CB680A69A5
:10DD600001386FF35F204FF60061CFF6FF7101EBD2
:10DD70004C2189B208440021CFF6FF7101EB034129
:10DD800001F4FE0108444FF07F4101EB026101F014
:10DD9000FE41084444F23841C5F602010860FFE73D
:10DDA00044F22C41C5F602010091086820F0C00041
:10DDB000049A526910430860086820F02000049A11
:10DDC000926910430860086820F01000086044F26F
:10DDD0003C42C5F6020210684FF6F8739843049B64
:10DDE000DB6940EAC3001060086840F0100008607A
:10DDF000039848B9FFE744F22C41C5F602010868D0
:10DE000040F40020086016E00398012809D1FFE7DC
:10DE100044F22C41C5F60201086840F48010086005
:10DE200008E044F22C41C5F60201086840F40010F5
:10DE30000860FFE7FFE744F20041C5F60201086809
:10DE400040F080600860F8F7EBFE0290FFE744F2D4
:10DE50000040C5F60200006800F000610020B0EB51
:10DE6000D16F0CD1FFE7F8F7DBFE0299401A0328C7
:10DE700004D3FFE703208DF8170006E0E7E7FFE78C
:10DE80009DF807008DF81700FFE79DF8170006B012
:10DE900080BD00000000000080B586B004900391B2
:10DEA00000208DF8070044F22840C5F60200006803
:10DEB00000F00300032804D1FFE701208DF81700CC
:10DEC000CBE044F20041C5F60201086820F0805022
:10DED0000860F8F7A5FE0290FFE744F20040C5F69F
:10DEE0000200006800F000510020B0EB517F0CD020
:10DEF000FFE7F8F795FE0299401A032804D3FFE7DD
:10DF000003208DF81700A8E0E7E7FFE744F2284177
:10DF1000C5F60201086820F07C70049A126840EA95
:10DF20000250086004994868D1F808C0CB680A69B3
:10DF300001386FF35F204FF60061CFF6FF7101EB00
:10DF40004C2189B208440021CFF6FF7101EB034157
:10DF500001F4FE0108444FF07F4101EB026101F042
:10DF6000FE41084444F24041C5F602010860FFE763
:10DF700044F22C41C5F602010091086820F440608B
:10DF8000049A526910430860086820F40070049AEB
:10DF9000926910430860086820F48070086044F2B9
:10DFA0004442C5F6020210684FF6F8739843049B8A
:10DFB000DB6940EAC3001060086840F480700860C4
:10DFC000039848B9FFE744F22C41C5F602010868FE
:10DFD00040F48000086016E00398012809D1FFE7AB
:10DFE00044F22C41C5F60201086840F400000860C4
:10DFF00008E044F22C41C5F60201086840F0807048
:10E000000860FFE7FFE744F20041C5F60201086837
:10E0100040F080500860F8F703FE0290FFE744F2FA
:10E020000040C5F60200006800F000510020B0EB8F
:10E03000517F0CD1FFE7F8F7F3FD0299401A03284E
:10E0400004D3FFE703208DF8170006E0E7E7FFE7BA
:10E050009DF807008DF81700FFE79DF8170006B040
:10E0600080BD00000000000087B08DED050ACDEDF9
:10E07000040A8DED031ACDED021A9DED030A9DED04
:10E08000021A20EE010A8DED010A9DED040A9DEDB4
:10E09000051A30EE410A8DED000A9DED000A9DED56
:10E0A000011AB4EE410AF1EE10FA09DDFFE79DED29
:10E0B000050A9DED011A30EE010A8DED060A17E002
:10E0C0009DED000A9DED011AB1EE411AB4EE410A30
:10E0D000F1EE10FA09DAFFE79DED050A9DED011A50
:10E0E00030EE410A8DED060A02E004980690FFE743
:10E0F0009DED060A07B0704780B58CB00AA808905D
:10E1000042F62C30C2F200400078002800F0A381D3
:10E11000FFE742F62C31C2F2004100200870F8F708
:10E120007FFD014608980B910B9940F61822C2F228
:10E1300000421268891A00EE101AB8EE400A9FEDEC
:10E14000C71A80EE010A80ED000A90ED000AB5EED4
:10E15000400AF1EE10FA0BDDFFE7089890ED000A97
:10E160009FEDBF1AB4EE410AF1EE10FA06DDFFE7AB
:10E170004DF20A70C3F6A3400A90FFE70B9840F6F1
:10E180001821C2F20041086042F6E820C2F20040C5
:10E19000017E8DF8271000780F2840F05B81FFE7A3
:10E1A0009DF8270040B1FFE79DF8270000F00F0021
:10E1B000042840F04F81FFE742F6E822C2F2004215
:10E1C00001925078917840EA01216FF3DF2142F605
:10E1D0000C30C2F20040069001809178D378C908D3
:10E1E00041EA43116FF3DF214180D17892F804C0F6
:10E1F0005379890941EA8C0141EA83216FF3DF21D8
:10E20000818051799379490841EAC3116FF3DF2185
:10E21000C1809179D379090941EA03116FF3DF21B4
:10E220000181D17992F808C0537AC90941EA4C01B9
:10E2300041EA43216FF3DF214181517A937A8908C2
:10E2400041EA83116FF3DF218181917AD37A490901
:10E2500041EAC301C181117B537B41EA03216FF382
:10E26000DF210182517B937BC90841EA43116FF39F
:10E27000DF214182917B92F80FC0137C890941EA2A
:10E280008C0141EA83216FF3DF218182117C537C71
:10E29000490841EAC3116FF3DF21C182517C937CAD
:10E2A000090941EA03116FF3DF210183917C92F8A0
:10E2B00013C0137DC90941EA4C0141EA43216FF3C0
:10E2C000DF214183117D537D890841EA83116FF37A
:10E2D000DF218183517D927D490941EAC201C183D9
:10E2E0004088B8EE040AF0EE040A10F0B1FE069879
:10E2F00042F6C021C2F20041059181ED000AC088BA
:10E30000B8EE000A8DED030AF0EE000ACDED020A28
:10E3100010F09EFE0599069881ED010A008B9FED95
:10E32000510ADFED4F0A10F093FE05990698B0EE02
:10E33000401A9FED4D0A30EE410A81ED030A008834
:10E34000B9EE080AF1EE080A10F082FEDDED020ACD
:10E3500005990698B0EE401A9DED030AB1EE411AF8
:10E3600081ED021A808810F073FE0898059981EDFE
:10E37000040AD1ED000A91ED050AD0ED001AB7EEBE
:10E380000C1AFFF771FE0898059981ED050AD1ED89
:10E39000010A91ED060AD0ED001AB0EE081AFFF757
:10E3A00063FE0898059981ED060AD1ED030A91ED07
:10E3B000080AD0ED001A9FED2D1A8DED041AFFF713
:10E3C00053FE9DED041A0898059981ED080AD1EDD8
:10E3D000020A91ED070AD0ED001AFFF745FE0898F2
:10E3E000059981ED070AD1ED040A91ED090AD0EDF6
:10E3F000001AB7EE001AFFF737FE0599069881ED6F
:10E40000090A4B6942F63032C2F2004207921360A9
:10E410008B6953600B6A9360CB69D3608B6813611F
:10E42000496A1162B0F9120010F08EFE0698079941
:10E4300081ED050AB0F9080010F0A6FE06980799CC
:10E4400081ED060AB0F9160010F07EFE079880ED07
:10E45000070AFFE7FFE70CB080BD00BF00007A4469
:10E46000CDCCCC3DCDCCCCBDC3F5A83ECDCC4C3E27
:10E4700080B582B00190019842F60431C2F20041A9
:10E480000860F8F7CDFB42F60831C2F2004108609F
:10E4900000F012F802B080BD80B5F8F7C1FB42F67B
:10E4A0000831C2F200410968411A0020642988BF7E
:10E4B000012080BD0000000080B582B042F604302B
:10E4C000C2F20040006808B9FFE734E142F60430C8
:10E4D000C2F20040006841F61041C2F20041192228
:10E4E000FCF7FAFA90B1FFE742F60430C2F20040BE
:10E4F00001900068FCF758FC0198006841F6104153
:10E50000C2F200411922FCF7E7FAFFE742F60430B5
:10E51000C2F200400068D0F88000002800F00B81B3
:10E52000FFE742F60430C2F200400068D0F88000F5
:10E5300000681021C4F20201884200F0E180FFE788
:10E5400042F60430C2F200400068D0F88000006853
:10E550002821C4F20201884200F0D280FFE742F68F
:10E560000430C2F200400068D0F88000006840210A
:10E57000C4F20201884200F0C380FFE742F6043093
:10E58000C2F200400068D0F8800000685821C4F250
:10E590000201884200F0B480FFE742F60430C2F284
:10E5A00000400068D0F8800000687021C4F20201C9
:10E5B000884200F0A580FFE742F60430C2F2004036
:10E5C0000068D0F8800000688821C4F20201884207
:10E5D00000F09680FFE742F60430C2F20040006887
:10E5E000D0F880000068A021C4F20201884200F047
:10E5F0008780FFE742F60430C2F200400068D0F89E
:10E6000080000068B821C4F20201884278D0FFE798
:10E6100042F60430C2F200400068D0F88000006882
:10E6200040F21041C4F20201884269D0FFE742F68D
:10E630000430C2F200400068D0F88000006840F268
:10E640002841C4F2020188425AD0FFE742F6043062
:10E65000C2F200400068D0F88000006840F24041FB
:10E66000C4F2020188424BD0FFE742F60430C2F206
:10E6700000400068D0F88000006840F25841C4F2C1
:10E68000020188423CD0FFE742F60430C2F200406B
:10E690000068D0F88000006840F27041C4F20201C6
:10E6A00088422DD0FFE742F60430C2F200400068F5
:10E6B000D0F88000006840F28841C4F2020188422C
:10E6C0001ED0FFE742F60430C2F200400068D0F8E6
:10E6D0008000006840F2A041C4F2020188420FD0DD
:10E6E000FFE742F60430C2F200400068D0F8800034
:10E6F000006840F2B841C4F2020188420DD1FFE740
:10E7000042F60430C2F200400068D0F88000016890
:10E71000086820F0080008600CE042F60430C2F2FD
:10E7200000400068D0F880000168086820F004000C
:10E730000860FFE7FFE702B080BD000000000000B6
:10E7400080B582B0ADF80600BDF80600192801D0EA
:10E75000FFE741E041F61040C2F20040007E8DF834
:10E7600005009DF805100120009051B1FFE79DF8CC
:10E77000050000F00F000438B0FA80F04009009066
:10E78000FFE7009800F001008DF8040041F610400A
:10E79000C2F2004000780F2804D1FFE79DF8040082
:10E7A00008B9FFE718E042F6E820C2F2004041F65F
:10E7B0001041C2F200411922F1F7A9FEF8F730FA30
:10E7C00042F60831C2F20041086042F62C31C2F232
:10E7D000004101200870FFE702B080BD000000008A
:10E7E00082B001900198006840690090019801682A
:10E7F000886940F00800886101980168886940F0E4
:10E800001000886101980168086820F00100086024
:10E8100001980168086940F26F32904308610198DD
:10E820000168886820F440408860019890F8810071
:10E83000042815D0FFE79DF80000800600280ED5BB
:10E84000FFE70199D1F8840040F08000C1F884000E
:10E8500001980168886940F020008861FFE7FFE7C0
:10E86000019890F88100032815D0FFE79DF800007B
:10E87000400600280ED5FFE70199D1F8840040F04A
:10E880000400C1F8840001980168886940F04000E4
:10E890008861FFE7FFE79DF80100800700280ED59B
:10E8A000FFE70199D1F8840040F00100C1F884002D
:10E8B00001980168886940F400708861FFE79DF85D
:10E8C0000100C00770B1FFE70199D1F8840040F062
:10E8D0000800C1F8840001980168886940F48070DC
:10E8E0008861FFE701990020A1F862000199A1F871
:10E8F0006A0002B07047000083B002900298C16BBA
:10E90000012000EB511001900298C0680130009086
:10E9100000980730C008009000980199484303B060
:10E92000704700000000000080B586B0DDF820C010
:10E93000049003918DF80B200193FFE70498006881
:10E94000406903990840401AB0FA80F040099DF8E8
:10E950000B10884214D1FFE7F8F762F90899401AC2
:10E960000199884204D3FFE70198013018B9FFE705
:10E97000019820B9FFE703208DF8170004E0DDE7D8
:10E9800000208DF81700FFE79DF8170006B080BD46
:10E99000074B19680868B0E8F04F80F30988BFF3A7
:10E9A0006F8F4FF0000080F31188704700BF00BFE9
:10E9B000482600240000000080B56FF0040000210C
:10E9C0000FF046FE80BD000080B582B0019040F29D
:10E9D0000000C2F20040C16841F6C070C2F20040BF
:10E9E0008847FFE7F2F754FF40F62020C2F20040CC
:10E9F000009080ED000A10F02BFAF2F749FF009822
:10EA000090ED001A30EE410A40F61C20C2F20040A0
:10EA100080ED000A012010F0EBFBE3E700000000AE
:10EA200080B582B00190F2F72FF9FFE7F2F730FFDF
:10EA300040F62820C2F20040009080ED000AF2F774
:10EA400033F9F2F725FF009890ED001A30EE410AF5
:10EA500040F62420C2F2004080ED000A012010F0B0
:10EA6000C7FBE3E70000000080B586B00590FDF726
:10EA7000D7FBFFF7EDF8F2F7EBF80120039013F066
:10EA80000BFC0490FFE7F2F703FFBCEEC00A8DED2C
:10EA9000020AFDF7C9FBFFF7D3F8F2F7EDF8F2F73A
:10EAA0007BFE02F029FA12F0BFFBF2F7F1FE9DEDBA
:10EAB000021AB8EE411A30EE410A8DED010A04A89F
:10EAC000012112F041F9DEE780B584B00390FFE741
:10EAD000322001900022114602F09AF94FF4FA70A8
:10EAE000029010F085FB019A0A21084602F090F985
:10EAF000029810F07DFBEBE780B582B0019042F206
:10EB00002840C2F20040FFF7B3FCFFE7F2F7C0FE77
:10EB100040F63020C2F20040009080ED000AFFF77E
:10EB2000EBFAF2F7B5FE009890ED001A30EE410ACC
:10EB300040F62C20C2F2004080ED000A012010F0C7
:10EB400057FBE3E70000000080B582B00190FFE7CB
:10EB500012F06AFB40F63C20C2F200400C3010215B
:10EB600002F06EF8052010F043FBF1E70000000012
:10EB700080B54EF21000CEF20000006813F070FB7A
:10EB8000012803D0FFE712F093FCFFE780BD0000EF
:10EB900080B59EB00BA84C21F1F75AFD00200190E2
:10EBA0000A900990089007900690059004900390B1
:10EBB0000220F8F75DF9FFE70020029044F6180004
:10EBC000C5F60200016821F440410160006800F4CC
:10EBD000404002900298FFE7FFE744F61800C5F6B0
:10EBE0000200006800F40050B0F5005F01D0FFE7BC
:10EBF000F3E701210B914FF480300C900220149028
:10EC000015901690282217921891042119911A90A4
:10EC10000C201B9000201C901D900BA8FAF7A4F864
:10EC200018B1FFE7F2F724FFFFE73F20039003212D
:10EC3000049100200590082006904020079008903D
:10EC40004FF4806209920A9003A8F9F721FC18B1E9
:10EC5000FFE7F2F70DFFFFE71EB080BD00000000E8
:10EC60008BB044F21040C5F60200006800F0380096
:10EC700001460191182800F233810199DFE811F073
:10EC80001900300130013001300130013001300114
:10EC900027003001300130013001300130013001F6
:10ECA0002D003001300130013001300130013001E0
:10ECB000330044F20040C5F602000068C0F3C10111
:10ECC00049F20000C0F2D030C840049016E140F68E
:10ECD0000010C0F23D00049010E143F20060C0F269
:10ECE0006E1004900AE144F22840C5F60200016863
:10ECF00001F0030109910068C0F30510089044F287
:10ED00002C40C5F60200006800F00100079007984B
:10ED100044F23441C5F60201096889B2C908484382
:10ED200000EE100AB8EE400A8DED030A089800289C
:10ED300000F0D280FFE70998009040B1FFE700980B
:10ED4000012837D0FFE70098022857D07AE044F234
:10ED50000040C5F602000068C0F3C10149F200009E
:10ED6000C0F2D030C84006909DED060AB8EE400AC9
:10ED70009DED081AB8EE411A80EE010A44F23040C7
:10ED8000C5F6020000686FF35F2001EE100AB8EECE
:10ED9000411A9DED032A9FED6D3A82EE032A31EE72
:10EDA000021AB7EE002A31EE021A20EE010A8DEDAA
:10EDB000020A7AE09DED080AB8EE401A9FED640A57
:10EDC00080EE010A44F23040C5F6020000686FF39D
:10EDD0005F2001EE100AB8EE411A9DED032A9FED67
:10EDE0005B3A82EE032A31EE021AB7EE002A31EEC8
:10EDF000021A20EE010A8DED020A56E09DED080A86
:10EE0000B8EE401A9FED500A80EE010A44F23040FD
:10EE1000C5F6020000686FF35F2001EE100AB8EE3D
:10EE2000411A9DED032A9FED493A82EE032A31EE05
:10EE3000021AB7EE002A31EE021A20EE010A8DED19
:10EE4000020A32E044F20040C5F602000068C0F356
:10EE5000C10149F20000C0F2D030C84006909DEDDB
:10EE6000060AB8EE400A9DED081AB8EE411A80EE87
:10EE7000010A44F23040C5F6020000686FF35F20DB
:10EE800001EE100AB8EE411A9DED032A9FED2F3ACC
:10EE900082EE032A31EE021AB7EE002A31EE021A90
:10EEA00020EE010A8DED020AFFE744F23040C5F67C
:10EEB0000200006881B2012000EB51200A909DED14
:10EEC000020A9DED0A1AB8EE411A80EE010ABCEE64
:10EED000C00A8DED040A02E000200490FFE70DE077
:10EEE00044F20040C5F602000068C0F3C10149F2D7
:10EEF0000000C0F2D030C8400490FFE744F218424E
:10EF0000C5F602021068C0F3032043F2AC41C0F61C
:10EF10000201085C0590059B0498D8400490049871
:10EF2000126802F00F02895C01F01F01C84040F234
:10EF30004801C2F200410860049840F24401C2F264
:10EF4000004108600BB07047001BB74B0000004643
:10EF50000024744A000000004EF68851CEF20001F1
:10EF6000086840F47000086042F20000C5F200201A
:10EF7000006800F00F0006280AD8FFE742F20001FF
:10EF8000C5F200210868072262F303000860FFE76A
:10EF900044F20041C5F60201086840F00100086033
:10EFA00044F21042C5F602020020106008684EF6D6
:10EFB0007F52CEF6F6221040086042F20000C5F201
:10EFC0000020006800F00F0008280AD3FFE742F293
:10EFD0000001C5F200210868072262F303000860FF
:10EFE000FFE744F21841C5F602010020086044F230
:10EFF0001C41C5F60201086044F22041C5F6020139
:10F00000086044F22842C5F6020240F20021C0F234
:10F010000221116044F22C42C5F602020021C0F226
:10F02000FF11116044F23042C5F6020240F2802125
:10F03000C0F20111116044F23442C5F602021060C0
:10F0400044F23842C5F60202116044F23C42C5F671
:10F050000202106044F24042C5F60202116044F21E
:10F060004441C5F60201086044F20042C5F60202BE
:10F07000116821F48021116044F26041C5F602015B
:10F08000086044F20001C5F2002143F2D20008609A
:10F09000704700000000000080B542F2D410C2F2B8
:10F0A0000040FBF7D5F980BD83B002900191029832
:10F0B0000068009002980021C4F20101884225D026
:10F0C000FFE70298B0F1804F20D0FFE7029840F2AE
:10F0D0000041C4F20001884218D0FFE7029840F6D0
:10F0E0000001C4F20001884210D0FFE7029840F608
:10F0F0000041C4F20001884208D0FFE7029840F2C4
:10F100000041C4F2010188420AD1FFE7009820F0D3
:10F110007000009001984168009808430090FFE754
:10F1200002980021C4F2010188424DD0FFE7029805
:10F13000B0F1804F48D0FFE7029840F20041C4F29E
:10F140000001884240D0FFE7029840F60001C4F277
:10F150000001884238D0FFE7029840F60041C4F22F
:10F160000001884230D0FFE7029840F20041C4F22B
:10F170000101884228D0FFE7029844F20001C4F25E
:10F180000101884220D0FFE7029844F20041C4F216
:10F190000101884218D0FFE7029844F60001C4F24A
:10F1A0000101884210D0FFE702984EF20001C4F23C
:10F1B0000001884208D0FFE702984EF20041C4F2F5
:10F1C000000188420AD1FFE7009820F440700090C7
:10F1D0000198C168009808430090FFE7009820F06C
:10F1E000800001994969084300900198806802995C
:10F1F000C862019800680299886202980021C4F2EE
:10F200000101884220D0FFE7029840F20041C4F299
:10F210000101884218D0FFE7029844F20001C4F2CD
:10F220000101884210D0FFE7029844F20041C4F285
:10F230000101884208D0FFE7029844F60001C4F2B9
:10F240000101884205D1FFE701980069029908632E
:10F25000FFE70299086840F0040008600299012065
:10F26000486100980299086003B0704700000000F0
:10F2700085B0049003910498006A01900499086A8B
:10F2800020F00100086204984068009004988069AA
:10F29000029002984FF68F71CFF6FE7108400290EF
:10F2A000029820F003000290039801680298084336
:10F2B0000290019820F00200019003988168019863
:10F2C0000843019004980021C4F20101884220D033
:10F2D000FFE7049840F20041C4F20101884218D0CF
:10F2E000FFE7049844F20001C4F20101884210D003
:10F2F000FFE7049844F20041C4F20101884208D0BB
:10F30000FFE7049844F60001C4F2010188420ED1DF
:10F31000FFE7019820F0080001900398C168019868
:10F3200008430190019820F004000190FFE7049841
:10F330000021C4F20101884220D0FFE7049840F286
:10F340000041C4F20101884218D0FFE7049844F25A
:10F350000001C4F20101884210D0FFE7049844F292
:10F360000041C4F20101884208D0FFE7049844F646
:10F370000001C4F20101884213D1FFE7009820F494
:10F3800080700090009820F400700090039841690C
:10F390000098084300900398816900980843009002
:10F3A000FFE70098049948600298049988610398DF
:10F3B00040680499486301980499086205B0704751
:10F3C00085B0049003910498006A01900499086A3A
:10F3D00020F010000862049840680090049880694A
:10F3E0000290029848F6FF71CFF6FF610840029044
:10F3F000029820F44070029003980168029840EA55
:10F4000001200290019820F020000190039881686B
:10F41000019840EA0110019004980021C4F2010112
:10F42000884229D0FFE7049840F20041C4F201016C
:10F43000884221D0FFE7049844F20001C4F20101A0
:10F44000884203D1FFE70020B0B9FFE7049844F2F7
:10F450000041C4F20101884203D1FFE7002058B9FE
:10F46000FFE7049844F60001C4F20101884212D17A
:10F47000FFE7012078B9FFE7019820F080000190B4
:10F480000398C168019840EA01100190019820F0AA
:10F4900040000190FFE704980021C4F20101884276
:10F4A00020D0FFE7049840F20041C4F201018842F5
:10F4B00018D0FFE7049844F20001C4F20101884229
:10F4C00010D0FFE7049844F20041C4F201018842E1
:10F4D00008D0FFE7049844F60001C4F20101884215
:10F4E00015D1FFE7009820F480600090009820F488
:10F4F0000060009003984169009840EA8100009004
:10F5000003988169009840EA81000090FFE7009825
:10F5100004994860029804998861039840680499A6
:10F52000886301980499086205B0704700000000E4
:10F5300085B0049003910498006A01900499086AC8
:10F5400020F4807008620498406800900498C069B4
:10F55000029002984FF68F71CFF6FE71084002902C
:10F56000029820F003000290039801680298084373
:10F570000290019820F4007001900398816801982E
:10F5800040EA0120019004980021C4F20101884260
:10F5900029D0FFE7049840F20041C4F201018842FB
:10F5A00021D0FFE7049844F20001C4F2010188422F
:10F5B00003D1FFE70020B0B9FFE7049844F200410F
:10F5C000C4F20101884203D1FFE7002058B9FFE7E8
:10F5D000049844F60001C4F20101884212D1FFE709
:10F5E000012078B9FFE7019820F4006001900398AA
:10F5F000C168019840EA01200190019820F48060E0
:10F600000190FFE704980021C4F20101884220D054
:10F61000FFE7049840F20041C4F20101884218D08B
:10F62000FFE7049844F20001C4F20101884210D0BF
:10F63000FFE7049844F20041C4F20101884208D077
:10F64000FFE7049844F60001C4F20101884215D195
:10F65000FFE7009820F480500090009820F40050BC
:10F66000009003984169009840EA011000900398C7
:10F670008169009840EA01100090FFE70098049922
:10F68000486002980499C861039840680499C86367
:10F6900001980499086205B070470000000000005E
:10F6A00085B0049003910498006A01900499086A57
:10F6B00020F4805008620498406800900498C06963
:10F6C0000290029848F6FF71CFF6FF610840029061
:10F6D000029820F44070029003980168029840EA72
:10F6E00001200290019820F4005001900398816855
:10F6F000019840EA0130019004980021C4F2010110
:10F70000884220D0FFE7049840F20041C4F2010192
:10F71000884218D0FFE7049844F20001C4F20101C6
:10F72000884210D0FFE7049844F20041C4F201017E
:10F73000884208D0FFE7049844F60001C4F20101B2
:10F7400088420BD1FFE7009820F480400090039896
:10F750004169009840EA81100090FFE70098049901
:10F76000486002980499C861039840680499086445
:10F7700001980499086205B070470000000000007D
:10F7800085B0049003910498006A01900499086A76
:10F7900020F4803008620498406800900498406D1E
:10F7A000029002984FF68F71CFF6FE7108400290DA
:10F7B00003980168029808430290019820F40030F1
:10F7C000019003988168019840EA014001900498F3
:10F7D0000021C4F20101884220D0FFE7049840F2E2
:10F7E0000041C4F20101884218D0FFE7049844F2B6
:10F7F0000001C4F20101884210D0FFE7049844F2EE
:10F800000041C4F20101884208D0FFE7049844F6A1
:10F810000001C4F2010188420BD1FFE7009820F4F7
:10F820008030009003984169009840EA01200090E0
:10F83000FFE7009804994860029804994865039886
:10F8400040680499886501980499086205B070477A
:10F8500085B0049003910498006A01900499086AA5
:10F8600020F4801008620498406800900498406D6D
:10F870000290029848F6FF71CFF6FF6108400290AF
:10F8800003980168029840EA01200290019820F450
:10F890000010019003988168019840EA015001909E
:10F8A00004980021C4F20101884220D0FFE70498A7
:10F8B00040F20041C4F20101884218D0FFE70498E9
:10F8C00044F20001C4F20101884210D0FFE704981D
:10F8D00044F20041C4F20101884208D0FFE70498D5
:10F8E00044F60001C4F2010188420BD1FFE7009801
:10F8F00020F48020009003984169009840EA81201C
:10F900000090FFE7009804994860029804994865C0
:10F91000039840680499C86501980499086205B085
:10F92000704700000000000080B542F22840C2F29B
:10F930000040FBF75DFB80BD80B542F2BC40C2F2E7
:10F940000040FBF755FB80BD82B001900198406EEE
:10F9500040B9FFE701990120A1F86A000199A1F8D7
:10F96000680032E010208DF803008DF80200019845
:10F9700000688068C0F342608DF80100019800685B
:10F980008068400F8DF800009DF802009DF800206F
:10F9900043F68043C0F60203995C484343F678413E
:10F9A000C0F602018A5CB0FBF2F0019AA2F86A008C
:10F9B0009DF803009DF801209B5C5843895CB0FBD7
:10F9C000F1F00199A1F86800FFE702B0704700006C
:10F9D00081B00090009890F82800000700280BD50F
:10F9E000FFE700980068406820F40040009A116822
:10F9F000926B10434860FFE7009890F82800C0071A
:10FA000058B1FFE700980068406820F40030009A81
:10FA10001168D26A10434860FFE7009890F8280008
:10FA2000800700280BD5FFE700980068406820F4A5
:10FA30008030009A1168126B10434860FFE700980D
:10FA400090F82800400700280BD5FFE700980068D1
:10FA5000406820F48020009A1168526B104348607F
:10FA6000FFE7009890F82800C00600280BD5FFE7B4
:10FA700000980068806820F48050009A1168D26B6A
:10FA800010438860FFE7009890F82800800600285F
:10FA90000BD5FFE700980068806820F40050009ABA
:10FAA0001168126C10438860FFE7009890F82800F6
:10FAB000400600281CD5FFE700980068406820F445
:10FAC0008010009A1168526C104348600098406C96
:10FAD000B0F5801F0BD1FFE700980068406820F464
:10FAE000C000009A1168926C10434860FFE7FFE77E
:10FAF000009890F82800000600280BD5FFE7009832
:10FB00000068406820F40020009A1168D26C10430D
:10FB10004860FFE701B0704780B588B0069006994D
:10FB20000020C1F89000F7F77BF805900698006870
:10FB30000068000700282FD5FFE70698059B6A4656
:10FB40006FF07E4111604FF40011002200F0D4FFED
:10FB500008B3FFE7FFE7FFE70698006850E8000FEB
:10FB600020F080000490FFE704990698026842E8BC
:10FB700000100028F0D1FFE7FFE706992020C1F828
:10FB80008800FFE70699002081F88400FFE7032042
:10FB90008DF81F005FE0FFE70698006800684007E7
:10FBA000002842D5FFE70698059B6A466FF07E4124
:10FBB00011604FF48001002200F09EFFA0B3FFE728
:10FBC000FFE7FFE70698006850E8000F20F4907008
:10FBD0000390FFE703990698026842E800100028A6
:10FBE000F0D1FFE7FFE7FFE7FFE70698006850E87E
:10FBF000020F20F001000290FFE7029906980268C8
:10FC000042E802100028F0D1FFE7FFE70699202024
:10FC1000C1F88C00FFE70699002081F88400FFE717
:10FC200003208DF81F0016E0FFE706992020C1F899
:10FC300088000699C1F88C0006990020C8660699CC
:10FC40000867FFE70699002081F88400FFE700209D
:10FC50008DF81F00FFE79DF81F0008B080BD000071
:10FC600080B582B001900198806B009000990020CF
:10FC7000A1F85E000098FBF737F902B080BD0000E4
:10FC800080B584B003900398806B02900298D0F8FE
:10FC9000880001900298D0F88C00009002980068CB
:10FCA0008068000600280CD5FFE70198212808D1BC
:10FCB000FFE702990020A1F85600029800F02CF905
:10FCC000FFE7029800688068400600280CD5FFE72F
:10FCD0000098222808D1FFE702990020A1F85E00D1
:10FCE000029800F0A5F8FFE70299D1F8900040F0E3
:10FCF0001000C1F890000298FBF7F6F804B080BD40
:10FD000080B586B005900598806B04900598C06911
:10FD1000B0F5807F5BD0FFE704990020A1F85E007A
:10FD2000FFE7FFE70498006850E8000F20F48070B8
:10FD30000390FFE703990498026842E80010002846
:10FD4000F0D1FFE7FFE7FFE7FFE70498006850E81E
:10FD5000020F20F001000290FFE702990498026868
:10FD600042E802100028F0D1FFE7FFE7FFE7FFE7D6
:10FD70000498006850E8020F20F040000190FFE76F
:10FD800001990498026842E802100028F0D1FFE7C8
:10FD9000FFE704992020C1F88C000498C06E012868
:10FDA00014D1FFE7FFE7FFE70498006850E8000F71
:10FDB00020F010000090FFE700990498026842E8E4
:10FDC00000100028F0D1FFE7FFE7FFE7FFE7049905
:10FDD000002008670498C06E012806D1FFE7049848
:10FDE000B0F85C10FAF7D0FE03E00498FCF748F88E
:10FDF000FFE706B080BD000080B582B00190019899
:10FE0000806B00900099012008670098C06E01285F
:10FE100007D1FFE70098B0F85C104908FAF7B4FE84
:10FE200003E00098FCF744F9FFE702B080BD000052
:10FE300084B00390FFE7FFE70398006850E8000FE5
:10FE400020F490700290FFE702990398026842E85C
:10FE500000100028F0D1FFE7FFE7FFE7FFE7039876
:10FE6000006850E8020F4FF6FE71CEF6FF710840B1
:10FE70000190FFE701990398026842E80210002808
:10FE8000EDD1FFE7FFE70398C06E012814D1FFE72B
:10FE9000FFE7FFE70398006850E8000F20F010002C
:10FEA0000090FFE700990398026842E800100028DC
:10FEB000F0D1FFE7FFE7FFE703992020C1F88C00AE
:10FEC00003990020C8660399486704B07047000092
:10FED00080B582B00190FFE7FFE70198006850E825
:10FEE000000F20F040000090FFE7009901980268A1
:10FEF00042E800100028F0D1FFE7FFE70199202039
:10FF0000C1F888000199002088670198FCF770F912
:10FF100002B080BD0000000083B00290FFE7FFE761
:10FF20000298006850E8000F20F0C0000190FFE741
:10FF300001990298026842E800100028F0D1FFE71A
:10FF4000FFE7FFE7FFE70298006850E8020F20F4A0
:10FF500000000090FFE700990298026842E8021052
:10FF60000028F0D1FFE7FFE702992020C1F88800C0
:10FF700003B070470000000080B59EB01D900020C7
:10FF80008DF867001D98006840F60041C5F6000135
:10FF9000884201D1FFE700E0FFE71D9988680B69FF
:10FFA0004A69C9691843104308431C901D980068AA
:10FFB000006846F6F311CCF6FF7108401C9908431F
:10FFC0001D99096808601D980068406820F4405039
:10FFD0001D9A1168D268104348601D9880691C9072
:10FFE0001D98006840F60041C5F60001884206D021
:10FFF000FFE71D98016A1C9808431C90FFE71D98B5
:020000040801F1
:10000000006880684FF2FF41C1F2FF1108401C995F
:1000100008431D99096888601D980068C06A20F02F
:100020000F001D9A1168526A1043C862FFE71D98BD
:10003000006841F20001C4F20101884240F04180B1
:10004000FFE744F25440C5F60200006800F03800B3
:100050000146109128282FD81099DFE801F0152DBE
:100060002D2D2D2D2D2D192D2D2D2D2D2D2D1D2DE4
:100070002D2D2D2D2D2D212D2D2D2D2D2D2D252DC4
:100080002D2D2D2D2D2D290001208DF86D0017E02F
:1000900004208DF86D0013E008208DF86D000FE04E
:1000A00010208DF86D000BE020208DF86D0007E02A
:1000B00040208DF86D0003E080208DF86D00FFE793
:1000C0006CE21D98006844F20041C4F200018842CD
:1000D0002ED1FFE744F25440C5F60200006800F05C
:1000E000070001460F9105281DD80F99DFE801F0A0
:1000F00003070B0F131700208DF86D0017E0042085
:100100008DF86D0013E008208DF86D000FE01020D1
:100110008DF86D000BE020208DF86D0007E0402089
:100120008DF86D0003E080208DF86D00FFE734E26C
:100130001D98006844F60001C4F2000188422ED1E7
:10014000FFE744F25440C5F60200006800F00700E3
:1001500001460E9105281DD80E99DFE801F003072E
:100160000B0F131700208DF86D0017E004208DF899
:100170006D0013E008208DF86D000FE010208DF861
:100180006D000BE020208DF86D0007E040208DF819
:100190006D0003E080208DF86D00FFE7FCE11D9805
:1001A000006844F60041C4F2000188422ED1FFE706
:1001B00044F25440C5F60200006800F00700014612
:1001C0000D9105281DD80D99DFE801F003070B0FED
:1001D000131700208DF86D0017E004208DF86D00D6
:1001E00013E008208DF86D000FE010208DF86D00F1
:1001F0000BE020208DF86D0007E040208DF86D00A9
:1002000003E080208DF86D00FFE7C4E11D980068D1
:1002100045F20001C4F2000188422ED1FFE744F20A
:100220005440C5F60200006800F0070001460C913A
:1002300005281DD80C99DFE801F003070B0F1317F1
:1002400000208DF86D0017E004208DF86D0013E09C
:1002500008208DF86D000FE010208DF86D000BE088
:1002600020208DF86D0007E040208DF86D0003E040
:1002700080208DF86D00FFE78CE11D98006841F249
:100280000041C4F20101884240F04180FFE744F29E
:100290005440C5F60200006800F0380001460B919A
:1002A00028282FD80B99DFE801F0152D2D2D2D2DA5
:1002B0002D2D192D2D2D2D2D2D2D1D2D2D2D2D2D92
:1002C0002D2D212D2D2D2D2D2D2D252D2D2D2D2D72
:1002D0002D2D290001208DF86D0017E004208DF8E8
:1002E0006D0013E008208DF86D000FE010208DF8F0
:1002F0006D000BE020208DF86D0007E040208DF8A8
:100300006D0003E080208DF86D00FFE741E11D984E
:10031000006847F60001C4F2000188422ED1FFE7D1
:1003200044F25440C5F60200006800F007000146A0
:100330000A9105281DD80A99DFE801F003070B0F81
:10034000131700208DF86D0017E004208DF86D0064
:1003500013E008208DF86D000FE010208DF86D007F
:100360000BE020208DF86D0007E040208DF86D0037
:1003700003E080208DF86D00FFE709E11D9800681B
:1003800047F60041C4F2000188422ED1FFE744F253
:100390005440C5F60200006800F0070001460991CC
:1003A00005281DD80999DFE801F003070B0F131783
:1003B00000208DF86D0017E004208DF86D0013E02B
:1003C00008208DF86D000FE010208DF86D000BE017
:1003D00020208DF86D0007E040208DF86D0003E0CF
:1003E00080208DF86D00FFE7D1E01D98006841F690
:1003F0000001C4F20101884240F04180FFE744F26D
:100400005440C5F60200006800F03800014608912B
:1004100028282FD80899DFE801F0152D2D2D2D2D36
:100420002D2D192D2D2D2D2D2D2D1D2D2D2D2D2D20
:100430002D2D212D2D2D2D2D2D2D252D2D2D2D2D00
:100440002D2D290001208DF86D0017E004208DF876
:100450006D0013E008208DF86D000FE010208DF87E
:100460006D000BE020208DF86D0007E040208DF836
:100470006D0003E080208DF86D00FFE786E01D9899
:10048000006841F60041C4F20101884240F0418019
:10049000FFE744F25440C5F60200006800F038005F
:1004A0000146079128282FD80799DFE801F0152D7C
:1004B0002D2D2D2D2D2D192D2D2D2D2D2D2D1D2D90
:1004C0002D2D2D2D2D2D212D2D2D2D2D2D2D252D70
:1004D0002D2D2D2D2D2D290001208DF86D0017E0DB
:1004E00004208DF86D0013E008208DF86D000FE0FA
:1004F00010208DF86D000BE020208DF86D0007E0D6
:1005000040208DF86D0003E080208DF86D00FFE73E
:100510003BE01D98006840F60041C5F600018842A6
:100520002ED1FFE744F25840C5F60200006800F003
:1005300007000146069105281DD80699DFE801F05D
:1005400003070B0F131702208DF86D0017E004202E
:100550008DF86D0013E008208DF86D000FE010207D
:100560008DF86D000BE020208DF86D0007E0402035
:100570008DF86D0003E080208DF86D00FFE703E04B
:1005800080208DF86D00FFE7FFE7FFE7FFE7FFE75B
:10059000FFE7FFE7FFE7FFE7FFE7FFE7FFE71D985C
:1005A000006840F60041C5F60001884240F0B48082
:1005B000FFE79DF86D0001460591022814D0FFE782
:1005C0000598042814D0FFE70598082816D0FFE7FF
:1005D0000598102818D0FFE70598202835D0FFE7A8
:1005E0000598402837D03AE0F6F796FC11903CE0A9
:1005F00015A8F6F7A5FC1698119036E012A8F6F7A4
:10060000F7FD1398119030E044F20040C5F6020067
:10061000006800F020010020B0EB511F0ED0FFE772
:1006200044F20040C5F602000068C0F3C10149F27F
:100630000000C0F2D030C840119005E049F200003F
:10064000C0F2D0301190FFE70FE040F60010C0F28A
:100650003D00119009E04FF40040119005E00020AA
:10066000119001208DF86700FFE71198002852D003
:10067000FFE711981D994A6A43F68841C0F60201C6
:1006800031F81210B0FBF1F0189018981D994968D4
:1006900001EB4101884207D3FFE718981D9949688B
:1006A000B0EB013F04D9FFE701208DF8670031E08E
:1006B00011981D994A6803924A6A43F68841C0F628
:1006C000020131F81220002304931946EFF7A3FE2C
:1006D000039A049B090241EA1061000210EB5200E8
:1006E00041F10001EFF797FE1A901A98B0F5407F9C
:1006F0000BD3FFE71A990020B0EB115F05D1FFE79C
:100700001A981D990968C86003E001208DF86700F8
:10071000FFE7FFE7FFE746E11D98C069B0F5004F2E
:1007200040F0A880FFE79DF86D0001460291402847
:1007300000F263800299DFE801F021256060296002
:1007400060602F6060606060606035606060606005
:1007500060606060606060606060566060606060A3
:100760006060606060606060606060606060606089
:10077000606060606060606060605C00F8F744F931
:10078000119040E0F8F754F911903CE015A8F6F705
:10079000D7FB1698119036E012A8F6F729FD1398AA
:1007A000119030E044F20040C5F60200006800F00D
:1007B00020010020B0EB511F0ED0FFE744F20040B3
:1007C000C5F602000068C0F3C10149F20000C0F2A2
:1007D000D030C840119005E049F20000C0F2D0309E
:1007E0001190FFE70FE040F60010C0F23D001190BD
:1007F00009E04FF40040119005E000201190012025
:100800008DF86700FFE7119898B3FFE711981D9ADC
:100810005168536A43F68842C0F6020232F8132048
:10082000B0FBF2F0400000EB5100B0FBF1F01A9089
:100830001A98102818D3FFE7BDF86A00A0B9FFE79F
:100840001A9820F00F00ADF86E001A9800F00E0113
:10085000BDF86E0040EA5100ADF86E00BDF86E00C4
:100860001D990968C86003E001208DF86700FFE763
:10087000FFE797E09DF86D0001460191402800F2E6
:1008800063800199DFE801F02125606029606060E4
:100890002F606060606060603560606060606060B4
:1008A0006060606060606060566060606060606052
:1008B0006060606060606060606060606060606038
:1008C00060606060606060605C00F8F79DF81190A7
:1008D00040E0F8F7ADF811903CE015A8F6F730FBD2
:1008E0001698119036E012A8F6F782FC1398119032
:1008F00030E044F20040C5F60200006800F020013C
:100900000020B0EB511F0ED0FFE744F20040C5F6C7
:1009100002000068C0F3C10149F20000C0F2D0300B
:10092000C840119005E049F20000C0F2D0301190AB
:10093000FFE70FE040F60010C0F23D00119009E023
:100940004FF40040119005E00020119001208DF837
:100950006700FFE7119820B3FFE711981D9A5168CF
:10096000536A43F68842C0F6020232F81320B0FB05
:10097000F2F000EB5100B0FBF1F01A901A98102839
:100980000AD3FFE7BDF86A0030B9FFE7BDF8680099
:100990001D990968C86003E001208DF86700FFE732
:1009A000FFE7FFE7FFE71D990120A1F86A001D9905
:1009B000A1F868001D99002048671D9988679DF877
:1009C00067001EB080BD000080B588B0069005911C
:1009D000ADF81220059806998865BDF812000699B1
:1009E000A1F85C0006990020C1F890000699222029
:1009F000C1F88C000698D0F88000B0B3FFE70698E5
:100A0000D0F880104FF60150C0F60000C863069879
:100A1000D0F880104FF6F950C0F600000864069830
:100A2000D0F880104FF68140C0F60000C8640698E8
:100A3000D0F880100020086506980168826DD0F813
:100A400080002431BDF81230F4F786F960B1FFE779
:100A500006991020C1F8900006992020C1F88C005A
:100A600001208DF81F0042E0FFE706980069A0B161
:100A7000FFE7FFE7FFE70698006850E8000F40F443
:100A800080700390FFE703990698026842E800101F
:100A90000028F0D1FFE7FFE7FFE7FFE7FFE7069851
:100AA000006850E8020F40F001000290FFE7029951
:100AB0000698026842E802100028F0D1FFE7FFE73D
:100AC000FFE7FFE70698006850E8020F40F040009B
:100AD0000190FFE701990698026842E80210002899
:100AE000F0D1FFE7FFE700208DF81F00FFE79DF83A
:100AF0001F0008B080BD000080B586B0DDF820C0C2
:100B0000049003918DF80B200193FFE7049800688F
:100B1000C06903990840401AB0FA80F040099DF876
:100B20000B10884266D1FFE708980130002860D09A
:100B3000FFE7F6F775F80199401A0899884203D83B
:100B4000FFE7089820B9FFE703208DF8170055E06C
:100B50000498006800684007002849D5FFE703981B
:100B6000802845D0FFE70398402841D0FFE704984C
:100B70000068C06900F008010120B0EBD10F16D168
:100B8000FFE7049801680820009008620498FFF7C6
:100B90004FF900980499C1F89000FFE704990020EC
:100BA00081F88400FFE701208DF8170026E0049803
:100BB0000068C06900F400610120B0EBD12F16D1AC
:100BC000FFE7049801684FF4006008620498FFF79B
:100BD0002FF904992020C1F89000FFE70499002024
:100BE00081F88400FFE703208DF8170006E0FFE797
:100BF000FFE78BE700208DF81700FFE79DF817004F
:100C000006B080BD0000000080B542F26C20C2F248
:100C10000040FAF7EDF980BD80B542F20030C2F233
:100C20000040FAF7E5F980BD80B542F29430C2F297
:100C30000040FAF7DDF980BDFFE7FEE700000000A5
:100C400080B586B005908DF8131018208DF812002D
:100C5000059848B1FFE79DF8130028B1FFE79DF81C
:100C60001300192801DBFFE734E000F035F880B30A
:100C7000FFE705999DF81300820047F24420C2F275
:100C800000400190EFF743FC01994FF0FF400390C3
:100C90009DF81320039841F822009DF813200420AA
:100CA00000EB8200ADF80A00BDF80A2042F2BC4019
:100CB000C2F200400A23FBF7FFF938B1FFE742F226
:100CC000BC40C2F2004000F053F8FFE700F03CF8EF
:100CD000FFE7FFE706B080BD80B582B000F01CF8EA
:100CE00047F2AC20C2F2004001680020019071B1CF
:100CF000FFE747F2AC20C2F2004000684FF0FF313E
:100D00000EF0E2FAB0FA80F040090190FFE7019896
:100D100000F0010002B080BD80B547F2AC20C2F205
:100D20000040006860B9FFE744F2C470C0F60200FA
:100D30000EF01AFB47F2AC21C2F200410860FFE757
:100D400080BD00000000000080B547F2AC20C2F278
:100D50000040006840B1FFE747F2AC20C2F200401B
:100D600000680EF095FBFFE780BD0000000000006A
:100D700081B000900098006847F60001C4F20001BD
:100D800088422ED1FFE747F2A821C2F2004100209D
:100D9000087000990A68116821F0400111600099FB
:100DA0000A68916821F080019160009A2021C2F8C0
:100DB00088100099C1F890000098016840200862EE
:100DC0000098016808200862009801680120086204
:100DD00000980168022008620098016804200862F7
:100DE000FFE701B07047000081B0009000980068F4
:100DF00047F60001C4F20001884207D1FFE747F23D
:100E0000A821C2F2004100200870FFE701B070473E
:100E100080B58AB08DF827008DF826108DF8252032
:100E200000208DF80C000290FFE70298072828DCCC
:100E3000FFE79DF82600029BD840C10760200029EB
:100E4000024618BF78220DF10D01CB1ADA719DF818
:100E50002720029BDA40D207002A024618BF7822D8
:100E6000CB1ADA739DF82530029AD340DB07002BAA
:100E700018BF7820891AC875FFE7029801300290E0
:100E8000D3E742F20010C2F2004003A900224FF65D
:100E9000FF73F8F785FEFFE742F20010C2F2004050
:100EA00090F88100012801D0FFE7F5E742F2001039
:100EB000C2F200400DF10D0118224FF6FF73F8F752
:100EC0006FFE00200190FFE7019863280FDCFFE729
:100ED00042F20010C2F2004003A901224FF6FF7354
:100EE000F8F75EFEFFE7019801300190ECE70AB0E9
:100EF00080BD00000000000080B582B040F6982060
:100F0000C2F20040019000F500700BF09DF80198CE
:100F100000F52E700BF098F80AF012FF02B080BDB9
:100F200080B50DF0D9FB80BD80B50DF0DDFB80BD37
:100F300080B586B000F0E0FD41F62070C2F20040BE
:100F400003900121019100220292F4F789FA01999C
:100F5000029A41F6C070C2F200400490F4F780FAA1
:100F60000199029A42F26000C2F200400590F4F743
:100F700077FA0398F5F7FCFB0498F5F7F9FB059869
:100F8000F5F7F6FB06B080BD2DE9F04FADF5117D0C
:100F90008F9000208DF80B028F9883AA02F128030E
:100FA0004021F4F715FC20B1FFE700208DF8430243
:100FB00024E3BDF81A028DF80B028F9841F62071D8
:100FC000C2F20041884240F06381FFE7839881903C
:100FD000819840F69821C2F20041098E88424CD196
:100FE000FFE783988499859A869BDDF81CC2DDF81B
:100FF00020E2CDF8E8E1CDF8E4C1789377927691DC
:10100000759089988A998B9A8C9BDDF834C2DDF8AB
:1010100038E2CDF800E2CDF8FCC17E937D927C9160
:101020007B907599769A779B7898DDF8E4E17A9CC5
:101030007B9D7C9E7D9FDDF8F881DDF8FC91DDF8DD
:1010400000A2EC46CDF84CC0CCF820A0CCF81C9007
:10105000CCF81880CCF81470CCF81060CCF80C5098
:10106000CCF80840CCF804E0CCF8000040F698201A
:10107000C2F200400BF0D8F909E1819840F69821BE
:10108000C2F20041B1F8B01088424DD1FFE7839819
:101090008499859A869BDDF81CC2DDF820E2CDF8A4
:1010A000B8E1CDF8B4C16C936B926A91699089985C
:1010B0008A998B9A8C9BDDF834C2DDF838E2CDF842
:1010C000D0E1CDF8CCC17293719270916F90699913
:1010D0006A9A6B9B6C98DDF8B4E16E9C6F9D709E74
:1010E000719FDDF8C881DDF8CC91DDF8D0A1EC4628
:1010F000CDF848C0CCF820A0CCF81C90CCF81880D3
:10110000CCF81470CCF81060CCF80C50CCF8084037
:10111000CCF804E0CCF8000040F69820C2F2004081
:1011200080300BF081F9B1E0819840F69821C2F24D
:101130000041B1F8301188424ED1FFE7839884997D
:10114000859A869BDDF81CC2DDF820E2CDF888E1A7
:10115000CDF884C160935F925E915D9089988A9981
:101160008B9A8C9BDDF834C2DDF838E2CDF8A0E133
:10117000CDF89CC166936592649163905D995E9A87
:101180005F9B6098DDF884E1629C639D649E659F2F
:10119000DDF89881DDF89C91DDF8A0A1EC46CDF852
:1011A00044C0CCF820A0CCF81C90CCF81880CCF827
:1011B0001470CCF81060CCF80C50CCF80840CCF887
:1011C00004E0CCF8000040F69820C2F2004000F5A0
:1011D00080700BF029F958E0819840F69821C2F20E
:1011E0000041B1F8B01188424ED1FFE7839884994D
:1011F000859A869BDDF81CC2DDF820E2CDF858E127
:10120000CDF854C1549353925291519089988A9930
:101210008B9A8C9BDDF834C2DDF838E2CDF870E1B2
:10122000CDF86CC15A935992589157905199529A4E
:10123000539B5498DDF854E1569C579D589E599FF6
:10124000DDF86881DDF86C91DDF870A1EC46CDF831
:1012500040C0CCF820A0CCF81C90CCF81880CCF87A
:101260001470CCF81060CCF80C50CCF80840CCF8D6
:1012700004E0CCF8000040F69820C2F2004000F5EF
:10128000C0700BF0D1F8FFE7FFE7FFE7FFE7B0E141
:101290008F9842F26001C2F20041884240F097808C
:1012A000FFE783980F9040F20F11884206D0FFE7C6
:1012B0000F9840F21F11884244D087E040F20000AE
:1012C000C2F20040D0F800C083988499859A869B2A
:1012D000DDF81CE2889C4A94CDF824E148934792BB
:1012E0004691459089988A998B9A8C9BDDF834E2D7
:1012F0008E9C5094CDF83CE14E934D924C914B9086
:1013000045984699479A489BDDF824E14A9D4B9EB3
:101310004C9FDDF83481DDF83891DDF83CA1DDF833
:1013200040B16C460E94C4F81CB0C4F818A0C4F8C0
:101330001490C4F81080E760A6606560C4F800E00F
:10134000E04743E040F20000C2F20040D0F804C0A1
:1013500083988499859A869BDDF81CE2889C3E944C
:10136000CDF8F4E03C933B923A91399089988A9970
:101370008B9A8C9BDDF834E28E9C4494CDF80CE182
:101380004293419240913F9039983A993B9A3C9BC5
:10139000DDF8F4E03E9D3F9E409FDDF80481DDF8DE
:1013A0000891DDF80CA1DDF810B16C460D94C4F87D
:1013B0001CB0C4F818A0C4F81490C4F81080E760FA
:1013C000A6606560C4F800E0E047FFE710E18F9891
:1013D00041F6C071C2F20041884240F00881FFE747
:1013E0008398B0F5007F40F20181FFE78398B0F564
:1013F000017F00F2FB80FFE78398A0F20120389084
:1014000038980C9048B1FFE70C98012853D0FFE7BB
:101410000C98042800F09D80E7E083988499859AD1
:10142000869BDDF81CC2DDF820E2CDF8C4E0CDF8E3
:10143000C0C02F932E922D912C9089988A998B9AC7
:101440008C9BDDF834C2DDF838E2CDF8DCE0CDF875
:10145000D8C035933492339132902C992D9A2E9B8B
:101460002F98DDF8C0E0319C329D339E349FDDF82B
:10147000D480DDF8D890DDF8DCA0EC46CDF82CC0A7
:10148000CCF820A0CCF81C90CCF81880CCF81470C4
:10149000CCF81060CCF80C50CCF80840CCF804E044
:1014A000CCF8000040F69820C2F2004000F5007031
:1014B0000AF0E6FC99E083988499859A869BDDF88A
:1014C0001CC2DDF820E2CDF894E0CDF890C0239363
:1014D00022922191209089988A998B9A8C9BDDF891
:1014E00034C2DDF838E2CDF8ACE0CDF8A8C02993DD
:1014F0002892279126902099219A229B2398DDF803
:1015000090E0259C269D279E289FDDF8A480DDF88D
:10151000A890DDF8ACA0EC46CDF828C0CCF820A00F
:10152000CCF81C90CCF81880CCF81470CCF8106073
:10153000CCF80C50CCF80840CCF804E0CCF8000013
:1015400040F69820C2F2004000F52E700AF098FC98
:101550004BE083988499859A869BDDF81CC2DDF860
:1015600020E2CDF864E0CDF860C017931692159193
:10157000149089988A998B9A8C9BDDF834C2DDF897
:1015800038E2CDF87CE0CDF878C01D931C921B9119
:101590001A901499159A169B1798DDF860E0199C1B
:1015A0001A9D1B9E1C9FDDF87480DDF87890DDF895
:1015B0007CA0EC46CDF824C0CCF820A0CCF81C9040
:1015C000CCF81880CCF81470CCF81060CCF80C5023
:1015D000CCF80840CCF804E0CCF8000040F2481009
:1015E000C2F2004001F0B4F8FFE7FFE7FFE7FFE7D2
:1015F000FFE79DF80B028DF84302FFE79DF84302D9
:101600000DF5117DBDE8F08F85B004908DF80F10B9
:1016100000200290049841F62071C2F200418842F5
:101620005CD1FFE79DF80F000138014601910A28BF
:1016300052D80199DFE801F0060C131A21272E3544
:101640003C42490040F20410C2F20040029044E0E3
:1016500040F20410C2F20040023002903DE040F23D
:101660000410C2F200400430029036E040F2041050
:10167000C2F20040063002902FE040F2FC00C2F2BD
:101680000040029029E040F2FC00C2F2004002302B
:10169000029022E040F2FC00C2F2004004300290CE
:1016A0001BE040F2FC00C2F200400630029014E061
:1016B00040F20C10C2F2004002900EE040F20C101A
:1016C000C2F200400230029007E040F20C10C2F279
:1016D00000400430029000E0FFE764E0049841F627
:1016E000C071C2F2004188425CD1FFE79DF80F0053
:1016F0000138014600910A2852D80099DFE801F02C
:10170000060C131A21272E353C42490040F21C10CA
:10171000C2F20040029044E040F21C10C2F20040CD
:10172000023002903DE040F21C10C2F20040043052
:10173000029036E040F21C10C2F2004006300290E7
:101740002FE040F21410C2F20040029029E040F273
:101750001410C2F200400230029022E040F2141055
:10176000C2F20040043002901BE040F21410C2F2BA
:1017700000400630029014E040F22410C2F2004013
:1017800002900EE040F22410C2F2004002300290BB
:1017900007E040F22410C2F200400430029000E062
:1017A000FFE7FFE7FFE7029805B070470000000081
:1017B00080B58EB00C90ADF82E100A920993BDF84A
:1017C0002E000090002001900290082103910490C7
:1017D00005900690079008900C980A9A6946F3F7CE
:1017E000BFFE20B1FFE701208DF8370003E00020A5
:1017F0008DF83700FFE79DF837000EB080BD000080
:1018000083B0029001910092009890ED002A90ED33
:10181000014A90ED026A90ED035AB6EE001AB0EE5E
:10182000417AA6EE467AA5EE457A029822EE050A9E
:1018300094EE060AD0ED000AD0ED011A90ED023ABE
:1018400020EE210AA7EE200A22EE062AA4EE052A9F
:10185000A2EE030A30EE000A019880ED000A00981B
:1018600090ED002A90ED016A90ED024A90ED035A46
:1018700022EE057AA6EE047A0298B0EE410AA6EEB0
:10188000460AA5EE450AD0ED000AD0ED011A90ED0A
:10189000023A20EE210AA7EE200A22EE062A94EE52
:1018A000052AA2EE030A30EE000A019880ED010A33
:1018B000009890ED000A90ED014A90ED023A90ED0B
:1018C000032A20EE035A94EE025A029820EE040AEC
:1018D000A3EE020A90ED006A90ED017A90ED022AE3
:1018E00020EE070AA5EE060AA4EE441AA3EE431A58
:1018F000A1EE020A30EE000A019880ED020A03B060
:10190000704700000000000083B002900191009237
:10191000009890ED002A90ED014A90ED026A90ED5A
:10192000035AB6EE001AB0EE417AA6EE467AA5EE5C
:10193000457A029822EE050AA4EE060AD0ED000AC6
:10194000D0ED011A90ED023A20EE210AA7EE200A0E
:1019500022EE062A94EE052AA2EE030A30EE000AD1
:10196000019880ED000A009890ED002A90ED016A40
:1019700090ED024A90ED035A22EE057A96EE047A33
:101980000298B0EE410AA6EE460AA5EE450AD0ED51
:10199000000AD0ED011A90ED023A20EE210AA7EEDE
:1019A000200A22EE062AA4EE052AA2EE030A30EE51
:1019B000000A019880ED010A009890ED000A90ED70
:1019C000014A90ED023A90ED032A20EE035AA4EE6C
:1019D000025A029820EE040A93EE020A90ED006A81
:1019E00090ED017A90ED022A20EE070AA5EE060A94
:1019F000A4EE441AA3EE431AA1EE020A30EE000A46
:101A0000019880ED020A03B070470000000000005A
:101A100086B08DED050ACDED040A8DED031A029016
:101A20009DED050A9DED041AB4EE410AF1EE10FA9F
:101A300003DAFFE704980590FFE79DED050A9DEDA9
:101A4000031AB4EE410AF1EE10FA03DDFFE7039842
:101A50000590FFE79DED030A9DED041A30EE410A63
:101A60008DED010A049800909DED050A9DED001A88
:101A700030EE410A029901208840013801EE100A37
:101A8000B8EEC11A20EE010A9DED011A80EE010A9E
:101A9000BDEEC00A10EE100A06B07047000000004C
:101AA00086B005908DED040ACDED030A02919DEDFF
:101AB000030A9DED041A30EE410A8DED010A0498E7
:101AC00000909DED050AB8EEC00A9DED011A20EECA
:101AD000010A029901208840013801EE100AB8EE8F
:101AE000C11A80EE010A9DED001A30EE010A06B01F
:101AF000704700000000000080B590B00020069004
:101B000008900990022105910A9101210B910C90F6
:101B10000D9041F62070C2F20040039008A9029196
:101B2000F3F78EFD029941F6C070C2F200400490B6
:101B3000F3F786FD029942F26000C2F2004007907E
:101B4000F3F77EFD059A069B039869460B601146E4
:101B5000F3F702FE059A069B049869460B6011464E
:101B6000F3F7FAFD059A069B079869460B60114644
:101B7000F3F7F2FD10B080BD80B584B003900399F7
:101B8000002001900874039BD3F8F400596842F6D2
:101B90005632C2F20042009212889B7B5A43EEF703
:101BA000FBFC0099039A50680988927B5143EEF739
:101BB0004FFD0099039AD2F818010988927B51438E
:101BC0005143EEF745FD0099039AD2F80C010988BC
:101BD000137B927B59435143EEF73AFD01988DF800
:101BE0000B00FFE79DF80B000399897B884243DADD
:101BF000FFE70398D0F8F4009DF80B1000EB81008C
:101C000090ED000AB5EE400AF1EE10FA2DD0FFE794
:101C1000039AD2F8F4109DF80B0051F82000127CC2
:101C200041F822009DF80B00039A516A127C8854F7
:101C3000DDF80CC0DCF818009DF80BE050F82E0021
:101C4000DCF80C119CF80C209CF81030DCF814C067
:101C50001CF80EC012FB03C201EB820141F8040C18
:101C60000399087C01300874FFE7FFE79DF80B003B
:101C700001308DF80B00B5E700208DF80A00FFE772
:101C80009DF80A000399097C884216DAFFE7039B56
:101C9000D869596A9DF80A20895C50F82100D3F868
:101CA00018111B7C12FB032241F82200FFE79DF86C
:101CB0000A0001308DF80A00E2E70399087CA1F8D8
:101CC00078000399087BA1F87A000399087BA1F8B2
:101CD00080000399087CA1F882000399087CA1F890
:101CE00090000399087CA1F892000399087BA1F861
:101CF00098000399087CA1F89A000399087CA1F840
:101D0000480004B080BD000080B540F21000C2F26F
:101D10000040816841F62070C2F20040884780BDD3
:101D200080B540F21000C2F20040816841F6C070F8
:101D3000C2F20040884780BD80B540F21000C2F278
:101D40000040816842F26000C2F20040884780BDD6
:101D500080B584B00390039890ED003A90ED010AAD
:101D600090ED022A90ED031A20EE000AA3EE030A7A
:101D7000A2EE020AA1EE010A11F080F98DED020A2D
:101D80009DED020A9FED1B1AB4EE410AF1EE10FA26
:101D90002DDDFFE79DED021AB7EE000A80EE010A85
:101DA0008DED010A9DED011A039890ED000A20EED9
:101DB000010A80ED000A9DED011A039890ED010AD9
:101DC00020EE010A80ED010A9DED011A039890EDC5
:101DD000020A20EE010A80ED020A9DED011A039825
:101DE00090ED030A20EE010A80ED030AFFE704B03C
:101DF00080BD00BFBD37863580B584B08DED030A48
:101E000040F6DB70C4F2C90002909DED030A9FED1D
:101E1000111A30EE010ADFED100A11F00FF88DED06
:101E2000010A9DED010AB5EE400AF1EE10FA09DA59
:101E3000FFE79DED010A9FED081A30EE010A8DEDD6
:101E4000010AFFE79DED010A9FED041A30EE010A39
:101E500004B080BDDB0F4940DB0FC940DB0F49C038
:101E600080B584B08DED030A40F6DB70C4F2C90082
:101E700002909DED030ADFED0D0A10F0DFFF8DEDFE
:101E8000010A9DED010AB5EE400AF1EE10FA09DAF9
:101E9000FFE79DED010A9FED051A30EE010A8DED79
:101EA000010AFFE79DED010A04B080BDDB0FC940C8
:101EB00082B001908DED000A019890ED000A9DED31
:101EC000001AB4EE410AF1EE10FA04DDFFE70098C3
:101ED00001990860FFE7019890ED000A9DED001A56
:101EE000B1EE411AB4EE410AF1EE10FA08DAFFE75A
:101EF0009DED000AB1EE400A019880ED000AFFE76F
:101F000002B070470000000080B58EB00D900D98B3
:101F1000079000F5A1609FED8A0ADFED8A0A9FED28
:101F20008A1ADFED8A1ACDED031A9FED892A8DED0D
:101F3000042ADFED882ACDED012A9FED873A8DED49
:101F4000023ADFED863A00F0C7FDDDED012ADDED56
:101F5000023ADDED031A9DED042A079800F5B660FC
:101F60009FED7F0ADFED7F0ACDED000AB0EE611A2A
:101F7000B0EE633A00F0B0FDDDED012ADDED023A8E
:101F80009DED042A079800F204609FED770ADFEDCB
:101F9000770A9FED771ADFED771AB0EE633A00F01B
:101FA0009BFDDDED000ADDED012ADDED023ADDED00
:101FB000031A9DED042A079800F5CB609FED6E0A89
:101FC000B7EE001AB0EE633A00F086FD9DED031AFD
:101FD000DDED041A079800F2AC60B3EE040ADFED01
:101FE000670A4FF4804141F2707200F035FE0798A5
:101FF000018900EE101AB8EEC00B40F6CC01C2F217
:10200000004191ED1D1AB7EEC11A9FED492B81EEEB
:10201000021B9FED492BA1EE020BB7EEC00B00F5A2
:10202000E06181ED000A4FF07E510C910B9100228E
:10203000C4F220120A9245F20002C4F2C37209925D
:102040000891383000220592012306931946FAF7C9
:10205000EBF9059A069B079800F5B6701946FAF752
:10206000E3F9059A069B079800F528701946FAF7D8
:10207000DBF9059A069B079800F575701946FAF783
:10208000D3F90798D0F838210C991160D0F84C2179
:102090000B991160D0F850210A991160D0F83021C5
:1020A00009991160D0F8442108991160D0F86C2288
:1020B0000C991160D0F880220B991160D0F884221D
:1020C0000A991160D0F8642209991160D0F8782239
:1020D000089911600021C4F2C0010A91D0F8A02330
:1020E0000C991160D0F8B4230B991160D0F8B82383
:1020F0000A991160D0F8982309991160D0F8AC239F
:1021000008991160D0F8D4240C991160D0F8E82413
:102110000B991160D0F8EC240A991160D0F8CC2406
:1021200009991160D0F8E014089808600EB080BDDD
:102130004AD8124DFB211940000000000000C040A9
:10214000004083448FC2F53D00007A440000000047
:10215000000000460060EA4600401C460080BB4587
:10216000E7FBA93DACC527370080894400007042D9
:1021700000806D440000C8427D3F0540AE47613E8F
:1021800080B582B001900198052102229FED030ADB
:10219000DFED030A00F050FB02B080BD2CA0994196
:1021A0000060EA460000000080B586B00590059802
:1021B000019040F66800C2F200404078012804D146
:1021C000FFE70199002048825CE00198007C01282B
:1021D00004D1FFE7019800F063F800E052E0FFE768
:1021E000019800210491039100F0A6FA01988DED69
:1021F000020A00F0A1FA40F24000C2F2004090ED65
:10220000001A30EE010A8DED020A9DED020A9FEDE3
:102210001E1AB4EE410AF1EE10FA09DDFFE79DED5A
:10222000020A9FED1C1A30EE010A8DED020A13E03E
:102230009DED020A9FED151AB4EE410AF1EE10FA77
:1022400009DAFFE79DED020A9FED111A30EE010A4F
:102250008DED020AFFE7FFE79DED020A9FED0D1AE3
:1022600080EE010A9FED0C1A20EE010A40F698203C
:10227000C2F2004009F0F8F9019800F005FB00F007
:1022800043FAFFE706B080BD00008045000080C52E
:1022900000000046000000C60000B443000000003B
:1022A00080B58AB0099009980590408A1E281DDCE7
:1022B000FFE7059840F2C801C2F2004191ED050A1E
:1022C000B7EEC00A9FEDCC1B80EE011B018900EE2A
:1022D000101AB8EEC00B9FEDCA2BA1EE020BB7EEA1
:1022E000C00B00F5E06080ED000AFFE7059800F5FF
:1022F000E06090ED000A9FEDC41AB4EE410AF1EEE1
:1023000010FA0CDDFFE7059800F5E06090ED000A9B
:102310009FEDBE1A30EE010A80ED000A19E0059823
:1023200000F5E06090ED000A9FEDB81AB4EE410AA6
:10233000F1EE10FA0CDAFFE7059800F5E06090ED99
:10234000000A9FEDE51A30EE010A80ED000AFFE772
:10235000FFE7059840F6CC01C2F2004191ED1D0A5D
:10236000B7EEC00A9FEDD81B80EE010B9FEDD81B86
:1023700020EE010BB7EEC00B8DED080A008900EED0
:10238000100AB8EEC00A9DED081A30EE010A8DED74
:10239000070A9DED070A9FEDD21AB4EE410AF1EE4D
:1023A00010FA09DDFFE79DED070A9FEDCC1A30EE2C
:1023B000010A8DED070A13E09DED070A9FEDC91A8A
:1023C000B4EE410AF1EE10FA09DAFFE79DED070AD3
:1023D0009FEDC11A30EE010A8DED070AFFE7FFE716
:1023E00005989DED070ABDEEC00A10EE101A40F6E2
:1023F0006802C2F2004211859DED070A00F5E06017
:1024000090ED001A30EE410A40F23C00C2F200406A
:1024100090ED001A40F6CC00C2F2004090ED1F2A69
:10242000A1EE020A8DED060A9DED060A9FEDAD1A9A
:10243000B4EE410AF1EE10FA09DCFFE79DED060A61
:102440009FEDA51A30EE010A8DED060A13E09DED11
:10245000060A9FEDA31AB4EE410AF1EE10FA09DB69
:10246000FFE79DED060A9FED9D1A30EE010A8DED06
:10247000060AFFE7FFE740F66800C2F2004090F866
:102480002500002840F09980FFE79DED060AB1EE97
:10249000041AB4EE410AF1EE10FA0DDAFFE79DEDF1
:1024A000060AB9EE041AB4EE410AF1EE10FA03DDA1
:1024B000FFE700200690FFE70599069A01F1380032
:1024C000CB6B1A60D1F838214FF07E511160FAF7CA
:1024D000DBFB0598D0F820010068069040F254001C
:1024E000C2F20040007840F25C01C2F2004109787B
:1024F00088421DDBFFE7059800F5B66004909FED6C
:102500007A0A00F0E1FB04989DED060A00F070FAEB
:10251000049800F079FA049800F0CEFB059880ED5D
:10252000000A40F25401C2F2004100200870FFE7A7
:10253000059901F5A160039091ED000A00F0C4FB3C
:102540000398059991ED030AB8EEC00A00F050FA1D
:10255000039840F21C01C2F2004100F0EDFA03982A
:1025600000F0AAFB0599BDEEC00A10EE100A4881E2
:10257000B1F90A0000EE100AB8EEC00AD1F8D8038B
:1025800080ED000A01F13800D1F838214FF07E517A
:102590001160FAF779FB0599D1F8200190ED000A56
:1025A000BDEEC00A10EE100A488140F25401C2F29A
:1025B000004108780130087081E040F66800C2F2FE
:1025C000004090F82500012878D1FFE79DED060A2C
:1025D000B2EE041AB4EE410AF1EE10FA1BDAFFE78C
:1025E0009DED060ABAEE041AB4EE410AF1EE10FAB5
:1025F00011DD0DE000BF00BF4AD8124DFB2119408C
:10260000000000000000C04000000046000000C6BE
:1026100000200690FFE7059800F5CB6001909FED44
:10262000320A00F051FB01989DED060A00F0E0F936
:10263000019800F0E9F9019800F03EFB059981ED61
:10264000000A01F20460029091ED000A00F03CFBE8
:102650000298059991ED030AB8EEC00A00F0C8F996
:10266000029840F21C01C2F2004100F065FA0298A3
:1026700000F022FB0599BDEEC00A10EE100A488159
:10268000B1F90A0000EE100AB8EEC00AD1F8D8037A
:1026900080ED000A01F13800D1F838214FF07E5169
:1026A0001160FAF7F1FA0599D1F8200190ED000ACE
:1026B000BDEEC00A10EE100A4881FFE7FFE70AB03E
:1026C00080BD00BF00BF00BF4AD8124DFB2119409A
:1026D000000000000000C04000000046000000C6EE
:1026E00000008045000080C50000000000000000E0
:1026F00080B582B001900198009000F0D1F8009868
:1027000002B080BD0000000080B540F21000C2F2AF
:102710000040D0F804C040F24C00C2F20040006813
:1027200040F21412C2F2004240F2FF110823E047C7
:1027300080BD00000000000081B00090009800897A
:1027400000EE100AB8EE400A01B070470000000029
:102750002DE9F04F8EB0DDF87CA0DDF87890DDF843
:1027600074801C9F1B9E1A9D199CDDF860E0DDF8AB
:102770005CC0CDF834A0CDF83090CDF82C800A970D
:10278000099608950794CDF818E0CDF814C0049385
:1027900003920291019001990091088988839DF824
:1027A00030209DF8310040EA022008819DF8322057
:1027B0009DF8330040EA022000B2C8609DF8342042
:1027C0009DF8350040EA022008839DF8360088769F
:1027D0000889898B401A4EF29B61CFF6FF718842BF
:1027E00005DCFFE70099C88B0130C883FFE700993B
:1027F000888B0989401A4EF29B61CFF6FF7188429F
:1028000005DCFFE70099C88B0138C883FFE7009912
:102810000889B1F91E2000EB423000EE100AB8EE34
:10282000C00A81ED080A488A0130488201200874F4
:102830000EB0BDE8F08F000080B586B005908DF831
:1028400013108DF812208DED030ACDED020A0599C3
:1028500001919DF8130081F82C009DF8120081F879
:102860003000039848630298886240F24C00C2F23C
:10287000004000689DF81310FEF7C6FE01994861FC
:1028800006B080BD0000000081B000900099C87AB9
:102890004A691070887A4969487001B07047000031
:1028A00081B00090009846F20001C4F2EA618162B2
:1028B0004FF40051C185032180F830104AF22C01F9
:1028C000C4F29911416301B070470000000000009C
:1028D00084B08DED020ACDED010A8DED001A9DED5B
:1028E000020A9DED001AB4EE410AF1EE10FA03DD82
:1028F000FFE7009803900FE09DED020A9DED011A9D
:10290000B4EE410AF1EE10FA03DAFFE70198039002
:1029100002E002980390FFE79DED030A04B07047C0
:1029200084B08DED020ACDED010A8DED001A9DED0A
:10293000010A9DED021A9DED002A31EE021AB4EE55
:10294000410AF1EE10FA09DDFFE79DED020A9DED67
:10295000001A30EE010A8DED030A19E09DED010A1F
:102960009DED021A9DED002A31EE421AB4EE410AA5
:10297000F1EE10FA09DAFFE79DED020A9DED001A6B
:1029800030EE410A8DED030A02E001980390FFE763
:102990009DED030A04B0704783B08DED010ACDEDC3
:1029A000000A9DED010A9DED001AB4EE410AF1EE18
:1029B00010FA03DDFFE70098029015E09DED010A93
:1029C0009DED001AB1EE411AB4EE410AF1EE10FA93
:1029D00007DAFFE79DED000AB1EE400A8DED020A2D
:1029E00002E001980290FFE79DED020A03B07047F4
:1029F00082B001908DED000A01990098486002B004
:102A0000704700000000000080B582B0019001997D
:102A1000009191ED000A91ED011A30EE410A81ED2D
:102A2000020A91ED010A91ED031A30EE410A81ED9F
:102A3000040A91ED000A91ED071A30EE410A81ED8A
:102A4000050A91ED021A91ED080A20EE010A81EDC6
:102A50000C0A01F1340091ED022A91ED091A91ED71
:102A60000D0AA1EE020A81ED0D0A91ED021A91ED17
:102A7000032A91ED0A0A31EE421A20EE010A81ED95
:102A80000E0A91ED051A91ED0B0A20EE010A81ED77
:102A90000F0A91ED130AFFF70BFA009991ED0C0A5A
:102AA00091ED0D3A91ED0E2A91ED0F1A30EE030AD9
:102AB00030EE020A30EE010A01F1400081ED100A09
:102AC00091ED110AFFF7F4F900998868C860086869
:102AD000C86102B080BD000089B008908DED070A82
:102AE000CDED060A8DED051ACDED041A8DED032A04
:102AF000CDED022A8DED013ACDED003A0899079807
:102B0000086206984862059888620498C86203982B
:102B1000086502984864019888640098C864002099
:102B20000863886348638860C86008614861086416
:102B30004860086009B0704780B584B00390029186
:102B400003990191029891ED020AD1ED030AEFF782
:102B50006FF9019890ED000A90ED011A30EE410AEC
:102B600080ED020A90ED020A90ED031A30EE410A60
:102B700080ED040A90ED000A90ED071A30EE410A4C
:102B800080ED050A90ED021A90ED080A029991ED88
:102B9000002A30EE020A20EE010A80ED0C0A0299AA
:102BA00091ED013A90ED022A90ED091A90ED0D0A8F
:102BB00031EE031AA1EE020A80ED0D0A90ED011A22
:102BC00090ED032A90ED0A0A029991ED023A30EE57
:102BD000030A31EE421A20EE010A80ED0E0A90ED52
:102BE000051A90ED0B0A20EE010A80ED0F0A90ED18
:102BF000020A90ED121AB4EE410AF1EE10FA04DB6B
:102C0000FFE701990020486307E0019901F13400D2
:102C100091ED130AFFF74CF9FFE7019991ED0C0ACA
:102C200091ED0D3A91ED0E2A91ED0F1A30EE030A57
:102C300030EE020A30EE010A01F1400081ED100A87
:102C400091ED110AFFF734F901994868C8600868E6
:102C5000C86104B080BD000087B006908DED050A04
:102C6000CDED040A8DED031ACDED021A019100920B
:102C70000699059808620398486204988862029849
:102C800008659DED010AB8EE400A81ED110A9DED3F
:102C9000000AB8EE400A81ED130A00200863886339
:102CA00048638860C860886108644860086007B04D
:102CB000704700000000000081B00090009890ED87
:102CC000100A01B07047000082B001908DED000A3B
:102CD00001990098086002B07047000000000000F1
:102CE00080B582B001900198009008F0B1FC009886
:102CF00005F076FB009801F0EFFB02B080BD00000C
:102D000080B588B007908DED060ACDED050A8DEDF2
:102D1000041ACDED031A0798029000F6C82100911D
:102D200000F55C700BF0F4F900980AF011F80298C5
:102D300000F64831019100F2AC400BF0E9F901983E
:102D40000AF006F800989DED060A0AF015FA0198B7
:102D50009DED050A0AF010FA00980AF019FA019898
:102D600002999DED041A30EE010A01F56E6181EDC4
:102D7000000A0AF00DFA02989DED031A30EE010ADE
:102D800000F6E46080ED000A08B080BD000000009D
:102D900080B5ADF50C7D8B908B98349040F6CC01CE
:102DA000C2F2004191ED1C0A9FEDC31A30EE010AF8
:102DB0008DED8A0A41F2B8014058002818BF012061
:102DC0008DF827029DF827120120C907359039B9DF
:102DD000FFE7349805F064F980F001003590FFE7D3
:102DE000359800F001008DF826024FF07E50889053
:102DF0009DF82702C00740B3FFE7349841F2B801BD
:102E000033914058C0F1FA0087909DED870AB8EEE3
:102E1000400A9FEDAA1A80EE010ADFEDA90AB7EE7B
:102E2000001AFFF755FD339A34998DED860A9DED12
:102E3000861A9FEDA42A9FEDA40AA1EE020A8DED49
:102E4000880A885801388850FFE73498D0F8241F42
:102E50008591D0F8241F849100218391829190F86C
:102E6000850FC007002861D0FFE7349841F22801A0
:102E70002D9101442F9191ED000A00F624703090BD
:102E8000D0ED000A9FED911A8DED311AFFF748FD44
:102E900034992F9A30989DED311A82ED000A41F253
:102EA0002C022E921144329191ED000AD0ED000ACD
:102EB000FFF736FDDDF8B4C02E9B349A2F99309879
:102EC0009DED311ADDF8C8E08EED000A52F80CC015
:102ED000CDF814C2D258849291ED000A90ED002AE8
:102EE00030EE420AB0EEC00AB4EE410AF1EE10FA3A
:102EF0001BDAFFE7349841F22C01014491ED000AFE
:102F000000F6247090ED001A30EE410AB0EEC00ACF
:102F10009FED6E1AB4EE410AF1EE10FA05DAFFE702
:102F20003499002081F8850FFFE7FFE7349901F617
:102F3000047090ED000AB0EEC00A9FED651A002003
:102F4000B4EE410AF1EE10FA0246D8BF01228DF824
:102F5000072201F5706191ED000AB0EEC00A9FED05
:102F60005D1AB4EE410AF1EE10FA0146C8BF012124
:102F70008DF806129DF80712C9072C9021B1FFE7C2
:102F80009DF806022C90FFE72C9800F001008DF8C8
:102F900005029DF80502C00788B1FFE79DED850A8F
:102FA0009DED841A30EE010AB6EE001A20EE010AF9
:102FB0008DED800A8098859080988490FFE79DF839
:102FC0000702C00728B1FFE79FED3D0A8DED2B0AF0
:102FD00007E0349800F6047090ED000A8DED2B0A9E
:102FE000FFE734989DED2B0A8DED7F0A4BF21871A7
:102FF000C3F651217E9100F6BC7090ED000AB5EE4B
:10300000400AF1EE10FA19DDFFE7349800F6BC70C3
:1030100090ED000A9FED2F1AB4EE410AF1EE10FA7E
:103020000CDAFFE7349800F6BC7090ED000A9FEDD3
:103030002A1A20EE010A8DED7E0AFFE734989DEDF5
:103040007F0AB0EEC00A00F6F87090ED001AB0EEFC
:10305000C11AB4EE410AF1EE10FA09DAFFE79DED6C
:103060007E0AB7EE081A20EE010A8DED7E0AFFE710
:10307000349800F6F8702A9090ED000ADDED7F0A92
:103080009DED7E1AFFF74CFC2A9880ED000A9DF812
:103090000502C00728B1FFE734990020C1F8F80FF6
:1030A000FFE79DF80702C00790B3FFE79FED040A12
:1030B0008DED290A40E000BFCDCC4CBD0000C842D8
:1030C00000000000CDCC0C3F6666E63E17B75138D5
:1030D0000AD7A33D0AD7A33CCDCC4C3F8FC2753D48
:1030E000CDCCCC3D58807B42022BCD4000008C42A1
:1030F00000002042000082430000B4420000A042D1
:10310000A69BC43B0AD7233C4160E53BA69B443BBE
:10311000349800F6F87090ED000AB0EEC00AB5EEF3
:10312000001A80EE010A5FED1A0AB7EE001AFFF7E7
:10313000CFFB8DED290AFFE734989DED290A8DED2F
:103140007D0A9DED7D0AB4EE001A20EE010A8DED98
:103150007C0A00F6F87191ED000A9DED7C1A30EEC4
:10316000010A8DED7B0A7B9941F2040281507B9923
:1031700041F20802815000F5007008F06DFE3498AD
:103180001FED2A1A8DED281A20EE410A8DED7A0ADC
:1031900000F52E7008F060FE9DED281A349820EEA0
:1031A000010A8DED790A9DED7A0A9DED791A30EECE
:1031B000010AB6EE001A20EE010A8DED780A9DEDA7
:1031C000790A9DED7A2A30EE420A20EE010A8DED51
:1031D000770A9DF80512C9071FED3F0A1FED442A23
:1031E000002902FE000A8DED760A9DED761A9DED0E
:1031F000783A00F6FC7191ED000A33EE403AA1EE08
:10320000030A81ED000A9DED771A00F5805090EDDC
:10321000000A31EE401AA1EE020A80ED000A9DF884
:103220002602C007002800F0EC81FFE7349842F640
:103230000231C4F2CD01759100F55C7023900AF063
:10324000FBFD0BF059FA34981FED5A1A8DED221A36
:1032500020EE010A8DED740A00F2AC4024900AF0D1
:10326000EBFD0BF049FA9DED221A239820EE010A9E
:103270008DED730A002172910AF04AFF23988DEDBB
:10328000260A0AF0D9FD0BF037FA24988DED250AAD
:103290000AF03EFF24988DED270A0AF0CDFD0BF0D1
:1032A0002BFA9DED252A9DED261AB0EE403A9DEDB4
:1032B000270A20EE030AA1EE020AB6EE001A20EE5B
:1032C000010A8DED710A9DF80502C007E0B9FFE71C
:1032D00034989DED710A1FED801A80EE010A1FEDF2
:1032E0007E1A20EE010A00F60C7090ED001A20EE16
:1032F000010A40F6CC00C2F2004090ED061A20EE22
:10330000010A8DED720AFFE734989DF80512C9078E
:103310001FED961A1FED8B0A002900FE010A8DEDA4
:10332000700A9DF80512C907B2EE0C2AB2EE000A27
:10333000002900FE020A8DED6F0A9DF80512C907EB
:103340001FED950A002900FE010A8DED6E0A9DF819
:103350000512C9071FED991A1FED990A002900FEF1
:10336000010A8DED6D0A9DF80512C9071FED9D1A22
:10337000B3EE0E0A002900FE010A8DED6C0A49F633
:10338000A631C3F6C4316B9140F6CC01C2F20041C4
:1033900091ED1B1A1FEDA60A30EE410A8DED6A0A67
:1033A00000F55C700AF0B4FE34988DED210A00F24D
:1033B000AC400AF0ADFEB0EE401A9DED210A30EEB1
:1033C000410AB0EEC00A8DED690A9DF80502C007FA
:1033D00098B1FFE79DED691A1FEDB60A30EE410A7C
:1033E0001FEDB71A80EE010A5FEDCB0AB7EE001AA7
:1033F000FFF76EFA8DED200A04E0B7EE000A8DEDBE
:10340000200AFFE734989DED200A8DED680A00F64A
:10341000BC7090ED000AB5EE400AF1EE10FA3EDD08
:10342000FFE7349800F6BC7090ED000A1FEDD71A44
:10343000B4EE410AF1EE10FA31DAFFE79DF8050229
:10344000C00740B1FFE79DED680AB5EE400AF1EE16
:1034500010FA1EDDFFE7349800F6CC711F9191ED54
:10346000000A9DED681A9DED6D2A21EE021A9DED70
:103470006A2A21EE021A00F6BC7090ED002AA1EE35
:10348000020ADDED6C0AFFF787FA1F9880ED000A4B
:1034900004E034990020C1F8CC0FFFE704E0349930
:1034A0000020C1F8CC0FFFE7002067909DF80502CF
:1034B000C007E0B9FFE79DED6A0AB0EEC00A1FED54
:1034C000ED1AB4EE410AF1EE10FA10DCFFE740F617
:1034D000CC00C2F2004090ED040AB0EEC00A9FEDAD
:1034E000C21AB4EE410AF1EE10FA28DDFFE7349873
:1034F0009DED680A8DED1E0A9DED701A9DED6A2AFC
:103500009DED6F0A40F6CC01C2F2004191ED043A04
:1035100020EE030A91EE020A00F6CC7090ED001A3C
:1035200030EE010ADDED6E0AFFF736FAB0EE401A12
:103530009DED1E0A20EE010A8DED670AFFE7349823
:1035400000F6C8701D9090ED000ADDED6E0AFFF7E1
:1035500023FA1D9880ED000A9DF80502C0079FED33
:10356000A31A9FEDA30A002800FE010A8DED660A4A
:103570009DF80502C00768B1FFE79DED680AB5EE4A
:10358000400AF1EE10FA05DCFFE734990020C1F89B
:10359000C80F0FE034989DED661A9DED672A00F67E
:1035A000C87090ED000A32EE402AA1EE020A80EDCA
:1035B000000AFFE73498D0F8C81F65919DED740AA2
:1035C0009DED651A30EE010A9DED721A30EE410A4A
:1035D0008DED830A9DED730A9DED651A30EE410A6B
:1035E0009DED721A30EE010A8DED820A00F57D60C4
:1035F00090ED000A9FED7F1AA0EE010A80ED000A0F
:103600000EE034990020C1F8C80FC1F8CC0FC1F802
:10361000D00F4CF6CD40C3F6CC6085908490FFE788
:103620009DF80702C007D0B3FFE79DF80502C00769
:10363000A8BBFFE7349800F6BC7090ED000AB5EE29
:10364000400AF1EE10FA29DDFFE7349800F6BC706D
:1036500090ED000A9FED681AB4EE410AF1EE10FAFF
:103660001CDAFFE7349800F6F4711C9191ED000A22
:1036700000F6FC7191ED001ABEEE002A21EE021A4E
:1036800000F6BC7090ED002AA1EE020AF7EE000AE7
:10369000FFF782F91C9880ED000AFFE704E03499F7
:1036A0000020C1F8F40FFFE79DF80502C0070028CD
:1036B0006DD0FFE7349800F6BC7090ED000AB5EECF
:1036C000400AF1EE10FA62DDFFE7349800F6BC70B4
:1036D00090ED000A9FED481AB4EE410AF1EE10FA9F
:1036E00055DAFFE734984FF6B561C3F616116491C9
:1036F00000F6E87191ED000A00F6FC7090ED001AFA
:1037000020EE010A9FED3D1AB4EE410AF1EE10FAE7
:103710000CDAFFE7349800F6E47090ED000A9FEDB4
:10372000381A20EE010A80ED000AFFE7349800F60F
:10373000FC7090ED000AB0EEC00A9FED321AB4EEB4
:10374000410AF1EE10FA1CDDFFE7349800F6E4714F
:103750001B9191ED000A00F6FC7191ED001AB2EE9A
:10376000002A21EE021A00F6BC7090ED002AA1EEAC
:10377000020AF1EE000AFFF70FF91B9880ED000A2C
:10378000FFE73499D1F8FC0FC1F8E80F06E034994F
:103790000020C1F8E40FC1F8E80FFFE7349805F006
:1037A00043FF349804F040FF9DF82602C00700282C
:1037B00000F09380FFE7349800F6BC7090ED000AAB
:1037C000B5EE400AF1EE10FA40F38780FFE7349837
:1037D00000F6BC7090ED000A9FED071AB4EE410AA6
:1037E000F1EE10FA79DA1FE00AD7233CCDCCCC3DBC
:1037F0008FC2753D0AD7A3BD0AD7A33CB5FE16B943
:10380000CDCC4C3EA69B443C0000704200000C42D4
:1038100000002042000000009A99993F9A9999BFB0
:1038200035FA0EBE9A99993E349841F21C01014432
:10383000179191ED000A9DED8A1A1FED0D2A21EED8
:10384000021A00F6BC7090ED002AA1EE020AF2EE18
:10385000040AFFF7A1F8179880ED000A9DED8A1A77
:1038600040F6CC01C2F2004191ED050AB1EE002A0A
:1038700020EE020A1FED1B2AA1EE020A90ED001AAB
:1038800030EE010AF3EE000AFFF786F834988DED6A
:10389000630A00F6F460189090ED000A9DED631A3B
:1038A00030EE010A5FED260ACDED190AFFF774F834
:1038B00018993498DDED190A81ED000A00F6F860D8
:1038C0001A9090ED000A9DED631A30EE010AFFF7A1
:1038D00063F81A9880ED000A05E0349941F21C0261
:1038E00000208850FFE79DF80702C00700283ED05F
:1038F000FFE79DF80602C007C8BBFFE79DF8260258
:10390000C007A0B3FFE7349901F6F460159090ED7D
:10391000000A01F6F861169191ED001A30EE010AE5
:10392000B6EE001A20EE010A8DED620A91ED000A52
:1039300090ED002A30EE420A20EE010AF0EE080A6D
:10394000FFF72AF8159916988DED610A9DED620A28
:103950009DED611A30EE410A81ED000A9DED620A8B
:103960009DED611A30EE010A80ED000AFFE79DF837
:103970000502C007002800F0D180FFE7349800F668
:10398000EC6191ED000A00F56F6191ED001A30EEE7
:10399000010AB6EE001A20EE010A8DED600A00F56C
:1039A000706090ED000A1FED6A1A20EE010A8DED9D
:1039B0005F0A9DED5F0A90ED001A40F6CC01C2F25D
:1039C000004191ED1F2A31EE421A1FED782AA1EE37
:1039D000020A8DED5E0A49F69A11C3F699715D915E
:1039E00090ED000AB5EE400AF1EE10FA0BDDFFE7AC
:1039F0009DED5E0A5FED790A1FED791AFEF768FF0B
:103A00008DED5E0A0AE09DED5E0A5FED7C0A1FED1A
:103A10007F1AFEF75DFF8DED5E0AFFE734989DED9E
:103A20005E0AB1EE400A41F20401014481ED000A50
:103A30005E9941F20802815000F6FC7191ED001A86
:103A400000F6E47090ED000AB0EE082A8DED132A1E
:103A5000A1EE020AF2EE000ACDED140AFEF79CFF79
:103A60009DED131A34988DED5C0A9DED5C2A9DED59
:103A7000600A30EE020A8DED600A5C99C0F8EC1F16
:103A80009DED5E0A00F5805090ED002A30EE420A6E
:103A90008DED5B0A9DED5B0A20EE010AF1EE080A4E
:103AA000FEF77AFFDDED140A8DED5A0A9DED600AEE
:103AB000FEF772FF8DED600A9DED600AB0EEC01A50
:103AC000B2EE040A30EE410A8DED590A9DED5A0A14
:103AD000DDED590AFEF760FF34998DED5A0A9DED30
:103AE000600A9DED5A1A30EE410A01F6EC6080ED55
:103AF000000A9DED600A9DED5A1A30EE010A01F5AB
:103B00006F6080ED000A41F214020020885041F2FB
:103B1000180288505A98C1F8E00FABE2349901F6C8
:103B2000EC6090ED000A01F56F6191ED001A30EE46
:103B3000011AB6EE000A21EE001A8DED581A91ED29
:103B4000001A90ED002A31EE421A21EE001A8DED96
:103B5000571A40F6CC00C2F2004090ED1C1AB0EEAD
:103B6000C11A1FEDD12A81EE022AB7EE001A32EEF9
:103B7000012A8DED562A9DF80502C0071FEDD72AB0
:103B8000002800FE020A8DED550A9DED560ADDED76
:103B9000550AFEF79DFE8DED560A9DF80702C007F7
:103BA000002800F0A180FFE79DF80502C007B0EEF5
:103BB000081AB1EE000A002800FE010A8DED540A31
:103BC0000020CBF6807053909DF80502C007B2EE3E
:103BD000001AB0EE0C0A002800FE010A8DED520A10
:103BE000002051909DF80502C007F0B1FFE734981E
:103BF00000F5706090ED000AB0EEC00ADFEDDB0A60
:103C0000CDED120AB7EE001AFEF762FE9DED122A04
:103C10008DED500A9DED501AB0EE420AA1EE000A59
:103C2000A1EE020A8DED510AFFE734989DED560A88
:103C30008DED0F0A9DED530A9DED541A20EE010AF9
:103C40008DED100A9DED510A00F6FC7090ED001A02
:103C500030EE410A8DED110A9DF80502C00740B112
:103C6000FFE7349800F6E47090ED000A8DED0E0A3F
:103C700007E0349800F6F47090ED000A8DED0E0A1E
:103C8000FFE79DED101A9DED112A9DED0E0AA1EEA4
:103C9000020ADDED520AFEF77FFEB0EE401A9DEDFE
:103CA0000F0A20EE010A8DED4F0A9DF80502C007AC
:103CB00028B1FFE79DED4F0A8DED0D0A04E09FED61
:103CC000AB0A8DED0D0AFFE734989DED0D0A00F665
:103CD000EC7080ED000A9DED4F1A9DED580A30EE14
:103CE000010A8DED580AFFE79DF80602C00700287B
:103CF00000F02481FFE7349800F5706090ED000A31
:103D00009FED9B1A20EE010A8DED4E0A90ED000A00
:103D1000B0EEC00ADFED950AB7EE001A8DED0C1A71
:103D2000FEF7D6FDB0EE401A9DED0C0A8DED4D1A52
:103D30009DED4D2AB0EE081A22EE011AA1EE020AFC
:103D40008DED4C0A9DED4E0A9DED4C1A20EE010AB8
:103D50008DED4B0A9DF80502C00728B1FFE79FEDE6
:103D6000830A8DED0B0A04E09DED7B0A8DED0B0AB5
:103D7000FFE734989DED0B0A8DED4A0A9DED4A0A46
:103D80009DED4B1A30EE410A8DED490A9DED4A0A30
:103D90009DED4B1A30EE010A8DED480A499941F22A
:103DA00004028150489941F2080281504B99479191
:103DB0009DED470A00F5805090ED001A30EE410A63
:103DC0008DED460A40F6CC00C2F200400A9090ED1C
:103DD0001C0AB0EEC01A9FED670A30EE410A9FED53
:103DE000661A80EE010ADFED610AB7EE001AFEF7EF
:103DF0006FFD34988DED450A00F55C700AF01CF8F3
:103E000034980A9991ED1C1A30EE410AB0EEC00ABE
:103E10008DED440A00F2AC400AF00EF80A9890EDDD
:103E20001C1A30EE410AB0EEC00A8DED430A9DED3A
:103E3000440A9DED431AB4EE410AF1EE10FA05DD95
:103E4000FFE79DED440A8DED090A04E09DED430A6C
:103E50008DED090AFFE79DED090A8DED420A9DED02
:103E6000421A9FED460A30EE410A9FED451A80EE58
:103E7000010ADFED3E0AB7EE001AFEF729FD8DEDCF
:103E8000410A9DF80502C007C0B1FFE7349800F66B
:103E9000FC7090ED000AB0EEC01A9FED3A0A30EEC9
:103EA000410A9FED391A80EE010AB7EE001AF0EED2
:103EB000410AFEF70DFD8DED080A04E0B7EE000A99
:103EC0008DED080AFFE734999DED080A8DED400A53
:103ED0009DED450A9DED411A20EE010A9DED401A27
:103EE00020EE010A8DED3F0A41F2140200208850B5
:103EF00041F2180288509DED460AB0EE081A20EEF5
:103F0000010A9DED3F1A20EE010AF1EE080AFEF7C4
:103F100043FD34988DED3E0A9DED3E1A00F57E611D
:103F200091ED000A31EE401A9FEDE32AA1EE020A5C
:103F300081ED000AD0F8E00F57900BE03499002093
:103F4000C1F8E00F41F21402885041F21802885083
:103F50005790FFE79DF80502C007B8B9FFE79DF845
:103F60000602C007002845D010E000BF0000000096
:103F7000CDCC4C3EDD357A3EC2B8323E7CD9A03E37
:103F80009756683ECDCCCC3D90C2753D9DED570A0D
:103F9000F2EE040ACDED070AFEF7FEFCB0EE401A81
:103FA0009DED070A8DED571A9DED571AB0EEC11A17
:103FB00030EE410A8DED3D0A9DED580ADDED3D0ADA
:103FC000FEF7EAFC34988DED580A9DED580A9DEDF8
:103FD000571A30EE410A00F6EC6181ED000A9DEDC2
:103FE000580A9DED571A30EE010A00F56F6080ED1A
:103FF000000A3EE09DED580AF2EE040ACDED060AF5
:10400000FEF7CAFCB0EE401A9DED060A8DED581A77
:104010009DED581AB0EEC11A30EE410A8DED3C0A02
:104020009DED3C0AB5EE400AF1EE10FA03DAFFE727
:1040300000203C90FFE79DED570ADDED3C0AFEF7BE
:10404000ABFC34988DED570A9DED580A9DED571A3B
:1040500030EE410A00F6EC6181ED000A9DED580A50
:104060009DED571A30EE010A00F56F6080ED000AF1
:10407000FFE7FFE73498859941F2AC0281508499BB
:1040800041F2B00281509DED850ADDED840A9DED7F
:10409000831ADDED821AFEF733FE9DF82602C00773
:1040A000002800F0D880FFE734989DF80512C90772
:1040B000B7EE001A9FED7D0A002900FE010A8DED82
:1040C0003B0A9DED3B1A9FED7D2A9FED7D0AA1EEF7
:1040D000020A8DED3A0A9DED3B1AB3EE0B2AB2EEC1
:1040E000000AA1EE020A8DED390A9DED3B1A9FED03
:1040F000752AB2EE080AA1EE020A8DED380A00F523
:104100005C700AF005F834988DED050A00F2AC40B9
:1041100009F0FEFFB0EE401A9DED050A30EE410AAF
:104120008DED370A9DF80502C00798B3FFE7349874
:1041300000F6BC7090ED000AB5EE400AF1EE10FA00
:1041400028DDFFE7349800F6BC7090ED000A9FED83
:10415000581AB4EE410AF1EE10FA1BDAFFE7349870
:1041600041F210010144049191ED000A9DED371ACE
:104170009FED552A21EE021A00F6BC7090ED002A40
:10418000A1EE020ADFED4B0AFEF706FC049880ED73
:10419000000A05E0349941F2100200208850FFE740
:1041A00034989DED3A0A8DED020A9DED370A8DEDAA
:1041B000010A9DED390A8DED030A00F55C7009F0E6
:1041C000DFF834988DED000A00F2AC4009F0D8F821
:1041D0009DED003A9DED012A9DED021A3498B0EE56
:1041E000404A9DED030A33EE443A20EE030AA1EE65
:1041F000020A41F21001084490ED001A30EE010A63
:10420000DDED380AFEF7C8FB34988DED360A9DEDDA
:10421000361A41F20C01014491ED000A31EE401AC8
:104220009FED2A2AA1EE020A81ED000A91ED001A03
:1042300000F56E6292ED000A30EE410A82ED000A4E
:1042400091ED001A00F6E46090ED000A30EE010AEC
:1042500080ED000A08E0349941F20C0200208850F9
:1042600041F210028850FFE79DF82702C007B0B165
:10427000FFE734989DED881A00F6EC6191ED000A95
:1042800020EE010A81ED000A9DED881A00F56F60AD
:1042900090ED000A20EE010A80ED000AFFE7349855
:1042A00005F026FF0DF50C7D80BD00BF000000006D
:1042B0000AD7A33C00002042CDCC4C3D0000524424
:1042C00000002043000088420000C843EC51383E03
:1042D00081B0009000990020C1F8140FC1F8100FB0
:1042E000C1F8080FC1F81C0FC1F8FC0EC1F8D40FBB
:1042F00081F8D80F81F8D90F81F8DA0FC1F8DC0FF7
:10430000C1F8E00FC1F8E40FC1F8E80FC1F8F40FED
:10431000C1F8F80FC1F8FC0F4FF48052885041F2F9
:104320000C02885041F21002885041F21402885069
:1043300041F21802885041F21C0288504FF4815219
:10434000885041F2E902885441F2EA02885441F26D
:10435000EB02885481F8700FC1F8740FC1F8C80FD0
:10436000C1F8CC0FC1F8D00F41F23402885041F2AD
:10437000380288504FF07A52C1F8C42F41F230030E
:104380000122CA5441F23103C85481F8680F81F800
:104390006A0F41F23C03C8504FF48253C85041F2B7
:1043A0004403C85041F24803C85041F25003C8507A
:1043B00041F25803C85041F25C03C8504FF4835394
:1043C000C85041F26403C85041F2B803C85041F2EA
:1043D0006803C85041F26C03C85041F27003C850E2
:1043E00041F27403C85041F27803C85041F27C0393
:1043F000C8504FF4845C4FF07E5341F80C3041F2CA
:104400008403C85041F28803C85041F28C03C8505D
:1044100041F29003C85041F29603C85241F294030E
:10442000C85241F29A03C85241F29803C85241F26D
:104430009D03C85441F29C03C85441F29E03C854E2
:1044400041F29F03C8544FF48553C85441F2A4036A
:10445000C85041F2A803C85041F2B403C85441F215
:10446000BC03C8504FF48653C85081F8820F81F8BE
:10447000830F81F8840F41F23203C85441F2CC0318
:10448000C85041F2D003C85041F2D403C85041F2A1
:10449000D803C85041F2DC03C8504FF48753C850CA
:1044A00041F2E403C85041F2E803C854C1F8AC0F2C
:1044B000C1F8B00FC1F8A40FC1F8A80F41F224034E
:1044C000C85081F8862F81F8870F81F8880F01B0D6
:1044D000704700000000000080B582B00190019894
:1044E000009041F23001405C052801D1FFE70EE069
:1044F000009841F23001405C042804D1FFE70098A5
:1045000004F0FEF903E0009803F05AFDFFE702B063
:1045100080BD00000000000080B58AB009908DF8D1
:1045200023100998079041F23001405C9DF8231058
:10453000884201D1FFE7BCE1079841F23001425CBB
:104540008DF82220405C032804D1FFE7079803F090
:10455000EFFEFFE707999DF8230041F230028854EF
:104560004FF48252002088509DF82300022874D115
:10457000FFE79DF8221000200529069024D1FFE7CF
:10458000079890F8701F0020C9070690E1B1FFE777
:10459000079841F2E901415C0120059089B9FFE7E4
:1045A000079841F2EA01415C0120059049B9FFE713
:1045B000079841F2EB01405C002818BF01200590EC
:1045C000FFE705980690FFE7069800F001008DF8D8
:1045D00021009DF82100C00730B9FFE7079941F29B
:1045E000E80200208854FFE70798012180F8841F23
:1045F00004F072F89DF82100C00790B1FFE707981A
:1046000008F0BAF80798803008F0B6F8079800F577
:10461000807008F0B1F8079800F5C07008F0ACF8A9
:10462000FFE707989DF8211001F0010180F86F1F46
:1046300000210491C0F8741F80F8701F00F64840F4
:1046400008F07AFD07990498C1F8C80FC1F8D00F97
:1046500081F8860F81F8870F75E09DF82300052803
:104660000DD1FFE70799002081F8700FC1F8740F92
:1046700041F2BC028850012081F8860F62E09DF86B
:10468000230003285DD1FFE7079941F231020120A1
:10469000885441F2580200200390885041F25C0295
:1046A00088504FF48352885041F26402885041F29E
:1046B0006802885041F26C02885041F270028850C2
:1046C00041F27402885041F27802885041F27C0233
:1046D00088504FF484534FF07E52CA5041F2840206
:1046E000885041F28802885041F28C02885041F291
:1046F0009002885041F29602885241F29402885208
:1047000041F29A02885241F29802885241F29D0287
:10471000885441F29C02885441F29E02885441F22E
:104720009F0288544FF48552885441F2A402885065
:1047300041F2A802885041F2B402885481F8680F0F
:10474000FFE7FFE7FFE79DF82300012875D1FFE7AA
:104750009DF82200022805D0FFE79DF822000328DB
:104760006BD1FFE70798012180F8851F00F55C7089
:1047700009F0CEFC079841F22801014481ED000ABE
:1047800000F2AC4009F0C4FC079841F22C0101444E
:1047900081ED000A00F6C82008F0CEFC079800F66C
:1047A000483008F0C9FC079800F6484008F0C4FCFF
:1047B000079900200290C1F8100FC1F8140FC1F83A
:1047C000080FC1F8C80FC1F8CC0FC1F8D00F81F89D
:1047D000D80F81F8D90F81F8DA0FC1F8DC0FC1F8D2
:1047E000E00FC1F8E40FC1F8E80FC1F8F40FC1F809
:1047F000F80FC1F8FC0F4FF48052885041F20C02C0
:10480000885041F21002885041F21402885041F25F
:104810001802885041F21C028850C1F8F00F4FF482
:10482000815340F2DC52CA509DF82220032A08BF6F
:10483000FA2041F2B80288503BE09DF8230001289D
:1048400036D0FFE707990020019081F8850F81F8A5
:10485000D80F81F8D90F81F8DA0FC1F8DC0FC1F851
:10486000E00FC1F8E40FC1F8E80FC1F8F40FC1F888
:10487000F80FC1F8FC0F4FF48052885041F20C023F
:10488000885041F21002885041F21402885041F2DF
:104890001802885041F21C028850C1F8F00F4FF402
:1048A0008152885041F2B8028850C1F8CC0FFFE71E
:1048B000FFE70AB080BD000080B5ADF5936DBAA9E1
:1048C000B591CDF89404DDF89404B69041F2240239
:1048D0000021B791815009F023FE0146B798B890A6
:1048E000D1B1FFE7B698803009F01AFE01460020EA
:1048F000B89089B1FFE7B69800F5807009F010FE16
:1049000001460020B89039B1FFE7B69800F5C070B5
:1049100009F006FEB890FFE7B698B89901F00101DA
:104920008DF8931441F23C01405846F2A711884299
:1049300007D8FFE7B69941F23C0288580130885009
:10494000FFE7B69841F2CC01405846F2A7118842E1
:1049500007D8FFE7B69941F2CC0288580130885059
:10496000FFE7B69841F23C01405846F2A811884250
:1049700010D3FFE7B698012180F8831F41F2E802C7
:10498000032181540521FFF7C7FDB69807F028F8E9
:1049900003F008BBB69890F86F0FC007F8B1FFE7B7
:1049A0009DF89304C00798B9FFE7B699D1F8740F42
:1049B0000130C1F8740FFA2805D3FFE7B698052136
:1049C000FFF7AAFDFFE7B69807F00AF803F0EABA86
:1049D000B699002081F86F0FC1F8740FFFE7B59802
:1049E00040F6CC01C2F200418A6CCDF88C244A6DAD
:1049F000CDF88824096ECDF8841490ED690AB0EEE4
:104A0000C00A90ED681AB0EEC11A30EE010A90EDBE
:104A1000671AB0EEC11A30EE010AB6EE001AB4EE13
:104A2000410AF1EE10FA39DAFFE740F6CC00C2F2A3
:104A30000040B39090ED1C0A0EF058FAB398B59967
:104A4000B1EE400A81ED690A90ED1B0A0EF04EFAB4
:104A5000B3988DEDB20A90ED1C0A0EF047F9B398A9
:104A6000B599B0EE401A9DEDB20A20EE010A81ED33
:104A7000680A90ED1B0A0EF039F9B3988DEDB40A6F
:104A800090ED1C0A0EF032F9B598B0EE401A9DED8B
:104A9000B40A20EE010A80ED670AFFE7B59890EDB1
:104AA000670A00209FEDB41AB4EE410AF1EE10FA45
:104AB000B19025DDFFE740F6CC00C2F2004090ED5A
:104AC0001B0AB0EEC00A00209FEDAC1AB4EE410AFA
:104AD000F1EE10FAB19013DAFFE740F6CC00C2F223
:104AE000004090ED1C0AB0EEC00A9FEDA41A002011
:104AF000B4EE410AF1EE10FAB8BF0120B190FFE721
:104B0000B698B19901F001018DF883140021C0F825
:104B1000EC1EC0F8F01EC0F8141FC0F8081F41F2C8
:104B20003201405C0146B091042803F23B82B09907
:104B3000DFE811F005003400F202CF052513B69826
:104B40000021C0F8E41EC0F8E01EC0F8F81EC0F84E
:104B5000F41E05F0CDFAB69841F2CC014058C828B1
:104B60001AD3FFE79DF88304C00730B1FFE7B69979
:104B700041F232020320885405E0B69941F2320234
:104B800001208854FFE7B69941F2CC0200208850FA
:104B900041F2D0028850FFE703F004BAB69841F220
:104BA000CC014058012862D1FFE7B69800F2AC4032
:104BB00008F0AEFFB59880ED650AFFE7B698B599A5
:104BC00091ED650A8DEDAF0A00F55C7008F0A0FF6D
:104BD000B0EE401A9DEDAF0A30EE410A9FED681A23
:104BE000B4EE410AF1EE10FA0ADDFFE7B59890ED58
:104BF000650A9FED641A30EE010A80ED650ADDE773
:104C0000FFE7B698B59991ED650A8DEDAE0A00F50E
:104C10005C7008F07DFFB0EE401A9DEDAE0A30EEFC
:104C2000410A9FED591AB4EE410AF1EE10FA0ADA80
:104C3000FFE7B59890ED650A9FED541A30EE010A32
:104C400080ED650ADDE7B69800F55C7008F060FF5E
:104C5000B599B69891ED651A30EE010AB6EE001AD4
:104C600020EE010A00F6AC7080ED000AFFE7B6986E
:104C700000F55C7008F04CFFB698B59981ED640AB8
:104C800000F2AC4008F044FFB59880ED630AFFE7FE
:104C9000B698B59991ED640A00F6AC7090ED001AE3
:104CA00030EE410A9FED361AB4EE410AF1EE10FAE9
:104CB0000ADDFFE7B59890ED640A9FED321A30EEF9
:104CC000010A80ED640AE3E7FFE7B698B59991ED34
:104CD000640A00F6AC7090ED001A30EE410A9FEDC8
:104CE0002A1AB4EE410AF1EE10FA0ADAFFE7B59893
:104CF00090ED640A9FED251A30EE010A80ED640AFA
:104D0000E3E7FFE7B698B59991ED630A00F6AC705A
:104D100090ED001A30EE410A9FED191AB4EE410AE7
:104D2000F1EE10FA0ADDFFE7B59890ED630A9FED0A
:104D3000151A30EE010A80ED630AE3E7FFE7B69843
:104D4000B59991ED630A00F6AC7090ED001A30EE63
:104D5000410A9FED0D1AB4EE410AF1EE10FA33DA72
:104D6000FFE7B59890ED630A9FED081A30EE010A4F
:104D700080ED630AE3E700BFCA03683FDB0F493FEA
:104D8000DB0F4940DB0FC9C0DB0F49C0DB0FC94057
:104D9000000070420AD7A33D8FC2753E00009643C3
:104DA00000000C4300005CC200008C4235FA0E3E4D
:104DB000F366DF3E4CBE8C40E4CB9640CDCC4CBE7F
:104DC0003333B33E920A863EB599B69800F6AC727C
:104DD0009C9292ED001A91ED640A30EE410A8DED3D
:104DE0009B0A00F55C70A39008F08AFC9DED9B1A6D
:104DF000B2EE042A8DED9D2A20EE020A1FED1C2A38
:104E00008DED9E2A91EE420AF3EE0E0ACDEDA80A30
:104E1000FDF7C2FD9C9AB698B59981ED620A92EDB4
:104E2000001A91ED630A30EE410A8DED9F0A00F2FF
:104E3000AC40A79008F064FC9DED9D3A9DED9E2A44
:104E40009DED9F1ADDEDA80A20EE030A91EE420ABD
:104E5000FDF7A2FDB699B59880ED610A01F6F461FF
:104E6000A09191ED000AD0ED620A1FED361A8DED8A
:104E7000A11AFDF755FDA09A9DEDA11AB699B59816
:104E800082ED000A01F6F861A29191ED000AD0EDE1
:104E9000610AFDF745FDA299A39881ED000A09F08A
:104EA00037F9A798B599B0EE401A1FED450A8DED78
:104EB000A40A30EE410A81ED600A09F029F9A398AD
:104EC000B599B0EE401A9DEDA40A30EE410A81ED8D
:104ED0005F0A91ED602A1FED4F1A1FED4F0AB5EEE4
:104EE000402AF1EE10FAB0EE402AB8BFB0EE412AE7
:104EF00081ED5E2A91ED5F2AB5EE402AF1EE10FABF
:104F0000B8BFB0EE410A81ED5D0A91ED5E0A8DED0C
:104F1000A60A91ED600A8DEDA50A08F031FA9DED23
:104F2000A52A9DEDA61A9DEDA83A20EE030A91EE62
:104F3000020A5FED640ACDEDAB0A1FED651A8DED37
:104F4000AC1AFDF7C5FCA798B69AB59902F56E6242
:104F500082ED000A91ED5D0A8DEDAA0A91ED5F0ADE
:104F60008DEDA90A08F00CFA9DEDA84A9DEDA93A2D
:104F70009DEDAA2ADDEDAB0A9DEDAC1A20EE040AE8
:104F800092EE030AFDF7A4FCB69800F6E46181ED09
:104F9000000A4CF28F21C3F67561C0F8C41F05F0FA
:104FA000A7F8B59890ED640A90ED631A30EE410AC7
:104FB000B0EEC00A00201FED831AB4EE410AF1EEF4
:104FC00010FAAD9023DAFFE7B69800F55C7008F0B0
:104FD00097FBB0EEC00A00201FED8B1AB4EE410A19
:104FE000F1EE10FAAD9012DAFFE7B69800F2AC409D
:104FF00008F086FBB0EEC00A1FED931A0020B4EE55
:10500000410AF1EE10FAB8BF0120AD90FFE7AD986C
:1050100000F001008DF85B049DF85B04C00778B1D7
:10502000FFE7B69841F2D0014058C72807D8FFE7FC
:10503000B69941F2D002885801308850FFE705E068
:10504000B69941F2D00200208850FFE7B69841F2AD
:10505000D001405850285DD3FFE7B69800F6C8202D
:1050600008F06AF8B69800F6483008F065F8B69887
:1050700000F6C84008F060F8B69800F6485008F00E
:105080005BF8B598B69990ED640A90ED631A30EE2E
:10509000010AB6EE001A20EE010A01F6AC7282EDAA
:1050A000000A90ED670AAFF2F420021D1FEDBD1A51
:1050B000B4EE410AF1EE10FAB8BF10460068C1F82C
:1050C000B00FFFE7B69800F57B6191ED000A00F69E
:1050D000AC7090ED001AB4EE410AF1EE10FA0CDC5F
:1050E000FFE7B69800F57B6090ED000A1FEDD91A36
:1050F00030EE010A80ED000AE4E7B69941F232028F
:105100000220885441F2CC020020885041F2D002A3
:105110008850FFE702F046BF9DF883140020C907BE
:105120009A90A1B3FFE7B59890ED680AB0EEC00A77
:1051300000201FEDDD1AB4EE410AF1EE10FA9A904C
:1051400025DAFFE740F6CC00C2F2004090ED040AF9
:10515000B0EEC00A00201FEDE51AB4EE410AF1EEF0
:1051600010FA9A9013DAFFE740F6CC00C2F2004042
:1051700090ED050AB0EEC00A1FEDEE1A0020B4EE65
:10518000410AF1EE10FAB8BF01209A90FFE7B698F5
:105190009A9901F001018DF85A1400F55C7008F03D
:1051A000B7FCB698B59981ED5B0A00F2AC4008F007
:1051B000AFFCB59880ED5A0AFFE7B698B59991ED26
:1051C0005B0A00F6AC7090ED001A30EE410A9FEDDC
:1051D000751AB4EE410AF1EE10FA0ADDFFE7B59850
:1051E00090ED5B0A9FED701A30EE010A80ED5B0ACC
:1051F000E3E7FFE7B698B59991ED5B0A00F6AC706E
:1052000090ED001A30EE410A9FED681AB4EE410AA3
:10521000F1EE10FA0ADAFFE7B59890ED5B0A9FED20
:10522000641A30EE010A80ED5B0AE3E7FFE7B69807
:10523000B59991ED5A0A00F6AC7090ED001A30EE77
:10524000410A9FED581AB4EE410AF1EE10FA0ADD58
:10525000FFE7B59890ED5A0A9FED531A30EE010A18
:1052600080ED5A0AE3E7FFE7B698B59991ED5A0A3F
:1052700000F6AC7090ED001A30EE410A9FED4B1A2B
:10528000B4EE410AF1EE10FA0ADAFFE7B59890EDB4
:105290005A0A9FED471A30EE010A80ED5A0AE3E7F9
:1052A000B598B69901F6AC7191ED001A90ED5B0AD4
:1052B00031EE400AB0EEC00A90ED5A2A31EE421AA1
:1052C000B0EEC11A80FE010A80ED590A90ED591A1C
:1052D0009FED380A30EE410A9FED371A80EE010A41
:1052E00080ED580A90ED580AB5EE400AF1EE10FA3A
:1052F00004DAFFE70020CDF84804FFE7B59890ED09
:10530000580AB7EE001AB4EE410AF1EE10FA05DDC4
:10531000FFE74FF07E50CDF84804FFE79DF85A04B0
:10532000C00750BBFFE7B59890ED580AB5EE400AAC
:10533000F1EE10FA21DDFFE7B698B59991ED581A14
:1053400000F6AC7191ED000A9FED1C2AA1EE020A55
:1053500081ED000A91ED000A00F57B6090ED001AE6
:10536000B4EE410AF1EE10FA06DDFFE7B699D1F886
:10537000B00FC1F8AC0FFFE7FFE7B69800F6AC71CD
:1053800091ED000A00F57B6090ED001AB4EE410A41
:10539000F1EE10FA30DBFFE79DF85A04C00758BB66
:1053A0001EE000BFDB0F4940DB0FC9C0DB0F49C067
:1053B000DB0FC9407CD9A03EC3B8323ED402B73916
:1053C000000070420AD7A33DEC51B83E000096435E
:1053D00000000C4300005CC200008C42920A063FB1
:1053E000B69800F57B6090ED000A1FED0F1A30EEC5
:1053F000010A80ED000AFFE7B698B59991ED5A0AC7
:1054000091ED5B1A30EE410A81ED570A00F2AC4093
:10541000949008F075F9B6988DED870A00F55C70E8
:10542000909008F06DF99098B599B69AB0EE401A40
:105430009DED870A30EE410A81ED560A91ED571A2B
:1054400091ED560AB1EE002A20EE020AB3EE092AC7
:10545000A1EE020A81ED550A02F6AC72899292ED34
:10546000001A91ED5B0A30EE410A8DED880A08F0D2
:1054700047F9B598B0EE401A9DED880AB2EE042ABD
:105480008DED8A2A21EE021A1FED332A8DED8B2A2B
:10549000A0EE021A90ED550A30EE410AF3EE0E0A24
:1054A000CDED950AFDF778FA899AB599949881ED32
:1054B000540A92ED001A91ED5A0A30EE410A8DED30
:1054C0008C0A08F01DF99DED8A3A9DED8B2A9DED21
:1054D0008C1AB598DDED950A20EE030A91EE420A8A
:1054E00090ED551A30EE410AFDF756FAB598B69987
:1054F00080ED530A01F6F4618D9191ED000AD0ED33
:10550000540A1FED501A8DED8E1AFDF709FA8D9A87
:105510009DED8E1AB598B69982ED000A01F6F861F4
:105520008F9191ED000AD0ED530AFDF7F9F98F99AB
:10553000909881ED000A08F0EBFDB5999498B0EED3
:10554000401A1FED5F0A8DED910A30EE410A81EDA0
:10555000520A08F0DDFD9098B599B0EE401A9DED25
:10556000910A30EE410A81ED510A91ED522A1FED68
:10557000691A1FED690AB5EE402AF1EE10FAB0EE95
:10558000402AB8BFB0EE412A81ED502A91ED512A50
:10559000B5EE402AF1EE10FAB8BFB0EE410A81ED47
:1055A0004F0A91ED500A8DED930A91ED520A8DED5F
:1055B000920A07F0E5FE9DED922A9DED931A9DED6E
:1055C000953A20EE030A91EE020A5FED7E0ACDEDD8
:1055D000980A1FED7F1A8DED991AFDF779F9B599A3
:1055E0009498B69A02F56E6282ED000A91ED4F0A28
:1055F0008DED970A91ED510A8DED960A07F0C0FEE8
:105600009DED954A9DED963A9DED972ADDED980A20
:105610009DED991A20EE040A92EE030AFDF758F95F
:10562000B69800F6E46181ED000A45F2EC11C3F68C
:10563000B861C0F8C41F04F05BFD9DF85A04C007B0
:1056400080B1FFE7B69841F2D001405880084A285F
:1056500007D8FFE7B69941F2D00288580130885048
:10566000FFE705E0B69941F2D00200208850FFE73D
:10567000B69841F2D0014058B0F5967F27D3FFE7A6
:10568000B69800F6C84007F057FDB69800F64850A7
:1056900007F052FDB69941F23202002086908854FC
:1056A00041F2CC02885041F2D00288504FF4875228
:1056B000885041F2D402885041F2D8028850C1F893
:1056C000A40FC1F8A80F41F23C028850FFE702F096
:1056D00069BCB59890ED670A0120B6EE081AB4EEE1
:1056E000410AF1EE10FA859025DBFFE740F6CC0089
:1056F000C2F2004090ED1B0AB0EEC00A01201FED7F
:10570000C91AB4EE410AF1EE10FA859013DCFFE7F6
:1057100040F6CC00C2F2004090ED1C0AB0EEC00A88
:105720001FEDD21A0020B4EE410AF1EE10FAC8BF04
:1057300001208590FFE7859800F001008DF8230493
:105740009DF82304C00778B1FFE7B6984FF487515E
:105750004058C72807D8FFE7B6994FF487528858B2
:1057600001308850FFE705E0B6994FF487520020DA
:105770008850FFE7B6984FF487514058C8282DD37A
:10578000FFE7B69800218491C0F8F01EC0F8EC1E27
:10579000C0F8E41EC0F8E01EC0F8F81EC0F8F41E01
:1057A00041F2D402815041F2D802815041F2DC0230
:1057B0008150C0F8A41FC0F8A81F4FF48752815031
:1057C00041F232030122C25441F2CC02815041F233
:1057D000D002815004F08CFC02F0E4BBB59840F696
:1057E000CC01C2F2004191ED1C0A9FEDE41A20EEBB
:1057F000010A80ED4D0A90ED4D0A9FEDE11AB4EEDD
:10580000410AF1EE10FA07DDFFE747F25070C3F6E8
:10581000D650CDF81C04FFE7B59890ED4D0A9FEDEA
:10582000D91AB4EE410AF1EE10FA07DAFFE747F2AF
:105830005070CBF6D650CDF81C04FFE7B698B5995A
:1058400091ED4D1A9FEDD00A30EE410A81ED4C0AE0
:1058500041F2CC014058012820D1FFE7B69800F56D
:105860005C7008F055FCB6988DED830A00F2AC40F0
:1058700008F04EFCB698B0EE401A9DED830A30EE6B
:10588000010AB6EE001A20EE010A9FEDC01A80FE52
:10589000410A00F6C47080ED000AFFE7B598B6999A
:1058A00041F2D4028B580022272B88BF01228DF8A9
:1058B00017249DF81724D2079FEDB51A9FEDB50A5E
:1058C000002A00FE010A80ED4A0A9DF81724D2073B
:1058D0009FEDB11A9FEDB10A002A00FE010A80ED8A
:1058E000490A01F6C47191ED000A90ED4A1AB4EE2E
:1058F000410AF1EE10FA1DDAFFE7B598B69990ED7E
:10590000491A01F6C47191ED000A30EE010A81EDE9
:10591000000A91ED000A90ED4A1AB4EE410AF1EE48
:1059200010FA06DDFFE7B699DDF81004C1F8C40FE0
:10593000FFE72BE0B598B69901F6C47191ED000A26
:1059400090ED4A1AB4EE410AF1EE10FA1DDDFFE7C0
:10595000B598B69990ED491A01F6C47191ED000A17
:1059600030EE410A81ED000A91ED000A90ED4A1AED
:10597000B4EE410AF1EE10FA06DAFFE7B699DDF867
:105980001004C1F8C40FFFE7FFE7FFE7B59890EDFB
:10599000670A00209FED821AB4EE410AF1EE10FA78
:1059A000829040F39180FFE7B69800F55C7008F0B4
:1059B000AFFB0020B4EE001AB4EE410AF1EE10FA8B
:1059C000829040F38180FFE7B69800F2AC4008F087
:1059D0009FFB0020B4EE001AB4EE410AF1EE10FA7B
:1059E000829071DDFFE7B69800F55C7008F090F8E2
:1059F000B59890ED4C1A30EE410AB0EEC00A002086
:105A00009FED681AB4EE410AF1EE10FA82905BDA6B
:105A1000FFE7B69800F2AC4008F07AF8B59890ED40
:105A20004C1A30EE410AB0EEC00A00209FED5D1A1C
:105A3000B4EE410AF1EE10FA829045DAFFE7B6982B
:105A400000F55C7007F09CFCB0EEC00A00209FEDF2
:105A5000561AB4EE410AF1EE10FA829034DAFFE7FA
:105A6000B69800F2AC4007F08BFCB0EEC00A002004
:105A70009FED4D1AB4EE410AF1EE10FA829023DA4E
:105A8000FFE7B69800F55C7007F03AFEB0EEC00A8A
:105A900000209FED461AB4EE410AF1EE10FA829012
:105AA00012DAFFE7B69800F2AC4007F029FEB0EE3C
:105AB000C00A9FED3E1A0020B4EE410AF1EE10FA42
:105AC000B8BF01208290FFE7B599B698829A02F09C
:105AD00001028DF80B2441F2D40282580020272ABB
:105AE000024688BF01228DF80A2491ED670AB6EEBE
:105AF000081AB4EE410AF1EE10FA819040F3938057
:105B0000FFE7B69800F55C7008F002FB00209FEDFF
:105B1000281AB4EE410AF1EE10FA819040F3838026
:105B2000FFE7B69800F55C7008F0F2FA00209FEDF0
:105B3000211AB4EE410AF1EE10FA819073DAFFE710
:105B4000B69800F2AC4008F0E3FA00209FED181A76
:105B5000B4EE410AF1EE10FA819064DDFFE7B698E9
:105B600000F2AC4008F0D4FA00209FED121AB4EE17
:105B7000410AF1EE10FA819055DA27E03333B33E53
:105B80005077D63D5077D6BDDB0FC93FCDCC4C3ECC
:105B90003D0A573E3333333E52491D3917B751380A
:105BA000CDCC4C3FF366DF3E9A99193EDB0F493F5F
:105BB0008FC2F53DF628DC3EAA611C3F0000AA43D7
:105BC0003D0A57BE8FC2753C00009643B69800F55B
:105BD0005C7007F09DFFB59890ED4C1A30EE410ACD
:105BE000B0EEC00A00201FED0C1AB4EE410AF1EE2F
:105BF00010FA819017DAFFE7B69800F2AC4007F090
:105C000087FFB59890ED4C1A30EE410AB0EEC00A0D
:105C10001FED171A0020B4EE410AF1EE10FAB8BFDA
:105C200001208190FFE7819800F001008DF80904C0
:105C30009DF80A04C00728B1FFE79DF80904C007D2
:105C400050B9FFE79DF80A04C007E8B9FFE79DF8DF
:105C50000B04C007C0B1FFE7B69841F2D401084475
:105C600090ED000AB8EE400A1FED2C1AB4EE410A7E
:105C7000F1EE10FA07DAFFE7B69941F2D40288583C
:105C800001308850FFE705E0B69941F2D4020020C8
:105C90008850FFE7B69841F2D401415800202729E7
:105CA00088BF01208DF808049DF80804C00748B992
:105CB000FFE7B69941F2D8020020885041F2DC0299
:105CC0008850FFE79DF808140020C907002980903C
:105CD0004DD0FFE7B69800F55C7008F019FA1FED9B
:105CE000481A30EE010AB0EEC00A00201FED4B1A30
:105CF000B4EE410AF1EE10FA809038DAFFE7B69878
:105D000000F2AC4008F004FA1FED531A30EE010A1D
:105D1000B0EEC00A00201FED551AB4EE410AF1EEB4
:105D200010FA809023DAFFE7B69800F55C7007F070
:105D300027FBB0EEC00A00201FED631AB4EE410A43
:105D4000F1EE10FA809012DAFFE7B69800F2AC405C
:105D500007F016FBB0EEC00A1FED6B1A0020B4EE80
:105D6000410AF1EE10FAB8BF01208090FFE7B69823
:105D7000809901F001018DF8071441F2D8014058D3
:105D800008BBFFE79DF80704C007D8B1FFE7B69846
:105D900041F2D8020121815040F6CC01C2F200410B
:105DA00091ED1C2ABFEE001AB7EE000AB5EE402AAC
:105DB000F1EE10FA20FE010A41F2DC01084480ED08
:105DC000000AFFE70EE0B69841F2D8014058DC28FF
:105DD00007D8FFE7B69941F2D802885801308850B9
:105DE000FFE7FFE7B69841F2D801405838B1FFE726
:105DF000B69841F2D801405801387F9002E0002067
:105E00007F90FFE7B6987F99CDF8001441F2D80152
:105E1000415800207E9029B3FFE7B69841F2DC019B
:105E2000084490ED000A40F6CC00C2F2004090ED2C
:105E30001C1A20EE010A0020B5EE400AF1EE10FA1D
:105E40007E900FDDFFE7DDF800140020A0297E9092
:105E500008D3FFE7DDF800140020DC2938BF01205B
:105E60007E90FFE7B6987E9901F001018DF8FF134F
:105E700041F2D40140582828C0F08882FFE7B69844
:105E800003F0D2FBB699B59841F2D402895828396B
:105E900000EE101AB8EE400A1FEDB51A80EE010AA6
:105EA00080ED440A90ED440AB7EE001AB4EE410AC0
:105EB000F1EE10FA04DDFFE74FF07E50FE90FFE7B1
:105EC000B599B69891ED440A8DED7B0A00F68410E1
:105ED0007A9006F015FDF7EE080ACDED7C0AFCF786
:105EE0005BFD7A98B599B0EE401A9DED7B0A20EEE5
:105EF000010A81ED430A91ED440A8DED7D0A06F019
:105F000007FDDDED7C0AFCF747FDB699B598B0EECC
:105F1000401A9DED7D0A20EE010A80ED420A90EDC7
:105F2000430A90ED421A30EE010AB6EE001A20EE56
:105F3000010A80ED410A01F60C7191ED000AB0EE04
:105F4000C00A9FEDC71A30EE010A9FEDC61A80EE17
:105F5000010A80ED400A90ED400AB5EE400AF1EEEC
:105F600010FA03DAFFE70020FA90FFE7B59890ED0A
:105F7000400AB7EE001AB4EE410AF1EE10FA04DD61
:105F8000FFE74FF07E50FA90FFE7B69800F60C70EE
:105F9000799090ED000AB9EE001A20EE010AF7EEB2
:105FA000080AFCF7F9FCB599799881ED3F0A91ED63
:105FB000400AB7EE001A31EE402A91ED433A91EDD6
:105FC0003F4A20EE040AA2EE030A81ED430A91ED56
:105FD000400A31EE401A91ED422A91ED3F3A20EE0F
:105FE000030AA1EE020A81ED420A90ED000AB0EE2A
:105FF000C01AB5EE000A30EE410A9FED9B1A80EE02
:10600000010A81ED3E0A90ED000AB0EEC00A9FED54
:10601000971AB4EE410AF1EE10FA04DCFFE74FF0F4
:106020007E50F890FFE7B59890ED3E0AB5EE400A35
:10603000F1EE10FA03DAFFE70020F890FFE7B598D9
:1060400090ED3E0AB7EE001AB4EE410AF1EE10FAF6
:1060500004DDFFE74FF07E50F890FFE7B59840F67B
:10606000CC01C2F2004191ED1C0AB0EEC00A9FEDD6
:10607000801A30EE010A9FED7F1A80EE010A80ED52
:106080003D0A90ED3D0AB5EE400AF1EE10FA03DA52
:10609000FFE70020F790FFE7B59890ED3D0AB7EED7
:1060A000001AB4EE410AF1EE10FA04DDFFE74FF0FA
:1060B0007E50F790FFE7B59890ED3D1A90ED3E0ABF
:1060C00020EE010A80ED3E0A9DF8FF03C00700287C
:1060D00000F08480FFE7B59890ED410AB0EEC00A69
:1060E0009FED651AB4EE410AF1EE10FA76DDFFE796
:1060F000B59890ED3E0AB5EE400AF1EE10FA6DDD6E
:10610000FFE7B59890ED410A5CA10A1DB5EE400A83
:10611000F1EE10FAC8BF114691ED000A90ED3E1A5B
:1061200020EE010A80ED3C0A90ED430A90ED421A00
:1061300030EE010AB6EE001A20EE010A80ED3B0AAD
:1061400090ED3C0AB5EE400AF1EE10FA0BDDFFE7E8
:10615000B59890ED3B0A90ED3C1AB4EE410AF1EE91
:1061600010FA14DBFFE7B59890ED3C0AB5EE400A53
:10617000F1EE10FA31DAFFE7B59890ED3B0A90EDB9
:106180003C1AB4EE410AF1EE10FA26DDFFE7B598AD
:1061900090ED3C0A90ED3B1A30EE410A80ED3A0A50
:1061A00090ED430A90ED3A1A30EE010AF7EE080A34
:1061B000CDED780AFCF7F0FBDDED780AB59880EDBF
:1061C000430A90ED420A90ED3A1A30EE010AFCF7CC
:1061D000E3FBB59880ED420AFFE7FFE7B598B69973
:1061E00001F6A47191ED000A90ED431A20EE010A28
:1061F0000020B5EE400AF1EE10FA779012DAFFE7D0
:10620000B69800F60C7090ED000AB0EEC00A9FED53
:106210001A1A0020B4EE410AF1EE10FAC8BF0120AC
:106220007790FFE7B598B699779AD2079FED151A40
:106230009FED150A002A00FE010A80ED390A01F6D9
:10624000A87191ED000A90ED421A20EE010A00209B
:10625000B5EE400AF1EE10FA769039DA26E000BF8A
:10626000CDCCCCBD9A99193ECCCC4C3DCDCC4C3E3E
:10627000C2B8B2BDDE35FA3DCDCC4C3DCDCC4CBE26
:10628000CDCC4C3E8FC2753D8FC2753C9A99993EDC
:10629000218151423D0A573E285C0F3D3333333E46
:1062A0008FC2F53C0000AA4200007042B69800F68A
:1062B0000C7090ED000AB0EEC00A1FED111A00201C
:1062C000B4EE410AF1EE10FAC8BF01207690FFE764
:1062D000B698B599769AD2071FED161A1FED160AD1
:1062E000002A00FE010A81ED380A91ED391A91ED7C
:1062F000432A00F6A47292ED000A32EE402AA1EE83
:10630000020A82ED000A91ED381A91ED422A00F658
:10631000A87191ED000A32EE402AA1EE020A81ED49
:10632000000AD0F8A41FC0F8EC1ED0F8A81FC0F8CF
:10633000F01E00F60C7090ED000AB0EEC00A1FEDE2
:106340002D1AB4EE410AF1EE10FA1EDDFFE7B69801
:1063500000F60C7090ED000ABAEE001A20EE010A69
:10636000F0EE080AFCF718FBB598B69980ED370AED
:10637000F198C1F8EC0EF198C1F8F00EF198C1F85F
:10638000A40FF198C1F8A80FFFE706E0B699002026
:10639000C1F8A40FC1F8A80FFFE7B69800F55C702C
:1063A00007F04AFD08F0A8F9B698B5991FED481A0C
:1063B0008DED741A20EE010A81ED360A00F2AC4030
:1063C00007F03AFD08F098F99DED741AB59820EEA3
:1063D000010A80ED350A9DF8080400F001008DF8EF
:1063E000BB039DF8BB130020C907759049B9FFE7AF
:1063F000B69841F2D8014058B0FA80F04009759043
:10640000FFE7B698759901F001018DF8BA1300F510
:106410005C7007F07DFEB6988DED730A00F2AC401B
:1064200007F076FEB598B0EE401A9DED730A30EE97
:10643000011ABEEE002A1FED690AA1EE020A1FED45
:106440006A1A80EE010A80ED330A9DF8BB03C0078B
:1064500018B9FFE70020ED90FFE7B59890ED330AFB
:10646000B5EE400AF1EE10FA03DAFFE70020ED90F6
:10647000FFE7B59890ED330AB7EE001AB4EE410A83
:10648000F1EE10FA04DDFFE74FF07E50ED90FFE7EC
:10649000B69800F55C7007F03BFEB698B599B0EE83
:1064A000401A1FED820A8DED720A30EE410A1FED8F
:1064B000841A8DED711A80EE010A81ED320A00F224
:1064C000AC4007F025FE9DED711AB598B0EE402A5C
:1064D0009DED720A30EE420A80EE010A80ED310A2B
:1064E0009DF8BA03C00720B9FFE70020EC90EB90BD
:1064F000FFE7B59890ED320AB5EE400AF1EE10FADA
:1065000003DAFFE70020EC90FFE7B59890ED320A40
:10651000B7EE001AB4EE410AF1EE10FA04DDFFE71F
:106520004FF07E50EC90FFE7B59890ED310AB5EE54
:10653000400AF1EE10FA03DAFFE70020EB90FFE7E4
:10654000B59890ED310AB7EE001AB4EE410AF1EEBB
:1065500010FA04DDFFE74FF07E50EB90FFE79DF867
:10656000BB03C00728B1FFE7B3EE080A8DED700A40
:106570000BE0B59890ED321ABAEE002AB3EE0C0A91
:10658000A1EE020A8DED700AFFE7B5989DED700A45
:1065900080ED300A9DF8BB03C00728B1FFE7B3EEDA
:1065A000080A8DED6F0A0BE0B59890ED311ABAEE3E
:1065B000002AB3EE0C0AA1EE020A8DED6F0AFFE786
:1065C000B5989DED6F0A80ED2F0A9DF8BB03C007BB
:1065D00028B1FFE71FEDCD0A8DED6E0A0BE0B598EF
:1065E00090ED321AB3EE042A1FEDD10AA1EE020A91
:1065F0008DED6E0AFFE7B5989DED6E0A80ED2E0ACF
:106600009DF8BB03C00728B1FFE71FEDDA0A8DED47
:106610006D0A0BE0B59890ED311AB3EE042A1FED28
:10662000DE0AA1EE020A8DED6D0AFFE7B599B69874
:106630009DED6D0A81ED2D0A00F6C471669191ED14
:10664000000A8DED670A00F55C70689007F060FD48
:106650006699B698B59AB0EE401A9DED670A30EE8D
:10666000410A82ED2C0A91ED000A8DED690A00F2D3
:10667000AC406A9007F04CFD6898B59AB0EE401AAD
:106680009DED690A30EE410A82ED2B0A92ED2C0A4B
:106690009FED5E1A00216C91B4EE410AF1EE10FA02
:1066A0000B46B8BF01238DF8933392ED2B0AB4EE5D
:1066B000410AF1EE10FAB8BF01218DF8921307F0EC
:1066C00027FA6A98B59A6C9992ED4C1A30EE410A05
:1066D0009FED4F1A8DED6B1AB4EE410AF1EE10FAF0
:1066E000C8BF01218DF8911307F012FAB5999DEDFD
:1066F0006B1A6C9891ED4C2A30EE420AB4EE410AC6
:10670000F1EE10FAC8BF01208DF890039DF89303B5
:10671000C00768B1FFE79DF89103C0079FED3D1AE0
:106720009FED3D0A002800FE010A8DED650A04E098
:106730009FED3A0A8DED650AFFE7B5989DED650A74
:1067400080ED290A9DF89203C00768B1FFE79DF824
:106750009003C0079FED2F1A9FED2F0A002800FE1F
:10676000010A8DED640A04E09FED2C0A8DED640AA8
:10677000FFE7B5989DED640A80ED280A9DF8930324
:10678000C007C8B1FFE79DF89103C00728B1FFE734
:106790009FED230A8DED630A09E0B59890ED360A66
:1067A0009FED201A20EE010A8DED630AFFE79DEDB3
:1067B000630A8DED620A05E0B59890ED360A8DED1D
:1067C000620AFFE7B5989DED620A80ED270A9DF801
:1067D0009203C007D0B3FFE79DF89003C00728B12C
:1067E000FFE79FED0F0A8DED610A09E0B59890ED86
:1067F000350A9FED0C1A20EE010A8DED610AFFE7C4
:106800009DED610A8DED600A26E000BF0AD7A3BCAA
:10681000F366DF3E0000A04300005C430000C84276
:1068200000000000CDCC4C3E000082C2000034C20B
:1068300000005CC3CDCC4C3D0000704200003442EF
:10684000000010423D0A573E88C2F53CB59890EDD5
:10685000350A8DED600AFFE7B599B6989DED600A9F
:1068600081ED260A91ED290A8DED410A91ED2C0A60
:106870008DED400A91ED300A8DED420A00F55C7015
:106880005C9006F07DFD9DED402A9DED411AB59886
:10689000B0EE403A9DED420A20EE030A91EE020A64
:1068A00090ED271A30EE010A90ED321AB2EE042A6A
:1068B0008DED452AA1EE020A90ED331AB2EE0E2AB2
:1068C0008DED462AA1EE020A9DF89113C9071FED2E
:1068D0002A2A8DED472A1FED2B1A8DED4D1A00291E
:1068E00041FE020A90ED2E1AFBF7F2FFB698B59919
:1068F00000F56E624B9282ED000A91ED280A8DED53
:10690000440A91ED2B0A8DED430A91ED2F0A8DED8E
:10691000480A00F2AC405D9006F032FD9DED436AFE
:106920009DED443A9DED455A9DED464A9DED472A21
:106930009DED4D1AB598B0EE407A9DED480A20EED7
:10694000070A93EE060A90ED263A30EE030A90ED20
:10695000313AA3EE050A90ED333AA3EE040A9DF80E
:106960009013C907002941FE020A90ED2D1AFBF78A
:10697000AFFFB69800F6E4614E9181ED000A00F693
:10698000484049901FED5A0A06F0F6FB499840F638
:10699000CC01C2F200414A9191ED1B0A06F0D8F9F0
:1069A0004A9890ED040A90ED1B1ABBEE082A20EEDF
:1069B000020A1FED612AA1EE020AF3EE0E0AFBF7AE
:1069C000EBFF4B9ADDED4D0AB699B59880ED250A9F
:1069D00090ED251A01F6C8714C9191ED000A31EE47
:1069E000401A1FED6C2AA1EE020A81ED000A92ED19
:1069F000000A91ED001A30EE010A90ED2E1AFBF715
:106A000067FF4B9B4C99DDED4D0A4E9AB59883ED8F
:106A1000000A92ED000A91ED001A30EE410A90ED65
:106A20002D1AFBF755FF4E9A5C98B59982ED000A36
:106A30009DF89123D2071FED801A8DED531A1FED9B
:106A4000810A8DED590A002A00FE010A8DED510AD6
:106A500091ED4C0A8DED4F0A07F05AF89DED4F1A53
:106A60005C9830EE410A8DED500A9DF89113C907EC
:106A7000B2EE001A8DED551AB1EE000A8DED560AF0
:106A8000002900FE010A8DED520A06F039FE9DED47
:106A9000503A9DED511A9DED592AB0EE404A9DEDB8
:106AA000520A20EE040A91EE430A9DF89103C007B2
:106AB0001FED9D1A8DED5A1A002841FE020AFBF7C0
:106AC0006BFF9DED531AB69A5D98B599B0EE402ACA
:106AD0009DED590A02F6F46282ED002A9DF890239A
:106AE000D207002A00FE010A8DED580A91ED4C0AEA
:106AF0008DED540A07F00CF89DED543A9DED551AB2
:106B00005D98B0EE402A9DED560A32EE432A8DED97
:106B1000572A9DF89013C907002900FE010A8DED40
:106B20005B0A06F0EDFD9DED574A9DED583A9DED4F
:106B3000592A9DED5A1AB0EE405A9DED5B0A20EE9F
:106B4000050A93EE440A9DF89003C007002841FE11
:106B5000020AFBF721FFB69800F6F86181ED000A02
:106B600003F0C6FA5C984CF28821C3F6F541DE9139
:106B700007F0CEFA5D98B599B0EE401A1FEDCF0A36
:106B80008DED5F0A30EE410A1FEDD11A8DED5E1AD0
:106B900080EE010A81ED230A07F0BAFA9DED5E1A34
:106BA000B598B0EE402A9DED5F0A30EE420A80EEC5
:106BB000010A80ED220A90ED230AB5EE400AF1EEBB
:106BC00010FA03DAFFE70020DD90FFE7B59890EDBB
:106BD000230AB7EE001AB4EE410AF1EE10FA04DD12
:106BE000FFE74FF07E50DD90FFE7B59890ED220A69
:106BF000B5EE400AF1EE10FA03DAFFE70020DC9070
:106C0000FFE7B59890ED220AB7EE001AB4EE410AFC
:106C1000F1EE10FA04DDFFE74FF07E50DC90FFE765
:106C2000B59890ED230AB5EE400AF1EE10FA0ADCB1
:106C3000FFE7B59890ED220AB5EE400AF1EE10FAA2
:106C400040F3FB80FFE7B698B59A0021DB91DA911B
:106C5000D991D89100F55C71399192ED4C0A00F60A
:106C6000C4723592D2ED000ADBAADAAB01F0CCFD9A
:106C7000359AB59BB69800F2AC413D9193ED4C0A24
:106C8000D2ED000AD9AAD8AB01F0BEFDB59890EDBF
:106C9000210AF3EE020ACDED360AFBF77DFEDDEDAB
:106CA000360AB59880ED210A90ED200AFBF774FEB4
:106CB000DDED360AB59880ED200A90ED1F0AFBF74E
:106CC0006BFEDDED360AB59880ED1F0A90ED1E0AC9
:106CD000FBF762FE3998B599B69A81ED1E0A91EDDF
:106CE000231A91ED210AB0EEC00A91ED202AB0EEF0
:106CF000C22A30EE022A91ED220A91ED1F3AB0EE3F
:106D0000C33A91ED1E4AB0EEC44A33EE043A20EE87
:106D1000030AA1EE020AB5EE001A20EE010A41F2C2
:106D200024031A4482ED000A91ED231AB7EE000AFB
:106D30008DED3F0A30EE410A8DED370A06F0C8FEB0
:106D40009DED373A3998B599B0EE404A9DED3F0A2E
:106D500091ED231A91ED212A21EE022AA3EE042AB5
:106D60008DED3A2A30EE410A8DED380A06F0B8FE74
:106D70009DED381A3998B599B0EE402A9DED3A0A42
:106D800091ED233A91ED204A63EE040AE1EE020A06
:106D900006F08EFE3D98B5999DED3F0A91ED221AC1
:106DA00030EE410A8DED3B0A06F092FE9DED3B3A36
:106DB0003D98B599B0EE404A9DED3F0A91ED221AFB
:106DC00091ED1F2A21EE022AA3EE042A8DED3E2A20
:106DD00030EE410A8DED3C0A06F082FE9DED3C1A34
:106DE0003D98B599B0EE402A9DED3E0A91ED223ACC
:106DF00091ED1E4A63EE040AE1EE020A06F058FE27
:106E0000B5999DED3F0AB69891ED231A30EE412ACF
:106E100000F56E6292ED001A21EE021A82ED001A60
:106E200091ED221A30EE411A00F6E46090ED000A6E
:106E300020EE010A80ED000AFFE7B69800F55C70CD
:106E400007F066F99FEDD61A30EE010AB0EEC00ADF
:106E500000209FEDD41AB4EE410AF1EE10FA3490FE
:106E600080F28780FFE7B69800F2AC4007F050F957
:106E70009FEDCB1A30EE010AB0EEC00A00209FED64
:106E8000C91AB4EE410AF1EE10FA349071DAFFE754
:106E9000B69800F55C7006F03BFEB59890ED4C1A84
:106EA00030EE410AB0EEC00A00209FEDBF1AB4EEEA
:106EB000410AF1EE10FA34905BDAFFE7B69800F27F
:106EC000AC4006F025FEB59890ED4C1A30EE410A24
:106ED000B0EEC00A00209FEDB41AB4EE410AF1EE04
:106EE00010FA349045DAFFE7B69800F55C7006F0CA
:106EF00047FAB0EEC00A00209FEDAC1AB4EE410A8A
:106F0000F1EE10FA349034DAFFE7B69800F2AC40B4
:106F100006F036FAB0EEC00A00209FEDA41AB4EED7
:106F2000410AF1EE10FA349023DAFFE7B69800F543
:106F30005C7006F0E5FBB0EEC00A00209FED9C1AE5
:106F4000B4EE410AF1EE10FA349012DAFFE7B69887
:106F500000F2AC4006F0D4FBB0EEC00A9FED941AEC
:106F60000020B4EE410AF1EE10FAB8BF01203490CF
:106F7000FFE7B698349901F001018DF85F1302F034
:106F80004FF9014600200029339076D0FFE79DF8A5
:106F900083140020C907002933906ED0FFE7B6980C
:106FA00000F55C7007F0B4F800209FED821AB4EE93
:106FB000410AF1EE10FA33905FDDFFE7B69800F278
:106FC000AC4007F0A5F800209FED7A1AB4EE410A14
:106FD000F1EE10FA339050DDFFE740F6CC00C2F23C
:106FE000004090ED1C0AB0EEC00A00209FED721A1E
:106FF000B4EE410AF1EE10FA33903EDAFFE7B698AC
:1070000000F60C7090ED000AB0EEC00A00209FED73
:107010006B1AB4EE410AF1EE10FA33902DDAFFE765
:10702000B69800F55C7006F073FDB59890ED4C1ABB
:1070300030EE410AB0EEC00A00209FED611AB4EEB6
:10704000410AF1EE10FA339017DAFFE7B69800F232
:10705000AC4006F05DFDB59890ED4C1A30EE410A5B
:10706000B0EEC00A9FED561A0020B4EE410AF1EED0
:1070700010FAB8BF01203390FFE7339800F0010009
:107080008DF85E039DF88304C007C8B1FFE79DF843
:107090005F03C00728B9FFE79DF85E03C00778B11A
:1070A000FFE7B69841F2D0014058C72807D8FFE75C
:1070B000B69941F2D002885801308850FFE705E0C8
:1070C000B69941F2D00200208850FFE79DF85F1387
:1070D0000020C907329051B1FFE7B69841F2D001C4
:1070E00041580020C72988BF01203290FFE732981D
:1070F00000F001008DF85D039DF85E130020C907C4
:10710000319051B1FFE7B69841F2D00141580020CB
:10711000132988BF01203190FFE7319800F001006A
:107120008DF85C039DF85D03C00728B9FFE79DF863
:107130005C03C00708B3FFE7B699012081F8820F0E
:1071400040F6CC00C2F20040406F41F2C4028850C9
:1071500041F232020420885441F2CC0200208850CF
:1071600041F2D00288504FF48652885041F2C80252
:10717000885041F23C028850FFE700F013BFB698F8
:1071800002F052FAB69800F6C47090ED000A9FED36
:107190000D1AB4EE410AF1EE10FA51DA32E000BFF6
:1071A0001F856BBE0AD7A33CC2B8323E0AD7233D27
:1071B000CDCC4C3D9A99193E5077563EAE47613E34
:1071C000DB0F493F1F856B3E17B7513817B751B8D2
:1071D00021815142000048C30080BB44000070433D
:1071E0000000F04200008C4200000CC200000000D1
:1071F00000005CC3000096449A99993F0AD7A3BC4B
:10720000CCCCCC3DB69800F6C47090ED000A1FEDD2
:10721000121A30EE010A80ED000A90ED000A1FED0F
:10722000171AB4EE410AF1EE10FA08DDFFE7B6993D
:1072300048F21F50C3F66B60C1F8C40FFFE72BE0A4
:10724000B69800F6C47090ED000A1FED221AB4EE55
:10725000410AF1EE10FA1EDDFFE7B69800F6C470A1
:1072600090ED000A1FED271A30EE010A80ED000AAA
:1072700090ED000A1FED2D1AB4EE410AF1EE10FA5E
:1072800008DAFFE7B69948F21F50C3F66B60C1F801
:10729000C40FFFE7FFE7FFE7B69800F55C7006F064
:1072A000CBFD07F029FAB698B5991FED371A8DED89
:1072B000301A20EE010A81ED1C0A00F2AC4006F003
:1072C000BBFD07F019FA9DED301AB698B59920EE7E
:1072D000010A81ED1B0A01F0A7F9B699B59841F2B0
:1072E000CC02114491ED000AB8EE400A1FED471A96
:1072F00030EE010A1FED481A80EE010A80ED1A0AED
:1073000090ED1A0AB5EE400AF1EE10FA03DAFFE743
:107310000020D490FFE7B59890ED1A0AB7EE001A56
:10732000B4EE410AF1EE10FA04DDFFE74FF07E50B3
:10733000D490FFE7B599B69891ED1A1A1FED592A26
:107340001FED590AA1EE020A81ED190A91ED1A1AF0
:10735000B3EE092A1FED5D0AA1EE020A81ED180ABB
:1073600091ED190A8DED230A00F6C471249191ED77
:10737000000A8DED200A00F55C70219006F0C8FE31
:107380009DED201A219830EE410A8DED220A05F07C
:10739000F7FF9DED222AB598B0EE401A9DED230A25
:1073A000B3EE0C3A8DED273A21EE031AA0EE021A45
:1073B00090ED1C0A30EE410A90ED181A5FED760A46
:1073C000CDED2E0AFBF784FA2499B698B59A00F50C
:1073D0006E632C9383ED000A92ED190A8DED290A54
:1073E00091ED000A8DED250A00F2AC40269006F0E2
:1073F0008FFE9DED251A269830EE410A8DED280A64
:1074000005F0BEFF9DED273A9DED282ADDED2E0A01
:10741000B598B0EE401A9DED290A21EE031AA0EEB0
:10742000021A90ED1B0A30EE410A90ED181AFBF794
:107430004FFAB69800F6E4612F9181ED000A00F64C
:1074400048402A901FED970A05F096FE2A9840F6CC
:10745000CC01C2F200412B9191ED1B0A05F078FCA2
:107460002B9890ED040A90ED1B1ABBEE082A20EE33
:10747000020A1FEDA12AA1EE020AF3EE0E0AFBF7A3
:107480008BFA2C9ADDED2E0AB699B59880ED170A85
:1074900090ED171A01F6C8712D9191ED000A31EEA9
:1074A000401A1FEDBD2AA1EE020A81ED000A92EDFD
:1074B000000A91ED001A30EE010A90ED181AFBF760
:1074C00007FA2C9B2D99DDED2E0A2F9AB59883EDA6
:1074D000000A92ED000A91ED001A30EE410A90ED9B
:1074E000181AFBF7F5F92F9AB699B59882ED000AAC
:1074F00041F2CC02114491ED000AB8EE400A1FEDB2
:10750000C31A80EE010A80ED160A90ED160AB7EE56
:10751000001AB4EE410AF1EE10FA04DDFFE74FF075
:107520007E50D090FFE7B69800F6EC6090ED000A30
:107530005FEDCF0ACDED1F0AFBF72EFADDED1F0A36
:10754000B698B59981ED150A00F56F6090ED000AC7
:10755000FBF722FAB699B59880ED140A90ED160A59
:10756000B7EE001A31EE402A01F6A47292ED003A0D
:1075700090ED154A20EE040AA2EE030A80ED130AEC
:1075800090ED160A31EE401A01F6A87292ED002A2B
:1075900090ED143A20EE030AA1EE020A80ED120AE1
:1075A00001F60C7191ED000AB0EEC00A1FEDED1A64
:1075B00030EE010A1FEDEE1A80EE010A80ED110A8D
:1075C00090ED110AB5EE400AF1EE10FA03DAFFE78A
:1075D0000020CB90FFE7B59890ED110AB7EE001AA6
:1075E000B4EE410AF1EE10FA04DDFFE74FF07E50F1
:1075F000CB90FFE7B69800F60C7090ED000AB9EE5C
:107600000C1A20EE010ADFEDEE0AFBF7C5F9B69978
:10761000B59880ED100A90ED110AB7EE001A31EE20
:10762000402A90ED133A90ED104A20EE040AA2EEA3
:10763000030A80ED130A90ED110A31EE401A90ED25
:10764000122A90ED103A20EE030AA1EE020A80ED14
:10765000120A01F6A47191ED000A90ED131A20EEC2
:10766000010A0020B5EE400AF1EE10FA1E9012DA7F
:10767000FFE7B69800F60C7090ED000AB0EEC00A75
:107680009FEDD01A0020B4EE410AF1EE10FAC8BF07
:1076900001201E90FFE7B598B6991E9AD2079FED7C
:1076A000CA1A9FEDCA0A002A00FE010A80ED0F0ADD
:1076B00001F6A87191ED000A90ED121A20EE010A70
:1076C0000020B5EE400AF1EE10FA1D9012DAFFE745
:1076D000B69800F60C7090ED000AB0EEC00A9FED6F
:1076E000B91A0020B4EE410AF1EE10FAC8BF012029
:1076F0001D90FFE7B698B5991D9AD2079FEDB21A73
:107700009FEDB20A002A00FE010A81ED0E0A91EDFA
:107710000F1A91ED132A00F6A47292ED000A32EED0
:10772000402AA1EE020A82ED000A91ED0E1A91EDB7
:10773000122A00F6A87191ED000A32EE402AA1EE5D
:10774000020A81ED000AD0F8A41FC0F8EC1ED0F8A0
:10775000A81FC0F8F01E00F60C7090ED000AB0EE05
:10776000C00A9FED9B1AB4EE410AF1EE10FA1EDD3D
:10777000FFE7B69800F60C7090ED000ABAEE001A1A
:1077800020EE010AF0EE080AFBF706F9B598B69963
:1077900080ED0D0AC798C1F8EC0EC798C1F8F00E3D
:1077A000C798C1F8A40FC798C1F8A80FFFE7B5980C
:1077B00040F6CC01C2F2004191ED1C0A9FED851A02
:1077C00020EE010A80ED0C0A90ED0C0A9FED821A62
:1077D000B4EE410AF1EE10FA06DDFFE747F2507011
:1077E000C3F6D650C690FFE7B59890ED0C0A9FED12
:1077F0007B1AB4EE410AF1EE10FA06DAFFE747F21F
:107800005070CBF6D650C690FFE7B698B59991ED7B
:107810000C1A9FED730A30EE410A81ED0B0A91EDCF
:107820000B0A8DED140A00F55C70159006F070F9E6
:107830009DED141A159830EE410A8DED160A05F0EB
:107840005FFF9DED161AB1EE002A8DED192A20EE8C
:10785000020A9FED642A8DED1A2A91EE420ADFEDAD
:10786000620ACDED1C0AFBF797F8B599B69800F6B9
:10787000F46282ED000A91ED0B0A8DED170A00F219
:10788000AC40189006F044F99DED171A189830EEA8
:10789000410A8DED1B0A05F033FF9DED193A9DED70
:1078A0001A2A9DED1B1ADDED1C0A20EE030A91EE4B
:1078B000420AFBF771F8B69800F6F86181ED000A0C
:1078C00041F2CC014058B0F5967F0AD8FFE7B6994F
:1078D00040F6CC00C2F20040406F41F2C402885032
:1078E000FFE7B598B69940F6CC02C2F2004292ED9D
:1078F0001D0A41F2C402114491ED001A30EE410A12
:1079000080ED0A0A90ED0A0A9FED381AB4EE410A9A
:10791000F1EE10FA0ADDFFE7B59890ED0A0A9FED47
:10792000341A30EE010A80ED0A0AFFE7B59890EDAF
:107930000A0A9FED301AB4EE410AF1EE10FA0ADAA3
:10794000FFE7B59890ED0A0A9FED2B1A30EE010A79
:1079500080ED0A0AFFE7B59890ED0A0A9FED271A15
:1079600020EE010AF0EE040AFBF716F8B699B59876
:1079700080ED090A41F2CC028958A1F5967100EE1A
:10798000101AB8EE400A9FED1E1A80EE010A80ED33
:10799000080A90ED080AB5EE400AF1EE10FA03DA93
:1079A000FFE70020C290FFE7B59890ED080AB7EE18
:1079B000001AB4EE410AF1EE10FA2DDD28E000BF06
:1079C0009A99993F0AD7A33CEC51383E8FC2753C37
:1079D0009A99993E3333B33E5077D63D5077D6BD12
:1079E000DB0FC93F0000344200001042DB0F49406A
:1079F000DB0FC9C0DB0F49C0DB0FC940711B8F40D3
:107A00000000FA432063CA403D0A573E88C2F53C55
:107A10004FF07E50C290FFE7B59890ED080A8DEDCB
:107A20000D0A40F6CC01C2F2004191ED1F0A90ED23
:107A3000091A30EE010A1FED0D1A20EE010A5FED62
:107A40001B0AFAF7A9FFB699B598B0EE401A9DED5A
:107A50000D0A20EE010A80ED070A01F6EC610E9195
:107A600091ED000A90ED161AB6EE002A8DED0F2A60
:107A700021EE021A90ED072AA1EE020A5FED300A0C
:107A8000CDED100AFAF788FF0E9A9DED0F2ADDED75
:107A9000100AB699B59882ED000A01F56F6111914F
:107AA00091ED000A90ED161A21EE021A90ED072AC8
:107AB000A1EE020AFAF770FF1199B69881ED000A5B
:107AC00002F016FBB6984CF28821C3F6F541C0913E
:107AD00000F55C7006F01CFBB698B599B0EE401A44
:107AE0001FED370A8DED130A30EE410A1FED391AEA
:107AF0008DED121A80EE010A81ED050A00F2AC400C
:107B000006F006FB9DED121AB598B0EE402A9DEDE9
:107B1000130A30EE420A80EE010A80ED040A90ED6D
:107B2000050AB5EE400AF1EE10FA03DAFFE700208D
:107B3000BF90FFE7B59890ED050AB7EE001AB4EED6
:107B4000410AF1EE10FA04DDFFE74FF07E50BF90DE
:107B5000FFE7B59890ED040AB5EE400AF1EE10FA91
:107B600003DAFFE70020BE90FFE7B59890ED040A26
:107B7000B7EE001AB4EE410AF1EE10FA04DDFFE7A9
:107B80004FF07E50BE90FFE7B59890ED050AB5EE38
:107B9000400AF1EE10FA0ADCFFE7B59890ED040A0E
:107BA000B5EE400AF1EE10FA40F3FB80FFE7B6981D
:107BB000B59A0021BD91BC91BB91BA9100F55C7161
:107BC000069192ED0B0A00F6C4720292D2ED000A01
:107BD000BDAABCAB00F018FE029AB59BB69800F2A5
:107BE000AC410A9193ED0B0AD2ED000ABBAABAABE5
:107BF00000F00AFEB59890ED030AF3EE020ACDED0F
:107C0000030AFAF7C9FEDDED030AB59880ED030A11
:107C100090ED020AFAF7C0FEDDED030AB59880ED9B
:107C2000020A90ED010AFAF7B7FEDDED030AB598F6
:107C300080ED010A90ED000AFAF7AEFE0698B599BC
:107C4000B69A81ED000A91ED051A91ED030AB0EEA6
:107C5000C00A91ED022AB0EEC22A30EE022A91ED5E
:107C6000040A91ED013AB0EEC33A91ED004AB0EE4C
:107C7000C44A33EE043A20EE030AA1EE020AB5EE3E
:107C8000001A20EE010A41F224031A4482ED000A90
:107C900091ED051AB7EE000A8DED0C0A30EE410A9F
:107CA0008DED040A05F014FF9DED043A0698B59990
:107CB000B0EE404A9DED0C0A91ED051A91ED032AB4
:107CC00021EE022AA3EE042A8DED072A30EE410AA6
:107CD0008DED050A05F004FF9DED051A0698B5998E
:107CE000B0EE402A9DED070A91ED053A91ED024A6A
:107CF00063EE040AE1EE020A05F0DAFE0A98B5998D
:107D00009DED0C0A91ED041A30EE410A8DED080A42
:107D100005F0DEFE9DED083A0A98B599B0EE404AAE
:107D20009DED0C0A91ED041A91ED012A21EE022A33
:107D3000A3EE042A8DED0B2A30EE410A8DED090ADF
:107D400005F0CEFE9DED091A0A98B599B0EE402ACD
:107D50009DED0B0A91ED043A91ED004A63EE040AA1
:107D6000E1EE020A05F0A4FEB5999DED0C0AB69865
:107D700091ED051A30EE412A00F56E6292ED001A7F
:107D800021EE021A82ED001A91ED041A30EE411A2A
:107D900000F6E46090ED000A20EE010A80ED000A92
:107DA000FFE7B698012180F86B1F00F55C7006F0C4
:107DB000AFF900209FED7D1AB4EE410AF1EE10FA02
:107DC000019032DBFFE7B69800F2AC4006F0A0F974
:107DD00000209FED761AB4EE410AF1EE10FA019000
:107DE00023DBFFE7B69800F55C7005F0C9FAB0EE4A
:107DF000C00A00209FED6E1AB4EE410AF1EE10FAAF
:107E0000019012DAFFE7B69800F2AC4005F0B8FA3C
:107E1000B0EEC00A9FED661A0020B4EE410AF1EE02
:107E200010FAB8BF01200190FFE7019800F00100AF
:107E30008DF8E7029DF883140020C90700290090FF
:107E400055D0FFE740F6CC00C2F2004090ED040AA6
:107E5000B0EEC00A00209FED571AB4EE410AF1EED1
:107E600010FA009043DAFFE740F6CC00C2F200407F
:107E700090ED050AB0EEC00A00209FED4E1AB4EE58
:107E8000410AF1EE10FA009031DAFFE740F6CC003B
:107E9000C2F2004090ED1F0AB0EEC00A00209FED34
:107EA000451AB4EE410AF1EE10FA00901FDAFFE72E
:107EB000B69800F60C7090ED000AB0EEC00A0020F3
:107EC0009FED3D1AB4EE410AF1EE10FA00900EDA81
:107ED000FFE79DF8E7120020C907009039B1FFE7DE
:107EE000B69800F0DDF880F001000090FFE7009800
:107EF00000F001008DF8E6029DF8E602C00780B1AF
:107F0000FFE7B6984FF48651405880087C2807D880
:107F1000FFE7B6994FF48652885801308850FFE742
:107F200008E0B6994FF486520020885041F2C8020A
:107F30008850FFE7B6984FF486514058B0F5FA7F65
:107F400020D3FFE740F6CC00C2F2004090ED1F0ABC
:107F5000B0EEC00A9FED171AB4EE410AF1EE10FA26
:107F600010DAFFE7B69841F2C801405880087C2833
:107F700007D8FFE7B69941F2C80288580130885007
:107F8000FFE70EE0B6984FF486514058B0F5FA7FFF
:107F900006D3FFE7B69941F2C80200208850FFE7F8
:107FA000FFE7FFE70DF5936D80BD00BFEC51383E54
:107FB0000AD7A33DC2B8B23E8FC2F53D0000000013
:107FC00080B588B007900799039101F5007001F61C
:107FD000EC6191ED000AB1EE400A03F045FF039910
:107FE00001F52E7001F56F6191ED000A03F03CFF81
:107FF000039800F18001009100F55C70019005F09C
:108000006FFD0098B0EE402ADFED231ACDED061A81
:10801000B0EE610AF0EE610AB0EE611A04F0D8FB2E
:10802000019805F055FD0398DDED061AB0EE402AE3
:10803000B0EE610AF0EE610AB0EE611A04F0C8FB1E
:10804000039800F5C071029100F2AC40049005F075
:1080500047FD0298DDED061AB1EE402AB0EE610A46
:10806000F0EE610AB0EE611A04F0B2FB03990498D5
:1080700001F58071059105F02BFD0598DDED061ADF
:10808000B1EE402AB0EE610AF0EE610AB0EE611A7C
:1080900004F09EFB08B080BD00000000000000005E
:1080A00081B00090009841F23301405C00F0010083
:1080B00001B070470000000080B598B01790179885
:1080C000029000F5BD600022019202231946F4F7E8
:1080D000ABF9019A02984FF07E511691159241F238
:1080E0006F23C3F60333149313910023C4F22013B8
:1080F0001293119210920F9344F20003C4F21C6386
:108100000E930D920C920023C4F27A430B930A91C2
:108110000992089207910691059204920391D0F872
:10812000E8261399149BDDF854C0DDF858E0C2F836
:108130000CE0C2F808C053601160D0F8FC260F991B
:10814000109BDDF844C0DDF848E0C2F80CE0C2F84E
:1081500008C053601160D0F800270B990C9BDDF824
:1081600034C0DDF838E0C2F80CE0C2F808C0536053
:108170001160D0F8E0260799089BDDF824C0DDF8EF
:1081800028E0C2F80CE0C2F808C053601160D0F8D3
:10819000F4160398049A059BDDF818C0C1F80CC0CA
:1081A0008B604A60086018B080BD000000000000CD
:1081B00081B00090009841F2E901405C01B0704745
:1081C00081B00090009841F2E801405C01B0704736
:1081D00081B00090009841F23001405C01B07047DE
:1081E00080B590B00F900F9804900021039180F813
:1081F000691FC0F8641FC0F8541FC0F8581FC0F8AA
:108200005C1FC0F8601FC0F8EC1EC0F8F01E4FF2F3
:10821000C351C3F6C8710E914CF6CD41C3F64C6103
:108220000D9100F55C7008909FED3F0A8DED050AF9
:10823000DFED3E0ACDED060A05F02AFC04989DED1F
:10824000050ADDED060A00F2AC40079005F020FCBF
:10825000089805F0C5FA079805F0C2FA089805F0E5
:108260005BF838B1FFE7049800F2AC4005F054F831
:1082700008B9FFE756E0049800F55C70019005F03E
:1082800057FF01988DED0C0A05F04AFF04988DED1B
:108290000B0A00F2AC40029005F04AFF0298B1EEE2
:1082A000400A8DED0A0A05F03BFF0499B1EE400A41
:1082B0008DED090A0B98C1F8540F0C98C1F8580FAE
:1082C0000998C1F85C0F0A98C1F8600F4FF07C5014
:1082D000C1F8640F012081F8690F42F63030C2F214
:1082E000004090ED060AB7EE001AB4EE410AF1EE36
:1082F00010FA17D1FFE7049801F096F9049800F6F8
:108300008410009004F0FCFA0098049901F6EC61E6
:1083100081ED000A04F0FCFA049800F56F6080ED2E
:10832000000AFFE710B080BDC3F5C83FCDCC4C3E7E
:1083300081B00090009941F231020020885441F24E
:108340005802885041F25C0288504FF483528850A2
:1083500041F26402885041F26802885041F26C0296
:10836000885041F27802885041F27C0288504FF4E4
:1083700084534FF07E52CA5041F28402885041F239
:108380008802885041F28C02885041F29002885055
:1083900041F29602885241F29402885241F29A02C6
:1083A000885241F29802885241F29D02885441F26B
:1083B0009C02885441F29E02885441F29F028854E4
:1083C0004FF48552885441F2A402885041F2A80229
:1083D000885041F2B402885481F8680F01B07047A8
:1083E00080B584B003900398019041F23001405C65
:1083F000013801460291042819D80299DFE801F0FA
:10840000030B0F1307000198FAF7C2FC10E0019864
:1084100000F0EAFE0CE00198FCF74EFA08E0019843
:1084200001F08EFE04E00198FFF7DAFE00E0FFE7BE
:1084300004B080BD0000000080B588B005A902919D
:1084400007900798039042F63030C2F2004090ED5A
:10845000060AB0EE081AB4EE410AF1EE10FA0CD09A
:10846000FFE742F63030C2F2004090ED060AB5EE6A
:10847000400AF1EE10FA0CD1FFE7039941F2330202
:108480000020885441F23402885041F2380288506A
:10849000B7E0039800F55C7005F09AF9029903982B
:1084A00081ED010A00F2AC4005F092F902990398BF
:1084B00081ED000A41F23301405CC007002850D131
:1084C000FFE70299039A41F238030020D05091ED62
:1084D000010AB2EE041AB4EE410AF1EE10FA01906C
:1084E0000EDAFFE7029890ED000AB2EE041A0020BF
:1084F000B4EE410AF1EE10FAB8BF01200190FFE797
:10850000019800F001008DF813009DF81300C007DA
:1085100000B3FFE7039841F2340140581D2807D803
:10852000FFE7039941F23402885801308850FFE791
:10853000039841F2340140581E280AD3FFE70399FB
:1085400041F233020120885441F234020020885065
:10855000FFE705E0039941F2340200208850FFE76D
:108560004FE00298039A41F234030021D15090ED7C
:10857000010A0120B3EE0E1AB4EE410AF1EE10FA30
:1085800000900EDCFFE7029890ED000AB3EE0E1AA1
:108590000020B4EE410AF1EE10FAC8BF01200090AD
:1085A000FFE7009800F001008DF812009DF812001E
:1085B000C007F8B1FFE7039841F238014058092895
:1085C00007D8FFE7039941F23802885801308850F4
:1085D000FFE7039841F2380140580A2809D3FFE722
:1085E000039941F233020020885441F23802885046
:1085F000FFE705E0039941F2380200208850FFE7C9
:10860000FFE708B080BD000081B00090009841F203
:10861000EA01405C01B0704781B00090009841F2DF
:108620003101405C01B0704780B584B0039003987D
:10863000029000F68410019004F062F9019802990A
:1086400001F6EC6181ED000A04F062F901980299EB
:1086500001F56F6181ED000A04F00AF901980299B1
:1086600001F6F46181ED000A04F00AF9029800F6BF
:10867000F86080ED000A04B080BD0000000000003A
:1086800081B00090009841F2EB01405C01B070476E
:1086900083B002900298009090F86B1F0020C907E9
:1086A000019099B1FFE7009890F8821F0020C90758
:1086B000019059B1FFE700984FF486514058810866
:1086C00000207C2988BF01200190FFE7019800F07D
:1086D000010003B07047000080B582B0019001989E
:1086E000009041F23C020021815041F2440281504D
:1086F00041F24802815041F24C02815041F2500255
:10870000815041F25402815080F86B1F80F86C1F39
:1087100080F86D1F80F86E1FC0F88C1FC0F8901F86
:10872000C0F8941FC0F8981FC0F89C1FC0F8A01F85
:10873000C0F8B41FC0F8B81F80F86F1F80F8781F0A
:1087400080F8791F80F87A1F80F87B1F80F87C1FE3
:1087500080F87D1F80F87E1F80F87F1F80F8801FC3
:1087600080F8811F80F8821F80F8831F4FF48652A3
:10877000815041F2C802815041F23202815441F2EB
:10878000CC02815041F2D002815041F2D40281509A
:1087900041F2D802815041F2DC0281504FF48752FD
:1087A000815041F2E4028150C0F8AC1FC0F8B01F04
:1087B000C0F8A41FC0F8A81F40F6CC01C2F20041C7
:1087C000496F41F2C402815000F6C82004F0B4FCA5
:1087D000009800F6483004F0AFFC009800F6C8405E
:1087E00004F0AAFC009800F6485004F0A5FC00989C
:1087F00000F6C85004F0A0FC009800F6486004F0B1
:108800009BFC02B080BD000080B58EB00D900C9135
:108810008DED0B0ACDED0A0A099208930C989DED97
:108820000B0ADDED0A0A05F033F90C9804F0D8FFC5
:108830000C9804F071FD30B9FFE709990020086039
:108840000899086050E00C9805F06AFC8DED070A65
:108850000C9805F06DFC8DED060A0C9805F060F99A
:108860009DED071A30EE410A8DED050A0C9805F0D2
:108870005FF99DED061A30EE410A8DED040A9DED7B
:10888000051A9FED1A2A8DED002A9FED190AA1EE17
:10889000020A8DED010A0C9805F0D6FA9DED002A2A
:1088A000B0EE401A9DED010A9FED123A8DED023AAD
:1088B000A1EE030A099880ED000A9DED041A9FEDD0
:1088C0000E0AA1EE020A8DED030A0C9805F0C4FA17
:1088D0009DED022AB0EE401A9DED030AA1EE020AB8
:1088E000089880ED000AFFE70EB080BD7FFBFCC159
:1088F000CDCCAC40E86A9BBFCDCCACC00000000042
:1089000080B584B003900399029101F5007001F6DF
:10891000EC6191ED000AB1EE400A03F0A5FA02996C
:1089200001F52E7001F56F6191ED000A03F09CFADC
:10893000029890F8690FC00720BBFFE70298DFEDAF
:108940002B0ACDED010AB0EE600A03F019FC029883
:10895000DDED010A8030B0EE600A03F011FC0298F0
:10896000DDED010A00F58070B0EE600A03F008FC4E
:108970000298DDED010A00F5C070B0EE600A03F068
:10898000FFFB30E0029800F6547191ED000A00F60A
:1089900064710091D1ED000A03F0F2FB029A009994
:1089A00002F1800002F6587292ED000AD1ED000A41
:1089B00003F0E6FB029A009902F5807002F65C7201
:1089C00092ED000AD1ED000A03F0DAFB029A009959
:1089D00002F5C07002F5766292ED000AD1ED000A50
:1089E00003F0CEFBFFE704B080BD00BF0000000035
:1089F00080B58CB00B900B98079042F63030C2F2E5
:108A0000004090ED060ABDEEC00A8DED0A0A90ED19
:108A1000050ABCEEC00A10EE100A8DF827000A986D
:108A2000012805D0FFE70799002081F8840FFFE7B0
:108A3000F5F732FD20B3FFE7079841F23001405CC3
:108A400002280FD1FFE7079841F2E40140580009DE
:108A5000182807D8FFE7079941F2E4028858013047
:108A600088500CE007989DF8271080F86A1F41F2A3
:108A7000E802012181540521FBF74EFDBBE205E030
:108A8000079941F2E40200208850FFE7079890F828
:108A9000880FC00768B1FFE70A98012804D0FFE7F4
:108AA0000A98022805D1FFE70799012081F8870F6E
:108AB000FFE70A990120069039B1FFE70A980338C9
:108AC000B0FA80F040090690FFE70799069800F099
:108AD000010081F8880F0A98032804D0FFE70A985C
:108AE00000283FD1FFE707989DF8271080F86A1FFC
:108AF00041F23001405C052817D1FFE7079841F2A9
:108B0000E901405C60B9FFE7079841F2EA01405C87
:108B100030B9FFE7079841F2EB01405C28B1FFE76D
:108B20000799012081F8700FFFE7079841F2E901EA
:108B3000405C90B9FFE7079841F2EA01405C60B9F8
:108B4000FFE7079841F2EB01405C30B9FFE7079976
:108B500041F2E80202208854FFE707980521FBF75D
:108B6000DBFC48E2079841F23001405C042806D162
:108B7000FFE707999DF8270081F86A0F3BE2079805
:108B800041F23001415C00200229059005D1FFE748
:108B9000079890F86F0F0590FFE7059800F0010027
:108BA0008DF826009DF82600C00718B1FFE70020C9
:108BB000049004E0079805F0F3FB0490FFE70498A5
:108BC0008DF825009DF82600C00718B1FFE70020AA
:108BD000039004E0079805F023FC0390FFE7039857
:108BE0008DF824009DF82600C00718B1FFE700208B
:108BF000029004E0079805F053FC0290FFE702980A
:108C00008DF823009DF8250048B9FFE79DF8240062
:108C100028B9FFE79DF8230000285BD0FFE70798FD
:108C200041F2E901415C0020019089B9FFE7079812
:108C300041F2EA01415C0020019049B9FFE7079841
:108C400041F2EB01405CB0FA80F040090190FFE78F
:108C50000799019800F001008DF822009DF8253059
:108C600041F2E902885C184388549DF8243041F2AF
:108C7000EA02885C184388549DF8233041F2EB02E5
:108C8000885C184388549DF82200C007A8B1FFE70C
:108C90009DF8250018B1FFE70420009007E09DF83B
:108CA00024100620002918BF05200090FFE707992F
:108CB000009841F2E8028854FFE7079841F230013A
:108CC000405C052805D0FFE707980521FBF724FC49
:108CD00091E1FFE7079841F23001405C032859D148
:108CE000FFE7079841F23101405C012838D1FFE7E6
:108CF000079890F86A0F022832D1FFE79DF8270005
:108D000001282DD1FFE7079800F5007003F0A4F8C3
:108D1000079841F27001014481ED000A00F52E70C0
:108D200003F09AF8079941F27400084480ED000AB4
:108D300041F268020020885041F26C02885041F2F2
:108D400031030222CA5441F25802885041F25C02B7
:108D500088504FF48352885041F2B4028854FFE7A0
:108D600007989DF8271080F86A1F41F23101405C96
:108D700078B9FFE70A98012805D1FFE70798022193
:108D8000FBF7CAFB04E007980121FBF7C5FBFFE7EF
:108D9000FFE730E1079841F23001405C05284BD1F4
:108DA000FFE707989DF8271080F86A1F41F2E90154
:108DB000405C60B9FFE7079841F2EA01405C30B9D6
:108DC000FFE7079841F2EB01405CB0B1FFE707987D
:108DD00090F8700FC00778B1FFE70A9801280BD10F
:108DE000FFE7079890F8840FC00728B9FFE70798B6
:108DF0000221FBF791FBFFE7FDE00A9801280BD168
:108E0000FFE7079890F8840FC00728B9FFE7079895
:108E10000221FBF781FBEEE00A9802280BD1FFE765
:108E2000079890F8830FC00728B9FFE7079801213A
:108E3000FBF772FBDFE0DEE0079841F23001405CB7
:108E4000022840F09280FFE707999DF8270081F8FB
:108E50006A0F0A9802287DD1FFE7079841F2320194
:108E6000405C042876D1FFE7079841F2CC014058D6
:108E7000B0F5967F6ED3FFE740F6CC00C2F200401B
:108E800090ED1C0AB0EEC00A9FED5C1AB4EE410AE8
:108E9000F1EE10FA5EDAFFE740F6CC00C2F20040D5
:108EA00090ED1B0AB0EEC00A9FED541AB4EE410AD1
:108EB000F1EE10FA4EDAFFE740F6CC00C2F20040C5
:108EC00090ED040AB0EEC00A9FED4D1AB4EE410ACF
:108ED000F1EE10FA3EDAFFE740F6CC00C2F20040B5
:108EE00090ED050AB0EEC00A9FED451AB4EE410AB6
:108EF000F1EE10FA2EDAFFE7079800F60C7090ED0D
:108F0000000AB0EEC00A9FED3F1AB4EE410AF1EE3E
:108F100010FA1FDAFFE7079800F55C7005F0F8F823
:108F20009FED391AB4EE410AF1EE10FA12DBFFE7B9
:108F3000079800F2AC4005F0EBF89FED331AB4EE61
:108F4000410AF1EE10FA05DBFFE707980121FBF774
:108F5000E3FA50E00798FFF79BFB28B1FFE707987B
:108F60000121FBF7D9FAFFE745E0079800F050F838
:108F700048B1FFE707989DF8271080F86A1F022183
:108F8000FBF7CAFA37E00A9801280FD1FFE70798E4
:108F900090F8840FC00748B9FFE707989DF827109D
:108FA00080F86A1F0221FBF7B7FA24E0079890F8CF
:108FB0006A0F012810D1FFE79DF8270002280BD186
:108FC000FFE7079841F23101405C28B9FFE70799B4
:108FD000012081F8680FFFE707989DF8271080F8B7
:108FE0006A1F90F8680FC00728B1FFE707980321B0
:108FF000FBF792FAFFE70CB080BD00BF920A063F74
:10900000C2B8B23E8FC2F53D3D0A573E0000000097
:1090100080B58CB00B900B98019040F6CC00C2F25A
:10902000004090ED1C0AB0EEC00A01209FED691AC5
:10903000B4EE410AF1EE10FA029013DCFFE740F6BD
:10904000CC00C2F2004090ED1B0AB0EEC00A9FEDCA
:10905000611A0020B4EE410AF1EE10FAC8BF0120F7
:109060000290FFE70198029901F001018DF82B10A1
:109070004FF481514258002A18BF01228DF82A204E
:10908000405838B1FFE701994FF4815288580138B0
:109090008850FFE700208DF829009DF82B00C007BD
:1090A00000286CD1FFE79DF82A00C007002866D190
:1090B000FFE7019800F55C7004F02AFD01988DED42
:1090C000090A00F2AC4004F023FD8DED080A9DED85
:1090D000090A9FED411A30EE410AB0EEC00A8DED4B
:1090E000070A9DED080A30EE410AB0EEC00A8DED88
:1090F000060A9DED070A9DED061AB4EE410AF1EE4F
:1091000010FA05DDFFE79DED070A8DED000A04E08A
:109110009DED060A8DED000AFFE701989DED000A1E
:109120008DED050A00F6187090ED000ADFED2B0AB0
:1091300009F086FC8DED040A9DED050A9DED041AEB
:10914000B0EEC11A30EE410A8DED030A9DED030A1F
:10915000B5EE400AF1EE10FA03DAFFE700200390C3
:10916000FFE79DED030A9FED1E1A0020B4EE410AB1
:10917000F1EE10FAC8BF01208DF82900FFE79DF835
:109180002B00C00728B9FFE79DF82900C00780B170
:10919000FFE701984FF4825140584008AE2807D8A5
:1091A000FFE701994FF48252885801308850FFE759
:1091B00005E001994FF4825200208850FFE70198A2
:1091C0004FF48251405841080020AE2988BF012049
:1091D0000CB080BD920A863FDB0FC93F0AE81C41F4
:1091E000AA611C3F0000000080B582B00190019888
:1091F00041F2BC028158013181500021C0F8EC1EBF
:10920000C0F8F01EC0F8E01EC0F8E41EC0F8F41E5E
:10921000C0F8F81E02F0E4FB02B080BD00000000C0
:1092200081B00090009841F2D401415800202729D4
:1092300088BF012001B0704780B582B001900198CD
:10924000009041F23001405C012807D1FFE700980F
:1092500002F092FA009800F09BF835E0009841F295
:109260003001405C03280BD1FFE7009841F2310147
:10927000405C012804D1FFE7009800F089F823E062
:10928000009841F23001405C032809D1FFE70099C2
:109290000020C1F8040FC1F8000FC1F8080F13E057
:1092A000009841F23001405C042804D1FFE70098A7
:1092B00000F06EF808E000990020C1F8040FC1F832
:1092C000000FC1F8080FFFE702B080BD00000000EA
:1092D00081B00090009841F29E01405C00F00100D6
:1092E00001B070470000000081B00090009841F28A
:1092F0007401014491ED000A41F27001084490EDBF
:10930000001A30EE410AB6EE001A20EE010A01B052
:10931000704700000000000081B00090009841F20A
:109320007C01014491ED000A41F27801084490ED7E
:10933000001A30EE410AB6EE001A20EE010A01B022
:10934000704700000000000081B00090009841F2DA
:109350008401014491ED000A41F28801084490ED36
:10936000001A30EE011AB6EE002A9FED070AA1EEB0
:10937000020A40F6CC00C2F2004090ED1C1A30EE1A
:10938000010A01B0704700BFDB0FC9BF0000000039
:1093900080B58AB006A9039109900998049042F615
:1093A0003031C2F2004191ED000AB1EE400A00F600
:1093B000047080ED000A90ED000AB0EEC00A9FED47
:1093C000981AB4EE410AF1EE10FA05DCFFE70499B1
:1093D0000020C1F8040FFFE70498039942F63032E9
:1093E000C2F20042D268089291ED020AB0EEC00AC1
:1093F0009FED8C1A0021B4EE410AF1EE10FAC8BFBD
:1094000001218DF81F1041F23001405C01286ED11E
:10941000FFE70498039942F63032C2F20042126923
:10942000089291ED020AB0EEC00A9FED7E1A00216B
:10943000B4EE410AF1EE10FAC8BF01218DF81F10F9
:1094400000F6047090ED000AB0EEC00A9FED741AA9
:10945000B4EE410AF1EE10FA40DCFFE7049841F265
:109460006F21C3F68331069100F6BC7090ED000ABF
:10947000B5EE400AF1EE10FA1ADDFFE7049800F6A7
:10948000BC7090ED000A9FED671AB4EE410AF1EE50
:1094900010FA0DDAFFE70398049901F6BC7191ED1B
:1094A000000AB1EE001A20EE010A80ED000AFFE783
:1094B0000499039801F6DC71029191ED000AD0ED58
:1094C000020A90ED001AF9F72BFA0298049980ED40
:1094D000000AD1F8DC0FC1F8000F07E004990898E2
:1094E000C1F8DC0F0898C1F8000FFFE707E0049906
:1094F0000020C1F8DC0F0898C1F8000FFFE70498BE
:1095000000F6047090ED000AB0EEC00A9FED441A18
:10951000B4EE410AF1EE10FA05DCFFE704990020F1
:10952000C1F8040FFFE7049841F23001405C0128C4
:109530003CD1FFE79DF81F00C007B8BBFFE70498C8
:1095400090F8DA0FC00788B3FFE704980021019173
:10955000C0F8001FC0F8DC1FD0F81C2FC0F8FC2E8C
:10956000D0F8142FC0F8082FC0F8E01F41F2140201
:10957000815041F21802815041F21C028150C0F822
:10958000E81F41F20C02815041F210028150C0F8F4
:10959000F41FC0F8C81FC0F8CC1F00F6484003F005
:1095A000CBFD0499019881F8DA0FFFE70498D0F811
:1095B000141FC0F8081F002180F8D91F9DF81F1044
:1095C00001F001018DF8171041F23001405C0128D3
:1095D00006D1FFE70499D1F81C0FC1F8FC0EFFE794
:1095E0009DF81700C00728B1FFE70499012081F812
:1095F000DA0F12E004980021C0F8001F90F8DA0F8B
:10960000C00748B1FFE70499D1F81C0FC1F8FC0E60
:10961000002081F8DA0FFFE7FFE70AB080BD00BF46
:109620000AD7A33D0AD7A33C80B5BEB03D903D9874
:109630002A9041F23001425C043AB2FA82F25209B5
:109640008DF8F320405C0238B0FA80F040098DF8C4
:10965000F2009DF8F2100020C9072B9051B1FFE7EE
:109660002A9841F23201405C0338B0FA80F0400998
:109670002B90FFE72B9800F001008DF8F1009DF88A
:10968000F2100020C907299051B1FFE72A9841F252
:109690003201405C0438B0FA80F040092990FFE7BD
:1096A0002A98299901F001018DF8F01041F230015A
:1096B000425C013AB2FA82F252098DF8EF20405C26
:1096C0000138B0FA80F040098DF8EE009DF8EE10F8
:1096D0000020C907289091B1FFE72A9800F604708E
:1096E00090ED000AB0EEC00A9FEDD71A0020B4EE4C
:1096F000410AF1EE10FAC8BF01202890FFE7289830
:1097000000F001008DF8ED009DF8EE100020C90773
:109710002790C9B1FFE79DF8ED100020C9072790F9
:1097200091B9FFE72A9800F5706090ED000AB0EE5D
:10973000C00A9FEDC61A0020B4EE410AF1EE10FAFD
:10974000C8BF01202790FFE72A98279901F001015F
:109750008DF8EC1000F6841026909DF8EE00C007FE
:1097600040B1FFE72A9800F6F87090ED000A8DED01
:10977000250A07E02A9800F6047090ED000A8DEDA6
:10978000250AFFE726989DED250A03F055FA2A9849
:109790009DF8EE10C9079FEDAE1A9FEDAE0A0029A5
:1097A00000FE010A8DED3A0A00F6BC7090ED000A49
:1097B000B5EE400AF1EE10FA15DDFFE72A9800F643
:1097C000BC7090ED000A9FEDA11AB4EE410AF1EED3
:1097D00010FA08DAFFE72A9800F6BC7090ED000A4C
:1097E0008DED240A04E09FED9C0A8DED240AFFE72D
:1097F0009DED240A9FED991A20EE010A8DED390A9C
:109800009DF8EC00C00740B1FFE72A994CF6CD4027
:10981000C3F64C50C1F8F00F0FE02A9800F57F60B6
:10982000239090ED000ADDED3A0A9DED391AF9F723
:1098300077F8239880ED000AFFE72A9800F6841055
:1098400022909DF8EE00C00740B1FFE72A9800F58E
:109850007F6090ED000A8DED210A04E09FED7D0A06
:109860008DED210AFFE722989DED210A03F084F88F
:109870009DF8ED00C007A0B1FFE72A9800F6F87048
:1098800090ED000AB0EEC00AB5EE001A80EE010AB3
:10989000DFED700AB7EE001AF9F71AF88DED200A1D
:1098A00004E09FED6C0A8DED200AFFE79DED200A94
:1098B0008DED380A9DF8ED00C00748B1FFE79DED3A
:1098C000380AB4EE001A20EE010A8DED1F0A18E0E6
:1098D0009DF8EE100020C9071E9031B1FFE79DF8FA
:1098E000EC0080F001001E90FFE71E98C0079FED7E
:1098F000571A9FED580A002800FE010A8DED1F0A35
:10990000FFE72A989DED1F0A8DED370A00F68410B7
:109910001C909DED370A03F003F82A991C9801F674
:10992000087191ED000A03F01BF91C981D909DF839
:10993000EF00C00728B1FFE79FED460A8DED1B0A37
:1099400007E02A9800F6FC6090ED000A8DED1B0AF6
:10995000FFE71D989DED1B0A02F0C6FF2A9800F64E
:1099600084101A909DF8EF00C00728B1FFE79FED23
:10997000390A8DED190A07E02A9800F5706090ED1C
:10998000000A8DED190AFFE71A989DED190A02F0F9
:10999000D3FF2A9800F6841018909DF8EC00C007B9
:1099A00028B1FFE7B0EE000A8DED170A04E0B7EE2C
:1099B000000A8DED170AFFE718989DED170A02F0CF
:1099C000E7FF9DF8F300C00748B1FFE740F6CC0081
:1099D000C2F2004090ED1C0A8DED160A07E02A98AD
:1099E00000F55C7004F028FA8DED160AFFE79DED96
:1099F000160A8DED360A9DF8F300C00748B1FFE75F
:109A000040F6CC00C2F2004090ED1C0A8DED150A24
:109A100007E02A9800F2AC4004F00EFA8DED150A2A
:109A2000FFE79DED150A8DED350A9DF8F300C0079F
:109A3000B0B1FFE740F6CC00C2F2004090ED050A5D
:109A40008DED140A14E000BF0AD7A33D0AD7A33C4A
:109A5000CDCC4C3D000000006F12833A8FC2F53D23
:109A60002A9800F55C7003F083FC8DED140AFFE783
:109A70009DED140A8DED340A9DF8F300C00748B13E
:109A8000FFE740F6CC00C2F2004090ED050A8DEDF4
:109A9000130A07E02A9800F2AC4003F069FC8DED50
:109AA000130AFFE79DED130A8DED330A9DF8F100CF
:109AB000C007D8B1FFE79DED360A9FEDC11A20EE31
:109AC000010A8DED360A9DED350A20EE010A8DED75
:109AD000350A9DED340A20EE010A8DED340A9DED24
:109AE000330A20EE010A8DED330A4DE09DF8F000B7
:109AF000C007002847D0FFE72A9841F2CC0108446C
:109B000090ED000AB8EE400A9FEDAB1A80EE010A14
:109B10008DED320A9DED320AB7EE001AB4EE410A1D
:109B2000F1EE10FA04DDFFE74FF07E503290FFE7D0
:109B30009DED321A9FEDA12A9FEDA10AA1EE020A26
:109B40008DED310A9DED311A9DED360A20EE010AA8
:109B50008DED360A9DED311A9DED350A20EE010A94
:109B60008DED350A9DED311A9DED340A20EE010A86
:109B70008DED340A9DED311A9DED330A20EE010A78
:109B80008DED330AFFE7FFE72A9800F55C7004F0DB
:109B9000BFFA2A988DED300A00F2AC4004F0B8FA12
:109BA0008DED2F0A9DF8F200C007002841D0FFE795
:109BB0009DED300A9FED831AB4EE410AF1EE10FAE2
:109BC00006DAFFE748F21F50C3F66B603090FFE7FC
:109BD0009DED300A9FED7C1AB4EE410AF1EE10FAC9
:109BE00006DDFFE742F6F600C3F6DC603090FFE7E3
:109BF0009DED2F0A9FED731AB4EE410AF1EE10FAB3
:109C000006DAFFE748F21F50C3F66B602F90FFE7BC
:109C10009DED2F0A9FED6C1AB4EE410AF1EE10FA99
:109C200006DDFFE742F6F600C3F6DC602F90FFE7A3
:109C3000FFE79DF8F200C00728B9FFE79DF8EF00A5
:109C4000C00728B1FFE79FED5B0A8DED120A07E020
:109C50002A9800F61C7090ED000A8DED120AFFE7BD
:109C60009DED120A8DED2E0A9DF8F200C00728B96D
:109C7000FFE79DF8EF00C00728B1FFE79FED4D0A11
:109C80008DED110A08E040F6CC00C2F2004090EDE4
:109C9000060A8DED110AFFE72A989DED110A8DED58
:109CA0002D0A41F23001405C012808D1FFE72A98D3
:109CB00000F6FC7090ED000A8DED100A07E02A987E
:109CC00000F60C7090ED000A8DED100AFFE72A985F
:109CD0009DED100A8DED2C0A00F684110F9100F60F
:109CE000147191ED000A8DED010A9DED2C0A8DEDA8
:109CF000020A9DED2E0A8DED030A9DED2D0A8DEDD4
:109D0000040A9DED360A8DED050A9DED340A8DEDB0
:109D1000060A9DED350A8DED070A9DED330A8DED9E
:109D2000080A40F6CC01C2F2004191ED050A8DED22
:109D30000A0A91ED1C0A8DED090A9DED300A8DEDA0
:109D40000B0A00F55C7003F043FD2A988DED0C0AB8
:109D50009DED2F0A8DED0D0A00F2AC4003F038FDA9
:109D60002A988DED0E0AFEF79BF99DED010ADDEDB7
:109D7000020A9DED031ADDED041A9DED052ADDEDC5
:109D8000062A9DED073ADDED083A9DED094ADDED25
:109D90000A4A9DED0B5ADDED0C5A9DED0D6ADDED85
:109DA0000E6A01460F9802F08FFE0F9802F0FCFD3C
:109DB0003EB080BD0000000000009644CDCC4C3F7A
:109DC000CDCC4C3E1F856B3EF628DC3E00000000EB
:109DD00080B592B011901198079000F55C700F90CB
:109DE00040F6CC01C2F20041009191ED051AD1ED8F
:109DF0000F0A91ED1C0A03F0CBFA0099079800F2C4
:109E0000AC40109091ED051AD1ED0F0A91ED1C0AAE
:109E100003F0BEFA079802F00BFD07988DED060AD5
:109E200002F00EFD07988DED020A8030019002F0DD
:109E3000FFFC01988DED030A02F002FD07988DEDFD
:109E4000040A02F0BDFC01988DED050A02F0B8FC91
:109E5000DDED020A9DED031ADDED041A9DED052AE4
:109E60000F98F0EE402A9DED060A03F061FA07987C
:109E700000F58070089002F0DBFC0898B1EE400A13
:109E80008DED0E0A02F0DCFC0798B1EE400A8DED74
:109E90000A0A00F5C070099002F0CAFC0998B1EEF8
:109EA000400A8DED0B0A02F0CBFC0898B1EE400A97
:109EB0008DED0C0A02F084FC0998B1EE400A8DED9C
:109EC0000D0A02F07DFCDDED0A0A9DED0B1ADDEDB9
:109ED0000C1A9DED0D2A1098B0EE403A9DED0E0A39
:109EE000F1EE432A03F024FA0F9803F029FE1098AC
:109EF00003F026FE0F9803F05FFA109803F05CFA67
:109F00000F9803F0B1FF109803F0AEFF0F9803F025
:109F1000FFFB109803F0FCFB12B080BD00000000B6
:109F200080B582B001900198009001F031FC00985A
:109F3000FFF74EFF0098FEF77FFA02B080BD0000E9
:109F400080B594B0139013980F9000F648300290AB
:109F50009FED590A8DED000ADFED580ACDED110A8B
:109F60009FED571A8DED0D1ADFED561ACDED011A42
:109F70009FED552A8DED0E2A03F0B6F89DED000AEF
:109F8000DDED011A9DED0D1A9DED0E2A0F98DDED08
:109F9000110A00F6C820039003F0A6F802989DED80
:109FA000111A522104918DF84B10DFED481ACDEDB6
:109FB000051A9FED472A8DED062AB0EE410AF0EE14
:109FC000410A02F02DFF03980499DDED051A9DED7D
:109FD000062A9DED111AB0EE410AF0EE410A02F098
:109FE0001FFF0F9800F6C840B3EE040A8DED070A74
:109FF000F0EE000ACDED0C0AB3EE091A8DED081A49
:10A00000DFED341ACDED101A9FED332A8DED092ABC
:10A0100003F06AF89DED070A9DED081A9DED092AE7
:10A02000DDED0C0A0F98DDED101A00F6485003F034
:10A030005BF8DDED0C1A0F989DED112A00F6C85063
:10A040009FED260A8DED0A0A9FED251A8DED0B1A5C
:10A05000F0EE420A03F048F89DED0A0A9DED0B1A56
:10A06000DDED0C1A0F989DED112A00F64860F0EE18
:10A07000420A03F039F8DDED0D1A9DED0E2A0F9816
:10A08000DDED110A00F6C8309FED160AB3EE0E1A88
:10A0900003F02AF80F989DED100ADDED110A00F685
:10A0A0004840B1EE001AF2EE0E1A9FED0F2A03F0AF
:10A0B0001BF814B080BD00BF0000FA430000000090
:10A0C000000048420000C8436F12833A0AD7A33BFE
:10A0D0008FC2753C000020420AD7A33C9A99193FD1
:10A0E000CDCC4C3D00007042A69B443B00000000DC
:10A0F00080B584B003900399009101F55C700190E4
:10A1000001F56E6292ED000A01F6F461D1ED000AEC
:10A1100003F0EEFC009901F2AC40029001F6E4621B
:10A1200092ED000A01F6F861D1ED000A03F0E0FCBF
:10A13000019803F05DFE029803F05AFE04B080BD62
:10A1400080B5F4B0739073983A9041F23101415C5C
:10A150008DF8CB119DF8CB118DF8CA1100F55C700C
:10A1600003F036FB3A98B3EE0E1A8DED3B1A002140
:10A170003C91B4EE410AF1EE10FAC8BF01218DF80E
:10A18000C91100F2AC4003F023FB9DED3B1A3C9853
:10A19000B4EE410AF1EE10FAC8BF01208DF8C801F3
:10A1A0009DF8CB01042840F09A80FFE79DF8C90193
:10A1B000C00700B3FFE73A9841F2980200218152AC
:10A1C00041F29401405A092807D8FFE73A9941F231
:10A1D0009402885A01308852FFE73A9841F294017C
:10A1E000405A0A2806D3FFE73A9941F29C0201201F
:10A1F0008854FFE726E03A9841F294020021815208
:10A2000041F29C01405CC00770B1FFE73A9841F20F
:10A210009801405A132807D8FFE73A9941F298026B
:10A22000885A01308852FFE73A9841F29801405A23
:10A23000142806D3FFE73A9941F29C020020885483
:10A24000FFE7FFE79DF8C801C00700B3FFE73A98B2
:10A2500041F29A020021815241F29601405A0928A6
:10A2600007D8FFE73A9941F29602885A013088529E
:10A27000FFE73A9841F29601405A0A2806D3FFE7D1
:10A280003A9941F29D0201208854FFE726E03A986E
:10A2900041F296020021815241F29D01405CC007CB
:10A2A00070B1FFE73A9841F29A01405A132807D853
:10A2B000FFE73A9941F29A02885A01308852FFE743
:10A2C0003A9841F29A01405A142806D3FFE73A9986
:10A2D00041F29D0200208854FFE7FFE7FFE73A982C
:10A2E00041F29C01415C01F001018DF8C71141F27E
:10A2F0009D01405C00F001008DF8C6019DF8C7117A
:10A300000120C907399021B9FFE79DF8C6013990AE
:10A31000FFE7399800F001008DF8C5019DF8C711DD
:10A320000020C907389021B1FFE79DF8C601389099
:10A33000FFE7389800F001008DF8C4019DF8C401D2
:10A34000C00740B3FFE73A9841F29E01405CC00766
:10A3500008BBFFE73A9841F29E020121815400F5C3
:10A36000007001F079FD3A9841F28C01014481EDD1
:10A37000000A00F52E7001F06FFD3A9941F290004D
:10A38000084480ED000A41F268020020885041F242
:10A390006C028850FFE748F21F50C3F66B60709064
:10A3A0006F9000206E906D906C908DF8AF018DF8DD
:10A3B000AE019DF8CB0102280AD0FFE79DF8CB0142
:10A3C000032805D0FFE79DF8CB0104283AD1FFE729
:10A3D0003A9841F2580281580131815000F55C7081
:10A3E00003F0F6F90020B2EE041AB4EE410AF1EEE1
:10A3F00010FA379010DAFFE73A9800F2AC4003F019
:10A40000E7F9B2EE041A0020B4EE410AF1EE10FAB8
:10A41000B8BF01203790FFE73A98379901F0010162
:10A420008DF8AD11FDF73CFE28B9FFE79DF8AD01B1
:10A43000C00730B1FFE73A9941F2B40201208854D5
:10A44000FFE7FFE79DF8CB0101463691042800F2B3
:10A4500030823699DFE811F02C02050028007000E8
:10A4600033013A984CF6CD41C3F64C6170916F912F
:10A4700000F55C7003F0E0FC04F03EF93A989FEDC3
:10A48000E31A8DED351A20EE010A8DED6E0A00F209
:10A49000AC4003F0D1FC04F02FF99DED351A20EE0D
:10A4A000010A8DED6D0A05E23A9842F6F601C3F60F
:10A4B000DC6170916F910021C4F27A316C910121BD
:10A4C0008DF8AF1100F55C7003F022FE9FEDD01AFD
:10A4D000B4EE410AF1EE10FA1CDBFFE73A9800F205
:10A4E000AC4003F015FE9FEDCA1AB4EE410AF1EE3E
:10A4F00010FA0FDBFFE73A9841F25C01405803285D
:10A5000007D8FFE73A9941F25C0288580130885039
:10A51000FFE705E03A9941F25C0200208850FFE72E
:10A520003A9841F25C014058042804D3FFE7032025
:10A530008DF8CA01FFE7BDE13A984CF6CD41C3F66C
:10A540004C6170916F9100F55C7003F0E1FD9FED3F
:10A55000B11AB4EE410AF1EE10FA31DCFFE73A9895
:10A5600000F2AC4003F0D4FD9FEDAA1AB4EE410A0C
:10A57000F1EE10FA24DCFFE73A9841F25C01405812
:10A58000032807D8FFE73A9941F25C028858013066
:10A590008850FFE73A9841F25C01405804280ED3F6
:10A5A000FFE73A984FF483514058272807D8FFE730
:10A5B0003A994FF48352885801308850FFE742E0BF
:10A5C0003A9841F25C02002181504FF4835281504D
:10A5D00000F55C7003F09CFD3A988DED340A00F2B2
:10A5E000AC4003F095FDB0EE401A9DED340AB4EE98
:10A5F000410AF1EE10FA08DDFFE73A9800F55C70C9
:10A6000003F086FD8DED330A07E03A9800F2AC4086
:10A6100003F07EFD8DED330AFFE79DED330A8DEDEE
:10A620006A0A9DED6A0A7CA0011DB5EE001AB4EE1F
:10A63000410AF1EE10FAC8BF084600686C9001208C
:10A640008DF8AF01FFE73A9800F55C7003F0C0F8B1
:10A650000120B3EE0E1AB4EE410AF1EE10FA329078
:10A6600010DCFFE73A9800F2AC4003F0B1F8B3EE2B
:10A670000E1A0020B4EE410AF1EE10FAC8BF012014
:10A680003290FFE73A98329901F001018DF8A71155
:10A690004FF483514058282807D3FFE73A9841F2F6
:10A6A000B401405CC00728B9FFE79DF8A701C007C7
:10A6B00020B1FFE704208DF8CA01FFE7FAE03A98DD
:10A6C00041F25801084490ED000AB8EE401A9FED9F
:10A6D000542ADFED540AB0EE600AA1EE020A9FEDA3
:10A6E000521AF8F7F5F83A988DED680A6899709162
:10A6F00068996F919DED700A8DED270A00F55C70E9
:10A70000289003F005FD9DED271A289830EE410AA8
:10A710008DED290A02F034FE9DED291AB3EE0C2AC4
:10A720008DED2C2A20EE020A9FED402A8DED2D2A78
:10A7300091EE420ADFED3E0ACDED2F0A9FED3D1A64
:10A740008DED301AF8F7C4F83A9800F56E6181ED96
:10A75000000A9DED6F0A8DED2A0A00F2AC402B90A5
:10A7600003F0D6FC9DED2A1A2B9830EE410A8DEDB0
:10A770002E0A02F005FE9DED2C4A9DED2D3A9DED31
:10A780002E2ADDED2F0A9DED301A20EE040A92EEFE
:10A79000430AF8F79DF83A9800F6E46181ED000A63
:10A7A00001218DF8AE1100F52E7001F055FB3A989D
:10A7B0008DED310A00F5007001F04EFB3A98B0EED5
:10A7C000401A9DED310A30EE410AB6EE001A20EE35
:10A7D000010A8DED670A9DED670AB0EEC00AB2EE80
:10A7E000041A0021B4EE410AF1EE10FAD8BF01219B
:10A7F0008DF89B1141F29E01405CC00700283ED0BD
:10A80000FFE79DF89B01C007C8B329E021815142B1
:10A81000BF0EDC3E3E0A573E00003EC3000066C34A
:10A82000A69BC43ACDCC4C3E0AD7A33E0000AF4312
:10A83000000034C20000C8420AD7A33C9A99593F8D
:10A8400000008C420000F0C2000048430000284293
:10A85000000034C300003442DB0FC93F0AD7233B5A
:10A860003A9841F2640140584F2807D8FFE73A99D7
:10A8700041F26402885801308850FFE705E03A99B8
:10A8800041F2640200208850FFE73A9841F2B40197
:10A89000405CC00758B1FFE73A9841F26401405864
:10A8A000502804D3FFE700208DF8CA01FFE701E03C
:10A8B000FFE7FFE73A98709941F2AC0281506F9937
:10A8C00041F2B0028150FEF7AFFE3A98FDF7ACFEC0
:10A8D0009DF8AF01C00740B1FFE73A996C98C1F805
:10A8E000E00E6C98C1F8E40E11E09DF8AE01C007CF
:10A8F00060B9FFE73A989DED700ADDED6F0A9DEDB6
:10A900006E1ADDED6D1AF8F7FBF9FFE7FFE79DF82A
:10A91000CB01002800F0B882FFE73A98D0F8BC0FCE
:10A9200065909DED650AB5EE400AF1EE10FA0ADD7C
:10A93000FFE79DED650A1FED401AB4EE410AF1EE06
:10A9400010FA06DDFFE741F26F20C3F68320659021
:10A95000FFE73A9841F2B401405CC00768B1FFE7F5
:10A960003A9841F2A401084490ED000A1FED4D1AF7
:10A9700020EE010A80ED000A1CE03A9841F2A401A1
:10A980000844269090ED000A40F6CC00C2F2004048
:10A9900090ED1C1A1FED562A21EE021A9DED652A34
:10A9A000A1EE020AF2EE000AF7F7F6FF269880ED14
:10A9B000000AFFE73A9841F2A8010844259090ED7B
:10A9C000000A40F6CC00C2F2004090ED1B1A1FEDC9
:10A9D000632A21EE021A9DED652AA1EE020AF3EE2A
:10A9E000040AF7F7D9FF259880ED000A9DF8CB01FE
:10A9F0000338B0FA80F040098DF893019DF8930177
:10AA0000C0071FED6F1A1FED750A002800FE010A2E
:10AA10008DED630A9DF89301C00728B1FFE71FED94
:10AA2000750A8DED240A0EE03A9841F2B401405CBB
:10AA3000C007B3EE061AB2EE0C0A002800FE010AA7
:10AA40008DED240AFFE73A989DED240A8DED620A08
:10AA50009DED631A40F6CC01C2F20041239191EDC5
:10AA6000053A91ED1C2A9DED620A20EE030AA1EE43
:10AA7000020A41F2A401084490ED001A30EE010AE6
:10AA8000F3EE0C0AF7F788FF3A9823998DED610AE7
:10AA900091ED041A91ED1B0ABBEE042A21EE021A75
:10AAA0001FED952AA0EE021A41F2A801084490ED8C
:10AAB000000A30EE010A5FED990AF7F76DFF3A9947
:10AAC00023988DED600A9DED601A01F56E6292ED9E
:10AAD000000A30EE010A82ED000A9DED601A01F6CF
:10AAE000E46191ED000A30EE410A81ED000A9DF823
:10AAF000CB110439B1FA81F149098DF87F1190ED3C
:10AB00001C1A1FEDAB0A30EE410A8DED5E0A9DF86E
:10AB10007F01C007002861D0FFE73A989DED5E0AEB
:10AB200041F284010844209090ED001A30EE410A71
:10AB300004F046F920988DED1E0A9DED5E0A90ED19
:10AB4000001A30EE410A03F0D7FDF0EE400A9DED09
:10AB50001E0A07F075FF3A988DED5D0A9DED5E0ABD
:10AB600041F288010844229090ED001A30EE410A2B
:10AB700004F026F922988DED1F0A9DED5E0A90EDF6
:10AB8000001A30EE410A03F0B7FDF0EE400A9DEDE9
:10AB90001F0A07F055FF8DED5C0A9DED5D0A5FED24
:10ABA000D10ACDED210AF7F7F7FE2098DDED210A55
:10ABB000B0EE401A90ED000A30EE010A80ED000A76
:10ABC0009DED5C0AF7F7E8FE2298B0EE401A90ED92
:10ABD000000A30EE010A80ED000AFFE79DF87F01D0
:10ABE000C00748B1FFE73A9841F28401084490ED6C
:10ABF000000A8DED1D0A04E09FEDB60A8DED1D0AD9
:10AC0000FFE79DED1D0A8DED5B0A9DF87F01C007F2
:10AC100048B1FFE73A9841F28801084490ED000AF4
:10AC20008DED1C0A04E09FEDAB0A8DED1C0AFFE7D9
:10AC30003A989DED1C0A8DED5A0A9DED5B0A8DED4B
:10AC4000160A00F55C701A9002F062FF3A98B0EEB6
:10AC5000401A9DED160A30EE410A8DED590A9DED20
:10AC60005A0A8DED170A00F2AC4002F051FFB0EE27
:10AC7000401A9DED170A30EE410A8DED580A9DED00
:10AC8000590A04F09DF88DED180A9DED590A03F05C
:10AC900033FDF0EE400A9DED180A07F0D1FE8DED70
:10ACA000570A9DED580A04F08BF88DED190A9DEDB9
:10ACB000580A03F021FDF0EE400A9DED190A07F055
:10ACC000BFFE1A988DED560A02F01AFD8DED1B0A93
:10ACD0009DF87F01C00748B1FFE740F6CC00C2F203
:10ACE000004090ED050A8DED150A04E09FED7A0A0B
:10ACF0008DED150AFFE73A989DED1B0A9DED151A9B
:10AD000030EE010A8DED550A00F2AC4002F0F8FC7D
:10AD10008DED140A9DF87F01C00748B1FFE740F6AA
:10AD2000CC00C2F2004090ED050A8DED130A04E05C
:10AD30009FED690A8DED130AFFE79DED140A9DED65
:10AD4000131A30EE010A8DED540A9DF87F01C007F9
:10AD500028B1FFE79FED600A8DED120A04E09DED3A
:10AD6000610A8DED120AFFE79DED120A8DED530A7F
:10AD70009DF8C501C007B3EE0C1A9FED580A0028D4
:10AD800000FE010A8DED520A9DF8C501C007B2EE22
:10AD90000C1AB2EE040A002800FE010A8DED510AD9
:10ADA0009DF87F01C00728B1FFE79DED520A8DEDA8
:10ADB000110A04E09FED4A0A8DED110AFFE79DEDAF
:10ADC000110A8DED500A9DF87F01C00728B1FFE7F9
:10ADD0009DED510A8DED100A04E0B1EE080A8DEDEB
:10ADE000100AFFE79DED100A8DED4F0A9DF87F01D7
:10ADF000C00768B1FFE79DF8C501C007B2EE001AB1
:10AE0000B2EE080A002800FE010A8DED0F0A04E0E8
:10AE10009FED340A8DED0F0AFFE79DED0F0A8DEDD2
:10AE20004E0A9DED501A9DED572A9DED4F0A9DED5E
:10AE3000553A20EE030A91EE020A9DED531A30EEC8
:10AE4000010ADDED4E0AF7F7A7FD3A9800F6F46027
:10AE500080ED000A9DED501A9DED562A9DED4F0A9A
:10AE60009DED543A20EE030A91EE020A9DED531A2D
:10AE700030EE010ADDED4E0AF7F78EFD3A9800F646
:10AE8000F86080ED000AFFE79DF8CB0102280BD0A7
:10AE9000FFE79DF8CB01032806D0FFE79DF8CB0123
:10AEA000042840F05A83FFE73A98D0F8BC0F4D9041
:10AEB0009DED4D0AB5EE400AF1EE10FA22DDFFE7F6
:10AEC0009DED4D0A9FED081AB4EE410AF1EE10FA1D
:10AED0001EDD17E0DB0FC93F00000000000020422C
:10AEE00000007042000038420AD7A33C00005C42D8
:10AEF00000000C429A99593F333333BF3333333F09
:10AF00003333B33E41F26F20C3F683204D90FFE709
:10AF10003A9800F5007000F09FFF3A988DED4C0ACA
:10AF200000F52E7000F098FF8DED4B0A9DF8CB01D7
:10AF30000338B0FA80F040098DF82B019DF82B0101
:10AF4000C0071FED161A1FED160A002800FE010AA1
:10AF50008DED490A9DF82B01C007B1EE0C1AB1EE38
:10AF6000000A002800FE010A8DED480A9DF82B0119
:10AF7000C0071FED261AB3EE0E0A002800FE010AD4
:10AF80008DED470A9DED491A40F6CC00C2F2004013
:10AF900090ED053A90ED1C2A9DED480A20EE030A3B
:10AFA00091EE420ADDED470AF7F7F6FC8DED460A11
:10AFB0004FF07E50459049F69A10C4F299004490A3
:10AFC0009DF8CB01042840F0A480FFE73A984FF0A9
:10AFD0007E51439149F6A631C3F64431429141F284
:10AFE0009E01405CC00740B1FFE7002043904CF653
:10AFF000CD40C3F64C40429032E09DF8C501C007F9
:10B0000058B1FFE74CF6CD40C3F60C70439049F6BB
:10B01000A630C3F64440429021E09DF8C901C00724
:10B0200028B9FFE79DF8C801C00758B1FFE746F20D
:10B030006660C3F6267043904DF20A70C3F6234053
:10B0400042900BE03A9841F258014058142804D33A
:10B05000FFE74FF07D504390FFE7FFE7FFE7FFE793
:10B060003A989DED430A00F584500E9090ED001A39
:10B0700030EE410A9DED421AF1EE410AF7F728FC45
:10B080000E993A98B0EE401A91ED000A30EE010A9E
:10B0900081ED000A4FF48451405845909DF8C50158
:10B0A000C00748B1FFE79DED460AB6EE001A20EE54
:10B0B000010A8DED460AFFE70020C4F2200044900B
:10B0C0009DF8C501C00718BBFFE79DF8C901C0077F
:10B0D00028B9FFE79DF8C801C007C8B1FFE73A9853
:10B0E0004FF07F51449141F26801014491ED000A13
:10B0F0001FED801A20EE010A81ED000A41F26C0179
:10B10000084490ED000A20EE010A80ED000AFFE7F6
:10B11000FFE73A989DED451A41F27001014491ED27
:10B12000002A9DED460AA1EE020A8DED410A9DED31
:10B13000451A41F27401084490ED002A9DED460A3B
:10B14000A1EE020A8DED400A9DF8CB01042840F0E3
:10B15000FA80FFE73A9841F29E01405CC007002860
:10B1600000F0F180FFE73A9841F28C0108440B901F
:10B1700090ED000AB1EE400A5FEDA10ACDED090A9B
:10B180001FEDA21A8DED0A1AF7F7A2FBDDED090AF1
:10B190009DED0A1A0B993A98B0EE402A91ED000AFB
:10B1A00030EE020A81ED000A41F2900108440C9051
:10B1B00090ED000AB1EE400AF7F78AFB0B9A0C9962
:10B1C0003A98B0EE401A91ED000A30EE010A81ED96
:10B1D000000A92ED000A9DED461A1FEDB72AA1EE76
:10B1E000020A8DED410A91ED000A9DED461AA1EE8D
:10B1F000020A8DED400A41F27001084490ED000A08
:10B20000B0EEC00A0020B0EE001AB4EE410AF1EE32
:10B2100010FA0D9013DDFFE73A989DED4C0A41F2CC
:10B220007001084490ED001A20EE010A0020B5EEEE
:10B23000400AF1EE10FAD8BF01200D90FFE73A98CE
:10B240000D9901F001018DF8FF1041F274010844DD
:10B2500090ED000AB0EEC00A0020B0EE001AB4EE85
:10B26000410AF1EE10FA089013DDFFE73A989DEDE0
:10B270004B0A41F27401084490ED001A20EE010AD5
:10B280000020B5EE400AF1EE10FAD8BF0120089078
:10B29000FFE73A98089901F001018DF8FE1041F29C
:10B2A0009F01415C0120C907079021B9FFE79DF884
:10B2B000FF000790FFE73A98079901F0010141F27A
:10B2C0009F0281544FF48551415C0120C9070690CB
:10B2D00021B9FFE79DF8FE000690FFE73A9806992E
:10B2E00001F001014FF48552815441F29F01405C0D
:10B2F000C00780B1FFE73A9941F28C0200208850E4
:10B300009DED4C0A9DED461A9FEDCA2AA1EE020A58
:10B310008DED410AFFE73A984FF48551405CC00734
:10B3200080B1FFE73A9941F29002002088509DEDEC
:10B330004B0A9DED461A9FEDBF2AA1EE020A8DED44
:10B34000400AFFE7FFE79DF8CB0104285DD1FFE746
:10B350003A9841F27001084490ED000AB5EE400AB7
:10B36000F1EE10FA0BDDFFE79DED410AB5EE400A64
:10B37000F1EE10FA03DAFFE700204190FFE73A9878
:10B3800041F27001084490ED000AB5EE400AF1EE7A
:10B3900010FA0BDAFFE79DED410AB5EE400AF1EE37
:10B3A00010FA03DDFFE700204190FFE73A9841F2F1
:10B3B0007401084490ED000AB5EE400AF1EE10FA6F
:10B3C0000BDDFFE79DED400AB5EE400AF1EE10FA05
:10B3D00003DAFFE700204090FFE73A9841F274015A
:10B3E000084490ED000AB5EE400AF1EE10FA0BDACF
:10B3F000FFE79DED400AB5EE400AF1EE10FA03DDDD
:10B40000FFE700204090FFE7FFE73A99419841F2BB
:10B4100078028850409841F27C0288509DED4C0A99
:10B420009DED411A30EE410A8DED3E0A9DED4B0A2D
:10B430009DED401A30EE410A8DED3D0A9DF8CB019D
:10B44000042830D1FFE73A9841F29E01405CC007E2
:10B4500048B3FFE73A9941F268020020885041F270
:10B460006C0288509DED3E0A9FED751A20EE010A90
:10B47000DFED740ACDED050AF7F78EFADDED050A6A
:10B480003A9800F6EC6080ED000A9DED3D0A9FEDD4
:10B490006E1A20EE010AF7F77FFA3A9800F56F600E
:10B4A00080ED000A58E03A9841F2680108440390A0
:10B4B00090ED000A9DED3E1A9FED5D2A8DED012A6B
:10B4C00021EE021A9DED4D2AA1EE020AF0EE040AC9
:10B4D000CDED020AF7F760FA9DED012ADDED020AD3
:10B4E00003993A9881ED000A41F26C0108440490F6
:10B4F00090ED000A9DED3D1A21EE021A9DED4D2AB8
:10B50000A1EE420AF7F748FA0398049981ED000A80
:10B510009DED3E1A90ED000A9FED472AA1EE020A2A
:10B52000DDED440AF7F738FA04983A9901F6EC6130
:10B5300081ED000A9DED3D1A90ED000A9FED3F2A36
:10B54000A1EE020ADDED440AF7F726FA3A9800F573
:10B550006F6080ED000AFFE7FFE73A98FEF7C8FD4D
:10B560009DF8CA019DF8CB1188425FD0FFE73A9958
:10B570009DF8CA0141F23102885441F2580200207C
:10B58000885041F25C0288504FF48352885041F257
:10B59000640288509DF8CA01032806D1FFE73A9952
:10B5A00041F2A40200208850FFE79DF8CA01042858
:10B5B00028D1FFE73A9841F268020021815041F218
:10B5C0006C0281504FF484534FF07E52C25041F2CE
:10B5D0009F0281544FF48552815400F55C7002F053
:10B5E00097FA3A9841F28401014481ED000A00F291
:10B5F000AC4002F08DFA3A9841F28801084480ED9F
:10B60000000AFFE79DF8CA0178B9FFE73A9941F2CD
:10B6100068020020885041F26C02885041F2A40276
:10B62000885041F2A8028850FFE7FFE774B080BD60
:10B6300000000C423333B33ECDCC8C3FCDCC8CBF1D
:10B64000AE47613E3333B33FAE4761BE00000000FA
:10B6500080B582B0019001980090FDF7C9F900987B
:10B66000FDF7EAFD02B080BD82B001908DED000AC9
:10B6700001990098C1F8C00F02B0704700000000A7
:10B6800080B58EB00D900D9809906A460021029108
:10B69000116041F62071C2F2004103910123089329
:10B6A000B2EE090A8DED040AB3EE091A8DED051A02
:10B6B000F3EE0E1ACDED061A1A46F0EE610A01F00D
:10B6C0000BF8029A03999DED040A9DED051ADDED34
:10B6D000061A099880300A906B461A600223079375
:10B6E0001A46F0EE610A00F0F7FF029A03999DED09
:10B6F000040A9DED051ADDED061A099800F5807023
:10B700000B906B461A6003231A46F0EE610A00F0B4
:10B71000E3FF029A03999DED040A9DED051ADDED04
:10B72000061A099800F5C0700C906B461A60042345
:10B730001A46F0EE610A00F0CFFF089A099800F56A
:10B740000070114600F0A0FC0799089A099800F5CE
:10B750002E7000F099FC099801F00EF80A9801F09B
:10B760000BF80B9801F008F80C9801F005F80EB0F2
:10B7700080BD00000000000081B00090009942F6FA
:10B780003030C2F200408068C1F8240F01B0704729
:10B7900080B588B007900798059000F5007000F01C
:10B7A0005BFB05988DED010A00F55C7001F0A8FFC8
:10B7B0009DED011A059830EE411A40F6CC01C2F217
:10B7C0000041029191ED050A30EE010A00F6347154
:10B7D000039181ED000A00F52E7000F03DFB059805
:10B7E0008DED040A00F2AC4001F08AFF0299039A41
:10B7F0000598B0EE401A9DED040A30EE010A91ED75
:10B80000051A30EE010A00F6387181ED000A92ED5A
:10B81000000A9FED6C1A20EE010A00F62C7282EDF0
:10B82000000A91ED000A20EE010A00F5736181ED36
:10B83000000A92ED000A91ED001A30EE010AB0EE16
:10B84000001A80EE010A00F6287181ED000A00F569
:10B850007560E5F7F5FF059800F6BC7181ED000A0B
:10B8600090F8D80FC00788B9FFE7059940F6CC00DB
:10B87000C2F20040406FC1F8D40F0020C1F81C0F85
:10B88000C1F8FC0E012081F8D80F47E0059840F67A
:10B89000CC01C2F2004191ED1D0A00F6D47090ED8A
:10B8A000001A30EE410A8DED060A9DED060A9FED65
:10B8B000461AB4EE410AF1EE10FA09DDFFE79DEDFC
:10B8C000060A9FED421A30EE010A8DED060AFFE7E7
:10B8D0009DED060A9FED3E1AB4EE410AF1EE10FA14
:10B8E00009DAFFE79DED060A9FED3A1A30EE010AEC
:10B8F0008DED060AFFE705999DED061A01F61C700D
:10B9000090ED000A30EE010A80ED000A40F6CC000E
:10B91000C2F20040406FC1F8D40FFFE7059AD2F899
:10B92000281F02F5BD60D2F8EC35196040F6CC0155
:10B93000C2F20041496BD2F8EC35596002F6BC7195
:10B940000091D2F8BC1FD2F8E8265160F1F79CF9BB
:10B95000059A0098D2F8D0160968C2F80C1FD2F8E0
:10B96000D0164968C2F8181F90ED000AB5EE400ADB
:10B97000F1EE10FA1FDDFFE7059800F6BC7090EDC0
:10B98000000A9FED151AB4EE410AF1EE10FA12DA30
:10B99000FFE7059800F60C7191ED001A00F6BC71F6
:10B9A00091ED002A00F5716090ED000AA1EE020A07
:10B9B00080ED000AFFE70599D1F8100FC1F8140FC8
:10B9C00008B080BD8FC2753DDB0F4940DB0FC9C099
:10B9D000DB0F49C0DB0FC9400AD7A33C00000000C1
:10B9E00080B586B005900598049000F500709FED35
:10B9F0003B0A8DED030A00F037FA9DED030A049827
:10BA000000F52E7000F030FA049841F23001405CED
:10BA1000042824D1FFE70498DFED300ACDED020AB7
:10BA2000B0EE600A00F0ACFB0498DDED020A803055
:10BA3000B0EE600A00F0A4FB0498DDED020A00F508
:10BA40008070B0EE600A00F09BFB0498DDED020A06
:10BA500000F5C070B0EE600A00F092FB3BE0049885
:10BA60009FED1E2A8DED012AB0EE420AF0EE420A49
:10BA7000B0EE421AF0EE421A00F0AAFE04989DEDD4
:10BA8000012A8030B0EE420AF0EE420AB0EE421ACD
:10BA9000F0EE421A00F09CFE04989DED012A00F59C
:10BAA0008070B0EE420AF0EE420AB0EE421AF0EEBA
:10BAB000421A00F08DFE04989DED012A00F5C07039
:10BAC000B0EE420AF0EE420AB0EE421AF0EE421A2E
:10BAD00000F07EFEFFE706B080BD00BF0000000062
:10BAE00080B582B001900198009000F0B1FE0098FE
:10BAF000803000F0ADFE009800F5807000F0A8FEE8
:10BB0000009800F5C07000F0A3FE009800F50070EA
:10BB100000F0EEFA009800F52E7000F0E9FA0098B7
:10BB200000F6841001F094F800980021C0F8541F2A
:10BB3000C0F8581FC0F85C1FC0F8601FC0F8641F31
:10BB400080F8681F80F8691F80F86A1F80F86B1FF3
:10BB500080F86C1F80F86D1F80F86E1F80F86F1FD3
:10BB600080F8701FC0F8741F80F8781F80F8791F64
:10BB700080F87A1F80F87B1F80F87C1F80F87D1F7B
:10BB800080F87E1F80F87F1F80F8801F80F8811F5B
:10BB900080F8821F80F8831F80F8841F80F8851F3B
:10BBA000012280F8862F80F8871F80F8881FC0F850
:10BBB0008C1FC0F8901FC0F8941FC0F8981FC0F8E1
:10BBC0009C1FC0F8A01FC0F8A41FC0F8A81FC0F891
:10BBD000AC1FC0F8B01FC0F8B41FC0F8B81FC0F841
:10BBE000C81FC0F8CC1FC0F8D01FC0F8D41F80F801
:10BBF000D81F80F8D91F80F8DA1FC0F8DC1FC0F802
:10BC0000E01FC0F8E41FC0F8E81FC0F8EC1FC0F840
:10BC1000F01FC0F8F41FC0F8F81FC0F8FC1F4FF465
:10BC20008052815041F20402815041F20802815059
:10BC300041F20C02815041F21002815041F2140293
:10BC4000815041F21802815041F21C0281504FF4A0
:10BC50008152815041F22402815041F228028150E8
:10BC600041F22C02815041F23302815441F23402FC
:10BC7000815041F23802815041F25C0281504FF410
:10BC80008352815041F26402815041F26802815036
:10BC900041F26C02815041F27002815041F2740213
:10BCA000815041F27802815041F27C0281504FF480
:10BCB00084534FF07E52C25041F28402815041F2CF
:10BCC0008802815041F28C02815041F290028150F1
:10BCD00041F29402815241F29602815241F298025D
:10BCE000815241F29A02815241F29C02815441F206
:10BCF0009D02815441F29E02815441F29F0281547F
:10BD00004FF48552815441F2A402815041F2A802BD
:10BD1000815041F2AC02815041F2B002815041F2B7
:10BD2000B402815441F2B802815041F2E9028154D7
:10BD300041F2EA02815441F2EB02815402B080BD2B
:10BD400080B582B00020019040F25000C2F2004065
:10BD5000006841F62071C2F20041884206D1FFE737
:10BD600040F20410C2F20040019012E040F2500094
:10BD7000C2F20040006841F6C071C2F20041884240
:10BD800006D1FFE740F21C10C2F200400190FFE72D
:10BD9000FFE7019888B1FFE740F21000C2F20040CF
:10BDA000D0F804C040F25000C2F200400068019A8E
:10BDB0004FF400710823E047FFE702B080BD0000A8
:10BDC00082B001900198009090ED161A90ED280A2B
:10BDD0009FED1E2A21EE021A80EE010A80ED2A0A4A
:10BDE00090ED2A0AB3EE041AB4EE410AF1EE10FA0D
:10BDF00007DDFFE700990020C4F2A010C1F8A800F9
:10BE0000FFE7009890ED2A0ABBEE041AB4EE410A4F
:10BE1000F1EE10FA07DAFFE700990020CCF2A0104B
:10BE2000C1F8A800FFE7009991ED2A0AB3EE041AC1
:10BE300080EE010A9FED061A20EE010ABDEEC00A4F
:10BE400010EE100AA1F8A60002B07047499D803C90
:10BE5000000080460000000081B00090009890ED46
:10BE6000220A01B07047000082B001908DED000AF7
:10BE700001990098C1F8A00002B0704700000000CE
:10BE80002DE9F04F8FB0DDF880A0DDF87C90DDF873
:10BE900078801D9F1C9E1B9D1A9CDDF864E0DDF8D8
:10BEA00060C0CDF838A0CDF83490CDF830800B9735
:10BEB0000A9609950894CDF81CE0CDF818C00593B2
:10BEC00004920391029002980090416E0131416604
:10BED000B0F86C10A0F874109DF834209DF835105F
:10BEE00041EA0221A0F86C109DF836209DF8371029
:10BEF00041EA0221A0F86E109DF838209DF8391013
:10BF000041EA0221A0F870109DF83A10A0F87210D2
:10BF1000B0F86C10B0F87420891AADF80610BDF9AD
:10BF2000061000EE101AB8EEC00BB0F8600001EE7B
:10BF3000100AB8EEC11BBEEE002B21EE021BB4EEC0
:10BF4000410BF1EE10FA05DAFFE70099C86F0130F6
:10BF5000C8671CE00098BDF9061000EE101AB8EE94
:10BF6000C00BB0F8600001EE100AB8EEC11BB6EECF
:10BF7000002B21EE021BB4EE410BF1EE10FA05DDB1
:10BF8000FFE70099C86F0138C867FFE7FFE700992E
:10BF9000C86FB1F86020B1F86C3000FB02308867E0
:10BFA00091ED161A91ED1E0AB8EEC00AB1F86000C4
:10BFB00002EE100AB8EE422A80EE020A30EE000AC3
:10BFC0009FED1D2A20EE020A80EE010A81ED210A72
:10BFD000B1F96E0000EE100AB8EEC00A9FED171A14
:10BFE00020EE010A91ED161A80EE010A81ED220A77
:10BFF000B1F9700000EE100AB8EEC00A9FED101AF9
:10C0000080EE010AB3EE041A20EE010A81ED240A43
:10C0100091ED161A91ED240A9FED0A2A20EE020AEC
:10C0200020EE010A81ED230A91F8720081F8940054
:10C030000FB0BDE8F08F00BFDB0F49405077D63D11
:10C0400000008046499D803C80B584B003900398F1
:10C05000019090F895000146029103280ED80299AC
:10C06000DFE801F002030A0B09E00198FFF7A8FEE0
:10C07000019800F029F802E001E000E0FFE704B0D9
:10C0800080BD00000000000080B584B003908DF8F2
:10C090000B108DF80A20039901919DF80B0081F88F
:10C0A00050009DF80A0081F8950040F25000C2F25D
:10C0B0000040006891F85010F5F7A6FA019948651C
:10C0C00004B080BD0000000082B001900198009093
:10C0D000406D08B9FFE709E0009991F8A7004A6DA3
:10C0E000107091F8A600496D4870FFE702B07047E4
:10C0F00081B00090009843F63C41C4F27C11816508
:10C100004FF08D41C1654FF40051A0F860104FF41D
:10C110008041A0F86210002141668166A0F86C1091
:10C12000A0F86E10A0F87010A0F87210A0F87410AB
:10C130008167C16780F88010C0F88410C0F888104B
:10C14000C0F88C10C0F8901080F89410032280F88A
:10C150009520C0F89810C0F89C10C0F8A010A0F866
:10C16000A410A0F8A610C0F8A810A0F8AC10C0F851
:10C17000B010C0F8B41001B070470000000000001B
:10C1800080B584B003908DED020ACDED010A0398CD
:10C19000009090F83400012801D0FFE70AE00098F1
:10C1A0009DED020A00F0F4F800989DED010A00F000
:10C1B00007F9FFE704B080BD80B58CB00B900A9101
:10C1C00009920B980290816D0591C06D04909DEDD0
:10C1D000050AFAEE090AB2EE091A1020F5F718FC62
:10C1E000ADF822009DED040AFBEE0E0AB3EE0E1A26
:10C1F0000C200390F5F70CFC029902460398ADF869
:10C20000202091ED180ADFED2A0ACDED010A9FEDFD
:10C21000291AF5F7FDFBDDED010A029902460398A4
:10C22000ADF81E2091ED190AB1EE041AF5F7F0FBF6
:10C23000029902460398ADF81C2091ED1A0AFBEE14
:10C24000090AB3EE091AF5F7E3FBADF81A009DF8F9
:10C2500023000A9908709DF822000A994870BDF8D9
:10C26000200000090A998870BDF820109DF81F0071
:10C2700040EA01100A99C8709DF81E000A990871D9
:10C28000BDF81C0000090A994871BDF81C109DF802
:10C290001B0040EA01100A9988719DF81A000A995A
:10C2A000C87109990820087001200CB080BD00BF3A
:10C2B000000000000000FA4380B586B005900598A4
:10C2C000009000F0D9F900980021049103918DF8B5
:10C2D0000B108DF80A1090F834000146019140B11E
:10C2E000FFE7019801280DD0FFE70198022812D03E
:10C2F0001AE0009803A90DF10B02FFF75DFF8DF81E
:10C300000A0015E0009803A90DF10B0200F080F976
:10C310008DF80A000CE0009803A90DF10B0200F063
:10C320005BF88DF80A0003E000208DF80A00FFE7B3
:10C330009DF80A00C00770B1FFE7009940F21000B5
:10C34000C2F20040D0F804C0086D498E9DF80B3051
:10C3500003AAE047FFE706B080BD00000000000030
:10C3600082B001908DED000A01990098486602B0F4
:10C37000704700000000000082B001908DED000ABF
:10C3800001990098086602B07047000000000000A4
:10C3900082B001908DED000A01990098886502B085
:10C3A000704700000000000082B001908DED000A8F
:10C3B00001990098886602B07047000000000000F4
:10C3C00082B001908DED000A01990098C86502B015
:10C3D000704700000000000085B0049003910292B5
:10C3E0000498C06D019001A800900098007803990E
:10C3F00008700098407803994870009880780399F5
:10C4000088700098C0780399C8700399002008715B
:10C4100003994871039988710399C871029904209E
:10C420000870012005B070472DE9F04F8FB0DDF89E
:10C4300080A0DDF87C90DDF878801D9F1C9E1B9D00
:10C440001A9CDDF864E0DDF860C0CDF838A0CDF8C6
:10C450003490CDF830800B970A9609950894CDF862
:10C460001CE0CDF818C00593049203910290029944
:10C4700001910398098E884201D0FFE7C1E001983D
:10C48000416F013141670399018090ED040ABCEED0
:10C49000C00A10EE101A81849DF8341009094180F9
:10C4A0009DF835209DF8361041EA022189B200EE50
:10C4B000101AB8EE400A80ED010A9DF837109DF879
:10C4C0003820090141EA121100EE101AB8EE400AB4
:10C4D00080ED020A9DF838209DF8391002F00F0215
:10C4E00041EA022100EE101AB8EE400A80ED030A7C
:10C4F00090ED010ABDEEC00A10EE100ABAEE090A6C
:10C50000F2EE090A1021F5F7CBFA019880ED040A42
:10C5100090ED020ABDEEC00A10EE100ABBEE0E0A44
:10C52000F3EE0E0A0C210091F5F7BAFA0099019882
:10C5300080ED050A90ED030ABDEEC00A10EE100A68
:10C54000BBEE090AF3EE090AF5F7AAFA019880EDA5
:10C55000060A9DF83A1000EE101AB8EE400A80ED77
:10C56000070A9DF83B1000EE101AB8EE400A80ED65
:10C57000080A90ED040A808C01EE100AB8EEC11A88
:10C5800030EE410A9FED201AB4EE410AF1EE10FAA6
:10C5900007DDFFE70199B1F848000130A1F8480034
:10C5A000FFE7019890ED040A808C01EE100AB8EEC6
:10C5B000C11A30EE410A9FED141AB4EE410AF1EEB1
:10C5C00010FA07DAFFE70199B1F848000138A1F83D
:10C5D0004800FFE7019991ED040AB1F948004003D2
:10C5E00001EE100AB8EEC11A30EE010A81ED130A0D
:10C5F000B1F86E000130A1F86E00012081F86D00E5
:10C60000FFE70FB0BDE8F08F0020CBC500000000B1
:10C6100087B00690059104920698816D0391C06DD4
:10C62000029003A8019002A8009001980078059953
:10C6300008700198407805994870019880780599AC
:10C6400088700198C0780599C8700098007805999D
:10C65000087100984078059948710098807805998C
:10C6600088710098C0780599C871049908200870ED
:10C67000012007B07047000082B00190019900913D
:10C68000486F896F884219D1FFE70098B0F87C00A5
:10C69000132807D8FFE70099B1F87C000130A1F812
:10C6A0007C00FFE70098B0F87C00142805D3FFE772
:10C6B0000099002081F86C00FFE707E00099002056
:10C6C000A1F87C00012081F86C00FFE70099486F19
:10C6D000886702B07047000080B589B084460B9827
:10C6E000CDF820C007918DF81B208DF81A308DF8F9
:10C6F00019008DED050ACDED040A8DED031ACDED7F
:10C70000021A08990091079808659DF81B00088691
:10C710009DF81A0048869DF819000146019140B124
:10C72000FFE70198012809D0FFE7019802280CD003
:10C7300012E000999DF81A0048860DE000999DF8D6
:10C740001A0000F58070488606E000999DF81A00EE
:10C7500000F500704886FFE700999DF8190081F800
:10C760003400059888630498C863039808640298A5
:10C77000486409B080BD000080B584B0039003997F
:10C78000FF208DF804008DF805008DF806008DF867
:10C7900007008DF808008DF809008DF80A00FC20CC
:10C7A0008DF80B0040F21000C2F20040D0F804C037
:10C7B000086D498E01AA0823E04704B080BD00003F
:10C7C00081B00090009890ED060A01B0704700001B
:10C7D00080B588B007908DED060ACDED050A8DED88
:10C7E000041ACDED031A8DED022A0798019090F8F6
:10C7F000340008B1FFE719E001989DED060AFFF744
:10C80000C7FD01989DED050AFFF7DAFD01989DED42
:10C81000040AFFF7B1FD01989DED030AFFF7A0FDA3
:10C8200001989DED020AFFF7BFFDFFE708B080BD4C
:10C8300081B00090009890ED040A01B070470000AC
:10C8400081B00090009890ED050A01B0704700009B
:10C8500081B000900098012180F86C1000214167A0
:10C860008167A0F87C1001B0704700000000000054
:10C8700081B00090009890ED4B0A01B07047000025
:10C8800081B00090009890ED4C0A01B07047000014
:10C8900083B002908DED010ACDED000A9DED010AF5
:10C8A0009DED001AB4EE410AF1EE10FA03DDFFE748
:10C8B00000980190FFE79DED010A9DED001AB1EE91
:10C8C000411AB4EE410AF1EE10FA07DAFFE79DEDE6
:10C8D000000AB1EE400A8DED010AFFE79DED010A65
:10C8E00003B070470000000082B001908DED000A97
:10C8F00001990098C86302B0704700000000000072
:10C9000081B00090009890ED490A01B07047000096
:10C9100081B00090009890ED4A0A01B07047000085
:10C9200082B001908DED000A01990098486302B031
:10C93000704700000000000082B001908DED000AF9
:10C9400001990098086402B07047000000000000E0
:10C9500080B582B00190019901F23D1091ED0A0A73
:10C96000D1ED0B0A01F15C0291F83C1101F00101DB
:10C9700001F062FC02B080BD82B001908DED000A32
:10C9800001990098C1F8380102B07047000000001A
:10C9900082B001908DED000A01990098C1F8340130
:10C9A00002B070470000000080B586B00590059881
:10C9B000039000F0E1F80398FFF7CAFF00208DF81C
:10C9C0001300FFE79DF8130003284FDCFFE70398EF
:10C9D0009DF8131001EB810200EBC202029292ED6E
:10C9E000175A92ED180A92ED193A92ED1A1A90ED33
:10C9F0003F6A90ED407A90ED414A90ED422A20EE58
:10CA0000070AA5EE060AA3EE040AA1EE020A92EDB9
:10CA10001B1A90ED432AA1EE020A92ED1C1A90ED2A
:10CA2000442AA1EE020A92ED1D1A90ED452AA1EECC
:10CA3000020A92ED1E1A90ED462AA1EE020A92ED2C
:10CA40001F1A90ED472AA1EE020A92ED201A90EDEE
:10CA5000482AA1EE020A00EB810080ED130AFFE7ED
:10CA60009DF8130001308DF81300ABE7039890EDAB
:10CA7000130AF2EE040ACDED000AFFF709FFDDED1F
:10CA8000000A039880ED490A90ED140AFFF700FFB1
:10CA9000039880ED4A0A90ED150ADFED0A0ACDED04
:10CAA000010AFFF7F5FEDDED010A039880ED4B0A60
:10CAB00090ED160AFFF7ECFE039880ED4C0A06B0E5
:10CAC00080BD00BF0000204291B002AA0092024641
:10CAD0000098109280ED0D0AC0ED0C0A80ED0B1A43
:10CAE000C0ED0A1A80ED092AC0ED082A80ED073A48
:10CAF000C0ED063A80ED054AC0ED044A80ED035AC8
:10CB0000C0ED025A80ED016AC0ED006A8DF8071091
:10CB100010990F9808600E9848600D9888600C98DE
:10CB2000C8600B9808610A9848610998886108985C
:10CB3000C861079808620698486205988862049858
:10CB400048640398C862029888649DF8070000F062
:10CB5000010081F83C0111B07047000000000000A6
:10CB600082B001908DED000A01990098886302B0AF
:10CB7000704700000000000082B00190019841F26F
:10CB80006F21C3F60341009190ED001A90ED0E0A5B
:10CB900030EE410A80ED3F0A90ED011A90ED0C0A4B
:10CBA00090ED0D2A30EE020A30EE410A80ED400A87
:10CBB00090ED021A90ED0F0A30EE410A80ED410A25
:10CBC00090ED031A90ED100A30EE410A80ED420A12
:10CBD00090ED041A9FED160A30EE411A80ED431ACB
:10CBE00090ED051AB1EE411A80ED441A90ED061A47
:10CBF00030EE410A80ED450A90ED070AB1EE400A99
:10CC000080ED460A90ED082A90ED4D1A90ED4E0AFF
:10CC100030EE420A20EE010A80ED470A90ED090A43
:10CC200090ED4D1A20EE410A80ED480A02B070479F
:10CC3000000000800000000082B001908DED000A2D
:10CC400001990098086302B07047000000000000DE
:10CC500080B586B00490049802900590002101915F
:10CC6000C0F8381100F23D1001F092FB01980299D2
:10CC7000C860886048600860C86188614861086170
:10CC800048620862C86288620864C863886308638F
:10CC900045F62942C3F60F624A634FF07E52C1F84F
:10CCA0003421C1F83801886448648DF80F00FFE72B
:10CCB0009DF80F00032830DCFFE702999DF80F0074
:10CCC00001EB80020020D0649DF80F2001EB82016F
:10CCD000C1F824018DF80E00FFE79DF80E00092829
:10CCE00014DCFFE702989DF80F1001EB810100EBC7
:10CCF000C1009DF80E1000EB81010020C865FFE720
:10CD00009DF80E0001308DF80E00E6E7FFE79DF874
:10CD10000F0001308DF80F00CAE700208DF80D00DC
:10CD2000FFE79DF80D0009280FDCFFE702989DF84A
:10CD30000D1000EB81010020C1F8FC00FFE79DF819
:10CD40000D0001308DF80D00EBE7059806B080BDB1
:10CD500082B001908DED000A01990098886402B0BC
:10CD6000704700000000000082B001900198009020
:10CD700090ED041A90ED1C0AB0EEC00A9FED252A32
:10CD800021EE021AB4EE410AF1EE10FA0DDBFFE7D4
:10CD9000009890ED110AB0EEC00A9FED1F1AB4EE94
:10CDA000410AF1EE10FA01DAFFE731E0009890ED68
:10CDB000111A90ED120A31EE400AB0EEC00AB0EE40
:10CDC000C11A80EE010A9FED151AB4EE410AF1EE88
:10CDD00010FA09DDFFE700990A6A486A013240F15A
:10CDE00000000A62486204E000990020486208627C
:10CDF000FFE70098016A406A40F2F512891A70F163
:10CE0000000005D3FFE70099012081F82800FFE723
:10CE100002B070476F12833A17B7D1383333733F7C
:10CE200087B006908DF817108DED040ACDED030A3A
:10CE30008DED021ACDED011A8DED002A06999DF8AF
:10CE4000170008760498086303984863029888637B
:10CE50000198C8630098086407B07047000000009C
:10CE600082B001900198009090ED041A90ED1C0A98
:10CE7000B4EE410AF1EE10FA04DDFFE7009908690B
:10CE80000867FFE7009890ED041A90ED1C0AB1EED8
:10CE9000411AB4EE410AF1EE10FA08DAFFE7009801
:10CEA00090ED040AB1EE400A80ED1C0AFFE702B0E3
:10CEB000704700000000000081B00090009890EDE5
:10CEC0000F3A90ED1C0A90ED1D1A90ED1F2A20EEEE
:10CED000020A33EE022A80EE020A21EE031A81EEE4
:10CEE000021A30EE010A80ED1C0A01B07047000002
:10CEF00084B003900398009090ED170A90ED1A1AF1
:10CF000030EE010A8DED020A9DED022A90ED160A1F
:10CF100090ED181A30EE020A30EE010A8DED010A8A
:10CF20009DED010AB0EEC00A90ED041AB4EE410A7C
:10CF3000F1EE10FA12DDFFE7009890ED140A90ED83
:10CF4000171A20EE010AB5EE400AF1EE10FA04DDE0
:10CF5000FFE7009900208866FFE7FFE700989DED56
:10CF6000020A90ED0C1AB4EE410AF1EE10FA06DD59
:10CF7000FFE7009900208866086BC865FFE7009806
:10CF80009DED020A90ED0C1AB1EE411AB4EE410A81
:10CF9000F1EE10FA0ADAFFE700980021816690EDC1
:10CFA0000C0AB1EE400A80ED170AFFE704B07047A3
:10CFB00081B00090009890ED103A90ED180A90ED35
:10CFC000191A90ED1F2A20EE020A33EE022A80EE93
:10CFD000020A21EE031A81EE021A30EE010A80EDF8
:10CFE000180A01B07047000081B00090009890EDE1
:10CFF000010A90ED142A90ED153A90ED1F1A32EEC9
:10D00000032AB0EE003A82EE032A20EE020A20EE56
:10D01000010A80ED1A0A01B070470000000000000C
:10D0200082B001900198009090ED140A90ED171ACB
:10D0300020EE010AB5EE400AF1EE10FA3ADDFFE704
:10D04000009890ED0E1A90ED140AB0EEC00AB4EEFE
:10D05000410AF1EE10FA01DCFFE72BE0009890EDB9
:10D060000D1A90ED0E2A90ED140AB0EEC00A31EEC2
:10D07000021AB4EE410AF1EE10FA16DCFFE700984E
:10D0800090ED0D2A90ED0E3A90ED141A90ED1A0ADB
:10D09000B0EEC11A32EE411A31EE031A81EE021AD5
:10D0A00020EE010A80ED1A0A03E00099002088664C
:10D0B000FFE7FFE702B0704781B00090009890ED65
:10D0C000020A90ED123A90ED132A90ED1F1A32EEFB
:10D0D000432A20EE020A80EE010A80ED180A01B010
:10D0E000704700000000000080B586B005908DED0F
:10D0F000040ACDED030A8DED021ACDED011A8DED76
:10D10000002A0598049901600399416002998160A1
:10D110000021C160019A0261009A426101760163B7
:10D1200041638163C16301644162016280F8281038
:10D1300000F002F806B080BD81B000900099002098
:10D1400048648864C864086548658865C865086679
:10D1500048668866C86608674867C86741F204027F
:10D16000CEF2000212688A674862086281F82800DD
:10D1700001B070470000000082B001908DED000A00
:10D1800001990098486402B0704700000000000058
:10D1900080B584B0029002980190007E00060028BD
:10D1A00004D5FFE70198FFF7DFFDFFE7019878302E
:10D1B000E4F746FB019880ED1F0A90ED1F0AB5EEDB
:10D1C000400AF1EE10FA04DCFFE70198006F0390CB
:10D1D0009EE0019890ED110A90ED121A30EE410A8E
:10D1E00080ED140A90ED051A90ED140AB0EEC00A15
:10D1F000B4EE410AF1EE10FA77DDFFE7019890ED09
:10D20000000A90ED141A20EE010A80ED160A90ED46
:10D21000010A90ED142A90ED1F1A20EE020A20EE6A
:10D22000010A80ED1A0A90ED020A90ED142A90EDA1
:10D23000153A90ED1F1A32EE432A20EE020A80EED4
:10D24000010A80ED180A007E4007002804D5FFE798
:10D250000198FFF7C9FEFFE70198007E80060028CD
:10D2600004D5FFE70198FFF7DBFEFFE70198007E9A
:10D270008007002804D5FFE70198FFF71DFFFFE7AF
:10D280000198007E4006002804D5FFE70198FFF7CB
:10D290008FFEFFE70198007EC00720B1FFE70198ED
:10D2A000FFF726FEFFE7019890ED170A90ED1A1A96
:10D2B00030EE010A80ED170A90ED160A90ED172A5C
:10D2C00090ED181A30EE020A30EE010A80ED1C0AC9
:10D2D000007EC006002804D5FFE70198FFF7ECFDAB
:10D2E000FFE70198FFF7BCFD04E001990020086703
:10D2F0008866FFE70198816CC164016D4165016F2B
:10D300004167016E4166816EC166006F0390FFE761
:10D310009DED030A04B080BD81B00090009890F8A4
:10D32000580000F0010001B070470000000000004C
:10D3300087B006908DED050ACDED040A8DED031A38
:10D34000CDED021A8DED012ACDED002A0699059842
:10D35000086104988861039848610298C86101983F
:10D36000C1F89C000098C1F8A00007B07047000009
:10D3700081B00090009890ED190A01B0704700004C
:10D3800081B00090009890ED1E0A01B07047000037
:10D3900084B003908DED020ACDED010A8DED001AE7
:10D3A0000399029888600198C1F888000098486243
:10D3B00004B070470000000080B594B0139013983B
:10D3C00006900430E4F73CFA069880ED000A43F238
:10D3D000BD71C3F28651129190ED3C1A90ED3D0A59
:10D3E00030EE410A01F0ECFC8DED110A9DED110AC1
:10D3F000B0EEC00A9FEDB91AB4EE410AF1EE10FA90
:10D400000DDAFFE79DED110AB5A0011DB5EE400A4A
:10D41000F1EE10FAA8BF084600681190FFE70698E1
:10D4200090ED040A90ED062A90ED3D1A9FEDAE3A7C
:10D430008DED033A22EE032A8DED012A30EE410AEA
:10D4400001F0BEFC9DED033A06988DED000A90EDCB
:10D45000051A90ED072A90ED3D0A22EE032A8DED84
:10D46000022A30EE410A01F0ABFC9DED002A9DED51
:10D47000011A0698B0EE403A9DED020A20EE030A2A
:10D48000A1EE020A9DED111A80EE010A9FED971A96
:10D490008DED041A80EE010A80ED1D0A90ED040A5C
:10D4A00001F08EFC06988DED100A90ED040A01F053
:10D4B00023F906988DED0F0A90ED3C0A01F080FCEF
:10D4C00006988DED0E0A90ED3C0A01F015F99DEDE0
:10D4D000031A9DED043A06988DED0D0A90ED060AAB
:10D4E0009FED832A20EE020A9DED102A20EE020A0B
:10D4F00080ED4A0A90ED060A20EE010A9DED0F1A12
:10D5000020EE010A80ED4B0A90ED1D1A90ED4A0ABB
:10D5100021EE031A9DED0E2AA1EE420A9FED751A27
:10D5200020EE010A80ED4C0A90ED1D2A90ED4B0A89
:10D5300022EE032A9DED0D3AA2EE030A20EE010A27
:10D5400080ED4D0A90ED081AB7EE000A8DED050A40
:10D5500080EE010A8DED0C0A9DED0C0A20EE000A0A
:10D560008DED0B0A90ED2F1A90ED300A90ED4C3AAC
:10D5700090ED4D2A20EE030A91EE020A9DED0B1A62
:10D5800020EE010A80ED210A90ED2F1A90ED300A6D
:10D5900090ED4C2A90ED4D3A20EE030AA1EE020ADE
:10D5A0009DED0C1A20EE010A80ED1E0A90ED091A7D
:10D5B00090ED210A30EE010A8DED0A0A90ED3A1A3B
:10D5C0009DED0A0A9FED4C2AA1EE020A80ED190A90
:10D5D00090ED170A01F0F4FB06988DED090A90ED25
:10D5E000170A01F089F80699B0EE401A9DED050A78
:10D5F0008DED081A91ED081A91ED194A91ED1E2A48
:10D600009DED083A9DED095A21EE051A21EE041A06
:10D6100092EE031A81ED1A1A40F25800C2F200404D
:10D6200090ED002A30EE421A91ED004A91ED1E5A1B
:10D6300091ED203A91ED3B6A35EE465A21EE051AFE
:10D6400081EE041AA2EE031A81ED201A90ED001A61
:10D6500030EE410A91ED003A91ED194A91ED1B2A05
:10D6600091ED3A5A34EE454A20EE040A80EE030A60
:10D67000A1EE020A81ED1B0A91ED190A20EE000AC3
:10D680008DED070A91ED220A91ED201A9DED082AF1
:10D69000A1EE420A91ED081A91ED195A91ED1B3A4B
:10D6A00091ED1E4A34EE044A24EE055A9DED094AD6
:10D6B000A5EE040A21EE033AA3EE040A9DED073A13
:10D6C00021EE031AA1EE020A81ED1F0A486EC1F88D
:10D6D000E800886FC1F8EC0014B080BDBD37863516
:10D6E000BD3786B5BD378635423EE83D713D0A3EC1
:10D6F000423EE8BD7B09ED3F000000000000000055
:10D7000081B00090009890ED210A01B070470000B0
:10D7100080B586B005900598019090ED272A90ED90
:10D72000283A90ED461A90ED480A20EE030AA1EE41
:10D73000020A80ED290A90ED272A90ED283A90ED13
:10D74000471A90ED490A20EE030AA1EE020A80ED85
:10D750002A0A90ED170A01F033FB01988DED040AB7
:10D7600090ED170A00F0C8FF01988DED030A90EDC7
:10D77000081AB7EE000A80EE010A8DED020A9DED4F
:10D78000032A90ED291A90ED2A0A9DED043A20EE25
:10D79000030A9DED023A20EE030A91EE020A80EDA3
:10D7A000330A90ED1F1A90ED330A9FED062A31EEF1
:10D7B000021A9FED052AA1EE020A80ED2B0A06B09F
:10D7C00080BD00BFCDCC1C4108AC1C3F0000000058
:10D7D00081B00090009890ED2B0A01B070470000D6
:10D7E00080B596B015901598049043F2BD71C3F2C0
:10D7F0008651149190ED0A0AF4F732FB8DED110A6F
:10D800009DED110A01F0DCFA8DED130A9DED110A70
:10D8100000F072FF04988DED120A90ED0B0A9FED57
:10D82000961A20EE010A8DED100A9DED100A9DED6D
:10D83000121A20EE010A80ED0E0A9DED100A9DEDF0
:10D84000131A20EE010A80ED0F0A90ED0F0A20EE68
:10D85000000A8DED0F0A90ED0E0A9FED881A30EE4A
:10D86000010A8DED0E0A90ED0E0A30EE410A8DEDA3
:10D870000D0A9DED0E1A9DED0F0AA1EE010A9FED16
:10D88000801A30EE410A80ED100A90ED0F0A9FEDEC
:10D890007D2A20EE020A80ED110A9DED0D2A9DEDF4
:10D8A0000F0AA2EE020A30EE410A80ED120A90ED54
:10D8B000100A90ED111A90ED122AB9EE003A20EEFE
:10D8C000030A20EE020AA1EE010A8DED0C0A90ED8A
:10D8D000100AB0EEC00A9FED6C1AB4EE410AF1EEE8
:10D8E00010FA08DBFFE79DED0C0AB5EE400AF1EEF9
:10D8F00010FA07DAFFE70499002081F8580008635E
:10D900004863B6E0049890ED100A30EE001AB7EEC6
:10D91000000A8DED020A80EE010A8DED0B0A90EDF2
:10D92000110AB1EE400A8DED030A9DED0C0A05F0D7
:10D93000A5FBDDED020AB0EE401A9DED030A30EEC4
:10D94000410A9DED0B1A20EE010A8DED0A0A9DEDAC
:10D950000A0A05F075F830EE000AF4F74DFA04985B
:10D9600080ED0C0A90ED0E0A9FED441A30EE010A8C
:10D970008DED090A90ED0E0A30EE410A8DED080A90
:10D980009DED091A9DED0F0AA1EE010A9FED3C1ACB
:10D9900030EE410A80ED130A90ED0F0A9FED392A0F
:10D9A00020EE020A80ED140A9DED082A9DED0F0A73
:10D9B000A2EE020A30EE410A80ED150A90ED130A3C
:10D9C00090ED141A90ED152AB9EE003A20EE030AF4
:10D9D00020EE020AA1EE010A8DED070A90ED130A6E
:10D9E000B0EEC00A9FED281AB4EE410AF1EE10FA2B
:10D9F00008DBFFE79DED070AB5EE400AF1EE10FAED
:10DA000007DAFFE70499002081F8580008634863AB
:10DA10002FE0049890ED130A30EE001AB7EE000ADA
:10DA20008DED010A80EE010A8DED060A90ED140AD3
:10DA30008DED000A9DED070A05F020FB9DED001A13
:10DA4000DDED010A30EE410A9DED061A20EE010AD5
:10DA50008DED050A9DED050A04F0F2FF30EE000A97
:10DA6000F4F7FEF9049981ED0D0A012081F85800C0
:10DA7000FFE716B080BD00BF713D0A3F423EE83D62
:10DA8000994C953C423EE8BEBD378635000000000B
:10DA900083B002908DED010ACDED000A0299019844
:10DAA00088620098C86203B0704700000000000060
:10DAB00083B002908DED010ACDED000A0299019824
:10DAC000C1F88C000098C1F8900003B070470000C6
:10DAD00081B00090009890ED230A01B070470000DB
:10DAE00081B00090009890ED240A01B070470000CA
:10DAF00083B002908DED010ACDED000A02990198E4
:10DB0000C1F894000098C1F8980003B07047000075
:10DB100081B00090009890ED030A01B070470000BA
:10DB200081B00090009890ED040A01B070470000A9
:10DB300081B00090009890ED050A01B07047000098
:10DB400080B590B00F900F98019090ED040AF4F713
:10DB500053F9019880ED040A90ED050AF4F780F975
:10DB6000019880ED050A90ED040A01F029F9019869
:10DB70008DED0E0A90ED040A00F0BEFD01988DEDCA
:10DB80000D0A90ED050A01F01BF901988DED0C0AC4
:10DB900090ED050A00F0B0FD01988DED0B0A9DEDAA
:10DBA0000D0A9FED8A1A20EE010A80ED2D0A80ED04
:10DBB000340A9DED0E0A20EE010A80ED2E0A80ED5A
:10DBC000350A9DED0B0A20EE010A80ED310A80ED49
:10DBD000380A9DED0C0A20EE010A80ED320A80ED34
:10DBE000390A90ED2D1A90ED310A30EE410A8DED93
:10DBF0000A0A90ED2E1A90ED320A30EE410A8DEDB0
:10DC0000090A9DED0A1A9DED090A20EE000AA1EE0F
:10DC1000010A8DED080A9DED080A05F02FFA01981A
:10DC200080ED400A9DED0A0A9FED691A20EE010A77
:10DC300080ED3E0A9DED090A20EE010A80ED3F0AC3
:10DC40009DED080A9FED631A30EE010A30EE410A9D
:10DC500080ED410A90ED3E2A90ED3F0A90ED411A89
:10DC600020EE000AA2EE020AA1EE410A8DED070A9B
:10DC70009DED070AB5EE400AF1EE10FA07DDFFE769
:10DC80009DED070A05F0FAF98DED000A04E09FED1D
:10DC9000520A8DED000AFFE701989DED000A8DED17
:10DCA000060A9DED063A90ED3E1A90ED3F0A90ED82
:10DCB000412A30EE430A71EE020A04F0C1FE0198D7
:10DCC000B0EE401AB0EE002A9FED440AA1EE020A1F
:10DCD00080ED3C0A90ED3C0A01F072F801988DED60
:10DCE000050A90ED3C0A00F007FD01988DED040A4D
:10DCF00090ED2D0A9DED041A9FED393AA1EE030A2D
:10DD00009FED381A20EE010A80ED2F0A80ED360AC9
:10DD100090ED2E0A9DED052AA2EE030A20EE010ADF
:10DD200080ED300A80ED370AD0ED2F0A90ED300AF1
:10DD300004F086FE019880ED030A90ED030AF4F7E3
:10DD40008FF8019880ED030A90ED2F1A90ED300ABC
:10DD500020EE000AA1EE010A05F090F9019880ED8D
:10DD6000080A90ED2F1A90ED300A90ED312A90EDCF
:10DD7000323A30EE430A71EE420A04F061FE019835
:10DD800080ED3D0A90ED021A90ED030A9FED162AF0
:10DD900030EE020A30EE010A80ED170A90ED170A04
:10DDA00001F00EF801988DED030A90ED170A00F0CE
:10DDB000A3FC01988DED020A90ED080A9DED021A70
:10DDC00020EE010A80ED180A10B080BD423EE83D09
:10DDD000713D8A3E994C953C00000000DB0FC94024
:10DDE000713D0A3E7B09ED3FDB0FC9BF000000001B
:10DDF00081B00090009890ED252A90ED263A90EDA4
:10DE0000421A90ED440A20EE030AA1EE020A80EDC8
:10DE1000230A90ED252A90ED263A90ED431A90EDD5
:10DE2000450A20EE030AA1EE020A80ED240A01B0A1
:10DE3000704700000000000081B00090009890ED55
:10DE4000170A01B07047000081B00090009890ED73
:10DE5000060A01B07047000081B00090009890ED74
:10DE6000070A01B07047000080B592B01190119878
:10DE7000009090ED3C0A90ED3D1A30EE410A00F022
:10DE80009FFF8DED100A9DED100AB0EEC00A9FEDC8
:10DE9000981AB4EE410AF1EE10FA0DDAFFE79DEDA3
:10DEA000100A94A0011DB5EE400AF1EE10FAA8BFC9
:10DEB000084600681090FFE7009890ED040A90ED86
:10DEC0003C1A30EE410A00F07BFF8DED0F0A0F98EF
:10DED0000E909DED0E0AB0EEC00A9FED851AB4EECD
:10DEE000410AF1EE10FA0DDAFFE79DED0E0A81A06E
:10DEF000011DB5EE400AF1EE10FAA8BF0846006811
:10DF00000E90FFE7009890ED051A90ED3D0A30EE77
:10DF1000410A00F055FF8DED0D0A0D980C909DED16
:10DF20000C0AB0EEC00A9FED721AB4EE410AF1EE8F
:10DF300010FA0DDAFFE79DED0C0A6EA0011DB5EE9B
:10DF4000400AF1EE10FAA8BF084600680C90FFE7FF
:10DF5000009890ED030A90ED3D1A30EE410A00F072
:10DF60002FFF00988DED0B0A90ED030A90ED3D1AFE
:10DF700030EE410A00F0C0FB00988DED0A0A90EDEA
:10DF8000030A90ED3C1A30EE410A00F019FF0098A8
:10DF90008DED090A90ED030A90ED3C1A30EE410A2E
:10DFA00000F0AAFB00988DED080A9DED101AB7EE5F
:10DFB000000A80EE011A8DED071A9DED0E1A80EE13
:10DFC000011A8DED061A9DED0C1A80EE011A8DEDE9
:10DFD000051A90ED081A80EE010A8DED040A40F64C
:10DFE0003D21C3F65761039146F28711C4F29801AF
:10DFF000029146F28611C4F2980101919DED0B0A3F
:10E000009FED3E1A20EE010A9DED0F2A20EE020A36
:10E010009DED072A20EE020A80ED420A9DED090AD5
:10E0200020EE010A9DED0D2A20EE020A9DED072A41
:10E0300020EE020A80ED430A9DED0A0A20EE010A55
:10E040009DED0F2A20EE020A9DED042A20EE020A21
:10E050009DED072A20EE020A80ED440A9DED080A94
:10E0600020EE010A9DED0D1A20EE010A9DED041A25
:10E0700020EE010A9DED071A20EE010A80ED450A07
:10E080009DED080A9FED1E1A20EE010A9DED061A6D
:10E0900020EE010A80ED460A90ED080A9FED191A5C
:10E0A00020EE010A9DED091A20EE010A9DED061AE7
:10E0B00020EE010A80ED470A9DED0A0A9FED121A33
:10E0C00020EE010A9DED052A20EE020A80ED480AA5
:10E0D00090ED080A9DED0B2A20EE420A20EE010A7F
:10E0E0009DED051A20EE010A80ED490A12B080BDAF
:10E0F000BD378635BD3786B5BD3786353D0A57BE37
:10E10000876198C087619840866198400000000050
:10E1100081B00090009890ED080A01B070470000AF
:10E1200081B00090009890ED0C0A01B0704700009B
:10E1300081B00090009890ED0D0A01B0704700008A
:10E140008DB00C908DF82F108DF82E208DED0A0AD1
:10E15000CDED090A08939DF82F0030B9FFE743F28F
:10E16000F840C0F60200009005E043F6B800C0F6A3
:10E1700002000090FFE7009807909DED0A0A20EE4C
:10E18000000A8DED060A9DED090A20EE000A8DEDCC
:10E19000050A9DED0A0A9DED091A20EE010A8DED92
:10E1A000040A00208DF80F00FFE79DF80F000928F2
:10E1B0003FDCFFE79DF82E0000EB80019DF80F008B
:10E1C00000EB410002900798029901EB410100EB3E
:10E1D000C100019001989DED0A4A90ED000A90ED72
:10E1E000013A90ED022A90ED031AA3EE040A9DED88
:10E1F000093AA2EE030A9DED062AA1EE020A90ED6D
:10E20000041A9DED052AA1EE020A90ED051A9DED76
:10E21000042AA1EE020A08989DF80F1000EB810075
:10E2200080ED000AFFE79DF80F0001308DF80F0028
:10E23000BBE70DB07047000080B594B011AB0193FF
:10E2400003460198139380ED010AC0ED000A8DF892
:10E2500043100F92139802909DF84300C00708BB2B
:10E26000FFE700208DF83B00FFE79DF83B00032807
:10E2700017DCFFE7029801999DF83B2091ED010A18
:10E28000D1ED000A0F9902EB820301EBC3030021D9
:10E29000FFF756FFFFE79DF83B0001308DF83B008C
:10E2A000E3E773E000208DF83A00FFE79DF83A00BD
:10E2B000032823DCFFE700208DF83900FFE79DF8F5
:10E2C0003900092813DCFFE70F989DF83A1001EB9D
:10E2D000810100EBC1019DF83920002041F82200A6
:10E2E000FFE79DF8390001308DF83900E7E7FFE7D7
:10E2F0009DF83A0001308DF83A00D7E7029801996D
:10E3000091ED010AD1ED000A0121022204ABFFF7D1
:10E3100017FF04208DF80F00FFE79DF80F00072876
:10E3200010DCFFE79DF80F2004A850F822000F9999
:10E3300001EB82010865FFE79DF80F0001308DF8C1
:10E340000F00EAE70298019991ED010AD1ED000A68
:10E350000121032204ABFFF7F3FE04208DF80E0029
:10E36000FFE79DF80E00072810DCFFE79DF80E2060
:10E3700004A850F822000F9901EB82018867FFE79B
:10E380009DF80E0001308DF80E00EAE714B080BD54
:10E3900081B00090009801B07047000000000000BC
:10E3A00080B584B003900398019000218DF80B1084
:10E3B00000F0D2F838B1FFE79DF80B0040F0010003
:10E3C0008DF80B00FFE70198803000F0C5F838B1F8
:10E3D000FFE79DF80B0040F002008DF80B00FFE70F
:10E3E000019800F5807000F0B7F838B1FFE79DF8AC
:10E3F0000B0040F004008DF80B00FFE7019800F5DA
:10E40000C07000F0A9F838B1FFE79DF80B0040F0AC
:10E4100008008DF80B00FFE79DF80B0004B080BDED
:10E4200080B584B003900398019000218DF80B1003
:10E4300000F09EF838B9FFE79DF80B0040F00100AE
:10E440008DF80B00FFE70198803000F091F838B9A3
:10E45000FFE79DF80B0040F002008DF80B00FFE78E
:10E46000019800F5807000F083F838B9FFE79DF857
:10E470000B0040F004008DF80B00FFE7019800F559
:10E48000C07000F075F838B9FFE79DF80B0040F058
:10E4900008008DF80B00FFE79DF80B0004B080BD6D
:10E4A00080B584B003900398019000218DF80B1083
:10E4B00000F06AF838B1FFE79DF80B0040F001006A
:10E4C0008DF80B00FFE70198803000F05DF838B15F
:10E4D000FFE79DF80B0040F002008DF80B00FFE70E
:10E4E000019800F5807000F04FF838B1FFE79DF813
:10E4F0000B0040F004008DF80B00FFE7019800F5D9
:10E50000C07000F041F838B1FFE79DF80B0040F013
:10E5100008008DF80B00FFE79DF80B0004B080BDEC
:10E5200080B584B003900398019000F021F8014673
:10E530000020029041B1FFE7019840880138B0FA0D
:10E5400080F040090290FFE7029800F0010004B05B
:10E5500080BD00000000000081B00090009841885C
:10E560000020072988BF012001B07047000000008B
:10E5700081B00090009890F86C000138B0FA80F0FB
:10E58000400901B07047000080B584B00390039843
:10E590000190416F0020029079B1FFE70198FFF7E9
:10E5A000E7FF01460020029039B1FFE7019840885B
:10E5B000B0FA80F040090290FFE7029800F00100F5
:10E5C00004B080BD0000000081B0ADF80200BDF9CC
:10E5D000020000280ED4FFE7BDF9021001F01F026F
:10E5E000012090404A094EF20011CEF2000141F89C
:10E5F0002200FFE701B070474EF60C50CEF200004B
:10E600000068C0F30220704782B0ADF806000091A8
:10E61000BDF9060000280AD4FFE700980001BDF903
:10E6200006104EF20042CEF2000288540BE0009831
:10E630000001BDF8061001F00F014EF61452CEF2A3
:10E6400000028854FFE702B070470000000000009D
:10E6500082B0ADF806000091BDF9060000280AD48A
:10E66000FFE700980001BDF906104EF20042CEF21D
:10E67000000288540BE000980001BDF8061001F07C
:10E680000F014EF61452CEF200028854FFE702B09A
:10E69000704700000000000083B00290029800F074
:10E6A000070000904EF60C51CEF200010868019070
:10E6B00001984FF6FF02104001900198009A40EA3D
:10E6C00002200022C0F2FA52104301900198086023
:10E6D00003B070470000000080B540F69820C2F2F9
:10E6E0000040FDF7FDF980BD80B540F24810C2F250
:10E6F0000040F3F7FDFF80BD9FED201AB5EE002A24
:10E7000000EE012A9FED1E1ABDEEC20AB5EEC02A28
:10E71000F1EE10FA10EE100AB8BF013800EE100A40
:10E720000020B8EEC00A32EE400A9FED162A20EE15
:10E73000010ABCEEC01A11EE101A30EE021AB0EB4C
:10E74000512F18BF002102EE101A43F6587000FE38
:10E75000010AC0F60200B8EE422A00EB810090EDFB
:10E76000011A30EE420AB7EE002A32EE402A20EEBD
:10E77000010A90ED001A02EE010A704783F9223E69
:10E7800000000044000000C4B0B503880D88AB420F
:10E7900056D145884C88A54252D11488A3424FD106
:10E7A0005488A5424CD105FB03FC43680025496809
:10E7B000B5EB9C0F506831D04FEA9C02524200BF2B
:10E7C00093ED000A91ED001A30EE010A03F1100EEC
:10E7D00001F1100400F1100580ED000A013293ED03
:10E7E000010A91ED011A30EE010A80ED010A93ED64
:10E7F000020A91ED021A30EE010A80ED020A93ED51
:10E80000030A91ED031A30EE010A7346214680EDAA
:10E81000030A2846D4D12146284673461CF0030239
:10E820000CD05242B3EC010AB1EC011A30EE010AED
:10E83000051D013280ED000A2846F3D1002000E0DA
:10E84000FD2040B2B0BD01804280436070470000AF
:10E850002DE9F04F8BB0B0F800B0B0F802E0F3450E
:10E8600040F051810B88FD229B4540F04D814F883F
:10E87000BB4240F04981BBF1000F436800F02981A1
:10E880006FF003004C6800EB8B08CDF81CE000270C
:10E8900000934FF07E5906945E462046BBEB06007F
:10E8A00009D0B9002046E1F7D3FE002001308742AD
:10E8B00004F10404FAD104F1040AC4F80090751EAE
:10E8C00010D0A8EB87015046E1F7C2FE0120544664
:10E8D0000130864204F10404FAD1002D07F101074A
:10E8E0002E46DBD1BBF1000F009BDDF81CE000F0F1
:10E8F000F0800420CDF814B000EB8E000190184693
:10E90000ABF1010603EB8E044FEA8E021D1DCEF122
:10E910000001002308919FED800A7746814600BFE1
:10E920005B4580F0F58003FB0EF0B0EE403A09EB5A
:10E9300080010A9191ED001A0699B0EE414A01EB6F
:10E94000800009902146304606E000BF91ED004A64
:10E950000138B0EE423A1144B5EEC04AF1EE10FA79
:10E960000ADDB4EEC34AB0EE442AF1EE10FAD8BF85
:10E97000B0EE432A09E000BFB1EE442AB4EEC23A39
:10E98000F1EE10FA01DBB0EE432A0028DED1B5EE3D
:10E99000402AF1EE10FA00F0BB80B0EEC13AB4EEBE
:10E9A000423AF1EE10FA1CBFD84310EB0B0004D032
:10E9B000002000BF01308642FCD1B5EE401AF1EED6
:10E9C00010FA00F0A580CDE90346AEEB030C0A99DE
:10E9D000BCF1010F4FF07E5008600AD0012029469B
:10E9E00091ED002A82EE012A01308742A1EC012A32
:10E9F000F6D1DDE9080100BF91ED002A82EE012A7F
:10EA00000C1D013081ED002A2146F5D1ACF1010B3E
:10EA100005994FF00008DDF818A04846CDF8089099
:10EA2000984505D100EB8C060AEB8E0A33E000BF57
:10EA300090ED001A0A9CB0EE413ABBF1000F94ED44
:10EA4000002A01EE423A00F1040680ED003A15D0AA
:10EA50000120002406EB040905EB040E99ED002AC1
:10EA60009EED003A01EE432A0130874204F104048E
:10EA700089ED002AEED12644DDF81CE0DDE908042A
:10EA80009AED002A94ED003A01EE432A0434013055
:10EA9000AAEC012AF4D106EB8300013908F1010840
:10EAA000BED1DDF80890013F049E09F10409039CE2
:10EAB00003F101030198A6F101060444DDF814B046
:10EAC00005447FF42DAFB5EE401A009BF1EE10FA2D
:10EAD00020D10EFB0BF1002000294FF000020BD0DB
:10EAE00093ED000AB5EE400AF1EE10FA04D10132BE
:10EAF0008A4203F10403F3D38A4208BF6FF0040093
:10EB00000BB0BDE8F08FFD2250B20BB0BDE8F08F26
:10EB1000FB22F9E70022F7E7000000002DE9F04FA3
:10EB200088B0B0F802C00B889C4540F08880B0F8EF
:10EB300000E013889E4540F08280B1F8029053882F
:10EB400099457CD14FEA9C04476804FB09F0496869
:10EB50000CF00305029101EB0010019000202CF055
:10EB60000303A0EB9C0107EB830607914FEA89039F
:10EB70005168C5F1000A00919FED330ACDE9039C6D
:10EB8000CDE9050E0099CE4601EB8008DDE901BC18
:10EB9000002CB0EE401AE146384627D0624607996D
:10EBA0003846B0EE401A00BF92ED002A90ED003AD0
:10EBB00003EE021A1A4490ED014A92ED002A04EE87
:10EBC000021A1A4490ED025A92ED002A05EE021A3A
:10EBD0001A4490ED036A92ED002A06EE021A013102
:10EBE00000F110001A44DFD1D946304655B15146E4
:10EBF00090ED002A99ED003A02EE031A043001313B
:10EC00009944F5D108F1040088ED001ABEF1010E17
:10EC10000CF1040C0BF1040B8046B9D1DDF80C901B
:10EC20000598DDF810C04844DDF818E007EB8C07C4
:10EC3000BEF1010E06EB8C06A2D1002000E0FD2003
:10EC400040B208B0BDE8F08F00000000B0B5038806
:10EC50000D88AB4256D145884C88A54252D11488C4
:10EC6000A3424FD15488A5424CD105FB03FC436815
:10EC700000254968B5EB9C0F506831D04FEA9C02E3
:10EC8000524200BF93ED000A91ED001A30EE410AA6
:10EC900003F1100E01F1100400F1100580ED000ADF
:10ECA000013293ED010A91ED011A30EE410A80ED37
:10ECB000010A93ED020A91ED021A30EE410A80ED4D
:10ECC000020A93ED030A91ED031A30EE410A7346EE
:10ECD000214680ED030A2846D4D1214628467346B2
:10ECE0001CF003020CD05242B3EC010AB1EC011A41
:10ECF00030EE410A051D013280ED000A2846F3D1AD
:10ED0000002000E0FD2040B2B0BD00002DE9F04F32
:10ED100083B002884B889A424DD144880B889C422C
:10ED200049D10023D1F804804FEA940C416804F0E3
:10ED3000030ECDF80080A3EB940402941401960016
:10ED40000194CEF1000B4046BCF1000F1ED04746A7
:10ED5000029C00BF08683D4638603744486807EBAE
:10ED60000609A85101F11000D1F808A0013447F8B4
:10ED700006A009EB0607C968374449F806100146A2
:10ED8000E8D101996C18014603E000BF009800EB40
:10ED90008304BEF1000F07D05D4600BF51F8040B9D
:10EDA000013520603444F9D10133013A08F10408F7
:10EDB000CAD1002000E0FD2040B203B0BDE8F08FD2
:10EDC0009FED1F1A20EE010A9FED1F2ABDEEC01A0B
:10EDD000B5EEC00AF1EE10FA11EE100AB8BF013814
:10EDE00001EE100A0020B8EEC11A30EE410A9FED84
:10EDF000151A20EE010ABCEEC01A11EE101A30EE00
:10EE0000021AB0EB512F18BF002102EE101A43F680
:10EE1000587000FE010AC0F60200B8EE422A00EB6C
:10EE2000810090ED011A30EE420AB7EE002A32EE70
:10EE3000402A20EE010A90ED001A02EE010A704706
:10EE400083F9223E00000044000000C400000000DE
:10EE500080B540F20000C2F200408068804780BD6B
:10EE600080B58CB00B900B9906A81322E1F74FFBED
:10EE70009DF81800552805D1FFE79DF82A000A28BB
:10EE800001D0FFE777E09DF81B0001280BD1FFE7D9
:10EE9000079841F6DC31C2F20041086008984860EA
:10EEA00009988860FFE70B9800F1130106A8132268
:10EEB000E1F72DFB9DF81800552805D1FFE79DF8D7
:10EEC0002A000A2801D0FFE755E09DF81B00022820
:10EED0000BD1FFE7079841F6DC31C2F20041C86070
:10EEE0000898086109984861FFE70B9800F126012E
:10EEF00006A81322E1F70BFB9DF81800552805D151
:10EF0000FFE79DF82A000A2801D0FFE733E09DF8CB
:10EF10001B0003280BD1FFE7079841F6DC31C2F252
:10EF2000004188610898C86109980862FFE70B985A
:10EF300000F1390168461722E1F7E9FA9DF800006F
:10EF4000552805D1FFE79DF816000A2801D0FFE7F4
:10EF500011E09DF8030004280DD1FFE7019841F668
:10EF6000DC31C2F200414862029888620398C862AC
:10EF700004980863FFE70CB080BD000000000000AB
:10EF800080B582B041F68C30C2F200400090502132
:10EF90000191E1F73BFB0099019A42F20030C2F285
:10EFA0000040ECF71DFF18B1FFE7E2F761FDFFE756
:10EFB00002B080BD0000000080B582B0002000904B
:10EFC0000190E7F761FEEFF7E3FD009A4FF0FF30A5
:10EFD0001146E7F72DFFEEF7A7F9EEF721F8EEF768
:10EFE00053FAEEF779F8EEF7B7F8EEF739FCEEF7EB
:10EFF00087FCEDF7F1FFEEF7A3FBEEF701FBEEF771
:10F00000EBF8EEF7E5FBEEF74BFBEEF775FAEFF7F3
:10F0100027FE40F24400C2F2004000684DF68361D2
:10F02000C4F21B31A0FB0110800CE2F755FC40F24A
:10F030001000C2F200400068804700F0F5F8EEF7DB
:10F040000BF900F015F9FFE7FEE7000000000000F3
:10F0500080B586B0ADF812008DED030ACDED020A41
:10F06000BDF81200B0F5A07F05DCFFE740F24110CB
:10F07000ADF81200FFE7BDF81200B0F5D06F05DB68
:10F08000FFE740F27F60ADF81200FFE7BDF8120025
:10F09000A0F57870E1F737FA00EE100AB8EEC00A72
:10F0A0009FED271AB4EE410AF1EE10FA03DCFFE7F8
:10F0B000002005903FE0BDF81200B0F5787F1DDD1F
:10F0C000FFE740F21240ADF80600BDF81200BDF8AF
:10F0D0000610401A00EE100AB8EEC00A40F27F6037
:10F0E000401A01EE100AB8EEC11A80EE010A9DED39
:10F0F000021A20EE010A8DED050A1CE040F2AE3046
:10F10000ADF80400BDF81200BDF80410401A00EE7E
:10F11000100AB8EEC00A40F24110401A01EE100A7F
:10F12000B8EEC11A80EE010A9DED031A20EE010A25
:10F130008DED050AFFE79DED050A06B080BD00BF15
:10F14000000048420000000082B0ADF80200BDF9A6
:10F150000200B0F5BA7F04DAFFE74FF07E5001906D
:10F160000EE0BDF9020040F24D61884204DBFFE78A
:10F170004FF08040019003E0FFE700200190FFE79F
:10F180009DED010A02B0704782B0ADF80200BDF9F2
:10F190000200B0F5BA7F04DAFFE74FF07E5001902D
:10F1A00022E0BDF9020040F24D61884205DBFFE735
:10F1B0000020C4F24000019016E0BDF9020040F2C8
:10F1C000AE3188420BDBFFE7BDF9020040F212418D
:10F1D000884204DCFFE74FF08040019004E0FFE745
:10F1E000FFE700200190FFE79DED010A02B07047A4
:10F1F00080B584B00290EFF305800390039820B1AE
:10F20000FFE76FF00500019009E0002001900298EF
:10F2100020B1FFE7029801F05FFDFFE7FFE70198EB
:10F2200004B080BD0000000082B0EFF305800190C3
:10F23000019820B1FFE76FF00500009014E040F660
:10F240005810C2F20040006848B9FFE740F6581174
:10F25000C2F20041012008600020009003E04FF05E
:10F26000FF300090FFE7FFE7009802B07047000012
:10F2700080B582B0EFF305800190019820B1FFE7DF
:10F280006FF00500009019E040F65810C2F20040FF
:10F29000006801280DD1FFE7EFF78EFB40F658110B
:10F2A000C2F200410220086001F0E2FE002000905E
:10F2B00003E04FF0FF300090FFE7FFE7009802B057
:10F2C00080BD00000000000080B586B0049003916E
:10F2D000049820F001000290049800F001000090D2
:10F2E00000200190EFF305800590059820B1FFE71D
:10F2F0006FF00500019033E0029820B9FFE76FF04E
:10F30000030001902BE00098A0B1FFE70298039959
:10F3100002F042FE01280CD0FFE7039820B1FFE77E
:10F320006FF00100019003E06FF002000190FFE731
:10F33000FFE713E00298039902F016FD01280CD0B4
:10F34000FFE7039820B1FFE76FF00100019003E0B1
:10F350006FF002000190FFE7FFE7FFE7FFE7FFE73D
:10F36000019806B080BD000080B588B006900020EE
:10F370000590EFF3058007900798002840F08580FE
:10F38000FFE7069820B1FFE706984068049002E086
:10F3900000200490FFE79DF81000C00718B1FFE7B8
:10F3A0000120039002E000200390FFE7049800F0A2
:10F3B0000800082868D0FFE74FF0FF300290069859
:10F3C000C8B1FFE70698806840B1FFE70698C068BB
:10F3D000502803D3FFE7012002900BE006988068D5
:10F3E00038B9FFE70698C06818B9FFE70020029017
:10F3F000FFE7FFE702E000200290FFE70298012804
:10F4000012D1FFE7039838B1FFE70698816804201E
:10F4100002F082F8059006E006988168012002F06B
:10F420007BF80590FFE711E0029870B9FFE70398B9
:10F4300028B1FFE7042002F05BF8059004E001200A
:10F4400002F056F80590FFE7FFE7FFE7059878B16F
:10F45000FFE7069820B1FFE706980068019002E0F8
:10F4600000200190FFE70598019901F0D5FBFFE727
:10F47000059840B1FFE7039828B1FFE7059840F0F1
:10F4800001000590FFE7FFE7FFE7059808B080BDA2
:10F4900080B586B00490049820F001000390049891
:10F4A00000F00100019000200290EFF3058005902C
:10F4B000059820B1FFE76FF00500029024E0039863
:10F4C00020B9FFE76FF0030002901CE0019858B1EB
:10F4D000FFE7039802F020FB012804D0FFE76FF05C
:10F4E00002000290FFE70DE00398002319461A4638
:10F4F00002F052F9012804D0FFE76FF002000290F9
:10F50000FFE7FFE7FFE7FFE7029806B080BD0000D6
:10F51000B0B58EB00B900A91099200200690EFF3DF
:10F5200005800D900D98002840F09980FFE70B981A
:10F53000002800F09480FFE78020079018200590B5
:10F54000002008904FF0FF300490099800284DD01B
:10F55000FFE70998006820B1FFE709980068089064
:10F56000FFE70998806920B1FFE709988069059055
:10F57000FFE7059848B1FFE70598382805D8FFE769
:10F5800009980079C00718B1FFE700200C9069E0E6
:10F590000998406928B1FFE70998406980080790F9
:10F5A000FFE70998806880B1FFE70998C0685C2888
:10F5B0000BD3FFE70998006938B1FFE70998406964
:10F5C00018B1FFE7012004900FE00998806858B94E
:10F5D000FFE70998C06838B9FFE70998006918B9CA
:10F5E000FFE700200490FFE7FFE702E0002004901F
:10F5F000FFE70498012817D1FFE70B980899079AAD
:10F600000A9BDDF814C0DDF824E0DEF80850DEF8CF
:10F610001040EE46CEF80850CEF80440CEF800C0B8
:10F6200002F0AAFD069019E00498B0B9FFE70B9824
:10F630000899BDF81C200A9BDDF814C0EE4606AC04
:10F64000CEF80440CEF800C002F046FD012803D0F9
:10F65000FFE700200690FFE7FFE7FFE7FFE70698D8
:10F660000C90FFE70C980EB0B0BD00000000000049
:10F6700080B584B00390029147F2AC30C2F20040F2
:10F680000068009042F24860C2F200400068043016
:10F6900001F0C6F808B9FFE700E0FFE70398013082
:10F6A00080B9FFE7029868B1FFE742F24860C2F212
:10F6B00000400068011D47F28430C2F2004001F0B2
:10F6C0005BF93DE00098039908440190019842F2EB
:10F6D0004861C2F200410968486001980099884277
:10F6E0000ED2FFE742F25860C2F20040006842F2D8
:10F6F0004861C2F200410968043101F005F91EE0D9
:10F7000042F25060C2F20040006842F24861C2F228
:10F7100000410968043101F0F7F8019847F210310F
:10F72000C2F200410968884207D2FFE7019847F218
:10F730001031C2F20041086000E0FFE7FFE7FFE799
:10F7400004B080BD0000000080B582B0019001F0DF
:10F750003FF946F67831C2F200410868013008608E
:10F7600042F24860C2F20040006898B9FFE7019891
:10F7700042F24861C2F20041086046F67830C2F2B7
:10F7800000400068012803D1FFE700F031FB00E0F2
:10F79000FFE71CE047F27830C2F200400068A0B9F1
:10F7A000FFE742F24860C2F200400068C06A019977
:10F7B000C96A884207D8FFE7019842F24861C2F25D
:10F7C0000041086000E0FFE700E0FFE7FFE746F6E2
:10F7D0008430C2F200400168013101600068019983
:10F7E00048640198C06A46F68831C2F2004109684F
:10F7F000884208D9FFE70198C06A46F68831C2F20C
:10F8000000410860FFE70199C86A00EB800242F2FC
:10F810006060C2F2004000EB8200043101F0ACF8FD
:10F8200001F002F947F27830C2F200400068C8B136
:10F83000FFE742F24860C2F200400068C06A0199E6
:10F84000C96A88420CD2FFE74EF60451CEF200019D
:10F850004FF080500860BFF34F8FBFF36F8F00E011
:10F86000FFE700E0FFE702B080BD000000000000FD
:10F8700080B584B001F0ACF847F2B030C2F200407D
:10F880000068002840D1FFE747F2B020C2F20040F4
:10F89000029001F019F847F2C420C2F20040039030
:10F8A00001F012F80299039842F24C62C2F200424F
:10F8B000116042F25C61C2F20041086069460020BA
:10F8C000086042F25152C2F2004242F2F453C2F2D4
:10F8D00000430A20102101F077FE014647F2B030C4
:10F8E000C2F200400160006860B1FFE747F2B0304B
:10F8F000C2F20040006844F2A871C0F6020101F0B3
:10F900008BF900E0FFE700E0FFE701F08DF804B0BD
:10F9100080BD00000000000080B582B0FFE746F621
:10F920007C30C2F20040006808B3FFE701F050F8F5
:10F9300047F29830C2F20040C068C0680190019858
:10F94000043000F06DFF46F67831C2F200410868DD
:10F950000138086046F67C31C2F20041086801387F
:10F96000086001F061F8019800F092F8D7E702B062
:10F9700080BD00000000000080B582B001900091C1
:10F980000198006CB8B1FFE70199C8680A6C10448F
:10F99000C86001988168C068884204D3FFE7019974
:10F9A0000868C86000E0FFE70098019AD168126C0F
:10F9B000E0F7ADFDFFE702B080BD000000000000F1
:10F9C00080B586B0059004910392002002900598BE
:10F9D000806B01900598006C78B9FFE70598006886
:10F9E00048B9FFE70598806802F046FD0290059946
:10F9F0000020886000E0FFE741E00398B8B9FFE726
:10FA0000059A04995068126CE0F781FD05994868E1
:10FA10000A6C10444860059948688968884204D394
:10FA2000FFE705990868486000E0FFE726E0059ACF
:10FA30000499D068126CE0F76AFD0599C8680A6CF1
:10FA4000801AC86005980168C068884206D2FFE73E
:10FA5000059988680A6C801AC86000E0FFE703987F
:10FA6000022809D1FFE7019820B1FFE7019801388A
:10FA7000019000E0FFE700E0FFE7FFE7FFE7019804
:10FA8000013005998863029806B080BD000000002F
:10FA900080B582B00090009890F8590040B9FFE717
:10FAA0000098006B00F0E8FF009800F0E5FF1CE014
:10FAB000009890F85900012804D1FFE7009800F061
:10FAC000DBFF11E0009890F8590002280BD0FFE707
:10FAD0004FF0500080F31188BFF36F8FBFF34F8F4B
:10FAE0000190FFE7FEE7FFE7FFE702B080BD0000FF
:10FAF00082B001900198406A38B1FFE70198006B2D
:10FB00000068C0F13800009002E000200090FFE79C
:10FB1000009802B07047000082B0019042F24C6041
:10FB2000C2F2004000680068B0FA80F04009019914
:10FB300008600198006848B9FFE742F24C60C2F2E1
:10FB400000400068C0680068009002E0002000905B
:10FB5000FFE7009802B0704784B04FF480400090F7
:10FB600042F66C30C2F2004001909DF8040040075C
:10FB700088B1FFE7019807300190019820F0070055
:10FB80000190019A42F66C31C2F200410098891A44
:10FB900008440090FFE701980290029947F27C30F8
:10FBA000C2F200400160002141600298009A1044B6
:10FBB0000190019808380190019820F00700019009
:10FBC000019A42F25460C2F2004002600268516041
:10FBD00002681160029903910199039A891A516090
:10FBE0000068039908600398406847F20C31C2F23C
:10FBF000004108600398406847F20431C2F20041B6
:10FC0000086047F2D821C2F200414FF0004008607E
:10FC100004B070470000000080B582B00190FFE79B
:10FC2000FFF77AFE42F26060C2F2004000680228EC
:10FC30000CD3FFE74EF60451CEF200014FF0805096
:10FC40000860BFF34F8FBFF36F8F00E0FFE7E7E778
:10FC500080B582B00190019868B1FFE70198002358
:10FC60008360019803600198C360019819461A46A1
:10FC700001F092FD00E0FFE702B080BD000000004F
:10FC800080B584B0DDF818C00390029101928DF820
:10FC90000330029818B9FFE70698006003E0019866
:10FCA00006990860FFE703980699C86302980699C9
:10FCB00008640698012101F00FFD9DF803000699E4
:10FCC00081F84C0004B080BD80B588B0DDF834C048
:10FCD000DDF830C0DDF82CC0DDF828C006900591B5
:10FCE000049203930C98006B04998900A522E0F715
:10FCF00085FC0C98006B049900EB8100043802909D
:10FD0000029820F0070002909DF80800400758B1C3
:10FD1000FFE74FF0500080F31188BFF36F8FBFF300
:10FD20004F8F0790FFE7FEE70598F8B1FFE7002047
:10FD30000190FFE701980F2813D8FFE70598019A73
:10FD4000805C0C99114481F8340005980199405C5D
:10FD500008B9FFE705E0FFE7FFE7019801300190F0
:10FD6000E8E70C99002081F8430004E00C9900209A
:10FD700081F83400FFE70A98382803D3FFE73720DB
:10FD80000A9000E0FFE70A980C99C8620A980C995B
:10FD9000C8640C990020009008650C98043000F0AD
:10FDA000ABFD0C98183000F0A7FD00980C99096184
:10FDB0000A99C1F138010C9A91610C9949620C9928
:10FDC00048650C9981F8580002980699039A00F04A
:10FDD000F7FC0C9908600B9820B1FFE70C980B9981
:10FDE000086000E0FFE708B080BD000000000000F0
:10FDF00080B584B000200390FFE70398372810D81F
:10FE0000FFE7039800EB800142F26060C2F200401D
:10FE100000EB810000F058FDFFE7039801300390EC
:10FE2000EBE747F2DC20C2F20040019000F04CFD0D
:10FE300047F2F020C2F20040029000F045FD47F288
:10FE40002430C2F2004000F03FFD47F29830C2F289
:10FE5000004000F039FD47F28430C2F2004000F06B
:10FE600033FD0199029842F25062C2F200421160E1
:10FE700042F25861C2F20041086004B080BD000047
:10FE800083B0029047F27C30C2F200400190FFE75D
:10FE9000019800680299884205D2FFE7FFE70198C0
:10FEA00000680190F4E70198009000980199496872
:10FEB00008440299884209D1FFE7029842680199F3
:10FEC0004868104448600198029000E0FFE70298FB
:10FED000009000980299496808440199096888428D
:10FEE00020D1FFE70198006842F25461C2F200415C
:10FEF000096888420DD0FFE70198006842680299BE
:10FF000048681044486001980068006802990860D9
:10FF100007E042F25460C2F20040006802990860B3
:10FF2000FFE704E00198006802990860FFE7019884
:10FF30000299884204D0FFE702980199086000E026
:10FF4000FFE703B07047000080B586B005900491CC
:10FF50000392029300200190049805994860059847
:10FF6000006104980399884216D8FFE70398029924
:10FF7000401A05998969884203D3FFE7012001905F
:10FF800009E042F25C60C2F2004000680599043169
:10FF900000F0BAFCFFE717E003980299884208D204
:10FFA000FFE704980299884203D3FFE701200190FC
:10FFB00009E042F24C60C2F2004000680599043149
:10FFC00000F0A2FCFFE7FFE7019806B080BD00004B
:10FFD00080B582B0019000F0FBFC0198806B18B9ED
:10FFE000FFE70120009002E000200090FFE700F012
:10FFF0001BFD009802B080BD80B582B0019000F07A
:020000040802F0
:10000000E7FC0198806B0199C96B884203D1FFE737
:100010000120009002E000200090FFE700F004FDC6
:10002000009802B080BD000008480068006880F3B6
:1000300008884FF0000080F3148862B661B6BFF301
:100040004F8FBFF36F8F00DF00BF000008ED00E0AF
:1000500080B586B00490039142F24C60C2F2004039
:100060000068C068C06801900198043000F0D8FBB7
:10007000019890F828004007002823D5FFE7019851
:10008000049B81691944039AFFF75EFFC0B1FFE743
:100090000198049A694600230B60194602F064FC3B
:1000A0000290029858B9FFE74FF0500080F3118892
:1000B000BFF36F8FBFF34F8F0590FFE7FEE700E0C0
:1000C000FFE707E0019991F8280000F0FE0081F8B1
:1000D0002800FFE70198016A884706B080BD00004C
:1000E00080B58EB0FFE747F2B030C2F20040006842
:1000F00007A9002201F048FD002800F0B880FFE7C2
:100100000798B0F1FF3F17DCFFE707A80430029023
:10011000029858B9FFE74FF0500080F31188BFF301
:100120006F8FBFF34F8F0D90FFE7FEE702990A68CC
:1001300048688968904700E0FFE70798002800F1C9
:100140009580FFE7099806900698406928B1FFE777
:100150000698043000F064FB00E0FFE705A800F01B
:10016000FFF8039007980190092800F27D8001991B
:10017000DFE801F00505053D456605053D450699A5
:1001800091F8280040F0010081F828000698089BAB
:1001900081691944039AFFF7D7FE30B3FFE7069849
:1001A000016A8847069890F82800400700281AD569
:1001B000FFE70698089982690A44694600230B60A4
:1001C000194602F0D1FB0490049858B9FFE74FF0AC
:1001D000500080F31188BFF36F8FBFF34F8F0C90E7
:1001E000FFE7FEE700E0FFE700E0FFE73DE00699FC
:1001F00091F8280000F0FE0081F8280035E006990B
:1002000091F8280040F0010081F82800089806992C
:1002100088610698806958B9FFE74FF0500080F375
:100220001188BFF36F8FBFF34F8F0B90FFE7FEE78F
:100230000698039B816919441A46FFF785FE14E06E
:10024000069890F828008007002804D4FFE7069855
:1002500000F012FC07E0069991F8280000F0FE007B
:1002600081F82800FFE700E0FFE7FFE73BE70EB07B
:1002700080BD00000000000080B584B003900291B2
:1002800000F066FF684600F06BF801900098D8BB5C
:10029000FFE7029860B9FFE703980199884207D801
:1002A000FFE702F051FA03980199FFF7D1FE2AE027
:1002B000029858B1FFE742F25C60C2F20040006869
:1002C0000068B0FA80F040090290FFE747F2B030D2
:1002D000C2F2004000680399019A891A029A00F05C
:1002E000C7FC02F031FA60B9FFE74EF60451CEF2D6
:1002F00000014FF080500860BFF34F8FBFF36F8F46
:1003000000E0FFE7FFE702E002F01EFAFFE704B0BB
:1003100080BD00000000000081B042F25060C2F2D7
:1003200000400068006840B9FFE747F21031C2F2B0
:1003300000414FF0FF3008600FE042F25060C2F21F
:1003400000400068C068C06800900098406847F2AC
:100350001031C2F200410860FFE701B070470000B1
:1003600080B582B0019001F097FF0090009842F2B2
:100370004461C2F200410968884206D2FFE700F0FA
:1003800013F801990120086003E00199002008603A
:10039000FFE7009842F24461C2F200410860009811
:1003A00002B080BD0000000080B588B0FFE742F2D7
:1003B0004C60C2F200400068006800284ED0FFE7A1
:1003C00042F24C60C2F200400168C96809680691B7
:1003D0000068C068C06803900398043000F020FAF9
:1003E0000398016A8847039890F82800400700287E
:1003F00032D5FFE706980399896908440590059866
:10040000069988420FD9FFE7059803994860039839
:10041000006142F24C60C2F200400068039904316E
:1004200000F072FA17E00398069A694600230B6001
:10043000194602F099FA0290029858B9FFE74FF076
:10044000500080F31188BFF36F8FBFF34F8F079079
:10045000FFE7FEE7FFE700E0FFE7A8E742F24C62B4
:10046000C2F200421068049042F25C61C2F20041A4
:10047000086810600498086008B080BD00000000A3
:1004800083B00020009040F26400C2F20040006897
:10049000013058B1FFE74FF0500080F31188BFF3EF
:1004A0006F8FBFF34F8F0290FFE7FEE74FF05000D2
:1004B00080F31188BFF36F8FBFF34F8F0190FFE779
:1004C000009808B9FFE7FBE703B0704700000000A1
:1004D00080B584B00390FFE701A8FFF71DFB0290F1
:1004E00002980199FFF7C8FEFFF7FAFDF4E7000054
:1004F00080B582B0019000F06BFA019890F8450049
:100500008DF80300FFE79DF90300012816DBFFE7E4
:100510000198406A58B1FFE70198243002F0ACF826
:1005200018B1FFE700F0B0FC00E0FFE700E005E0F5
:100530009DF8030001388DF80300E4E70199FF20DE
:1005400081F8450000F070FA00F042FA019890F846
:1005500044008DF80200FFE79DF90200012816DB38
:10056000FFE70198006980B1FFE70198103002F0C1
:1005700083F818B1FFE700F087FC00E0FFE79DF883
:10058000020001388DF8020000E000E0E4E7019984
:10059000FF2081F8440000F047FA02B080BD00005F
:1005A00080B58AB006900020029000F0D1FD42F2A2
:1005B0005460C2F20040006818B9FFE7FFF7CCFAB8
:1005C00000E0FFE7069847F2D821C2F2004109682F
:1005D000084240F0C580FFE7069800B3FFE70698A1
:1005E000083006909DF818004007B0B1FFE7069864
:1005F00020F00700083006909DF81800400758B119
:10060000FFE74FF0500080F31188BFF36F8FBFF307
:100610004F8F0990FFE7FEE700E0FFE700E0FFE70C
:100620000698002800F09A80FFE7069847F2043108
:10063000C2F200410968884200F29080FFE747F269
:100640007C30C2F20040049000680590FFE70598F6
:100650004168069A00209142019007D2FFE7059871
:100660000068002818BF01200190FFE70198C0072B
:1006700030B1FFE705980490059800680590E6E71B
:10068000059842F25461C2F200410968884263D081
:10069000FFE7049800680830029005980068049904
:1006A0000860059840680699401A112821D3FFE791
:1006B00005980699084403909DF80C00400758B12E
:1006C000FFE74FF0500080F31188BFF36F8FBFF347
:1006D0004F8F0890FFE7FEE7059840680699401A9B
:1006E000039948600698059948600398FFF7C8FB8E
:1006F00000E0FFE70598426847F20430C2F200408C
:100700000168891A0160006847F20C31C2F20041A9
:10071000096888420BD2FFE747F20430C2F200407A
:10072000006847F20C31C2F20041086000E0FFE7C8
:1007300047F2D820C2F20040026805994868104389
:10074000486005990020086047F21831C2F2004164
:1007500008680130086000E0FFE700E0FFE700E024
:10076000FFE701F0F1FF9DF80800400758B1FFE7EF
:100770004FF0500080F31188BFF36F8FBFF34F8F9E
:100780000790FFE7FEE702980AB080BD0000000076
:1007900042F24860C2F20040006848B1FFE742F20E
:1007A0004860C2F200400168086D01300865FFE74B
:1007B00042F24860C2F2004000687047000000004A
:1007C00083B002900191009202980438029002993D
:1007D0004FF080700860029804380290019820F071
:1007E000010002990860029804380290029940F2D0
:1007F0008140C0F602000860029814380290009808
:100800000299086002980438029002996FF0020081
:100810000860029820380290029803B070470000E8
:1008200082B0019001980069009001984168806849
:100830008860019948688968486000984068019913
:10084000884205D1FFE7019880680099486000E080
:10085000FFE70199002008610099086801380860E5
:100860000098006802B0704783B002900191009236
:10087000029946F68C50C2F200400860019946F693
:100880008C30C2F20040086000998020086003B0FC
:10089000704700000000000083B0029001910092B8
:1008A000029947F2E810C2F200400860019946F64A
:1008B000E850C2F20040086000994FF48070086070
:1008C00003B070470000000081B00090009901F172
:1008D0000800486000994FF0FF308860009901F1EE
:1008E0000800C860009901F1080008610099002023
:1008F000086001B07047000081B0009000990020AE
:10090000086101B07047000084B003900291029822
:10091000006800900098013020B9FFE70398006953
:10092000019010E0039808300190FFE701984068BB
:1009300000680099884205D8FFE7FFE70198406802
:100940000190F3E7FFE70198406802994860029838
:10095000416888600198029988600298019948600E
:10096000039802990861039908680130086004B08F
:10097000704700000000000083B0029001910298CF
:10098000406800900098019948600098806801993B
:10099000886001980099896848600198009988608A
:1009A000029801990861029908680130086003B053
:1009B0007047000000000000DFF80C00016841F4FF
:1009C000700101607047000088ED00E00000000049
:1009D00082B04FF0500080F31188BFF36F8FBFF3E8
:1009E0004F8F019040F26400C2F200400168013173
:1009F00001600068012814D1FFE74EF60450CEF2E2
:100A000000000068000658B1FFE74FF0500080F387
:100A10001188BFF36F8FBFF34F8F0090FFE7FEE7A2
:100A2000FFE702B07047000082B040F26400C2F2FB
:100A30000040006858B9FFE74FF0500080F311887C
:100A4000BFF36F8FBFF34F8F0090FFE7FEE740F2D9
:100A50006400C2F20040016801390160006830B9E9
:100A6000FFE700200190019880F31188FFE702B0B2
:100A7000704700000000000080B586B00390039826
:100A80000290039800285CD0FFE702980838029093
:100A9000029801900198406847F2D821C2F20041C3
:100AA000096808420BD1FFE74FF0500080F311882E
:100AB000BFF36F8FBFF34F8F0590FFE7FEE70198FD
:100AC000006858B1FFE74FF0500080F31188BFF382
:100AD0006F8FBFF34F8F0490FFE7FEE701984068E8
:100AE00047F2D821C2F200410968084227D0FFE747
:100AF0000198006808BBFFE747F2D820C2F2004027
:100B00000268019948689043486000F021FB019811
:100B1000426847F20431C2F200410868104408609C
:100B20000198FFF7ADF947F21C31C2F200410868A5
:100B30000130086001F008FE00E0FFE700E0FFE799
:100B4000FFE706B080BD00004EF21001CEF20001BA
:100B5000002008604EF21802CEF20002106040F24F
:100B60004400C2F20040006844F6D352C1F262026F
:100B7000A0FB02024FF0FF3000EB92104EF2140285
:100B8000CEF20002106007200860704700000000ED
:100B900084B0EFF305800190019810281ED3FFE781
:100BA00001984EF2F031CEF20001405C8DF8030066
:100BB0009DF8030046F66C31C2F200410978884284
:100BC0000BDAFFE74FF0500080F31188BFF36F8F0F
:100BD000BFF34F8F0390FFE7FEE7FFE74EF60C50A1
:100BE000CEF20000006800F4E06046F67031C2F218
:100BF0000041096888420BD9FFE74FF0500080F3AD
:100C00001188BFF36F8FBFF34F8F0290FFE7FEE7AE
:100C100004B070470000000083B0029001910020F2
:100C20000090FFE7009807281DD8FFE7009947F2DA
:100C30003830C2F2004050F8310070B9FFE7019837
:100C4000009A47F23831C2F2004141F8320002986E
:100C5000009A01EBC201486005E0FFE7FFE700985A
:100C600001300090DEE703B0704700000000000094
:100C700080B584B003900291019203980090FFF731
:100C8000A7FE009890F94400013028B9FFE70099C9
:100C9000002081F84400FFE7009890F945000130FA
:100CA00028B9FFE70099002081F84500FFE7FFF72A
:100CB000BBFE0098806B38B9FFE70098243002999A
:100CC000019A00F00DF900E0FFE70098FFF710FC33
:100CD00004B080BD0000000080B584B00290002008
:100CE00001900298E0B1FFE746F68030C2F2004082
:100CF000006858B1FFE74FF0500080F31188BFF350
:100D00006F8FBFF34F8F0390FFE7FEE700F020FAED
:100D100002980021FEF7ACFC01F016FD019000E006
:100D2000FFE7019860B9FFE74EF60451CEF20001EB
:100D30004FF080500860BFF34F8FBFF36F8F00E01C
:100D4000FFE704B080BD000080B58AB00690059131
:100D500000200290069858B9FFE74FF0500080F34A
:100D60001188BFF36F8FBFF34F8F0990FFE7FEE746
:100D7000059858B9FFE74FF0500080F31188BFF392
:100D80006F8FBFF34F8F0890FFE7FEE746F6803086
:100D9000C2F20040006858B1FFE74FF0500080F306
:100DA0001188BFF36F8FBFF34F8F0790FFE7FEE708
:100DB00000F0CEF947F2AC30C2F20040006801907A
:100DC00006980068059908440490019806990968F6
:100DD000884210D2FFE7049806990968884208D231
:100DE000FFE704980199884203D9FFE701200290A8
:100DF00000E0FFE70FE0049806990968884205D3F0
:100E0000FFE704980199884203D9FFE70120029087
:100E100000E0FFE7FFE7049806990860029838B100
:100E2000FFE704980199401A0021FEF721FC00E039
:100E3000FFE701F089FC0390039860B9FFE74EF6E5
:100E40000451CEF200014FF080500860BFF34F8F85
:100E5000BFF36F8F00E0FFE70AB080BD0000000025
:100E600081B0009047F21430C2F20040006800994F
:100E7000086047F2AC30C2F2004000680099486058
:100E800001B070470000000047F2B831C2F20041E3
:100E9000012008607047000080B584B00290019185
:100EA000029858B9FFE74FF0500080F31188BFF364
:100EB0006F8FBFF34F8F0390FFE7FEE7029842F278
:100EC0004861C2F2004109681831FFF71DFD019821
:100ED0000121FEF7CDFB04B080BD00000000000042
:100EE00080B584B0029001910092029858B9FFE752
:100EF0004FF0500080F31188BFF36F8FBFF34F8F17
:100F00000390FFE7FEE7029842F24861C2F2004117
:100F100009681831FFF730FD009820B1FFE74FF066
:100F2000FF300190FFE701980099FEF7A1FB04B0A4
:100F300080BD00000000000080B588B005900491DD
:100F400005980390012000900598002800F08B8000
:100F5000FFE70398006D58B9FFE74FF0500080F3AA
:100F60001188BFF36F8FBFF34F8F0790FFE7FEE746
:100F70000398C06C0499884203D2FFE7049801905B
:100F800003E00398C06C0190FFE70398C06A0199E1
:100F9000884266D0FFE70398006D01285FD1FFE724
:100FA000039842F24861C2F20041096888420BD1BD
:100FB000FFE74FF0500080F31188BFF36F8FBFF34E
:100FC0004F8F0690FFE7FEE70398C06A02900198F2
:100FD0000399C8620398C07E0006002806D4FFE784
:100FE0000198C0F138000399886100E0FFE7039899
:100FF0004069029901EB810242F26061C2F2004154
:1010000001EB8201884228D1FFE703980430FFF703
:1010100007FC08B9FFE700E0FFE70398C06A46F65F
:101020008831C2F200410968884208D9FFE7039875
:10103000C06A46F68831C2F200410860FFE70399B2
:10104000C86A00EB800242F26060C2F2004000EB2E
:1010500082000431FFF790FC00E0FFE700E0FFE7CB
:1010600000E0FFE700E0FFE708B080BD00000000FF
:1010700080B58AB0002003900690059006A805A9C7
:1010800004AAFFF7F1FB039B049A0599DDF818C049
:101090006846C0F808C0416003604FF61940C0F6CA
:1010A000010044F2A371C0F6020101F065F80146A7
:1010B00047F20830C2F200400160006818B1FFE753
:1010C0000120079002E000200790FFE70798012821
:1010D00004D1FFE701F0FCFB079000E0FFE7079871
:1010E000012823D1FFE74FF0500080F31188BFF3B0
:1010F0006F8FBFF34F8F099047F21031C2F200415A
:101100004FF0FF30086047F27831C2F20041012011
:10111000086047F2AC31C2F200410020086000F0E4
:101120001BF908B1FFE700E0FFE70FE00798013087
:1011300058B9FFE74FF0500080F31188BFF36F8F6D
:10114000BFF34F8F0890FFE7FEE7FFE70AB080BDCF
:1011500046F68031C2F200410868013008607047ED
:1011600083B046F68030C2F20040006838B1FFE735
:1011700047F2B831C2F200410120086051E047F265
:10118000B831C2F200410020086046F68830C2F251
:10119000004000680190FFE7019800EB800142F2F7
:1011A0006060C2F2004050F8210090B9FFE701985A
:1011B00058B9FFE74FF0500080F31188BFF36F8FED
:1011C000BFF34F8F0290FFE7FEE7019801380190CF
:1011D000E2E7019800EB800142F26060C2F2004059
:1011E00000EB8100009000994868406848600099D1
:1011F00048680831884205D1FFE70099486840688F
:101200004860FFE700984068C06842F24861C2F257
:1012100000410860019846F68831C2F2004108603A
:10122000FFE703B07047000080B582B040F6982019
:10123000C2F200400090F6F7CBFF0146009800EEA6
:10124000101AB8EEC00A40F63C21C2F200410191EA
:1012500081ED030AF7F7E0F901990246009800EEE4
:10126000102AB8EEC00A81ED040AF8F731F80199A6
:1012700002460098B7EE001A9FED360A002A00FEDB
:10128000010A81ED050AF6F79BFF019902460098D5
:1012900000EE102AB8EE400A81ED060AF6F788FF44
:1012A000019A0146009800EE101AB8EE400A82ED4D
:1012B000070A40F6CC01C2F200410B6F1362496984
:1012C0005162F7F7A1F901990246009800EE102A41
:1012D000B8EE400A81ED0A0AF7F7D2F90199024601
:1012E000009800EE102AB8EE400A81ED0B0AF8F7DC
:1012F0002BF80098019981ED0C0A00F55C70FCF761
:1013000007FF0098019981ED0D0A00F2AC40FCF74F
:10131000FFFE0098019981ED0E0AF7F7E5FF0098AE
:10132000019981ED0F0AF7F7F7FF0098019981ED18
:10133000100A00F50070FAF78FFD0098019981ED11
:10134000110A00F52E70FAF787FD019880ED120A58
:1013500002B080BD0000000080B588B04EF600509D
:10136000CEF2000000684CF27121C4F20F118842E5
:101370000BD1FFE74FF0500080F31188BFF36F8F60
:10138000BFF34F8F0790FFE7FEE74EF60050CEF217
:10139000000000684CF27021C4F20F1188420BD19A
:1013A000FFE74FF0500080F31188BFF36F8FBFF35A
:1013B0004F8F0690FFE7FEE74EF20040CEF20000AE
:1013C000039001780491FF21017000788DF80B00E3
:1013D0009DF80B0000F0500046F66C31C2F200415F
:1013E000087046F67031C2F2004107200860FFE73E
:1013F0009DF80B00000600280DD5FFE746F670317A
:10140000C2F200410868013808609DF80B004000F6
:101410008DF80B00ECE746F67030C2F20040006831
:1014200003280BD0FFE74FF0500080F31188BFF383
:101430006F8FBFF34F8F0590FFE7FEE746F67031E1
:10144000C2F20041086800020860086800F4E06029
:10145000086004984EF20041CEF2000108704EF68A
:101460002051CEF20001086840F47000086008685E
:1014700040F070400860FFF767FB40F26401C2F281
:101480000041002001900860FFF796FA4EF6347193
:10149000CEF20001086840F040400860FEF7C4FD4D
:1014A000FFF75EFEFEF7ECFF019808B080BD00007C
:1014B00080B582B04FF0500080F31188BFF36F8F7A
:1014C000BFF34F8F009000F0F3FE40B1FFE74EF600
:1014D0000451CEF200014FF080500860FFE7002079
:1014E0000190019880F3118802B080BD00000000D7
:1014F00080B584B08DF80F0001200190002100918B
:101500009DF80F2000F024F802900298FEF7A0FB4F
:10151000029804B080BD000080B586B08DF8170039
:10152000049101200290002201929DF81710049B63
:10153000EC46CCF80010114600F046F803900398F2
:10154000FEF786FB039806B080BD00000000000097
:1015500080B588B0069005918DF81320069858B98B
:10156000FFE74FF0500080F31188BFF36F8FBFF398
:101570004F8F0790FFE7FEE70698059948430290D2
:1015800002985030FFF70CF803900398B0B1FFE7D2
:10159000039801900198503001900399002081F840
:1015A000460006980599019A9DF81330DDF80CC0A5
:1015B000EE46CEF800C0FEF763FB00E0FFE70398BD
:1015C00008B080BD0000000080B590B0844612983D
:1015D000CDF828C00991089207938DF81B000A984E
:1015E00058B9FFE74FF0500080F31188BFF36F8FB9
:1015F000BFF34F8F0F90FFE7FEE7079858B9FFE75B
:101600004FF0500080F31188BFF36F8FBFF34F8FFF
:101610000E90FFE7FEE708990020039031B1FFE745
:101620000998B0FA80F040090390FFE70398C007DB
:1016300058B1FFE74FF0500080F31188BFF36F8F70
:10164000BFF34F8F0D90FFE7FEE70899002002904F
:1016500031B9FFE70998002818BF01200290FFE781
:101660000298C00758B1FFE74FF0500080F311888F
:10167000BFF36F8FBFF34F8F0C90FFE7FEE7502053
:101680000490049850280BD0FFE74FF0500080F3EF
:101690001188BFF36F8FBFF34F8F0B90FFE7FEE70B
:1016A000049807980590059888B1FFE705990120EF
:1016B00081F846000A980999089A9DF81B30DDF8D0
:1016C00014C0EE46CEF800C0FEF7DAFA00E0FFE7FD
:1016D000059810B080BD000080B584B002900191E3
:1016E00002980090009858B9FFE74FF0500080F33F
:1016F0001188BFF36F8FBFF34F8F0390FFE7FEE7B3
:10170000FFF766F900990B68C86B0A6C00FB0230A2
:1017100088600099002088630099086848600099F3
:101720000B68C86B0A6C013800FB0230C860009976
:10173000FF2081F84400009981F845000198D0B954
:10174000FFE700980069A0B1FFE70098103000F0B3
:1017500093FF60B1FFE74EF60451CEF200014FF067
:1017600080500860BFF34F8FBFF36F8F00E0FFE73B
:1017700000E0FFE708E000981030FFF7A5F80098B8
:101780002430FFF7A1F8FFE7FFF74EF9012004B07E
:1017900080BD00000000000080B592B00C900B915D
:1017A0000A920993002008900C980490049858B964
:1017B000FFE74FF0500080F31188BFF36F8FBFF346
:1017C0004F8F1190FFE7FEE70B990020039039B986
:1017D000FFE70498006C002818BF01200390FFE782
:1017E0000398C00758B1FFE74FF0500080F311880D
:1017F000BFF36F8FBFF34F8F1090FFE7FEE709999C
:1018000000200229029007D1FFE70498C06B01383D
:1018100018BF01200290FFE70298C00758B1FFE708
:101820004FF0500080F31188BFF36F8FBFF34F8FDD
:101830000F90FFE7FEE700F013FD01460020019046
:1018400031B9FFE70A98002818BF01200190FFE78F
:101850000198C00758B1FFE74FF0500080F311889E
:10186000BFF36F8FBFF34F8F0E90FFE7FEE7FFE7E9
:10187000FFF7AEF80498806B0499C96B884204D3D3
:10188000FFE70998022834D1FFE704980B99099AD9
:10189000FEF796F807900498406AA0B1FFE7049815
:1018A000243000F0E9FE60B1FFE74EF60451CEF2BD
:1018B00000014FF080500860BFF34F8FBFF36F8F70
:1018C00000E0FFE710E0079860B1FFE74EF6045133
:1018D000CEF200014FF080500860BFF34F8FBFF38E
:1018E0006F8F00E0FFE7FFE7FFF79EF801200D9004
:1018F00065E00A9828B9FFE7FFF796F800200D90F9
:101900005DE0089830B9FFE705A8FFF7A9FA0120C4
:10191000089000E0FFE7FFE7FFE7FFF785F8FFF734
:1019200017FCFFF755F8049890F94400013028B9E6
:10193000FFE70499002081F84400FFE7049890F93C
:101940004500013028B9FFE70499002081F84500DF
:10195000FFE7FFF769F805A80AA900F055FB28BBC7
:10196000FFE70498FEF748FBC8B1FFE70498103082
:101970000A99FFF791FA0498FEF7BAFD00F0E4FE29
:1019800060B9FFE74EF60451CEF200014FF08050EF
:101990000860BFF34F8FBFF36F8FFFE705E0049838
:1019A000FEF7A6FD00F0D0FEFFE707E00498FEF783
:1019B0009FFD00F0C9FE00200D9000E058E70D9853
:1019C00012B080BD0000000080B592B00B900A916B
:1019D000099208930B980590059858B9FFE74FF0C6
:1019E000500080F31188BFF36F8FBFF34F8F0E90BD
:1019F000FFE7FEE70A990020029039B9FFE7059852
:101A0000006C002818BF01200290FFE70298C00771
:101A100058B1FFE74FF0500080F31188BFF36F8F8C
:101A2000BFF34F8F0D90FFE7FEE7089900200229D2
:101A3000019007D1FFE70598C06B013818BF01205E
:101A40000190FFE70198C00758B1FFE74FF0500041
:101A500080F31188BFF36F8FBFF34F8F0C90FFE7B8
:101A6000FEE7FFF795F8EFF311814FF0500080F398
:101A70001188BFF36F8FBFF34F8F10910F901098A5
:101A800006900598806B0599C96B884204D3FFE7DF
:101A90000898022833D1FFE7059890F845008DF8A3
:101AA00013000598806B039005980A99089AFDF732
:101AB00087FF9DF913000130B8B9FFE70598406A28
:101AC00088B1FFE70598243000F0D6FD48B1FFE764
:101AD000099820B1FFE709990120086000E0FFE7BD
:101AE00000E0FFE700E0FFE706E09DF813000130AB
:101AF000059981F84500FFE70120079002E00020EA
:101B00000790FFE706981190119880F311880798C5
:101B100012B080BD0000000080B586B0049004982B
:101B20000290029858B9FFE74FF0500080F31188F7
:101B3000BFF36F8FBFF34F8F0590FFE7FEE702986B
:101B40008068019000F080FB01460198884213D123
:101B5000FFE70299C8680138C8600298C06838B9C0
:101B6000FFE70298002319461A46FFF715FE00E02A
:101B7000FFE70120039002E000200390FFE70398B5
:101B800006B080BD0000000080B58EB009900891BD
:101B900007920020069009980390039858B9FFE730
:101BA0004FF0500080F31188BFF36F8FBFF34F8F5A
:101BB0000D90FFE7FEE708990020019039B9FFE793
:101BC0000398006C002818BF01200190FFE70198DE
:101BD000C00758B1FFE74FF0500080F31188BFF302
:101BE0006F8FBFF34F8F0C90FFE7FEE700F038FBDD
:101BF00001460020009031B9FFE70798002818BF80
:101C000001200090FFE70098C00758B1FFE74FF0B0
:101C1000500080F31188BFF36F8FBFF34F8F0B908D
:101C2000FFE7FEE7FFE7FEF7D3FE0398806B029025
:101C3000029830B3FFE703980899FDF79DFE0298DC
:101C400001380399886303980069A0B1FFE70398FE
:101C5000103000F011FD60B1FFE74EF60451CEF2F6
:101C600000014FF080500860BFF34F8FBFF36F8FBC
:101C700000E0FFE700E0FFE7FEF7D6FE01200A9054
:101C80006DE0079828B9FFE7FEF7CEFE00200A9026
:101C900065E0069830B9FFE704A8FFF7E1F80120F6
:101CA000069000E0FFE7FFE7FFE7FEF7BDFEFFF766
:101CB0004FFAFEF78DFE039890F94400013028B9E1
:101CC000FFE70399002081F84400FFE7039890F9AB
:101CD0004500013028B9FFE70399002081F845004D
:101CE000FFE7FEF7A1FE04A807A900F08DF930BBBD
:101CF000FFE70398FEF76CF9D0B1FFE703982430B3
:101D00000799FFF7C9F80398FEF7F2FB00F01CFDF6
:101D100060B9FFE74EF60451CEF200014FF080505B
:101D20000860BFF34F8FBFF36F8F00E0FFE705E060
:101D30000398FEF7DDFB00F007FDFFE70EE00398D8
:101D4000FEF7D6FB00F000FD0398FEF741F918B14D
:101D5000FFE700200A9002E0FFE7FFE763E70A9849
:101D60000EB080BD0000000080B590B00A900991CF
:101D7000002008900A9905910490059858B9FFE74A
:101D80004FF0500080F31188BFF36F8FBFF34F8F78
:101D90000F90FFE7FEE70598006C58B1FFE74FF0A2
:101DA000500080F31188BFF36F8FBFF34F8F0E90F9
:101DB000FFE7FEE700F054FA01460020019031B938
:101DC000FFE70998002818BF01200190FFE701985C
:101DD000C00758B1FFE74FF0500080F31188BFF300
:101DE0006F8FBFF34F8F0D90FFE7FEE7FFE7FEF722
:101DF000EFFD0598806B0390039860B3FFE70398AD
:101E00000138059988630598006828B9FFE7FEF74F
:101E1000BFFC0599886000E0FFE705980069A0B164
:101E2000FFE70598103000F027FC60B1FFE74EF6A1
:101E30000451CEF200014FF080500860BFF34F8F85
:101E4000BFF36F8F00E0FFE700E0FFE7FEF7ECFD78
:101E500001200B909BE0099898B9FFE7049858B1CE
:101E6000FFE74FF0500080F31188BFF36F8FBFF38F
:101E70004F8F0C90FFE7FEE7FEF7D6FD00200B909A
:101E800085E0089830B9FFE706A8FEF7E9FF0120D2
:101E9000089000E0FFE7FFE7FFE7FEF7C5FDFFF76B
:101EA00057F9FEF795FD059890F94400013028B9DF
:101EB000FFE70599002081F84400FFE7059890F9B5
:101EC0004500013028B9FFE70599002081F8450059
:101ED000FFE7FEF7A9FD06A809A900F095F8A8BB41
:101EE000FFE70598FEF774F848B3FFE70598006828
:101EF00050B9FFE7FEF76CFD0598806800F034FBF1
:101F00000490FEF791FD00E0FFE705982430099961
:101F1000FEF7C2FF0598FEF7EBFA00F015FC60B97A
:101F2000FFE74EF60451CEF200014FF080500860FA
:101F3000BFF34F8FBFF36F8F00E0FFE705E0059819
:101F4000FEF7D6FA00F000FCFFE71FE00598FEF769
:101F5000CFFA00F0F9FB0598FEF73AF8A0B1FFE7D9
:101F6000049870B1FFE7FEF733FD0598FDF7C0FD5B
:101F70000290059880680299FEF7DEFFFEF754FD97
:101F8000FFE700200B9002E0FFE7FFE72FE70B9849
:101F900010B080BD0000000080B586B004900391B1
:101FA00004980190019858B9FFE74FF0500080F372
:101FB0001188BFF36F8FBFF34F8F0590FFE7FEE7E8
:101FC00001988068009000F03FF90146009888422F
:101FD00007D1FFE70199C8680130C860012002906D
:101FE0000EE001980399FFF7BFFE0290029828B116
:101FF000FFE70199C8680130C86000E0FFE7FFE72C
:10200000029806B080BD000080B588B005900491AC
:10201000059858B9FFE74FF0500080F31188BFF3DF
:102020006F8FBFF34F8F0790FFE7FEE7049858B913
:10203000FFE74FF0500080F31188BFF36F8FBFF3BD
:102040004F8F0690FFE7FEE7FEF7C2FC47F2AC3089
:10205000C2F2004000680290029805994968401A4F
:10206000019004980068013018B9FFE70020039040
:102070002BE047F21430C2F200400068059909686D
:10208000884209D0FFE7029805994968884203D33E
:10209000FFE70120039017E001980499096888423E
:1020A0000BD2FFE7019A04990868801A0860059826
:1020B000FEF7D6FE0020039005E00499002008609A
:1020C00001200390FFE7FFE7FFE7FEF7ADFC039871
:1020D00008B080BD0000000070B58CB0DDF844C0D1
:1020E000DDF840C00B900A91ADF826200893BDF8AA
:1020F00026008000FEF754FA0590059880B1FFE7AE
:102100005C20FEF74DFA0790079820B1FFE705988D
:102110000799086303E00598FEF7AEFCFFE702E0CD
:1021200000200790FFE70798F0B1FFE70798002627
:1021300080F859600B980A99BDF82620089BDDF8B5
:1021400040C0119C079DEE46CEF80C60CEF80850BA
:10215000CEF80440CEF800C0FDF7B6FD0798FDF7B5
:10216000F3FA0120069003E04FF0FF300690FFE7FE
:1021700006980CB070BD0000B0B58EB0DDF850C050
:10218000DDF84CC0DDF848C00A9009910892079329
:10219000139858B9FFE74FF0500080F31188BFF350
:1021A0006F8FBFF34F8F0D90FFE7FEE7149858B97C
:1021B000FFE74FF0500080F31188BFF36F8FBFF33C
:1021C0004F8F0C90FFE7FEE75C20049004985C289A
:1021D0000BD0FFE74FF0500080F31188BFF36F8FF3
:1021E000BFF34F8F0B90FFE7FEE70498149820B3DE
:1021F000FFE7139808B3FFE7149806901398069921
:1022000008630699022081F859000A980999089AEA
:10221000079BDDF848C0069CEE460025CEF80C5022
:10222000CEF8084005ACCEF80440CEF800C0FDF76B
:102230004BFD0698FDF788FA02E000200590FFE7C5
:1022400005980EB0B0BD000081B042F24860C2F205
:10225000004000680090009801B070470000000046
:1022600081B047F27830C2F20040006818B9FFE749
:10227000012000900DE046F68030C2F20040006878
:1022800018B9FFE70220009002E000200090FFE76D
:10229000FFE7009801B0704781B047F2AC30C2F25E
:1022A000004000680090009801B0704700000000F6
:1022B00080B586B00020029046F68030C2F2004021
:1022C0000068002840F0CB80FFE747F2AC31C2F253
:1022D000004108680130019001980860019858BBDE
:1022E000FFE742F25060C2F200400068006858B157
:1022F000FFE74FF0500080F31188BFF36F8FBFF3FB
:102300004F8F0590FFE7FEE742F25062C2F20042B3
:102310001068009042F25861C2F2004108681060F3
:102320000098086047F21431C2F200410868013099
:102330000860FDF7F1FF00E0FFE7019847F2103178
:10234000C2F200410968884268D3FFE7FFE742F222
:102350005060C2F200400068006840B9FFE747F2F1
:102360001031C2F200414FF0FF30086055E042F2F8
:102370005060C2F200400068C068C06804900498D1
:102380004068039001980399884207D2FFE70398B9
:1023900047F21031C2F2004108603EE0FFE70498C6
:1023A0000430FEF73DFA0498806A28B1FFE70498EC
:1023B0001830FEF735FA00E0FFE70498C06A46F6E9
:1023C0008831C2F200410968884208D9FFE70498C1
:1023D000C06A46F68831C2F200410860FFE70499FE
:1023E000C86A00EB800242F26060C2F2004000EB7B
:1023F00082000431FEF7C0FA0498C06A42F24861D4
:10240000C2F200410968C96A884203D3FFE701208C
:10241000029000E0FFE7FFE799E7FFE742F248603C
:10242000C2F200400068C06A00EB800142F26060C6
:10243000C2F2004050F82100022803D3FFE7012038
:10244000029000E0FFE747F2B830C2F200400068B7
:1024500018B1FFE70120029000E0FFE707E047F234
:102460002031C2F20041086801300860FFE702989D
:1024700006B080BD0000000080B586B003900398D0
:102480000290002001900398002867D0FFE702988F
:1024900042F24861C2F20041096888420BD0FFE76E
:1024A0004FF0500080F31188BFF36F8FBFF34F8F51
:1024B0000590FFE7FEE70298006D58B9FFE74FF07F
:1024C000500080F31188BFF36F8FBFF34F8F0490DC
:1024D000FFE7FEE70299086D013808650299C86AAE
:1024E000C96C884238D0FFE70298006D90BBFFE7C7
:1024F00002980430FEF794F908B9FFE700E0FFE71F
:102500000299C86CC8620299C86AC0F13800886133
:102510000298C06A46F68831C2F2004109688842D2
:1025200008D9FFE70298C06A46F68831C2F2004136
:102530000860FFE70299C86A00EB800242F260601F
:10254000C2F2004000EB82000431FEF715FA0120D0
:10255000019000E0FFE700E0FFE700E0FFE70198FF
:1025600006B080BD0000000080B584B003900398E1
:102570000290002001900398002878D0FFE702988D
:10258000C06A42F24861C2F200410968C96A8842E1
:102590005CD2FFE70298C07E000600280BD4FFE75C
:1025A00042F24860C2F200400068C06AC0F13800E0
:1025B0000299886100E0FFE702994869C96A01EB66
:1025C000810242F26061C2F2004101EB8201884265
:1025D00030D1FFE702980430FEF722F908B9FFE78F
:1025E00000E0FFE742F24860C2F200400068C06AC3
:1025F0000299C8620298C06A46F68831C2F2004168
:102600000968884208D9FFE70298C06A46F688310F
:10261000C2F200410860FFE70299C86A00EB80023D
:1026200042F26060C2F2004000EB82000431FEF72B
:10263000A3F908E042F24860C2F200400068C06AB4
:102640000299C862FFE7012001900FE00298C06C78
:1026500042F24861C2F200410968C96A884203D265
:10266000FFE70120019000E0FFE7FFE700E0FFE760
:10267000019804B080BD000080B584B0029002983B
:10268000C068C0680190019858B9FFE74FF050004A
:1026900080F31188BFF36F8FBFF34F8F0390FFE775
:1026A000FEE701981830FEF7BBF846F68030C2F21C
:1026B0000040006820BBFFE701980430FEF7B0F847
:1026C0000198C06A46F68831C2F200410968884222
:1026D00008D9FFE70198C06A46F68831C2F2004186
:1026E0000860FFE70199C86A00EB800242F260606F
:1026F000C2F2004000EB82000431FEF73DF909E030
:10270000019800F1180147F22430C2F20040FEF7B0
:1027100033F9FFE70198C06A42F24861C2F2004112
:102720000968C96A884208D9FFE70120009047F28A
:10273000B831C2F20041086002E000200090FFE7DB
:10274000009804B080BD000080B584B000200290E5
:10275000019046F68030C2F20040006858B9FFE7A9
:102760004FF0500080F31188BFF36F8FBFF34F8F8E
:102770000390FFE7FEE7FEF72BF946F68030C2F242
:1027800000400168013901600068002840F099802C
:10279000FFE746F67830C2F200400068002800F0FB
:1027A0008F80FFE7FFE747F22430C2F20040006865
:1027B000002842D0FFE747F22430C2F20040C06850
:1027C000C068029002981830FEF72AF80298043088
:1027D000FEF726F80298C06A46F68831C2F2004138
:1027E0000968884208D9FFE70298C06A46F688312E
:1027F000C2F200410860FFE70299C86A00EB80025C
:1028000042F26060C2F2004000EB82000431FEF749
:10281000B3F80298C06A42F24861C2F20041096806
:10282000C96A884207D3FFE747F2B831C2F20041D4
:102830000120086000E0FFE7B5E7029818B1FFE764
:10284000FDF76AFDFFE747F22030C2F20040006862
:1028500000900098E0B1FFE7FFE7FFF729FD38B1EE
:10286000FFE747F2B831C2F200410120086000E002
:10287000FFE7009801380090FFE700980028ECD1AE
:10288000FFE747F22031C2F200410020086000E07B
:10289000FFE747F2B830C2F20040006870B1FFE7CE
:1028A000012001904EF60451CEF200014FF080500D
:1028B0000860BFF34F8FBFF36F8F00E0FFE7FFE7C4
:1028C00000E0FFE7FEF7B0F8019804B080BD00001B
:1028D00080B58AB000200890FCF7CAFF47F2B030FC
:1028E000C2F20040006858B3FFE700200490079050
:1028F000069007A806A905AAFDF7CEFF049B059A36
:102900000698DDF81CC06946C1F808C0486002207E
:10291000086040F2D140C0F6020044F2AD71C0F64A
:102920000201FFF729FC014647F2B430C2F2004031
:102930000160006818B1FFE701200890FFE700E0A0
:10294000FFE7089858B9FFE74FF0500080F311886F
:10295000BFF36F8FBFF34F8F0990FFE7FEE7089833
:102960000AB080BD0000000080B58AB0DDF830C03C
:10297000089007910692059300200490089858B992
:10298000FFE74FF0500080F31188BFF36F8FBFF364
:102990004F8F0990FFE7FEE747F2B030C2F20040E8
:1029A0000068A8B3FFE70798009006980190089880
:1029B0000290079805281EDCFFE7FFF751FC02286C
:1029C0000CD1FFE747F2B030C2F2004000680C9A29
:1029D00069460023FEF7E0FE04900BE047F2B030BA
:1029E000C2F200400068694600231A46FEF7D4FE92
:1029F0000490FFE70BE047F2B030C2F200400068FD
:102A0000059A69460023FEF7DFFF0490FFE700E028
:102A1000FFE704980AB080BD4100080218BF0420F7
:102A20000A0E18BF40F001004FF07F4232EA010168
:102A300008BF40F00200012808BF052070470000D1
:102A400070B54FF068422DED048BF0EE408A18EE21
:102A5000900AB0EE608A18EE101A02EB4003B3F150
:102A6000654F3CBF02EB4102B2F1654F7DD200BF22
:102A7000C0F3C753C1F3C7529A1A1B2A09DD10F0DD
:102A8000004F14BF9FED830A9FED830ABDEC048BBA
:102A900070BD12F11A0F36DA11F0004F09D010F0A4
:102AA000004F0CBF9FED7D0A9FED7D0ABDEC048BAE
:102AB00070BD88EE889A19EE100AFFF7ADFF042862
:102AC00008BF00F007FB18EE900AFFF7A5FF0546C8
:102AD00018EE100AFFF7A0FF044619EE100AFFF7E0
:102AE0009BFF042D18BF052D08D1042C18BF052C01
:102AF00004D1002804BF0220DDF764FEB0EE490ACD
:102B0000BDEC048B70BD4200B2EB410F3AD910F01E
:102B1000004F19BFDFED630A9FED630ADFED630A23
:102B20009FED630AB0EE481A0A46B1EE688A80F05B
:102B30000041F0EE418A10460A1A5200B2F1807F3D
:102B400034D2484010F0004FDFED5A1A9FED5A2A58
:102B50001DBFBEEE001A70EEE10A30EE420AB6EE7C
:102B6000001A08BF70EEA10A00E040E008BF30EE96
:102B7000020AB0EE682A01EE482A08EE818AC2EE07
:102B8000081A15E011F0004F04BF9FED4C0AF0EE5B
:102B9000400AD1D010F0004F19BFDFED490A9FED78
:102BA000490ADFED490A9FED490AC5E7C8EE881AD0
:102BB00021EEA11A9FED462ADFED462A41EE022AB8
:102BC0009FED452A01EE222ADFED442A41EE022A3A
:102BD0009FED432ABDEC048B01EE222A21EE811ADF
:102BE00001EE020A30EE210A30EE200A70BD4FF0ED
:102BF0007F42B2EB400F28BFB2EB410F09D2F0EE9B
:102C0000480AB0EE680ABDEC048BBDE8704000F0E5
:102C100055BA40EA01035B0008BF41F0FF410BD009
:102C2000B2EB400F08BFB2EB410F08D120F080405B
:102C300008EE900A21F0804108EE101A18E7B2EB76
:102C4000400F12BF5FEA410340F0FF4001F0004136
:102C50003FF40EAFB2EB410F12BF5FEA400200F04B
:102C6000004041F0FF413FF403AF4A0092EA4003C5
:102C70003FF5FEAE002AACBF9FED1A0A9FED1A0A7F
:102C800068EE808A28EE008A18EE900A18EE101A74
:102C9000EEE60000DB0FC9BFDB0FC93FDB0F494089
:102CA000DB0F49C00000C9BF22AAFDB90000C93F1F
:102CB00022AAFD390060ED3EC30ACE3700000000B5
:102CC000000049C022AA7DBA0000494022AA7D3AEC
:102CD0002DAD65BD8FB8D53D0FB511BE61C84C3E59
:102CE000A8AAAABE0000804F0000802F10EE101A84
:102CF00008B5444A6846B2EB410F28D94FF0E64088
:102D0000B0EB410F94BF00204FF0FF3000900098CF
:102D1000002861DB60EE000A10F0010F45D010F0D2
:102D2000020FDFED391A9FED391A00EEA11ADFED1F
:102D3000381A40EE811A21EEA01AF0EE400A40EE59
:102D4000010A08BFF1EE600AB0EE600A08BD314B1F
:102D500021F0004293423CD911F0004FDFED2E0AE2
:102D600020EE201ADFED2D0A19BF31EE601A71EE48
:102D7000200A31EE201A71EE600ABDEEE01A11EE63
:102D8000100A9FED271A00F0030000EEC10A9FED24
:102D9000251A009000EEC10A9FED231A00EEC10A29
:102DA0009FED221A00EEC10AB1E79FED211A9FEDB7
:102DB000210A10F0020F00EE810A9FED1F1A00EEAB
:102DC000801AB7EE000A00EE810A18BFB1EE400A81
:102DD00008BD00F087F99AE710EE100A4000B0F144
:102DE0007F4F3CBFB7EE000A08BD07D14FF001008E
:102DF000DDF7E8FCBDE8084000F064B9BDE8084034
:102E000000F059B9B61F927E336D4CB9DA82083C96
:102E1000A0AA2ABE490E494683F9223F0000004B72
:102E20000000C93F00A0FD390020A2331A61342CF4
:102E3000B93AB2BACA9F2A3DDDFFFFBE10B52DEDEB
:102E4000028BF0EE408A18EE900AB0EE608A20F015
:102E50000040C0F1FF40C00F07D118EE100A20F06B
:102E60000040C0F1FF40C00F2BD018EE101A18EE32
:102E7000900A00F035FA00EE100A10EE100A6FEA20
:102E8000D05010F0FF0F04BFBDEC028B10BD18EE48
:102E9000900A00F0004110EE100A00F0004081425C
:102EA00004BFBDEC028B10BD18EE101A10EE100A14
:102EB000BDEC028B61F31E0000EE900A30EE600A5A
:102EC00010BD18EE900A4FF07F41B1EB400F1CBFD0
:102ED00018EE100A5FEA4000C7D10120DDF772FC4E
:102EE000BDEC028BBDE8104000F0ECB800B510EE70
:102EF000101A2DED028B81B0524A6846B2EB410F99
:102F00002ED94FF0E640B0EB410F94BF00204FF0B8
:102F1000FF3000900098B0EE408A00286ADB10F085
:102F2000010F4BD068EE080A9FED471A9FED470A44
:102F300000EE810A9FED461A10F0020F00EE801A93
:102F4000B7EE000A00EE810A02BF01B0BDEC028BB1
:102F500000BD00BF01B0B1EE400ABDEC028B00BD68
:102F60003C4B21F00042934241D911F0004FDFED7C
:102F70003A0A20EE201ADFED390A19BF31EE601A45
:102F800071EE200A31EE201A71EE600ABDEEE01AF1
:102F900011EE100A9FED321A00F0030000EEC10A94
:102FA0009FED301A009000EEC10A9FED2F1A00EE3F
:102FB000C10A9FED2E1A00EEC10AABE728EE080AFF
:102FC0009FED2B1ADFED2B0A10F0020F40EE010AE5
:102FD0009FED291A00EE201A61EE000AB0EE480AB1
:102FE00008EE200AB6D101B0BDEC028B00BD00F0A6
:102FF00079F88FE718EE100A4000B0F17F4F0DD23C
:1030000018EE100AFFF708FD042808BF00F062F868
:10301000B0EE480A01B0BDEC028B00BD09D1012021
:10302000DDF7D0FB01B0BDEC028B5DF804EB00F0E6
:1030300049B801B0B0EE480ABDEC028B5DF804EB74
:1030400000F039B8B61F927EB93AB2BACA9F2A3D8B
:10305000DDFFFFBE490E494683F9223F0000004BC9
:103060000000C93F00A0FD390020A2331A61342CB2
:10307000336D4CB9DA82083CA0AA2ABE10B52DEDFA
:10308000028BB1EEC08A18EE100A20F00040C0F1A9
:10309000FF40C00F0AD010EE100A20F00040C0F12F
:1030A000FF40C00F04BF0120DDF78CFBB0EE480AE3
:1030B000BDEC028B10BD30EE000A704730EE200AE6
:1030C00070470000DFED020A80EEA00A70470000A2
:1030D000000000009FED020A20EE000A7047000089
:1030E000000000102DE9F0014FF07F42B2EB410FDC
:1030F0009FBF4FF0FF310160BDE8F00170474FF016
:10310000004242EA0123C1F3C752783A551112F046
:103110001F0C434CCCF120067C44C1F3C752A2F1F2
:1031200078024FEA621204EB820254F8254008BF8D
:10313000D2E9015612D0556804FA0CF425FA06F7C4
:103140003C43976805FA0CF527FA06F8D26807FAA7
:103150000CFCF24045EA08054CEA0206A4FB034CCD
:10316000A5FB0352A6FB03631D449D4234BF012609
:1031700000261319334416B1934202D903E0934257
:1031800001D2012200E00022624402F1200C9206EA
:10319000DC0C42EA443200EE102A5B03DFED210A28
:1031A000F8EEC01A00EE103A4FEA9C1C11F0004FE6
:1031B000B8EE400AC0F800C020EE201A00EE105A07
:1031C000DFED190AB8EE400A20EE200A71EE810AFE
:1031D00070EE800A10EE902A02F500626FF30B0287
:1031E00000EE902A70EEE11A31EEC11ADFED101AEE
:1031F00030EE411A9FED0D0A20EE800A01EE210A01
:103200009FED0C1A00EE810A04BFBDE8F001704783
:10321000CCF180510160BDE8F001B1EE400A704789
:10322000B8020000000000360000802C22AAFD2910
:10323000DB0FC92F0000C92F0EF1020E2EF0030E76
:103240005EF8044B244204D44FEA4102B2F17F4FAE
:1032500011D84FEA4003B3F17F4F0CD80ED14FEA9B
:10326000D07C0CEB4C0C0CF1020CB2F17F4F08BF80
:103270004CEBD17C04E04FF0080C01E04FEAD17C2C
:103280000CEB4C0324FA03F404F00704B4F1040C2F
:1032900006D20EEB840CBDE810404CF0010C6047E8
:1032A000DFE80CF0070802024FF00040A0F58000B4
:1032B00010BD0846420018BFD2F1807288BF00F0EE
:1032C000004010BDF1EE100A4FF6FF71C0F2C031A0
:1032D00020EA010040F04070E1EE100A7047000063
:1032E0004FF07F4C3CEA410318BF3CEA400200F03B
:1032F00062804FF47F0C0CEAD11310F0004F18BF1E
:1033000043F005031CEAD01218BF13EA0C0F00F0BB
:1033100057804FF0004C4CEA00204CEA0121A3F505
:1033200080339A4210DD23F00203B0F1004F06D340
:1033300043F00203401ABCBF404283F001034FEA4E
:103340004000A2F58032ECE74FEA224CBCEB234F61
:1033500008DB884206D31CD0A0EB4100C0F100007E
:1033600083F0010340001DD217D40DD0B0FA80FCC9
:103370000CF1010C00FA0CF0A2EB0C42D2F1000CA3
:1033800012DB4FEAC37070474FEA437000F0004011
:10339000704713F0020FE5D0DEE74FEA4000B2F5C8
:1033A0008032EBDD002AE9DD4FEAC21242EA50200A
:1033B00040EAC370704710B5FFF73EFFEDFFFF3ED8
:1033C0001CEAD11F02D000F000407047004870474F
:1033D0000000C07F000000006E83F9A22915444E52
:1033E000D15727FCC0DD34F5999562DB4190433C11
:1033F000AB6351FE00000000000000000000000070
:1034000000000000000000000100000002000000B9
:1034100003000000040000000000000005000000A0
:103420000000000000000000000000000600000096
:103430000000000000000000000000000700000085
:1034400079470208000000000000000000000000B2
:103450000000000000020000180000000000000052
:10346000000000006F47020800000000000000009C
:103470000000000000000000000400001800000030
:103480000000000000000000874702080000000064
:103490000000000000000000000000000008000024
:1034A00030000000000000000000000000000000EC
:1034B00001020304010203040607080900010203D4
:1034C00004050607080C10141820304000061016DA
:1034D000000610165C470208000000000000000013
:1034E00000000000000000000002000018000000C2
:1034F000000000000000000043395EBFA1603EC133
:1035000078FDCD3F5F957A411839B0C0F3B58A3F59
:1035100019BB16C0416503C29780864040692642A8
:10352000474284C18BE465402EA0B1BE241E2B3FD0
:103530006C2838BFB3AB52BF0B30613F6236C9BD98
:10354000950D88C000610341004E0DC1894521C120
:1035500087632C41829D9ABFF98F71C024B29FC2AC
:10356000CD03F5418980244261DC25C2194688419A
:10357000435E7EBE62A60CC18C804140DA7C20C0D6
:103580003AAFA3C0429C95BE843740C0F0FD3CC119
:10359000F67F02C2189D0542F95ED8C11E8AA0407E
:1035A000DCB81A3E3E1C73C0295D03C0B284E540FE
:1035B0006FA346C1B5534DC0E189AAC100D2BB413A
:1035C0003C0BB34106E21D413F4BA640566025C26D
:1035D000CF3A83C063386540A171B2405C97154013
:1035E000CA1FE0BFDF6AE7C043395EBF78FDCD3F49
:1035F000A1603EC11839B0C05F957A41F3B58A3FEA
:1036000019BB16C097808640416503C2474284C1FA
:10361000406926428BE465402EA0B13E6C28383FBD
:10362000241E2BBF0B3061BFB3AB523F6236C93D86
:10363000950D8840004E0D41006103C187632CC188
:1036400089452141829D9A3F843740C0F67F02C25E
:10365000F0FD3CC1F95ED8C1189D05421E8AA0400C
:10366000DCB81A3E295D03C03E1C73C06FA346C17F
:10367000B284E540B5534DC0F98F71C0CD03F5411B
:1036800024B29FC261DC25C2898024421946884148
:10369000435E7EBE8C80414062A60CC13AAFA3C09F
:1036A000DA7C20C0429C95BEE189AAC13C0BB341A3
:1036B00000D2BB413F4BA64006E21D41566025C2E9
:1036C000CF3A83C0A171B24063386540CA1FE0BFE2
:1036D0005C971540DF6AE7C0617A5E418673884176
:1036E000C3901DC289C381C2DD5B8B42B2B0AB40C7
:1036F0006878114218565042A12CD0C20B4434C3F2
:1037000018453C437ACC1941305C46BF7CE928BE61
:10371000F4A79DBEF4477E3F6DD06F3F2EC6EA3DB5
:1037200067EA17C1B5EA06C0ECCA6EC0FEC04441E4
:1037300074F4374128309E3FF0FFBE416D627843FC
:1037400011180BC34D5AD6C346093843EB241C430A
:103750001F6A424026DB11423BC98DC1E0255BC296
:10376000F185F041E09A2341A1A08241F5E0A0411A
:103770007A1BBBC0FD67A8C2879955437E868BC361
:103780000D3E7CBF36F98541514BFE40156EE6C1BA
:1037900033AC144238E734C2C8B280C21E4E94C360
:1037A000C31B0A43A6C08943C20802C338EC0F42B8
:1037B0000037ABC0F09730C2726A234169550442AA
:1037C000E148E5C043C44441617A5E41C3901DC2F3
:1037D00086738841DD5B8B4289C381C2B2B0AB4046
:1037E00068781142A12CD0C21856504218453C436B
:1037F0000B4434C37ACC1941305C463FF4A79D3E5C
:103800007CE9283E6DD06FBFF4477EBF2EC6EABD6F
:1038100067EA1741ECCA6E40B5EA064074F437C156
:10382000FEC044C128309EBFA1A082417A1BBBC00C
:10383000F5E0A04187995543FD67A8C27E868BC3FA
:103840000D3E7CBF514BFE4036F9854133AC1442EE
:10385000156EE6C138E734C2F0FFBE4111180BC344
:103860006D627843460938434D5AD6C3EB241C4356
:103870001F6A42403BC98DC126DB1142F185F041F0
:10388000E0255BC2E09A2341C8B280C2C31B0A4351
:103890001E4E94C3C20802C3A6C0894338EC0F422F
:1038A0000037ABC0726A2341F09730C2E148E5C0EF
:1038B0006955044243C44441E09C013FE336D0C013
:1038C00073D7D23E3D2C9040EE7C0FBFB81E2D40EA
:1038D000BC05623FEB734BC1F1F45A3F21B010417C
:1038E0003FC65CBFC5FE924020D29FBF2B186940E7
:1038F0007368E1BFA1675BC03199F23F1F85EB3D63
:10390000166AA5BFFCA979409A9901C009F954C06B
:10391000454712405B427EBE2E90C03E349176C237
:10392000A2B46041508D04422720A4C1287EEE41FC
:1039300097904F3E728A95C13255103FFFB2754144
:10394000158C8ABFFB5C11404BC8E73E6C095EC119
:1039500080B777C1DB8AB0417E8CAB41B22E07C104
:103960007446943D98DD533E211F08C0A1D674BF14
:10397000B9FCDF3FF4FD94BE32777FC1AA028941D2
:10398000C7CB974132779540F2D24DC12AA9A1C148
:103990009CA253C07B8317401EA7A04004E7EC3FC6
:1039A0008D976AC09B5583C0E09C013F73D7D23E80
:1039B000E336D0C0EE7C0FBF3D2C9040B81E2D40AA
:1039C000BC05623FF1F45A3FEB734BC13FC65CBF8D
:1039D00021B01041C5FE924020D29F3F7368E13F65
:1039E0002B1869C03199F2BFA1675B401F85EBBD01
:1039F000166AA53F9A990140FCA979C0454712C0B3
:103A000009F954405B427E3E4BC8E73E80B777C120
:103A10006C095EC17E8CAB41DB8AB041B22E07C11E
:103A20007446943D211F08C098DD533EB9FCDF3F2A
:103A3000A1D674BFF4FD94BE2E90C03EA2B46041E6
:103A4000349176C22720A4C1508D0442287EEE41D5
:103A500097904F3E3255103F728A95C1158C8ABFA0
:103A6000FFB27541FB5C114032777FC1C7CB9741F4
:103A7000AA028941F2D24DC1327795402AA9A1C14B
:103A80009CA253C01EA7A0407B8317408D976AC09D
:103A900004E7EC3F9B5583C08885224058CA1D41EE
:103AA00091ED2CC17DBF92C163EEAA40DB8A20411B
:103AB00060769F4058A8A341F931B1C1290B19C2C2
:103AC000A52C1D410BA4B34133C4C9BF95D461C01B
:103AD000DE71A4C0E948C240C3F5D24035EF70C0E2
:103AE000AB3ECFBF083D8DC005349BC013F2D7401D
:103AF000F706BD40A8C673C01A517C41E67FDF427D
:103B0000F0E766C29C531EC3C6AD35420F0B5C4244
:103B10000DE0CD4038E79641DB8A7D3D6DC50AC298
:103B2000EEEB0CC0711B61402F6E014126E4CD40CD
:103B30008A5F20C27D2E57C2E0BE4DC1CA72394293
:103B40003945073EC8074D3FB3EAD3C0AEB6D2BF32
:103B500039B4683F8FC259404F9EC6C19BA54CC324
:103B6000B85EAA42642D5943D7A3A1C26154AABF2B
:103B7000F8537FC0EC910AC28A8E3D4139850442D8
:103B800054523FC1CA548F408885224091ED2CC1C8
:103B900058CA1D4163EEAA407DBF92C1DB8A204115
:103BA00060769F40F931B1C158A8A341A52C1D41B1
:103BB000290B19C20BA4B34133C4C93FDE71A44021
:103BC00095D46140C3F5D2C0E948C2C035EF70401A
:103BD000AB3ECF3F05349B40083D8D40F706BDC04E
:103BE00013F2D7C0A8C673402F6E01418A5F20C26E
:103BF00026E4CD40E0BE4DC17D2E57C2CA72394287
:103C00003945073EB3EAD3C0C8074D3F39B4683FD2
:103C1000AEB6D2BF8FC259401A517C41F0E766C29E
:103C2000E67FDF42C6AD35429C531EC30F0B5C429C
:103C30000DE0CD40DB8A7D3D38E79641EEEB0CC0D0
:103C40006DC50AC2711B61404F9EC6C1B85EAA42D3
:103C50009BA54CC3D7A3A1C2642D59436154AABFED
:103C6000F8537FC08A8E3D41EC910AC254523FC145
:103C700039850442CA548F40080402040801010136
:103C80000101010307010000010002000400060019
:103C900008000A000C001000200040008000000115
:103CA000664702080000000000000000000000005D
:103CB00000000000000200002000000000000000E2
:103CC000000000000000803F000000000000000035
:103CD000000000000000803F000000000000000025
:103CE000000000000000803F97470208000000002D
:103CF00000000000000000000000000000020000C2
:103D00000800000000000000000000000000803FEC
:103D1000000080BF000040C0000040C0000040C064
:103D2000000000C00000803F0000803F000080BF16
:103D3000000040C0000000C0000000C0000080BFC4
:103D40000000000000000000000080BF000000C074
:103D5000000000C0000080BF000080BF0000000025
:103D600000000000000080BF000080BF000080BF96
:103D7000000080BF000080BF0000000000000000C5
:103D80000000000000000000000000000000000033
:103D9000000000000000000000004040000080BF64
:103DA0000000803F0000803F0000803F0000803F17
:103DB0000000404000004040000000400000004083
:103DC000000000400000803F0000803F00004040B5
:103DD000000040C0000040C0000000C0000000C063
:103DE000000080BF0000000000000000000040C094
:103DF000000040C0000000C0000080BF000080BF85
:103E00000000000000000000000040C0000000C0F2
:103E1000000080BF000080BF000000000000803F65
:103E20000000803F000000C0000080BF000080BF95
:103E3000000000000000803F000000400000004043
:103E4000000080BF000080BF000000000000803F35
:103E50000000803F000000400000404000000000E3
:103E6000000000000000803F0000803F0000004094
:103E70000000404000004040000000000000000042
:103E80000000803F00000040000000400000404073
:103E90000000404000004040000040400000004062
:103EA000000000400000803F000000000000000013
:103EB0000000404000004040000000400000803F03
:103EC0000000803F00000000000080BF00000040B4
:103ED00000000040000000400000803F00000000A3
:103EE000000080BF000080BF000000400000803F55
:103EF0000000803F00000000000080BF000000C004
:103F0000000000C00000803F0000803F0000000073
:103F1000000080BF000080BF000000C0000000C0A3
:103F20000000803F00000000000080BF000000C0D3
:103F3000000000C0000000C0000040C00000000001
:103F400000000000000000C0000000C0000000C031
:103F5000000040C0000040C000000000920E493C3C
:103F6000B10AC93C2BC3163D2EFB483D752B7B3D4A
:103F700004A9963D80B6AF3D36BDC83D2FBCE13D9E
:103F800073B2FA3D87CF093E8340163EB5AB223E61
:103F9000A2102F3ECF6E3B3EC2C5473E0115543E98
:103FA000135C603E7F9A6C3ECCCF783EC07D823EF3
:103FB000938E883E229A8E3E32A0943E86A09A3EF0
:103FC000E59AA03E128FA63ED47CAC3EEF63B23E93
:103FD0002A44B83E491DBE3E15EFC33E53B9C93E03
:103FE000CA7BCF3E4136D53E80E8DA3E4F92E03E76
:103FF0007533E63EBBCBEB3EEA5AF13ECBE0F63EF4
:10400000275DFC3EE4E7003F3D9C033F824B063FBB
:104010009BF5083F6B9A0B3FDA390E3FCDD3103F2B
:104020002A68133FD9F6153FC07F183FC6021B3FD1
:10403000D17F1D3FCBF61F3F9967223F25D2243FFA
:104040005636273F1594293F4AEB2B3FDE3B2E3F48
:10405000BB85303FC9C8323FF304353F233A373F71
:104060004268393F3B8F3B3FF9AE3D3F67C73F3F1B
:1040700070D8413F01E2433F03E4453F65DE473FDF
:1040800012D1493FF8BB4B3F029F4D3F207A4F3F33
:104090003D4D513F4918533F31DB543FE595563F65
:1040A0005348583F6AF2593F1A945B3F532D5D3F86
:1040B00005BE5E3F2146603F97C5613F5A3C633F66
:1040C00059AA643F880F663FD86B673F3CBF683F83
:1040D000A7096A3F0C4B6B3F5E836C3F93B26D3F09
:1040E0009ED86E3F73F56F3F0809713F5213723FC0
:1040F0004714733FDD0B743F0BFA743FC6DE753F08
:1041000007BA763FC58B773FF853783F9812793FCF
:104110009DC7793F02737A3FBE147B3FCDAC7B3F96
:10412000283B7C3FC9BF7C3FAC3A7D3FCCAB7D3F59
:1041300023137E3FB0707E3F6DC47E3F580E7F3F9D
:104140006D4E7F3FAB847F3F0FB17F3F97D37F3F63
:1041500043EC7F3F11FB7F3F0000803F11FB7F3F1F
:1041600043EC7F3F97D37F3F0FB17F3FAB847F3FCF
:104170006D4E7F3F580E7F3F6DC47E3FB0707E3FD7
:1041800023137E3FCCAB7D3FAC3A7D3FC9BF7C3F24
:10419000283B7C3FCDAC7B3FBE147B3F02737A3F14
:1041A0009DC7793F9812793FF853783FC58B773F89
:1041B00007BA763FC6DE753F0BFA743FDD0B743FDE
:1041C0004714733F5213723F0809713F73F56F3FF5
:1041D0009ED86E3F93B26D3F5E836C3F0C4B6B3F3E
:1041E000A7096A3F3CBF683FD86B673F880F663FAF
:1041F00059AA643F5A3C633F97C5613F2146603FDF
:1042000005BE5E3F532D5D3F1A945B3F6AF2593FF6
:104210005348583FE595563F31DB543F4918533FCB
:104220003D4D513F207A4F3F029F4D3FF8BB4B3FE2
:1042300012D1493F65DE473F03E4453F01E2433F7A
:1042400070D8413F67C73F3FF9AE3D3F3B8F3B3F93
:104250004268393F233A373FF304353FC9C8323FFC
:10426000BB85303FDE3B2E3F4AEB2B3F1594293F69
:104270005636273F25D2243F9967223FCBF61F3F72
:10428000D17F1D3FC6021B3FC07F183FD9F6153FA7
:104290002A68133FCDD3103FDA390E3F6B9A0B3F9C
:1042A0009BF5083F824B063F3D9C033FE4E7003F00
:1042B000275DFC3ECBE0F63EEA5AF13EBBCBEB3E3F
:1042C0007533E63E4F92E03E80E8DA3E4136D53E19
:1042D000CA7BCF3E53B9C93E15EFC33E491DBE3E12
:1042E0002A44B83EEF63B23ED47CAC3E128FA63E69
:1042F000E59AA03E86A09A3E32A0943E229A8E3E37
:10430000938E883EC07D823ECCCF783E7F9A6C3EB5
:10431000135C603E0115543EC2C5473ECF6E3B3E26
:10432000A2102F3EB5AB223E8340163E87CF093EFA
:1043300073B2FA3D2FBCE13D36BDC83D80B6AF3DFE
:1043400004A9963D752B7B3D2EFB483D2BC3163DA6
:10435000B10AC93C920E493C00000000920E49BCD3
:10436000B10AC9BC2BC316BD2EFB48BD752B7BBD46
:1043700004A996BD80B6AFBD36BDC8BD2FBCE1BD9A
:1043800073B2FABD87CF09BE834016BEB5AB22BE5D
:10439000A2102FBECF6E3BBEC2C547BE011554BE94
:1043A000135C60BE7F9A6CBECCCF78BEC07D82BEEF
:1043B000938E88BE229A8EBE32A094BE86A09ABEEC
:1043C000E59AA0BE128FA6BED47CACBEEF63B2BE8F
:1043D0002A44B8BE491DBEBE15EFC3BE53B9C9BEFF
:1043E000CA7BCFBE4136D5BE80E8DABE4F92E0BE72
:1043F0007533E6BEBBCBEBBEEA5AF1BECBE0F6BEF0
:10440000275DFCBEE4E700BF3D9C03BF824B06BFB7
:104410009BF508BF6B9A0BBFDA390EBFCDD310BF27
:104420002A6813BFD9F615BFC07F18BFC6021BBFCD
:10443000D17F1DBFCBF61FBF996722BF25D224BFF6
:10444000563627BF159429BF4AEB2BBFDE3B2EBF44
:10445000BB8530BFC9C832BFF30435BF233A37BF6D
:10446000426839BF3B8F3BBFF9AE3DBF67C73FBF17
:1044700070D841BF01E243BF03E445BF65DE47BFDB
:1044800012D149BFF8BB4BBF029F4DBF207A4FBF2F
:104490003D4D51BF491853BF31DB54BFE59556BF61
:1044A000534858BF6AF259BF1A945BBF532D5DBF82
:1044B00005BE5EBF214660BF97C561BF5A3C63BF62
:1044C00059AA64BF880F66BFD86B67BF3CBF68BF7F
:1044D000A7096ABF0C4B6BBF5E836CBF93B26DBF05
:1044E0009ED86EBF73F56FBF080971BF521372BFBC
:1044F000471473BFDD0B74BF0BFA74BFC6DE75BF04
:1045000007BA76BFC58B77BFF85378BF981279BFCB
:104510009DC779BF02737ABFBE147BBFCDAC7BBF92
:10452000283B7CBFC9BF7CBFAC3A7DBFCCAB7DBF55
:1045300023137EBFB0707EBF6DC47EBF580E7FBF99
:104540006D4E7FBFAB847FBF0FB17FBF97D37FBF5F
:1045500043EC7FBF11FB7FBF000080BF11FB7FBF1B
:1045600043EC7FBF97D37FBF0FB17FBFAB847FBFCB
:104570006D4E7FBF580E7FBF6DC47EBFB0707EBFD3
:1045800023137EBFCCAB7DBFAC3A7DBFC9BF7CBF20
:10459000283B7CBFCDAC7BBFBE147BBF02737ABF10
:1045A0009DC779BF981279BFF85378BFC58B77BF85
:1045B00007BA76BFC6DE75BF0BFA74BFDD0B74BFDA
:1045C000471473BF521372BF080971BF73F56FBFF1
:1045D0009ED86EBF93B26DBF5E836CBF0C4B6BBF3A
:1045E000A7096ABF3CBF68BFD86B67BF880F66BFAB
:1045F00059AA64BF5A3C63BF97C561BF214660BFDB
:1046000005BE5EBF532D5DBF1A945BBF6AF259BFF2
:10461000534858BFE59556BF31DB54BF491853BFC7
:104620003D4D51BF207A4FBF029F4DBFF8BB4BBFDE
:1046300012D149BF65DE47BF03E445BF01E243BF76
:1046400070D841BF67C73FBFF9AE3DBF3B8F3BBF8F
:10465000426839BF233A37BFF30435BFC9C832BFF8
:10466000BB8530BFDE3B2EBF4AEB2BBF159429BF65
:10467000563627BF25D224BF996722BFCBF61FBF6E
:10468000D17F1DBFC6021BBFC07F18BFD9F615BFA3
:104690002A6813BFCDD310BFDA390EBF6B9A0BBF98
:1046A0009BF508BF824B06BF3D9C03BFE4E700BFFC
:1046B000275DFCBECBE0F6BEEA5AF1BEBBCBEBBE3B
:1046C0007533E6BE4F92E0BE80E8DABE4136D5BE15
:1046D000CA7BCFBE53B9C9BE15EFC3BE491DBEBE0E
:1046E0002A44B8BEEF63B2BED47CACBE128FA6BE65
:1046F000E59AA0BE86A09ABE32A094BE229A8EBE33
:10470000938E88BEC07D82BECCCF78BE7F9A6CBEB1
:10471000135C60BE011554BEC2C547BECF6E3BBE22
:10472000A2102FBEB5AB22BE834016BE87CF09BEF6
:1047300073B2FABD2FBCE1BD36BDC8BD80B6AFBDFA
:1047400004A996BD752B7BBD2EFB48BD2BC316BDA2
:10475000B10AC9BC920E49BC0000008045543136F4
:10476000535461736B00566F66615461736B004301
:104770006C6F75645461736B00426F617264636F38
:104780006D6D5461736B00436F6E74726F6C4C6F20
:104790006F705461736B0064656661756C7454610D
:1047A000736B0049444C4500546D725100546D7256
:1047B0002053766300566F666154784D7574657842
:1047C00000000000B54702080200000000000000E1
:1047D00000000000104802080000002468000000EB
:1047E000080300080C480208000000200000020036
:1047F000240300087848020868000024587B000061
:10480000240300081DC7FEFF21C7FEFF00000000B3
:10481000B1090008C90A000829090008E10B0008CD
:10482000310F0108B1170108890F010800000000CD
:10483000000000000000000000004842000048C2E4
:1048400000007041CDCC4C3E0000404000003040A4
:1048500000803BC50090D0030090D003C01F00240F
:10486000C01F002405000000295C4F3F0801000024
:0848700010000000AAAAAAAA88
:04000005080002CD20
:00000001FF
