:020000040800F2
:1000000000000220D90601082D1B00082F1B000844
:10001000311B0008331B0008351B000841A60008EF
:10002000371B0008E1A60008CFA10008250701083A
:1000300025070108250701082507010825070108EC
:1000400025070108250701082507010825070108DC
:100050002507010825070108391B0008491B00086E
:1000600025070108250701082507010825070108BC
:100070002507010825070108591B0008691B00080E
:10008000250701082507010825070108250701089C
:10009000250701082507010825070108791B000825
:1000A000250701082507010825070108250701087C
:1000B000250701082507010825070108250701086C
:1000C00025070108891B0008991B0008250701085E
:1000D000250701082507010825070108250701084C
:1000E000250701082507010825070108250701083C
:1000F000250701082507010825070108A91B000895
:10010000250701082507010825070108B91B000874
:10011000C91B0008D91B0008E91B000825070108B6
:1001200025070108250701082507010825070108FB
:1001300025070108250701082507010825070108EB
:1001400025070108250701082507010825070108DB
:10015000250701082507010825070108F91B0008E4
:1001600025070108250701082507010825070108BB
:1001700025070108250701082507010825070108AB
:10018000250701082507010825070108250701089B
:10019000250701082507010825070108250701088B
:1001A000250701082507010825070108250701087B
:1001B000250701082507010825070108250701086B
:1001C000250701082507010825070108250701085B
:1001D000250701082507010825070108250701084B
:1001E000250701082507010825070108250701083B
:1001F000250701082507010825070108250701082B
:10020000250701082507010825070108250701081A
:10021000250701082507010825070108250701080A
:1002200025070108250701082507010825070108FA
:1002300025070108091C00082507010825070108F2
:10024000191C0008250701082507010825070108D2
:1002500008B50368B3F1804F00D008BD06F006FA78
:10026000FBE772B6FEE7000000B59DB04C2200210E
:1002700009A811F0C3FA2022002101A811F0BEFA4A
:10028000022006F099F9002300931F4B9A6922F48B
:1002900040429A619B6903F440430093009B1A4BD0
:1002A0009B6913F4005FFAD0012209924FF4803366
:1002B0000A930223129313931493282115911692F3
:1002C0000422179218930C23199300231A931B935B
:1002D00009A802F0C5FC98B93F23019303210291BC
:1002E0000390082304934023059306934FF4806200
:1002F0000792089301A803F08DF818B91DB000BD4E
:10030000FFF7AFFFFFF7ADFF0048025808B506F052
:100310007DF9FFF7A9FF002211464FF0FF3002F0F0
:10032000E3FB00F035F800F0F1F900F0B9FC00F063
:1003300045FA00F0A7FA00F033FF00F083FF00F069
:10034000B1F900F0E1FE00F04DFE00F001FB00F01D
:10035000C9FF00F089FE00F0D9FD01F023FD094B33
:100360001868094BA3FB0030800C0FF0CDFD074B44
:100370001B68984709F038FF00F044F909F046FF80
:10038000FEE700BF0400002083DE1B43580000206E
:10039000F0B58DB007AD00240794089409940A9431
:1003A0000B94424BD3F8E02042F01002C3F8E02057
:1003B000D3F8E02002F010020192019AD3F8E02075
:1003C00042F00402C3F8E020D3F8E02002F0040277
:1003D0000292029AD3F8E02042F08002C3F8E020B3
:1003E000D3F8E02002F080020392039AD3F8E020D1
:1003F00042F00102C3F8E020D3F8E02002F001024D
:100400000492049AD3F8E02042F00202C3F8E020FC
:10041000D3F8E02002F002020592059AD3F8E0201A
:1004200042F00802C3F8E020D3F8E03003F00803FC
:100430000693069B1E4E01224EF20901304604F03F
:10044000E9FC4FF4604307930127089709940A9445
:100450002946304604F0D6FB0923079308970994F0
:1004600003230A932946304604F0CCFB4FF4A053F3
:1004700007934FF488130893099429460D4804F014
:10048000C1FB4FF4005307930223089309940A9485
:1004900005230B932946084804F0B4FB21464FF08E
:1004A000006006F0F5F80DB0F0BD00BF0044025842
:1004B00000080258001002580004025808B5002233
:1004C000114632200EF0FCFC4FF4FA7009F01DFFCB
:1004D00032220A2108460EF0F3FC4FF4FA7009F0BC
:1004E00014FFECE708B50C4BDB680C4898470FF09D
:1004F000D3FD0B4C84ED000A0BF0A8FE0FF0CCFDF1
:10050000D4ED007A30EE670A064B83ED000A012035
:1005100009F0FBFEEBE700BF20000020AC0100204B
:10052000CC000020C800002008B50BF097FE072182
:1005300003480EF06FFF0A2009F0E7FEF5E700BF61
:10054000246F002008B50B480FF010F80FF0A4FD41
:10055000094C84ED000A0FF03BF80FF09DFDD4ED3F
:10056000007A30EE670A054B83ED000A012009F09E
:10057000CCFEEBE710040020C4000020C0000020E7
:1005800008B50BF01DFE0FF087FD094C84ED000A45
:100590000BF022FE0FF080FDD4ED007A30EE670AFA
:1005A000044B83ED000A012009F0AFFEEBE700BF2A
:1005B000BC000020B800002000B583B00BF0C6FEE0
:1005C0000BF0F6FD0BF0E6FD09F0C2F801900FF01C
:1005D00063FD0BF0E5FF0BF031FE0BF027FE0BF097
:1005E00003FE0BF015FE0BF039FE072104480EF058
:1005F00011FF0FF051FD012101A809F0BDF9E6E757
:10060000246F002008B5154A0021154809F01CFE8A
:10061000144B1860144A0021144809F015FE144BBD
:100620001860144A0021144809F00EFE134B18609C
:10063000134A0021134809F007FE134B1860134AB0
:100640000021134809F000FE124B1860124A0021E5
:10065000124809F0F9FD124B186008BDBC190108D9
:10066000BD040008E400002098190108E504000812
:10067000E00000207419010829050008DC000020B2
:100680005019010845050008D80000202C19010860
:1006900081050008D400002008190108B9050008E8
:1006A000D000002008B50A480A4B036001220271FD
:1006B0000023437108498160C36043618361026222
:1006C00002F026FA00B908BDFFF7CBFDFBE700BF3B
:1006D000E8000020004C0258B71DC10402680A4B14
:1006E0009A4200D0704782B0A3F50063D3F8E020AF
:1006F00042F40022C3F8E020D3F8E03003F40023F2
:100700000193019B02B07047004C025880B582B043
:1007100000AF294BD3F8D830274A43F00103C2F881
:10072000D830254BD3F8D83003F001037B607B68C9
:10073000214BD3F8D830204A43F00203C2F8D83016
:100740001D4BD3F8D83003F002033B603B68002216
:1007500005210B2002F0C8F90B2002F0D5F9002288
:1007600005210C2002F0C0F90C2002F0CDF9002286
:100770000521392002F0B8F9392002F0C5F900222C
:1007800005213A2002F0B0F93A2002F0BDF900222A
:1007900005213B2002F0A8F93B2002F0B5F9002228
:1007A00005213C2002F0A0F93C2002F0ADF900BF89
:1007B0000837BD4680BD00BF0044025880B500AF79
:1007C0002E4B2F4A1A602D4B00229A602B4B002291
:1007D000DA602A4B01221A74284B00225A74274BE4
:1007E00000229A74254B03225A61244B0A229A61F3
:1007F000224B1D22DA61214B0A221A621F4B03226F
:100800005A621E4B0A229A621C4B1D22DA621B4B53
:100810000A221A63194B00225A63184B01229A6369
:10082000164B0022DA63154B04221A64134B042280
:100830005A64124B00229A64104B0422DA640F4B64
:1008400000221A650D4B04225A650C4B00229A6552
:100850000A4B0022DA65094B04221A66074B002274
:100860005A66064B04229A66044806F077F8034657
:10087000002B01D0FFF7F5FC00BF80BD0C0100206C
:1008800000A0004080B500AF2F4B304A1A602E4BBD
:1008900000229A602C4B0022DA602B4B01221A7442
:1008A000294B00225A74284B00229A74264B0322AB
:1008B0005A61254B0A229A61234B1D22DA61224B91
:1008C0000A221A62204B03225A621F4B0A229A62A2
:1008D0001D4B1D22DA621C4B0A221A631A4B40F28E
:1008E00056325A63184B01229A63174B0022DA637F
:1008F000154B04221A64144B04225A64124B002232
:100900009A64114B0422DA640F4B00221A650E4BD5
:1009100004225A650C4B00229A650B4B0022DA65C3
:10092000094B04221A66084B00225A66064B042221
:100930009A66054806F012F80346002B01D0FFF72F
:1009400090FC00BF80BD00BFAC01002000A40040AF
:1009500080B500AF2F4B304A1A602E4B00229A60B0
:100960002C4B0022DA602B4B01221A74294B0022F7
:100970005A74284B00229A74264B03225A61254B45
:100980000A229A61234B1D22DA61224B0A221A6243
:10099000204B03225A621F4B0A229A621D4B1D22D2
:1009A000DA621C4B0A221A631A4B40F2AC625A6399
:1009B000184B01229A63174B0022DA63154B04226D
:1009C0001A64144B04225A64124B00229A64114B8D
:1009D0000422DA640F4B00221A650E4B04225A657A
:1009E0000C4B00229A650B4B0022DA65094B04225E
:1009F0001A66084B00225A66064B04229A6605487E
:100A000005F0ACFF0346002B01D0FFF72AFC00BF26
:100A100080BD00BF4C02002000D4004080B5BCB0B7
:100A200000AF786007F1DC0300221A605A609A6018
:100A3000DA601A6107F12003B8220021184610F08D
:100A4000DDFE7B681B688F4A934258D14FF4004209
:100A50004FF00003C7E908234FF08053C7F88C30EC
:100A600007F12003184603F07FF90346002B01D05D
:100A7000FFF7F7FB844B1B680133834A1360824BFB
:100A80001B68012B0ED1814BD3F8EC307F4A43F425
:100A90008073C2F8EC307D4BD3F8EC3003F48073F4
:100AA000FB61FB69794BD3F8E030784A43F00803E7
:100AB000C2F8E030754BD3F8E03003F00803BB61B7
:100AC000BB690323C7F8DC300223C7F8E0300023FA
:100AD000C7F8E4300023C7F8E8300923C7F8EC3042
:100AE00007F1DC0319466A4804F08CF8002205215E
:100AF000132001F0F9FF132002F006F8BEE07B6836
:100B00001B68644A93425BD14FF400424FF00003EC
:100B1000C7E908234FF08053C7F88C3007F1200352
:100B2000184603F021F90346002B01D0FFF799FB8B
:100B3000554B1B680133544A1360534B1B68012B00
:100B40000ED1524BD3F8EC30504A43F48073C2F8C4
:100B5000EC304E4BD3F8EC3003F480737B617B694F
:100B60004A4BD3F8E030494A43F00203C2F8E03080
:100B7000464BD3F8E03003F002033B613B6960234E
:100B8000C7F8DC300223C7F8E0300023C7F8E430B0
:100B90000023C7F8E8300923C7F8EC3007F1DC037D
:100BA00019463D4804F02EF8102005F07BFD002288
:100BB0000521142001F098FF142001F0A5FF5DE04D
:100BC0007B681B68354A934258D14FF400424FF07E
:100BD0000003C7E908234FF08053C7F88C3007F1B2
:100BE0002003184603F0C0F80346002B01D0FFF79E
:100BF00038FB254B1B680133234A1360224B1B68CB
:100C0000012B0ED1214BD3F8EC30204A43F48073F2
:100C1000C2F8EC301D4BD3F8EC3003F48073FB606A
:100C2000FB681A4BD3F8E030184A43F00803C2F8C7
:100C3000E030164BD3F8E03003F00803BB60BB682C
:100C40004FF44053C7F8DC300223C7F8E0300023EC
:100C5000C7F8E4300023C7F8E8300523C7F8EC30C4
:100C600007F1DC0319460A4803F0CCFF00220521F6
:100C70009F2001F039FF9F2001F046FF00BFF037B1
:100C8000BD4680BD00A00040EC0200200044025898
:100C9000000C025800A400400004025800D4004098
:100CA00080B500AF274B284A1A60264B4FF48002CC
:100CB0005A60244B4FF400329A60224B0322DA60D0
:100CC000204B00221A611F4B00225A611D4B4FF02E
:100CD00080629A611B4B0022DA611A4B00221A6271
:100CE000184B00225A62174B00229A62154B0022C1
:100CF000DA62144B4FF080425A63124B00229A631F
:100D0000104B0022DA630F4B00221A640D4B0022B5
:100D10005A640C4B00229A640A4B0022DA64094B95
:100D200000221A65074B00225A65064B00229A657D
:100D3000044806F087FB0346002B01D0FFF791FA29
:100D400000BF80BDF00200200014005880B5B8B08C
:100D500000AF786007F1CC0300221A605A609A60F5
:100D6000DA601A6107F11003B8220021184610F06A
:100D700045FD7B681B68274A934246D14FF4804269
:100D80004FF00003C7E904234FF0A043C7F8BC307D
:100D900007F11003184602F0E7FF0346002B01D0CD
:100DA000FFF75FFA1C4BD3F8F4301B4A43F02003E3
:100DB000C2F8F430184BD3F8F43003F02003FB6092
:100DC000FB68154BD3F8E030134A43F00103C2F837
:100DD000E030114BD3F8E03003F00103BB60BB6897
:100DE000A023C7F8CC300223C7F8D0300023C7F8BF
:100DF000D4300323C7F8D8300823C7F8DC3007F114
:100E0000CC031946054803F0FDFE00BFE037BD46A0
:100E100080BD00BF00140058004402580000025872
:100E200082B00368114A934204D0114A93420FD012
:100E300002B070470F4BD3F8F02042F00102C3F824
:100E4000F020D3F8F03003F001030093009BEFE7AC
:100E5000084BD3F8E82042F00202C3F8E820D3F8A8
:100E6000E83003F002030193019BE1E70000014039
:100E7000000400400044025800B589B000230393E9
:100E8000049305930693079303681B4A934204D087
:100E90001A4A93421AD009B000BD194BD3F8E0208A
:100EA00042F01002C3F8E020D3F8E03003F0100362
:100EB0000193019B4FF408530393022304930123EE
:100EC000079303A90F4803F09DFEE4E70C4BD3F80A
:100ED000E02042F00202C3F8E020D3F8E03003F053
:100EE00002030293029B022303930493079303A933
:100EF000054803F087FECEE70000014000040040F3
:100F000000440258001002580004025810B598B06E
:100F100000241594169417940E940F941094119421
:100F20001294139414943422214601A810F066FC04
:100F30002A482B4B0360446084604FF6FF73C36004
:100F400004614461846101F0A9FB002837D10023CA
:100F500015931693179315A9204801F0C1FC00289A
:100F600030D160230E9300220F92109211921292B0
:100F7000139214920EA9194801F012FC28BB082202
:100F80000EA9164801F00CFC10BB0023019302933C
:100F90000393049305934FF4005206920793099329
:100FA0004FF000720A920B930D9301A90B4801F0C8
:100FB000F1FC80B90948FFF75FFF18B010BDFFF7DB
:100FC00050F9C4E7FFF74DF9CBE7FFF74AF9D6E749
:100FD000FFF747F9D9E7FFF744F9EBE7C40300202F
:100FE0000000014000B58BB00023079308930993DC
:100FF0000093019302930393049305930693184877
:10100000184A026053224260836040F2CF72C2608D
:101010000361836101F042FBC0B900230793099388
:1010200007A90F4801F05CFC98B9602300930023E6
:101030000193029304930C226946094801F0B0FB26
:1010400050B90748FFF718FF0BB000BDFFF709F9CB
:10105000E3E7FFF706F9E8E7FFF703F9F1E700BF79
:10106000780300200004004080B500AF234B244AE1
:101070001A60224B234A5A60204B4FF480529A60E8
:101080001E4B4FF40052DA601C4B4FF480621A6121
:101090001A4B0C225A61194B00229A61174B0022FD
:1010A000DA61164B00221A62144B00225A62134B6B
:1010B00000229A62114807F09FFB0346002B01D0E3
:1010C000FFF7CFF800210D4807F0D7FC0346002BAF
:1010D00001D0FFF7C6F80021084807F0F3FC0346EB
:1010E000002B01D0FFF7BDF8044807F0A7FC03462A
:1010F000002B01D0FFF7B5F800BF80BD1004002021
:1011000000500040A086010080B500AF224B234A6A
:101110001A60214B4FF4E1325A601F4B00229A6053
:101120001D4B0022DA601C4B00221A611A4B0C2264
:101130005A61194B00229A61174B0022DA61164B53
:1011400000221A62144B00225A62134B00229A6248
:10115000114807F051FB0346002B01D0FFF781F83F
:1011600000210D4807F089FC0346002B01D0FFF752
:1011700078F80021084807F0A5FC0346002B01D0B1
:10118000FFF76FF8044807F059FC0346002B01D025
:10119000FFF767F800BF80BDA4040020007800407E
:1011A00080B500AF244B254A1A60234B244A5A606D
:1011B000214B00229A60204B0022DA601E4B002255
:1011C0001A611D4B0C225A611B4B00229A611A4B6B
:1011D0004FF40042DA61184B00221A62164B0022CB
:1011E0005A62154B00229A62002300220021124805
:1011F00007F0E0FB0346002B01D0FFF732F8002197
:101200000D4807F03AFC0346002B01D0FFF729F800
:101210000021094807F056FC0346002B01D0FFF7D8
:1012200020F8054807F00AFC0346002B01D0FFF721
:1012300018F800BF80BD00BF380500200044004002
:1012400000093D0080B500AF234B244A1A60224BB1
:10125000234A5A60204B00229A601F4B0022DA601A
:101260001D4B00221A611C4B0C225A611A4B0022A2
:101270009A61194B0022DA61174B00221A62164B51
:1012800000225A62144B00229A620023002200219D
:10129000114807F08FFB0346002B01D0FEF7E1FF5A
:1012A00000210D4807F0E9FB0346002B01D0FEF7B3
:1012B000D8FF0021084807F005FC0346002B01D0A9
:1012C000FEF7CFFF044807F0B9FB0346002B01D01F
:1012D000FEF7C7FF00BF80BDCC05002000480040DE
:1012E000003E490080B500AF224B234A1A60214BD3
:1012F0004FF4E1325A601F4B00229A601D4B0022CE
:10130000DA601C4B00221A611A4B0C225A61194BED
:1013100000229A61174B0022DA61164B00221A62F2
:10132000144B00225A62134B00229A62114807F0B4
:1013300063FA0346002B01D0FEF793FF00210D480E
:1013400007F09BFB0346002B01D0FEF78AFF00212C
:10135000084807F0B7FB0346002B01D0FEF781FFDA
:10136000044807F06BFB0346002B01D0FEF779FF22
:1013700000BF80BD60060020001C014080B5C2B0E7
:1013800000AF07F58473A3F58273186007F1F403C7
:1013900000221A605A609A60DA601A6107F1380315
:1013A000B8220021184610F029FA07F58473A3F536
:1013B00082731B681B68BC4A934240F0AC804FF0BC
:1013C00002024FF00003C7E90E230023C7F8AC3038
:1013D00007F13803184602F0C7FC0346002B01D082
:1013E000FEF73FFFB14BD3F8E830B04A43F4801327
:1013F000C2F8E830AD4BD3F8E83003F480137B63D8
:101400007B6BAA4BD3F8E030A84A43F00403C2F840
:10141000E030A64BD3F8E03003F004033B633B6BB2
:10142000A24BD3F8E030A14A43F00803C2F8E03001
:101430009E4BD3F8E03003F00803FB62FB6A4FF4E5
:101440008053C7F8F4300223C7F8F8300023C7F8F8
:10145000FC300023C7F800310823C7F8043107F136
:10146000F4031946924803F0CDFB0423C7F8F43087
:101470000223C7F8F8300023C7F8FC300023C7F870
:1014800000310823C7F8043107F1F40319468948ED
:1014900003F0B8FB884B894A1A60874B41225A6097
:1014A000854B00229A60844B0022DA60824B4FF415
:1014B00080621A61804B00225A617F4B00229A6140
:1014C0007D4B4FF48072DA617B4B4FF440321A62ED
:1014D000794B00225A62784803F0D8FE0346002B6D
:1014E00001D0FEF7BEFE07F58473A3F582731B6877
:1014F000714AC3F88020704A07F58473A3F582739C
:101500001B68936300220521352001F0EDFA352098
:1015100001F0FAFAF6E207F58473A3F582731B680B
:101520001B68674A934240F0D7804FF002024FF0A9
:101530000003C7E90E230023C7F8AC3007F13803D6
:10154000184602F011FC0346002B01D0FEF789FE7D
:10155000564BD3F8E830554A43F08043C2F8E830A0
:10156000524BD3F8E83003F08043BB62BB6A4F4B69
:10157000D3F8E0304D4A43F01003C2F8E0304B4B53
:10158000D3F8E03003F010037B627B6A4FF4C07342
:10159000C7F8F4300223C7F8F8300023C7F8FC304E
:1015A0000323C7F800310723C7F8043107F1F40318
:1015B0001946444803F026FB434B444A1A60424B09
:1015C0004F225A60404B00229A603F4B0022DA6063
:1015D0003D4B4FF480621A613B4B00225A613A4BFB
:1015E00000229A61384B4FF48072DA61364B4FF427
:1015F00040321A62344B00225A62334803F046FEEE
:101600000346002B01D0FEF72CFE07F58473A3F5EB
:1016100082731B682C4AC3F880202B4A07F5847319
:10162000A3F582731B689363294B2A4A1A60284BDF
:1016300050225A60264B40229A60254B0022DA60E5
:10164000234B4FF480621A61214B00225A61204BD8
:1016500000229A611E4B4FF48072DA611C4B4FF4EA
:1016600040321A621A4B00225A62194803F00EFEE9
:101670000346002B01D0FEF7F4FD07F58473A3F5B4
:1016800082731B68124ADA67114A07F58473A3F55F
:1016900082731B68936300220521522001F024FA13
:1016A000522001F031FA2DE200500040004402586F
:1016B00000080258000C0258F406002028000240DE
:1016C00000780040001002586C07002040040240DF
:1016D000E40700202804024007F58473A3F5827311
:1016E0001B681B688F4A934240F09C804FF00202B7
:1016F0004FF00003C7E90E230023C7F8AC3007F111
:101700003803184602F030FB0346002B01D0FEF7E9
:10171000A8FD854BD3F8E830834A43F40033C2F880
:10172000E830814BD3F8E83003F400333B623B6A86
:101730007D4BD3F8E0307C4A43F00803C2F8E03038
:10174000794BD3F8E03003F00803FB61FB69102309
:10175000C7F8F4300223C7F8F8300223C7F8FC308A
:101760000323C7F800310723C7F8043107F1F40356
:1017700019466E4803F046FA6023C7F8F430022396
:10178000C7F8F8300023C7F8FC300323C7F800314E
:101790000723C7F8043107F1F4031946634803F03F
:1017A00031FA634B634A1A60614B2B225A60604BDB
:1017B00000229A605E4B0022DA605D4B4FF480623B
:1017C0001A615B4B00225A61594B00229A61584BB7
:1017D0004FF48072DA61564B4FF440321A62544B28
:1017E00000225A62524803F051FD0346002B01D0FB
:1017F000FEF737FD07F58473A3F582731B684C4A27
:10180000C3F880204A4A07F58473A3F582731B68E6
:10181000936300220521262001F066F9262001F0BD
:1018200073F96FE107F58473A3F582731B681B6876
:10183000414A934240F084804FF002024FF000038F
:10184000C7E90E230023C7F8AC3007F13803184668
:1018500002F08AFA0346002B01D0FEF702FD324B5C
:10186000D3F8E830304A43F48023C2F8E8302E4BF6
:10187000D3F8E83003F48023BB61BB692A4BD3F86B
:10188000E030294A43F00203C2F8E030264BD3F897
:10189000E03003F002037B617B69234BD3F8E03037
:1018A000214A43F00803C2F8E0301F4BD3F8E03080
:1018B00003F008033B613B694FF48043C7F8F43001
:1018C0000223C7F8F8300223C7F8FC300323C7F817
:1018D00000310723C7F8043107F1F403194617480C
:1018E00003F090F94FF44073C7F8F4300223C7F8BF
:1018F000F8300023C7F8FC300323C7F80031072372
:10190000C7F8043107F1F4031946084803F07AF9DF
:1019100000220521272001F0E7F8272001F0F4F844
:10192000F0E000BF0044004000440258000C0258A0
:101930005C080020100002400048004000040258EB
:1019400007F58473A3F582731B681B68704A934282
:1019500040F0D8804FF001024FF00003C7E90E239A
:101960000023C7F8B03007F13803184602F0FCF93D
:101970000346002B01D0FEF774FC664BD3F8F03021
:10198000644A43F08003C2F8F030624BD3F8F03081
:1019900003F08003FB60FB685E4BD3F8E0305D4AE8
:1019A00043F01003C2F8E0305A4BD3F8E03003F0B4
:1019B000100207F58473A3F580731A6007F584732A
:1019C000A3F580731B680423C7F8F4300223C7F81B
:1019D000F8300023C7F8FC300023C7F80031042397
:1019E000C7F8043107F1F40319464B4803F00AF92C
:1019F0000823C7F8F4300223C7F8F8300023C7F8EB
:101A0000FC300023C7F800310B23C7F8043107F17D
:101A1000F4031946404803F0F5F8404B404A1A6079
:101A20003E4B76225A603D4B00229A603B4B00228F
:101A3000DA603A4B4FF480621A61384B00225A61E7
:101A4000364B00229A61354B0022DA61334B4FF45A
:101A500040321A62314B00225A62304803F016FCC1
:101A60000346002B01D0FEF7FCFB07F58473A3F5BA
:101A700082731B68294AC3F88020284A07F58473BB
:101A8000A3F582731B689363264B274A1A60254B84
:101A900077225A60234B40229A60224B0022DA6060
:101AA000204B4FF480621A611E4B00225A611D4B7D
:101AB00000229A611B4B0022DA611A4B4FF440322C
:101AC0001A62184B00225A62164803F0DFFB0346E5
:101AD000002B01D0FEF7C5FB07F58473A3F58273D5
:101AE0001B68104ADA670F4A07F58473A3F58273FF
:101AF0001B689363002205219C2000F0F5FF9C20C9
:101B000001F002F800BF07F58477BD4680BD00BF35
:101B1000001C01400044025800100258D408002064
:101B2000580402404C09002070040240FEE7FEE722
:101B3000FEE7FEE7FEE7704708B5024804F0A2F9A9
:101B400008BD00BF5C08002008B5024804F09AF9FF
:101B500008BD00BFF406002008B5024805F052FA9F
:101B600008BD00BF0C01002008B5024805F04AFA84
:101B700008BD00BFAC01002008B5024800F0FEFB24
:101B800008BD00BFC409002008B5024805F088FF61
:101B900008BD00BF3805002008B5024805F080FFE9
:101BA00008BD00BFCC05002008B5024805F078FF4D
:101BB00008BD00BF1004002008B5024804F062F917
:101BC00008BD00BFE407002008B5024804F05AF938
:101BD00008BD00BF6C07002008B5024804F052F9A8
:101BE00008BD00BFD408002008B5024804F04AF937
:101BF00008BD00BF4C09002008B5024805F050FFA1
:101C000008BD00BFA404002008B5024805F048FF45
:101C100008BD00BF6006002008B5024805F0F2F9D3
:101C200008BD00BF4C02002000B583B00A4BD3F8BA
:101C3000F42042F00202C3F8F420D3F8F43003F0A9
:101C400002030193019B00220F216FF0010000F0BD
:101C50004BFF03B000BD00BF004402580F2801D95C
:101C60000120704710B58AB00446002201461C20AE
:101C700000F03AFF1C2000F047FF1B4B1C601B4B81
:101C8000D3F8E82042F00102C3F8E820D3F8E830A6
:101C900003F001030093009B01A902A801F01AFFC1
:101CA000079BC3B901F0EAFE0346114AA2FB0323D6
:101CB0009B0C013B0F484FF08042026040F2E7323C
:101CC000C260436000230361836000F0B7FC30B161
:101CD00001200AB010BD01F0D1FE4300E5E7054840
:101CE00000F0F8FAF5E700BF0C00002000440258AD
:101CF00083DE1B43C4090020224AD2F8883043F413
:101D00007003C2F88830204B1B6803F00F03062BCA
:101D100006D81D4A136823F00F0343F0070313602E
:101D20001A4B1A6842F001021A6000221A611968FF
:101D3000174A0A401A60144B1B6813F0080F06D0AC
:101D4000114A136823F00F0343F0070313600F4B8E
:101D500000229A61DA611A620E4999620E49D962CB
:101D60000E4919635A639963DA6319645A641968EE
:101D700021F4802119601A66094B43F2D2021A60DD
:101D8000704700BF00ED00E0002000520044025800
:101D90007FEDF6EA000202020000FF01800201016D
:101DA00000400052714B1B6903F03803102B00F008
:101DB000DB8006D8002B58D0082B40F0CE806C4A30
:101DC00059E0182B40F0C980684B996A01F0030173
:101DD000D3F828C0CCF30512D86A00F001005B6B81
:101DE000C3F3CC0300FB03F307EE903AF8EE677AF7
:101DF0001CF47C7F3FD0012951D002296CD00029EE
:101E000040F0878059480168C1F3C101594BCB406C
:101E100007EE103AF8EE476A07EE102AB8EE476A66
:101E200086EE867A036BC3F3080306EE903AF8EE6B
:101E3000666A9FED516A67EE867A76EEA77AF7EECC
:101E4000006A77EEA67A27EE277A484B1B6BC3F31E
:101E50004623013307EE903AF8EE677AC7EE276A19
:101E6000FCEEE67A17EE902A05E0404B1B68C3F3C0
:101E7000C103404ADA403D488369C3F303233F4925
:101E8000CB5CDA40836903F00F03CB5C03F01F03E4
:101E900022FA03F33A490B603A4B1A60704707EE97
:101EA000102AF8EE476A9FED386A86EE267A2F4BA5
:101EB0001B6BC3F3080306EE903AF8EE666A9FEDDB
:101EC0002E6A67EE867A76EEA77AF7EE006A77EEEC
:101ED000A67A27EE277AB8E707EE102AF8EE476AC7
:101EE0009FED2A6A86EE267A204B1B6BC3F308030C
:101EF00006EE903AF8EE666A9FED1F6A67EE867A04
:101F000076EEA77AF7EE006A77EEA67A27EE277AC2
:101F10009BE716480168C1F3C101164BCB4007EEA1
:101F2000103AF8EE476A07EE102AB8EE476A86EED6
:101F3000867A036BC3F3080306EE903AF8EE666AFE
:101F40009FED0D6A67EE867A76EEA77AF7EE006A65
:101F500077EEA67A27EE277A77E7044B1B68C3F360
:101F6000C103044ADA4086E7094A84E7004402587C
:101F700000093D000090D00300000039E01901087D
:101F800000000020040000200024744A001BB74B0E
:101F900000366E0108B503460D4A0E490E4800682A
:101FA00040B10D4800680344521A934208D80A4AC7
:101FB000136008BD0848DFF824C0C0F800C0F0E78F
:101FC0000FF034FC0C2303604FF0FF30F1E700BF4B
:101FD0000000022000080000100A0020907200207B
:101FE00030B5026A036A23F0010303624468D0F843
:101FF00018C0234B0CEA03030D6845EA030E22F0D8
:1020000002028B6813431F4ADFF888C0604518BF7F
:1020100090420CBF0122002211D00CF5804C60458B
:1020200014BF4FF0000C4FF0010C174DA84206D022
:10203000BCF1000F03D1DFF858C0604505D123F093
:102040000803CD682B4323F0040362B90F4A904282
:1020500014BF00220122DFF830C0604503D012B95E
:102060000B4A904205D124F440744A6922438C699A
:1020700014434460C0F818E04A684263036230BD0C
:102080008CFFFEFF00000140004001400044014081
:10209000004801400004014010B58C46036A026A02
:1020A00022F480720262D0F804E0C1691D4A0A403D
:1020B000DCF80040144323F40073DCF8082043EA02
:1020C0000223194A1949884218BF90420CBF0122C5
:1020D000002207D123F40063DCF80C1043EA01234B
:1020E00023F480635AB9124A904214BF002201229D
:1020F0001049884203D012B90F4A904209D12EF4F8
:102100004052DCF8141042EA0112DCF8181042EADE
:10211000011EC0F804E0C461DCF80420C26303625D
:1021200010BD00BF8CFFFEFF000001400004014015
:1021300000440140004001400048014010B5036ADE
:10214000026A22F480520262D0F804C0D0F81CE087
:10215000184A0EEA02020C6842EA042223F40053F1
:102160008C6843EA0433DFF854E0134C704518BF21
:10217000A04212D00EF5804E704514BF4FF0000EF5
:102180004FF0010E04F58044A04206D0BEF1000FCE
:1021900003D1DFF82CE0704504D12CF4804C4C695D
:1021A0004CEA841CC0F804C0C2614A68026403623D
:1021B00010BD00BFFF8CFFFE000001400004014085
:1021C0000048014030B5036A026A22F4803202629C
:1021D0004268446DDFF860C004EA0C0C0C6844EA05
:1021E0000C0423F400338D6843EA0543DFF84CE028
:1021F000DFF84CC0604518BF704512D00CF5804C1C
:10220000604514BF4FF0000C4FF0010C0EF5804EEE
:10221000704506D0BCF1000F03D1DFF828C060453F
:1022200004D122F480324D6942EA052242604465BD
:102230004A688265036230BD8FFFFEFF00000140E7
:10224000000401400048014010B5036A026A22F40C
:1022500080120262D0F804C0D0F854E0184A0EEAA6
:1022600002020C6842EA042223F400138C6843EA59
:102270000453DFF854E0134C704518BFA04212D04D
:102280000EF5804E704514BF4FF0000E4FF0010E5A
:1022900004F58044A04206D0BEF1000F03D1DFF860
:1022A0002CE0704504D12CF4802C4C694CEA842C31
:1022B000C0F804C042654A68C265036210BD00BF31
:1022C000FF8FFFFE00000140000401400048014074
:1022D0007047000090F83D30012B42D1022380F876
:1022E0003D300268D36843F00103D36003681F4A9E
:1022F000B3F1804F18BF934225D0A2F57C429342A0
:1023000021D002F5806293421DD002F58062934293
:1023100019D002F57842934215D0A2F56C4293424F
:1023200011D002F5943293420DD0A2F5C0429342EF
:1023300009D002F58062934205D01A6842F001028A
:102340001A60002070479968094A0A40062A18BF97
:10235000B2F5803F07D01A6842F001021A600020EF
:102360007047012070470020704700BF0000014007
:1023700007000100704770477047704770B504460A
:102380000368DE681D6915F0020F10D016F0020F09
:102390000DD06FF002021A610123037703689B6975
:1023A00013F0030F67D0FFF7E6FF0023237715F044
:1023B000040F12D016F0040F0FD023686FF0040240
:1023C0001A610223237723689B6913F4407F58D056
:1023D0002046FFF7D0FF0023237715F0080F12D017
:1023E00016F0080F0FD023686FF008021A6104235B
:1023F00023772368DB6913F0030F49D02046FFF7EA
:10240000BAFF0023237715F0100F12D016F0100F2B
:102410000FD023686FF010021A6108232377236816
:10242000DB6913F4407F3AD02046FFF7A4FF002376
:10243000237715F0010F02D016F0010F36D115F0F9
:10244000800F02D115F4005F02D016F0800F35D155
:1024500015F4807F02D016F0800F37D115F0400FB1
:1024600002D016F0400F39D115F0200F02D016F02F
:10247000200F3BD170BDFFF77DFF2046FFF77CFFAB
:1024800093E72046FFF776FF2046FFF775FFA2E7A8
:102490002046FFF76FFF2046FFF76EFFB1E72046AB
:1024A000FFF768FF2046FFF767FFC0E723686FF07C
:1024B00001021A612046FDF7CBFEC0E723686FF4E6
:1024C00002521A61204600F0B6FAC1E723686FF4A1
:1024D00080721A61204600F0AFFABFE723686FF000
:1024E00040021A612046FFF748FFBDE723686FF0FE
:1024F00020021A61204600F09DFABBE710B58C4619
:102500000368464A904214BF00220122B0F1804F76
:1025100014BF114642F00101F1B9DFF808E170453E
:1025200014BF4FF0000E4FF0010E3D4CA04213D0EF
:10253000BEF1000F10D10EF1804E0EF5823E7045B7
:1025400014BF4FF0000E4FF0010E04F50064A042DE
:1025500002D0BEF1000F04D023F07003DCF8044079
:10256000234369BB2F49884214BF00210121DFF8B2
:10257000B0E0704524D019BB01F1804101F58231F2
:10258000884214BF002101210EF5006E704517D05E
:10259000B1B92549884214BF002101210EF59A3EA8
:1025A00070450DD061B92149884214BF0021012135
:1025B0000EF5006E704503D011B91D49884204D153
:1025C00023F44073DCF80C100B4323F08003DCF899
:1025D00014100B43DCF80810C162DCF800108162B3
:1025E0001449884208BF42F0010262B90E4A904283
:1025F00014BF0022012201F57051884203D012B9A4
:102600000D4A904202D1DCF810200263026842F0C9
:102610000402026001224261036010BD000001401B
:1026200000040040000800400044014000E0004079
:1026300000E40040000401400048014060B310B5D0
:10264000044690F83D3013B3022384F83D30214610
:1026500051F8040BFFF752FF012384F8483084F847
:102660003E3084F83F3084F8403084F8413084F8BC
:10267000423084F8433084F8443084F8453084F89C
:10268000463084F8473084F83D30002010BD80F893
:102690003C30FFF71DFED7E70120704760B310B54F
:1026A000044690F83D3013B3022384F83D302146B0
:1026B00051F8040BFFF722FF012384F8483084F817
:1026C0003E3084F83F3084F8403084F8413084F85C
:1026D000423084F8433084F8443084F8453084F83C
:1026E000463084F8473084F83D30002010BD80F833
:1026F0003C30FEF795FBD7E70120704710B58E46BA
:10270000036A026A22F010020262D0F804C08169F2
:102710001D4C0C40DEF8001044EA012423F0200395
:10272000DEF8082043EA0213184A1949884218BF04
:1027300090420CBF0122002207D123F08003DEF873
:102740000C1043EA011323F040035AB9114A904296
:1027500014BF002201221049884203D012B90F4A47
:10276000904209D12CF4406CDEF814204CEA820C23
:10277000DEF818204CEA820CC0F804C08461DEF850
:1027800004208263036210BDFF8CFFFE0000014045
:102790000004014000440140004001400048014065
:1027A00038B590F83C30012B00F0988004460123A6
:1027B00080F83C300C2A66D01ED8042A38D0082A6B
:1027C0004CD0BAB90D460068FFF70AFC226893693D
:1027D00043F0080393612268936923F00403936133
:1027E0002268936929690B4393610020002384F8D0
:1027F0003C3038BD1846F9E7102A5AD0142A15D1B2
:102800000D460068FFF720FD2268536D43F4006316
:1028100053652268536D23F4806353652268536DBA
:10282000296943EA012353650020DFE70120DDE742
:102830000D460068FFF762FF2268936943F4006366
:1028400093612268936923F480639361226893699A
:10285000296943EA012393610020C7E70D46006818
:10286000FFF71AFC2268D36943F00803D36122689A
:10287000D36923F00403D3612268D36929690B4328
:10288000D3610020B2E70D460068FFF757FC2268CD
:10289000D36943F40063D3612268D36923F480636E
:1028A000D3612268D369296943EA0123D3610020F7
:1028B0009CE70D460068FFF785FC2268536D43F0E6
:1028C000080353652268536D23F00403536522689F
:1028D000536D29690B435365002087E7022088E781
:1028E00090F83C20012A4FD010B50346012280F811
:1028F0003C20022280F83D2002685068D2F808C0CF
:10290000DFF88CE0214C724518BFA24203D120F4BD
:1029100070004C68204320F070000C682043506029
:102920001A681A48B2F1804F18BF82421FD0A0F532
:102930007C4082421BD000F58060824217D000F5B7
:102940008060824213D000F5784082420FD0A0F51B
:102950006C4082420BD000F59430824207D0A0F543
:10296000C040824203D000F58060824205D12CF045
:10297000800C896841EA0C019160012283F83D20B6
:10298000002083F83C0010BD022070470000014089
:102990000004014090F83C30012B45D010B50246B0
:1029A000012380F83C30CB6823F4407388680343EC
:1029B00023F480634868034323F4006308680343F7
:1029C00023F480530869034323F400534869034305
:1029D00023F48043086B034323F47023886943EA9C
:1029E000004323F08053C86903431068DFF83CE0DC
:1029F000DFF83CC0604518BF704510D123F4700368
:102A00008C6A43EA045323F080730C6A234323F057
:102A100000734C6A234323F00053C96A0B43436499
:102A2000002082F83C0010BD0220704700000140E9
:102A3000000401407047704770470000002807DB22
:102A400000F01F02400901239340024A42F820305F
:102A5000704700BF00E100E0002804DB0901C9B2B3
:102A6000044B1954704700F00F000901C9B2024B22
:102A70001954704700E400E014ED00E000B500F0E8
:102A80000700A0F1030CBCF1040F07D8C0F1070E3A
:102A90000430062806D84FF0000C03E04FF0040E77
:102AA0004FF0000C4FF0FF3303FA0EF021EA000163
:102AB00001FA0CF103FA0CF322EA030241EA0200E4
:102AC00000BD00000649CB6823F4E0631B041B0C27
:102AD000000200F4E0600343024A1A43CA607047F0
:102AE00000ED00E00000FA0510B50446054BD8687B
:102AF000C0F30220FFF7C2FF01462046FFF7ACFFFC
:102B000010BD00BF00ED00E008B5FFF797FF08BD5E
:102B1000002838D010B50446437F1BB302236377E7
:102B200023791BBB2368194A5A612268936823F0F2
:102B300018039360637913BB23684FF0FF321A6167
:102B40002268936823F0600361690B4393602268F5
:102B5000936823F08003A1690B439360012363779B
:102B6000002010BD0377FDF7B9FDD7E7E268A16843
:102B7000204600F00DF80028DCD00120F1E72368A2
:102B800022691A61DCE70120704700BFB71DC1044C
:102B900080B487B000AFF860B9607A600023FB753D
:102BA0001F233B61BB6803F00103002B02D101230B
:102BB000FB753EE000BF3B695A1E3A61002B09D00D
:102BC0003B6903F01F03BA6822FA03F303F0010321
:102BD000002BF0D07B68182B0FD07B68182B1ED8E9
:102BE0007B68102B0FD07B68102B18D87B68002BCC
:102BF00018D07B68082B0CD011E03B69062B13D949
:102C00000123FB7510E03B69072B0FD90123FB75EE
:102C10000CE03B690F2B0BD90123FB7508E0012366
:102C2000FB7506E000BF04E000BF02E000BF00E06B
:102C300000BFFB7D002B0DD1FB681B68BA685A6191
:102C4000FB681B689B6823F01801FB681B687A68A7
:102C50000A439A60FB7D18461C37BD4680BC70470E
:102C600080B58CB000AF78607B68002B01D1012368
:102C7000C8E37B681B6803F00103002B00F087802A
:102C8000884B1B6903F03803FB62864B9B6ABB626F
:102C9000FB6A102B07D0FB6A182B10D1BB6A03F01C
:102CA0000303022B0BD17F4B1B6803F40033002B73
:102CB0006CD07B685B68002B68D10123A2E37B6842
:102CC0005B68B3F5803F06D1764B1B68754A43F4C9
:102CD000803313602EE07B685B68002B0CD1714B56
:102CE0001B68704A23F4803313606E4B1B686D4A77
:102CF00023F4802313601DE07B685B68B3F5A02F8D
:102D00000CD1684B1B68674A43F480231360654B02
:102D10001B68644A43F4803313600BE0614B1B680B
:102D2000604A23F4803313605E4B1B685D4A23F4D2
:102D3000802313607B685B68002B13D003F0A2FC38
:102D4000786208E003F09EFC02467B6AD31A642B8B
:102D500001D9032356E3534B1B6803F40033002BC4
:102D6000F0D014E003F08EFC786208E003F08AFCF7
:102D700002467B6AD31A642B01D9032342E3494BF1
:102D80001B6803F40033002BF0D100E000BF7B6828
:102D90001B6803F00203002B00F08C80414B1B6981
:102DA00003F038033B623F4B9B6AFB613B6A002B9D
:102DB00007D03B6A182B37D1FB6903F00303002BC4
:102DC00032D1384B1B6803F00403002B05D07B681D
:102DD000DB68002B01D1012314E3324B1B6823F085
:102DE00019027B68DB682F4913430B6003F04AFC30
:102DF000786208E003F046FC02467B6AD31A022B95
:102E000001D90323FEE2274B1B6803F00403002BC8
:102E1000F0D0244B5B6823F0FE427B681B691B06E5
:102E2000204913434B6045E07B68DB68002B26D0CC
:102E30001C4B1B6823F019027B68DB68194913439C
:102E40000B6003F01FFC786208E003F01BFC0246F5
:102E50007B6AD31A022B01D90323D3E2114B1B68DF
:102E600003F00403002BF0D00E4B5B6823F0FE420E
:102E70007B681B691B060B4913434B601AE0094B27
:102E80001B68084A23F00103136003F0FBFB786220
:102E90000AE003F0F7FB02467B6AD31A022B03D940
:102EA0000323AFE200440258964B1B6803F004036F
:102EB000002BEED17B681B6803F01003002B6AD057
:102EC000904B1B6903F03803BB618E4B9B6A7B619F
:102ED000BB69082B07D0BB69182B1BD17B6903F09A
:102EE0000303012B16D1874B1B6803F48073002B5F
:102EF00005D07B68DB69802B01D0012382E2814B06
:102F0000DB6823F07C527B681B6A1B067D491343F8
:102F1000CB6040E07B68DB69002B23D0794B1B68DA
:102F2000784A43F08003136003F0ACFB786208E05A
:102F300003F0A8FB02467B6AD31A022B01D90323B4
:102F400060E2704B1B6803F48073002BF0D06D4B74
:102F5000DB6823F07C527B681B6A1B0669491343BC
:102F6000CB6018E0674B1B68664A23F08003136050
:102F700003F088FB786208E003F084FB02467B6A7A
:102F8000D31A022B01D903233CE25E4B1B6803F4E6
:102F90008073002BF0D17B681B6803F00803002BC3
:102FA00036D07B685B69002B19D0564B5B6F554A56
:102FB00043F00103536703F065FB786208E003F018
:102FC00061FB02467B6AD31A022B01D9032319E263
:102FD0004C4B5B6F03F00203002BF0D018E0494B21
:102FE0005B6F484A23F00103536703F04BFB7862A1
:102FF00008E003F047FB02467B6AD31A022B01D993
:103000000323FFE13F4B5B6F03F00203002BF0D182
:103010007B681B6803F02003002B36D07B689B691C
:10302000002B19D0374B1B68364A43F4805313608A
:1030300003F028FB786208E003F024FB02467B6A79
:10304000D31A022B01D90323DCE12E4B1B6803F4B6
:103050000053002BF0D018E02A4B1B68294A23F4B8
:103060008053136003F00EFB786208E003F00AFB64
:1030700002467B6AD31A022B01D90323C2E1214BFA
:103080001B6803F40053002BF0D17B681B6803F02E
:103090000403002B00F086801B4B1B681A4A43F484
:1030A0008073136003F0EEFA786208E003F0EAFA46
:1030B00002467B6AD31A642B01D90323A2E1124B87
:1030C0001B6803F48073002BF0D07B689B68012B96
:1030D00006D10C4B1B6F0B4A43F00103136732E020
:1030E0007B689B68002B11D1064B1B6F054A23F0B0
:1030F00001031367034B1B6F024A23F0040313679A
:1031000021E000BF00440258004802587B689B68D9
:10311000052B0CD1834B1B6F824A43F004031367CA
:10312000804B1B6F7F4A43F0010313670BE07D4B1D
:103130001B6F7C4A23F0010313677A4B1B6F794A9C
:1031400023F0040313677B689B68002B15D003F002
:1031500099FA78620AE003F095FA02467B6AD31A7C
:1031600041F28832934201D903234BE16D4B1B6F2F
:1031700003F00203002BEED014E003F083FA786230
:103180000AE003F07FFA02467B6AD31A41F28832E2
:10319000934201D9032335E1624B1B6F03F0020315
:1031A000002BEED17B685B6A002B00F02A815D4B1F
:1031B0001B6903F03803182B00F0BA807B685B6A48
:1031C000022B40F09580574B1B68564A23F08073C2
:1031D000136003F057FA786208E003F053FA0246EE
:1031E0007B6AD31A022B01D903230BE14D4B1B68D9
:1031F00003F00073002BF0D14A4B9A6A4A4B1340FC
:103200007A68916A7A68D26A12010A43454913437F
:103210008B627B681B6B013BC3F308027B685B6BB3
:10322000013B5B029BB21A437B689B6B013B1B0417
:1032300003F4FE031A437B68DB6B013B1B0603F0C0
:10324000FE43384913430B63364BDB6A354A23F0A0
:103250000103D362334B5A6B344B13407A68926C40
:10326000D200304913434B632E4BDB6A23F00C0230
:103270007B681B6C2B491343CB622A4BDB6A23F020
:1032800002027B685B6C27491343CB62254BDB6AE8
:10329000244A43F48033D362224BDB6A214A43F44D
:1032A0000033D3621F4BDB6A1E4A43F48023D36290
:1032B0001C4BDB6A1B4A43F00103D362194B1B68AA
:1032C000184A43F08073136003F0DCF9786208E079
:1032D00003F0D8F902467B6AD31A022B01D90323E3
:1032E00090E0104B1B6803F00073002BF0D088E0D7
:1032F0000C4B1B680B4A23F08073136003F0C2F978
:10330000786208E003F0BEF902467B6AD31A022B0A
:1033100001D9032376E0034B1B6803F00073002BF5
:10332000F0D16EE0004402580CFCFFFF0700FFFFE5
:10333000364B9B6A3B61354B1B6BFB607B685B6A62
:10334000012B31D03B6903F003027B689B6A9A42F0
:103350002AD13B691B0903F03F027B68DB6A9A4272
:1033600022D1FB68C3F308027B681B6B013B9A42C6
:103370001AD1FB685B0A03F07F027B685B6B013B41
:103380009A4211D1FB681B0C03F07F027B689B6B98
:10339000013B9A4208D1FB681B0E03F07F027B6859
:1033A000DB6B013B9A4201D001232BE0174B5B6B97
:1033B000DB08C3F30C033B617B689B6C3A699A4260
:1033C0001FD0124BDB6A114A23F00103D36203F0D2
:1033D00059F9786200BF03F055F902467B6A9342BF
:1033E000F9D00A4B5A6B0A4B13407A68926CD200A0
:1033F000064913434B63054BDB6A044A43F0010360
:10340000D362002318463037BD4680BD00440258C1
:103410000700FFFF80B586B000AF786039607B6839
:10342000002B01D101239CE18A4B1B6803F00F03A1
:103430003A689A4210D9874B1B6823F00F028549DE
:103440003B6813430B60834B1B6803F00F033A6820
:103450009A4201D0012384E17B681B6803F00403D6
:10346000002B10D07B681A697B4B9B6903F07003BB
:103470009A4208D9784B9B6923F070027B681B69DC
:10348000754913438B617B681B6803F00803002BAD
:1034900010D07B685A69704BDB6903F070039A4265
:1034A00008D96D4BDB6923F070027B685B696A4960
:1034B0001343CB617B681B6803F01003002B10D013
:1034C0007B689A69644BDB6903F4E0639A4208D92C
:1034D000614BDB6923F4E0627B689B695E491343BF
:1034E000CB617B681B6803F02003002B10D07B6846
:1034F000DA69594B1B6A03F070039A4208D9564B9C
:103500001B6A23F070027B68DB69534913430B622B
:103510007B681B6803F00203002B10D07B68DA681D
:103520004D4B9B6903F00F039A4208D94A4B9B69A4
:1035300023F00F027B68DB68474913438B617B688C
:103540001B6803F00103002B55D0434B9B6923F408
:1035500070627B689B68404913438B617B685B6842
:10356000022B07D13C4B1B6803F40033002B21D105
:103570000123F6E07B685B68032B07D1364B1B68A1
:1035800003F00073002B15D10123EAE07B685B6830
:10359000012B07D1304B1B6803F48073002B09D13A
:1035A0000123DEE02C4B1B6803F00403002B01D148
:1035B0000123D6E0284B1B6923F007027B685B6878
:1035C000254913430B6103F05DF878610AE003F0CD
:1035D00059F802467B69D31A41F28832934201D9E5
:1035E0000323BEE01C4B1B6903F038027B685B6859
:1035F000DB009A42EBD17B681B6803F00203002BCF
:1036000010D07B68DA68144B9B6903F00F039A4271
:1036100008D2114B9B6923F00F027B68DB680E49CF
:1036200013438B610B4B1B6803F00F033A689A42FC
:1036300014D2084B1B6823F00F0206493B68134362
:103640000B60044B1B6803F00F033A689A4205D0E5
:10365000012386E000200052004402587B681B686A
:1036600003F00403002B10D07B681A693F4B9B6961
:1036700003F070039A4208D23C4B9B6923F070021E
:103680007B681B69394913438B617B681B6803F0B6
:103690000803002B10D07B685A69344BDB6903F0B8
:1036A00070039A4208D2314BDB6923F070027B68C9
:1036B0005B692E491343CB617B681B6803F01003E1
:1036C000002B10D07B689A69284BDB6903F4E06318
:1036D0009A4208D2254BDB6923F4E0627B689B6940
:1036E00022491343CB617B681B6803F02003002B46
:1036F00010D07B68DA691D4B1B6A03F070039A4295
:1037000008D21A4B1B6A23F070027B68DB691749E9
:1037100013430B6200F034F80246144B9B691B0AFA
:1037200003F00F031249CB5C03F01F0322FA03F3EB
:103730003B610E4B9B6903F00F030D4AD35C03F012
:103740001F033A6922FA03F30A4A13600A4A3B69E3
:1037500013600A4B1B681846FEF780FA0346FB739A
:10376000FB7B18461837BD4680BD00BF0044025899
:10377000E019010800000020040000200C000020D7
:1037800080B489B000AF9D4B1B6903F03803182B40
:1037900025D0182B00F22981102B1DD0102B00F200
:1037A0002481002B02D0082B13D01EE1934B1B6801
:1037B00003F02003002B09D0904B1B68DB0803F0BB
:1037C00003038F4A22FA03F3BB6111E18C4BBB6107
:1037D0000EE18C4BBB610BE18B4BBB6108E1874B6E
:1037E0009B6A03F003037B61844B9B6A1B0903F014
:1037F0003F033B61814BDB6A03F00103FB607F4BBE
:103800005B6BDB08C3F30C03FA6802FB03F307EE00
:10381000903AF8EE677AC7ED027A3B69002B00F028
:10382000E1807B69022B00F083807B69022B00F230
:10383000A1807B69002B03D07B69012B56D099E0D6
:103840006E4B1B6803F02003002B2DD06B4B1B68C5
:10385000DB0803F003036A4A22FA03F37B607B6808
:1038600007EE903AF8EE676A3B6907EE903AF8EE99
:10387000677A86EEA77A614B1B6BC3F3080307EEEA
:10388000903AF8EE676A97ED026ADFED605AC6EE8D
:10389000257A76EEA77AF7EE006A77EEA67A67EEDB
:1038A000277AC7ED077A87E03B6907EE903AF8EE92
:1038B000677ADFED576A86EEA77A504B1B6BC3F32E
:1038C000080307EE903AF8EE676A97ED026ADFEDBB
:1038D0004F5AC6EE257A76EEA77AF7EE006A77EEB3
:1038E000A67A67EE277AC7ED077A65E03B6907EEAF
:1038F000903AF8EE677ADFED476A86EEA77A3F4B9B
:103900001B6BC3F3080307EE903AF8EE676A97ED76
:10391000026ADFED3E5AC6EE257A76EEA77AF7EE1A
:10392000006A77EEA67A67EE277AC7ED077A43E05A
:103930003B6907EE903AF8EE677ADFED376A86EE7C
:10394000A77A2E4B1B6BC3F3080307EE903AF8EEF1
:10395000676A97ED026ADFED2D5AC6EE257A76EE9C
:10396000A77AF7EE006A77EEA67A67EE277AC7EDB8
:10397000077A21E03B6907EE903AF8EE677ADFEDCF
:10398000256A86EEA77A1D4B1B6BC3F3080307EE6F
:10399000903AF8EE676A97ED026ADFED1C5AC6EEC0
:1039A000257A76EEA77AF7EE006A77EEA67A67EECA
:1039B000277AC7ED077A00BF104B1B6B5B0A03F039
:1039C0007F0301333B603B6807EE903AB8EE677ABD
:1039D000D7ED076AC6EE877AFCEEE77A17EE903AE3
:1039E000BB6105E00023BB6102E0064BBB6100BF89
:1039F000BB6918462437BD4680BC70470044025856
:103A00000090D00300093D0000366E010000004622
:103A10000024744C0024744A001BB74B80B582B05C
:103A200000AFFFF7ADFE0246104B9B691B0A03F087
:103A30000F030F49CB5C03F01F0322FA03F37B60F3
:103A40000A4B9B6903F00F03094AD35C03F01F0381
:103A50007A6822FA03F3074A1360074A7B68136007
:103A6000044B1B6818460837BD4680BD0044025809
:103A7000E0190108000000200400002080B500AF1C
:103A8000FFF7CCFF0246064BDB691B0903F0070377
:103A90000449CB5C03F01F0322FA03F3184680BDF0
:103AA00000440258E019010880B500AFFFF7B6FFE7
:103AB0000246064BDB691B0A03F007030449CB5C93
:103AC00003F01F0322FA03F3184680BD0044025896
:103AD000E019010880B483B000AF786039607B687A
:103AE0003F221A601A4B1B6903F007027B685A6079
:103AF000174B9B6903F470627B689A60144B9B6957
:103B000003F00F027B68DA60114B9B6903F07002CF
:103B10007B681A610E4BDB6903F070027B685A61A7
:103B20000B4BDB6903F4E0627B689A61084B1B6A0C
:103B300003F070027B68DA61064B1B6803F00F022A
:103B40003B681A6000BF0C37BD4680BC704700BFA1
:103B50000044025800200052404B9B6A03F00303CC
:103B6000032B79D070B505460E463C4A136823F006
:103B70008063136002F086FD0446384B1B6813F027
:103B8000006F06D002F07EFD031B022BF5D9032047
:103B900070BD324B9A6A22F47C32296842EA0132C3
:103BA0009A626A68013AC2F30802A96801394902B7
:103BB00089B20A43E9680139090401F4FE010A43A4
:103BC00029690139090601F0FE410A439A63DA6A5C
:103BD00022F0C00269690A43DA62DA6A22F020023E
:103BE000A9690A43DA62DA6A22F01002DA62DA6B51
:103BF0006FF3CF02E96942EAC102DA63DA6A42F09E
:103C00001002DA62C6B9154AD36A43F40023D362BC
:103C1000124A136843F08063136002F033FD0446D8
:103C20000E4B1B6813F0006F14D102F02BFD001B2C
:103C30000228F5D90320ABE7012E05D0074AD36A45
:103C400043F40013D362E3E7044AD36A43F48013D6
:103C5000D362DDE700209BE7012070470044025853
:103C6000404B9B6A03F00303032B79D070B50546E4
:103C70000E463C4A136823F08053136002F002FDA5
:103C80000446384B1B6813F0005F06D002F0FAFCC4
:103C9000031B022BF5D9032070BD324B9A6A22F028
:103CA0007C72296842EA01529A626A68013AC2F358
:103CB0000802A9680139490289B20A43E968013951
:103CC000090401F4FE010A4329690139090601F0DA
:103CD000FE410A431A64DA6A22F4406269690A43BF
:103CE000DA62DA6A22F40072A9690A43DA62DA6AED
:103CF00022F48072DA625A6C6FF3CF02E96942EA09
:103D0000C1025A64DA6A42F48072DA62C6B9154AAC
:103D1000D36A43F48003D362124A136843F080539A
:103D2000136002F0AFFC04460E4B1B6813F0005FFB
:103D300014D102F0A7FC001B0228F5D90320ABE741
:103D4000012E05D0074AD36A43F08073D362E3E7BC
:103D5000044AD36A43F40003D362DDE700209BE703
:103D60000120704700440258F8B50446036813F078
:103D7000006F2FD0436EB3F5001F25D015D8E3B1E7
:103D8000B3F5801F0ED102210830FFF7E5FE05468E
:103D9000A5BB954A136D23F44013616E0B43136565
:103DA000002619E00126354616E0B3F5401F01D183
:103DB0000025EEE7012635460EE08B4AD36A43F430
:103DC0000033D3620025E4E702212830FFF748FFE3
:103DD0000546DDE700263546236813F4807F2ED0A4
:103DE000A36D022B23D00ED89BB1012B08D100214B
:103DF00004F10800FFF7B0FE05460FE02E46EBE7A2
:103E0000012635461BE0033B012B07D90126354629
:103E100015E0754AD36A43F40033D36275B9724A28
:103E2000136D23F00703A16D0B43136507E0002119
:103E300004F12800FFF714FF0546EFE72E4623683C
:103E400013F4806F2DD0D4F8A430B3F5800F3DD09B
:103E50000DD8C3B1B3F5001F06D1002104F108004D
:103E6000FFF77AFE054613E00126354619E0B3F563
:103E7000000F0DD0B3F5200F0AD0B3F5C00F07D057
:103E8000012635460DE0584AD36A43F40033D36225
:103E90001DBB554A936D23F46003D4F8A4100B4363
:103EA0009365236813F4006F37D0D4F8A830B3F1CA
:103EB000007F5ED016D80BB3B3F1807F0FD1002105
:103EC00004F10800FFF748FE05461CE0002104F15C
:103ED0002800FFF7C5FE0546DAE72E46E1E7012692
:103EE00035461AE0B3F1806F0DD0B3F1A06F0AD060
:103EF000B3F1407F07D0012635460EE03A4AD36A37
:103F000043F40033D362002D3AD1374A936D23F046
:103F1000E063D4F8A8100B439365236813F0007F87
:103F200013D0E36C202B35D02FD833B1102B29D1EF
:103F30002D4AD36A43F40033D36295BB2A4AD36C2B
:103F400023F03003E16C0B43D364236813F4805FE8
:103F50004DD0E36DB3F5005F3FD027D87BB3B3F509
:103F6000805F20D1002104F10800FFF7F5FD054630
:103F70002AE0002104F12800FFF772FE0546C2E79F
:103F80002E46CAE701263546DFE7302BD5D001267D
:103F90003546DAE7022104F10800FFF7DDFD0546AA
:103FA000CBE72E46D1E70126354620E0B3F5405F4A
:103FB0000AD0B3F5804F07D00126354617E00A4AEC
:103FC000D36A43F40033D36285B9074A136D23F4EF
:103FD000E043E16D0B43136509E0002104F1280083
:103FE000FFF73EFE0546EFE7004402582E462368E1
:103FF00013F4005F17D0236EB3F5003F51D044D8BF
:1040000043B1B3F5803F3DD1012104F10800FFF732
:10401000A3FD0546002D4BD1324A136D23F4E02356
:10402000216E0B431365236813F4804F19D0D4F825
:10403000AC30B3F1005F4CD03FD843B1B3F1805FF7
:1040400038D1012104F10800FFF786FD0546002D57
:1040500046D1244A936D23F0E043D4F8AC100B43CF
:104060009365236813F4004F4DD0E36EB3F1805F86
:104070003AD0B3F1005F00F07181002B39D00126F6
:10408000354640E001263546CDE7B3F5802FC1D057
:10409000B3F5A02FBED0B3F5403FBBD001263546C7
:1040A000C1E7012104F12800FFF7DAFD0546B1E779
:1040B0002E46B8E701263546D3E7B3F1804FC6D088
:1040C000B3F1A04FC3D0B3F1405FC0D00126354655
:1040D000C7E7012104F12800FFF7C2FD0546B6E756
:1040E0002E46BEE700440258AA4AD36A43F400337E
:1040F000D362002D40F03981A64A136D23F040535E
:10410000E16E0B431365236813F0807F18D0A36C16
:10411000022B00F0358100F22D813BB1012B40F0E4
:1041200026819C4AD36A43F40033D362002D40F0C9
:104130002E81984AD36C23F00303A16C0B43D36404
:10414000236813F4800F40F02781236813F0010FD8
:1041500019D0A36F102B00F0928100F2848143B13B
:10416000082B40F07D81012104F10800FFF7F4FCE9
:104170000546002D40F08A81864A536D23F03803AE
:10418000A16F0B435365236813F0020F19D0636FBF
:10419000022B00F0878100F27E8143B1012B40F0B9
:1041A0007781012104F10800FFF7D6FC0546002DB8
:1041B00040F07F81774A536D23F00703616F0B4313
:1041C0005365236813F0040F1BD0D4F89030022BF2
:1041D00000F07B8100F2728143B1012B40F06B81D2
:1041E000012104F10800FFF7B7FC0546002D40F05F
:1041F0007381684A936D23F00703D4F890100B4342
:104200009365236813F0200F1DD0D4F88C30B3F1E0
:10421000005F00F0758100F264814BB1B3F1805F03
:1042200040F05C81002104F10800FFF795FC054691
:10423000002D40F06C81574A536D23F0E043D4F8D1
:104240008C100B435365236813F0400F1DD0D4F836
:104250009830B3F5006F00F06E8100F25D814BB1D4
:10426000B3F5806F40F05581002104F10800FFF79D
:1042700073FC0546002D40F06581464A936D23F49A
:10428000E053D4F898100B439365236813F0800F24
:104290001DD0D4F89C30B3F5804F00F0678100F258
:1042A00056814BB1B3F5005F40F04E81002104F11F
:1042B0000800FFF751FC0546002D40F05E81354AAD
:1042C000936D23F46043D4F89C100B4393652368EB
:1042D00013F0080F0DD0D4F88030B3F5805F00F0F4
:1042E0004E812C4A536D23F44053D4F880100B4375
:1042F0005365236813F0100F0DD0D4F89430B3F544
:10430000807F00F04681234A936D23F44073D4F8F4
:1043100094100B439365236813F4002F00F04E8133
:10432000D4F8A030B3F5803F00F03D81B3F5003FF5
:1043300008D0002B40F03E81194604F10800FFF739
:104340000BFC0546002D40F03881124A936D23F492
:104350004033D4F8A0100B4393652FE1012104F101
:104360000800FFF7F9FB0546C3E62E46CBE601261B
:104370003546E5E6032B3FF4D9AE01263546DFE6A8
:10438000022104F10800FFF7E7FB0546CEE62E46C2
:10439000D6E600BF00440258AD4A136843F4807368
:1043A000136002F06FF90746A94B1B6813F4807F76
:1043B00005D102F067F9C01B6428F5D90325002D4B
:1043C0004AD1A44B1B6FD4F8B020534013F4407F64
:1043D0000CD0A04B1A6F22F44072196F41F4803157
:1043E0001967196F21F4803119671A67D4F8B03052
:1043F000B3F5807F15D08DBBD4F8B03003F4407294
:10440000B2F5407F1ED0934A136923F47C531361A5
:1044100090490B6FD4F8B020C2F30B0213430B6723
:1044200093E602F02FF907468A4B1B6F13F0020F39
:10443000E1D102F027F9C01B41F288339842F3D949
:104440000325D8E78348026922F47C52824901EAB5
:10445000131313430361DBE72E4676E62E4674E61C
:10446000012635468FE6202B3FF483AE282B3FF400
:1044700080AE182B3FF47DAE0126354683E6012140
:1044800004F12800FFF7ECFB054672E62E467AE6BB
:104490000126354695E6033B022B7FF688AE0126C2
:1044A00035468EE6012104F12800FFF7D9FB0546C9
:1044B0007DE62E4685E601263546A2E6033B022B25
:1044C0007FF694AE012635469BE6012104F12800D3
:1044D000FFF7C6FB054689E62E4692E601263546DD
:1044E000B1E6B3F1804F3FF4A3AEB3F1A04F3FF478
:1044F0009FAEB3F1405F3FF49BAE01263546A2E686
:10450000022104F12800FFF7ABFB054690E62E469A
:1045100099E601263546B8E6B3F5805F3FF4AAAECA
:10452000B3F5A05F3FF4A6AEB3F5406F3FF4A2AE83
:1045300001263546A9E6022104F12800FFF790FB89
:10454000054697E62E46A0E601263546BFE6B3F5BA
:10455000004F3FF4B1AEB3F5204F3FF4ADAEB3F52D
:10456000C04F3FF4A9AE01263546B0E6022104F162
:104570002800FFF775FB05469EE62E46A7E60221BA
:1045800004F12800FFF76CFB00283FF4AAAE0126D7
:10459000A7E6022104F12800FFF762FB00283FF4A0
:1045A000B2AE0126AFE6022104F12800FFF758FB66
:1045B0000546C7E60126354600E02E46236813F47B
:1045C000802F24D0D4F88430B3F5001F14D0B3F575
:1045D000401F07D0B3F5801F15D11E4AD36A43F49C
:1045E0000033D36295B91B4A536D23F44013D4F8BA
:1045F00084100B4353650AE0012104F12800FFF702
:104600002FFB0546EEE70126354600E02E462368DF
:1046100013F4803F06D0236D03B3B3F5803F2BD056
:1046200001263546236813F0005F2ED1236813F46A
:10463000003F44D0E36FB3F5807F32D02ED9B3F57D
:10464000007F33D0B3F5407F30D0012637E000BF84
:104650000048025800440258CFFFFF005F4AD36A67
:1046600043F40033D36275B95C4AD36C23F48033CE
:10467000216D0B43D364D5E7022104F10800FFF755
:104680006BFA0546EFE72E46CCE7022104F128003D
:10469000FFF7E6FA0028C9D00126C7E733B10126A3
:1046A0000DE04E4AD36A43F40033D362002D5CD14F
:1046B0004A4A536D23F44073E16F0B4353652368FB
:1046C00013F4801F06D0454A136D23F00043216F79
:1046D0000B431365236813F4001F06D03F4A136D84
:1046E00023F08073A16E0B431365236813F0804F92
:1046F00009D03A4B1A6922F400421A611A69D4F8B7
:10470000B4100A431A612368002B06DA334AD36CCB
:1047100023F04053616D0B43D364236813F4000FFF
:1047200007D02E4A536D23F44003D4F888100B436E
:104730005365636813F0010F19D1636813F0020F1A
:104740001ED1636813F0040F23D1636813F0080FC0
:1047500028D1636813F0100F2DD1636813F0200F78
:1047600032D106B101263046F8BD2E46A7E700211A
:1047700004F10800FFF7F0F90028DED00646DCE778
:10478000012104F10800FFF7E7F90028D9D0064617
:10479000D7E7022104F10800FFF7DEF90028D4D0A2
:1047A0000646D2E7002104F12800FFF759FA002855
:1047B000CFD00646CDE7012104F12800FFF750FADB
:1047C0000028CAD00646C8E7022104F12800FFF7F6
:1047D00047FA0028C5D00126C5E700BF00440258AB
:1047E00008B5FFF71BF9054B1B6AC3F30213044A14
:1047F000D35C03F01F03D84008BD00BF004402583B
:10480000E019010800B5794B9A6AD3F828C0CCF3B7
:10481000053ED96AC1F30011DB6BC3F3CC0301FB86
:1048200003F31CF47C3F00F0DB8002F0030207EE90
:10483000903AF8EE677A012A4BD0022A00F096806F
:10484000002A40F0B080694B1B6813F0200F23D082
:1048500066490A68C2F3C102654BD34007EE103ABD
:10486000F8EE476A07EE10EAB8EE476A86EE867AF7
:104870008B6BC3F3080306EE903AF8EE666A9FED81
:104880005D6A67EE867A76EEA77AF7EE006A77EED3
:10489000A67A27EE277A38E007EE10EAF8EE476AA4
:1048A0009FED556A86EE267A504B9B6BC3F3080347
:1048B00006EE903AF8EE666A9FED4E6A67EE867AEB
:1048C00076EEA77AF7EE006A77EEA67A27EE277AD9
:1048D0001BE007EE10EAF8EE476A9FED486A86EEA5
:1048E000267A424B9B6BC3F3080306EE903AF8EE30
:1048F000666A9FED406A67EE867A76EEA77AF7EEF3
:10490000006A77EEA67A27EE277A384A936BC3F3CC
:10491000462307EE903AF8EE677AF7EE006A77EEF4
:10492000A67A87EE276ABCEEC66A80ED006A936BB2
:10493000C3F3064307EE903AF8EE677A77EEA67A6D
:1049400087EE276ABCEEC66A80ED016A936BC3F3FB
:10495000066307EE903AF8EE677A77EEA67AC7EE2E
:10496000276AFCEEE66AC0ED026A00BD07EE10EAB7
:10497000F8EE476A9FED226A86EE267A1B4B9B6B08
:10498000C3F3080306EE903AF8EE666A9FED196AE3
:1049900067EE867A76EEA77AF7EE006A77EEA67A69
:1049A00027EE277AB1E707EE10EAF8EE476A9FEDA7
:1049B000136A86EE267A0D4B9B6BC3F3080306EE53
:1049C000903AF8EE666A9FED0B6A67EE867A76EEAD
:1049D000A77AF7EE006A77EEA67A27EE277A94E7B1
:1049E0000023036043608360BFE700BF00440258B8
:1049F0000090D003000000390024744C0024744A55
:104A0000001BB74B00B5794B9A6AD3F828C0CCF39A
:104A1000055ED96AC1F300215B6CC3F3CC0301FBD3
:104A200003F31CF07C7F00F0DB8002F0030207EE52
:104A3000903AF8EE677A012A4BD0022A00F096806D
:104A4000002A40F0B080694B1B6813F0200F23D080
:104A500066490A68C2F3C102654BD34007EE103ABB
:104A6000F8EE476A07EE10EAB8EE476A86EE867AF5
:104A70000B6CC3F3080306EE903AF8EE666A9FEDFE
:104A80005D6A67EE867A76EEA77AF7EE006A77EED1
:104A9000A67A27EE277A38E007EE10EAF8EE476AA2
:104AA0009FED556A86EE267A504B1B6CC3F30803C4
:104AB00006EE903AF8EE666A9FED4E6A67EE867AE9
:104AC00076EEA77AF7EE006A77EEA67A27EE277AD7
:104AD0001BE007EE10EAF8EE476A9FED486A86EEA3
:104AE000267A424B1B6CC3F3080306EE903AF8EEAD
:104AF000666A9FED406A67EE867A76EEA77AF7EEF1
:104B0000006A77EEA67A27EE277A384A136CC3F349
:104B1000462307EE903AF8EE677AF7EE006A77EEF2
:104B2000A67A87EE276ABCEEC66A80ED006A136C2F
:104B3000C3F3064307EE903AF8EE677A77EEA67A6B
:104B400087EE276ABCEEC66A80ED016A136CC3F378
:104B5000066307EE903AF8EE677A77EEA67AC7EE2C
:104B6000276AFCEEE66AC0ED026A00BD07EE10EAB5
:104B7000F8EE476A9FED226A86EE267A1B4B1B6C85
:104B8000C3F3080306EE903AF8EE666A9FED196AE1
:104B900067EE867A76EEA77AF7EE006A77EEA67A67
:104BA00027EE277AB1E707EE10EAF8EE476A9FEDA5
:104BB000136A86EE267A0D4B1B6CC3F3080306EED0
:104BC000903AF8EE666A9FED0B6A67EE867A76EEAB
:104BD000A77AF7EE006A77EEA67A27EE277A94E7AF
:104BE0000023036043608360BFE700BF00440258B6
:104BF0000090D003000000390024744C0024744A53
:104C0000001BB74B70B582B0864600236CE0DEF81F
:104C100008405D000320A84024EA0004C868A840BA
:104C20002043CEF80800DEF8044024EA0C0448686B
:104C3000C0F3001098402043CEF8040066E0DC0882
:104C400008345EF8240003F00705AD004FF00F0CA8
:104C50000CFA05FC20EA0C0C0869A84040EA0C009C
:104C60004EF8240068E0092000E0002000FA0CF073
:104C700028430234644D45F824004FF0B0400468E6
:104C8000D04324EA02054E6816F4801F01D042EAA0
:104C900004054FF0B0442560646800EA04054E68DE
:104CA00016F4001F01D042EA04054FF0B0446560DD
:104CB000D4F8844000EA04054E6816F4003F01D0A1
:104CC00042EA04054FF0B044C4F88450D4F8804060
:104CD00020404D6815F4803F01D042EA04004FF0B7
:104CE000B042C2F8800001330A6832FA03F000F0E3
:104CF00088804FF0010C0CFA03FC1CEA0202F2D08F
:104D0000486800F003000138012880D9486800F0A5
:104D1000030003280BD0DEF80C405D000320A84000
:104D200024EA00048868A8402043CEF80C004868B4
:104D300000F00300022882D0DEF800005C004FF093
:104D4000030C0CFA04FC20EA0C0C486800F0030089
:104D5000A04040EA0C00CEF80000486810F4403F44
:104D6000C1D02A48D0F8F44044F00204C0F8F4401E
:104D7000D0F8F40000F00200019001989C08A51CF6
:104D8000214850F8255003F0030C4FEA8C0C0F20FB
:104D900000FA0CF025EA00051D4886453FF465AF92
:104DA00000F5806086451ED000F5806086451CD0E9
:104DB00000F5806086451AD000F58060864518D0E1
:104DC00000F58060864516D000F58060864514D0D9
:104DD00000F58060864512D000F5006086453FF4FE
:104DE00042AF0A2042E7012040E702203EE70320CD
:104DF0003CE704203AE7052038E7062036E707209D
:104E000034E702B070BD00BF0004005800440258EF
:104E1000000002580AB1816170470904816170473E
:104E200030B58C4615461A46846D0368DFF8D0E12C
:104E300071498B4218BF734542D018318B423FD025
:104E400018318B423CD018318B4239D018318B420B
:104E500036D018318B4233D018318B4230D001F527
:104E600056718B422CD018318B4229D018318B428D
:104E700026D018318B4223D018318B4220D01831E4
:104E80008B421DD018318B421AD018318B4217D06B
:104E90005A498B4214D014318B4211D014318B42B9
:104EA0000ED014318B420BD014318B4208D0143108
:104EB0008B4205D014318B4202D014318B4207D182
:104EC000436E816E5960C36E13B1036F416F5960B9
:104ED00003684B49DFF820E1734518BF8B4268D067
:104EE0000EF1180E734564D00EF1180E734560D0A4
:104EF0000EF1180E73455CD00EF1180E734558D0A4
:104F00000EF1180E734554D00EF1180E734550D0A3
:104F10000EF5567E73454CD00EF1180E734548D0F1
:104F20000EF1180E734544D00EF1180E734540D0A3
:104F30000EF1180E73453CD00EF1180E734538D0A3
:104F40000EF1180E734534D00EF1180E734530D0A3
:104F5000DFF8B0E02949734518BF8B4217D0DFF85E
:104F6000A8E0734513D00EF1140E73450FD00EF167
:104F7000140E73450BD00EF1140E734507D00EF1CD
:104F8000140E734503D00EF1140E734527D1C36D73
:104F900003F01F0E012303FA0EF3636003685A60E7
:104FA0008368402B22D00368C3F808C00368DD6023
:104FB00015E0C36D03F01F0E3F2303FA0EF3A36049
:104FC0000468236823F48023236003685A6083689D
:104FD000402B05D00368C3F808C00368DD6030BD0E
:104FE00003689D600368C3F80CC0F8E703689D6020
:104FF0000368C3F80CC0F2E72800024008540258C6
:10500000100002401C5402583054025803682649CC
:10501000264A934218BF8B422ED0183293422BD08F
:105020001832934228D01832934225D01832934236
:1050300022D0183293421FD0183293421CD002F56E
:105040005672934218D01832934215D018329342B8
:1050500012D0183293420FD0183293420CD018322B
:10506000934209D01832934206D01832934203D0AB
:1050700023F0FF03836511E0D9B210390C4AA2FB7B
:1050800001C2C2F30212DFF82CC01CF80220C26574
:105090005F2905D96FF3090304338365806D704779
:1050A0006FF309038365F9E710000240280002400E
:1050B000ABAAAAAAF019010883699BB9836A012BDC
:1050C0000AD0022B02D00BB100207047C36A13F044
:1050D000807F2ED100207047C36AB3F1C07F2AD0F1
:1050E00000207047B3F5005F0AD0836A022B2CD9E9
:1050F000032B2CD1C36A13F0807F2AD10020704784
:10510000836A022B19D00AD8CBB1012B05D1C36A0F
:1051100013F0807F15D10020704700207047032BCB
:1051200005D1C36AB3F1C07F0DD0002070470020C5
:10513000704701207047012070470120704701200F
:105140007047012070470120704701207047002000
:10515000704701207047000003682149214A9342AB
:1051600018BF8B4227D01432934224D0143293427A
:1051700021D0143293421ED0143293421BD01432E9
:10518000934218D01432934215D0DAB2103A16492D
:10519000A1FB0212120915491944A8291ED9144B62
:1051A00013449B000366134B436602F01F02012366
:1051B000934083667047DBB2083B0F4AA2FB032390
:1051C0000E4A02EB1312920002660D4A4266C3F3C6
:1051D0000413012202FA03F3836670470832DEE704
:1051E000085402581C540258ABAAAAAAF0FBFDBFEF
:1051F0000082001080080240CDCCCCCC0096001676
:105200008058025801794A1E072A32D800B503682F
:10521000DFF870E0DFF870C0634518BF73451ED03B
:105220000CF1140C63451AD00CF1140C634516D024
:105230000CF1140C634512D00CF1140C63450ED024
:105240000CF1140C63450AD00CF1140C634506D024
:10525000084B0B449B00C366074B036705E0074BF5
:105260000B449B00C366064B0367012393404367CF
:1052700000BD70473F820010400902403F96001673
:1052800040590258085402581C54025870B504463C
:1052900001F0F8F9002C00F0B48105462368534969
:1052A000534A934218BF8B420CBF0121002150D0BA
:1052B000183293424DD0183293424AD0183293425A
:1052C00047D01832934244D01832934241D018321A
:1052D00093423ED002F5567293423AD0183293422E
:1052E00037D01832934234D01832934231D018322A
:1052F00093422ED0183293422BD01832934228D0AA
:105300001832934225D03B493B4A934218BF8B4207
:1053100000F02F81394A934200F02B8114329342DE
:1053200000F027811432934200F02381143293421B
:1053300000F01F811432934200F01B81143293421B
:1053400000F0178140236365032384F83530012082
:105350004AE0022284F83520002284F8342079BB08
:10536000274A93422CD01832934229D018329342C4
:1053700026D01832934223D01832934220D01832CC
:1053800093421DD002F55672934219D018329342BF
:1053900016D01832934213D01832934210D01832DC
:1053A00093420DD0183293420AD01832934207D05C
:1053B0001832934204D01A6822F001021A6003E006
:1053C0001A6822F001021A6023681A6812F0010FAD
:1053D00018D001F057F9431B052BF5D9202363653D
:1053E000032384F83530012070BD00BF1000024057
:1053F00028000240085402581C54025830540258E5
:10540000400002401A6880491140A268E0680243E7
:105410002069024360690243A0690243E0690243D4
:10542000206A02430A43616A042900F09780616898
:10543000A1F12905A1F13F00032888BF052D0AD954
:10544000A1F14700012806D9A1F14F00032802D994
:105450007439032901D842F480121A6023681E4669
:105460005D6925F00705636A1D43042B08D1A36A13
:105470001D43E36A23B12046FFF71EFE002872D1C8
:1054800075612046FFF7C2FDE36D03F01F023F2365
:105490009340836023685D495D4A934218BF8B4205
:1054A00042D0183293423FD0183293423CD0183247
:1054B000934239D01832934236D01832934233D0C7
:1054C0001832934230D002F5567293422CD01832E3
:1054D000934229D01832934226D01832934223D0D7
:1054E0001832934220D0183293421DD01832934282
:1054F0001AD01832934217D0464A934214D014322D
:10550000934211D0143293420ED0143293420BD0F6
:105510001432934208D01432934205D0143293428D
:1055200002D01432934213D12046FFF715FEA36830
:10553000802B59D0236E22791A60636EA26E5A6056
:105540006368013B072B52D90023E3662367636737
:1055500000206065012384F8353045E7E16A206B5F
:1055600001430A4363E740236365012084F8350063
:105570003AE7022284F83520002284F834201968A2
:105580006FF31011A268402A2CD0802A27D0002265
:10559000E06842EAD002206942EAD002606942EA49
:1055A000D002A06942EAD002E06942EAD002206A51
:1055B00042EA10120A431A602268174B1344174A32
:1055C000A2FB03231B099B00E3652046FFF71EFD9A
:1055D000E26D02F01F0101228A4042605AE74FF457
:1055E0008042D5E71022D3E700236360A2E720467C
:1055F000FFF708FEE36E00221A60236F626F5A60A5
:10560000A6E70120F0E600BF3F8010FE1000024038
:105610002800024008540258F8ABFDA7CDCCCCCCF2
:10562000002800F0508110B5044690F8340001289D
:1056300000F04B81012084F8340094F835000128F3
:1056400007D04FF400636365002384F834300120F1
:1056500010BD022084F83500002060652068DFF866
:1056600070E2DFF870C2604518BF70453ED00CF1A3
:10567000180C60453AD00CF1180C604536D00CF18E
:10568000180C604532D00CF1180C60452ED00CF18E
:10569000180C60452AD00CF1180C604526D00CF58A
:1056A000567C604522D00CF1180C60451ED00CF1E0
:1056B000180C60451AD00CF1180C604516D00CF18E
:1056C000180C604512D00CF1180C60450ED00CF18E
:1056D000180C60450AD00CF1180C604506D0D0F8C3
:1056E00000C02CF0010CC0F800C005E0D0F800C0EC
:1056F0002CF0010CC0F800C02046FFF791FB236896
:105700007349744A934218BF8B4238D0183293427F
:1057100035D01832934232D0183293422FD01832FB
:1057200093422CD01832934229D01832934226D07B
:1057300002F55672934222D0183293421FD018328B
:1057400093421CD01832934219D01832934216D08B
:105750001832934213D01832934210D01832934229
:105760000DD01A6822F00E0242F00A021A60236C71
:1057700093B12268136843F0040313600CE01A68C5
:1057800022F01E0242F016021A60236C23B1226836
:10579000136843F00803136023684D494D4A934250
:1057A00018BF8B4242D0183293423FD018329342F6
:1057B0003CD01832934239D01832934236D0183246
:1057C000934233D01832934230D002F5567293424E
:1057D0002CD01832934229D01832934226D0183256
:1057E000934223D01832934220D0183293421DD0D6
:1057F000183293421AD01832934217D0364A934245
:1058000014D01432934211D0143293420ED0143279
:1058100093420BD01432934208D01432934205D0F5
:105820001432934202D0143293420ED1236E1A687E
:1058300012F4803F03D01A6842F480721A60E36E5B
:105840001BB11A6842F480721A6023682049214A09
:10585000934218BF8B4230D0183293422DD0183269
:1058600093422AD01832934227D01832934224D040
:105870001832934221D0183293421ED002F556724C
:1058800093421AD01832934217D01832934214D050
:105890001832934211D0183293420ED018329342EC
:1058A0000BD01832934208D01832934205D01A68B0
:1058B00042F001021A600020CAE61A6842F00102B2
:1058C0001A600020C4E6012070470220C0E600BF35
:1058D00010000240280002400854025870B50446E7
:1058E00000F0D0FE002C00F08F81054694F8353092
:1058F000022B06D080236365002384F83430012016
:1059000070BD23688B498C4A934218BF8B4230D0BC
:10591000183293422DD0183293422AD01832934233
:1059200027D01832934224D01832934221D0183213
:1059300093421ED002F5567293421AD01832934207
:1059400017D01832934214D01832934211D0183223
:1059500093420ED0183293420BD01832934208D0A3
:105960001832934205D01A6822F00E021A60266897
:1059700009E01A6822F01E021A602268536923F0B7
:1059800080035361266823686A496B4A934218BFB3
:105990008B4242D0183293423FD0183293423CD0CF
:1059A0001832934239D01832934236D0183293428B
:1059B00033D01832934230D002F5567293422CD035
:1059C0001832934229D01832934226D0183293428B
:1059D00023D01832934220D0183293421DD018326F
:1059E00093421AD01832934217D0544A934214D09B
:1059F0001432934211D0143293420ED01432934297
:105A00000BD01432934208D01432934205D0143292
:105A1000934202D01432934204D1226E136823F4CD
:105A20008073136023684349434A934218BF8B42F3
:105A30002FD0183293422CD01832934229D01832EA
:105A4000934226D01832934223D01832934220D06A
:105A5000183293421DD002F55672934219D0183273
:105A6000934216D01832934213D01832934210D07A
:105A7000183293420DD0183293420AD01832934212
:105A800007D01832934204D01A6822F001021A603B
:105A900003E01A6822F001021A60336813F0010F64
:105AA0000ED000F0EFFD431B052BF6D920236365D4
:105AB000032384F83530002384F8343001201FE7B5
:105AC00023681C491C4A934218BF8B4238D01832B5
:105AD000934235D01832934232D0183293422FD0AD
:105AE000183293422CD01832934229D01832934264
:105AF00026D002F55672934222D0183293421FD01C
:105B0000183293421CD01832934219D01832934263
:105B100016D01832934213D01832934210D0183254
:105B200093420DD0A16DE36D03F01F02012393405A
:105B30004B600CE01000024028000240085402585C
:105B4000A16DE36D03F01F023F2393408B60236838
:105B50002E492F4A934218BF8B4242D018329342AB
:105B60003FD0183293423CD01832934239D0183289
:105B7000934236D01832934233D01832934230D009
:105B800002F5567293422CD01832934229D0183223
:105B9000934226D01832934223D01832934220D019
:105BA000183293421DD0183293421AD018329342C1
:105BB00017D0184A934214D01432934211D01432A1
:105BC00093420ED0143293420BD01432934208D039
:105BD0001432934205D01432934202D014329342CD
:105BE0000BD1636EA26E5A60E36E33B11A6822F471
:105BF00080721A60236F626F5A60012384F8353017
:105C0000002084F834007BE6012079E61000024091
:105C10002800024008540258002800F0278108B5E7
:105C2000024690F83530022B03D0802343650120D3
:105C300008BD03688F4890498B4218BF83420CBF50
:105C40000120002065D018318B4262D018318B4280
:105C50005FD018318B425CD018318B4259D018314B
:105C60008B4256D018318B4253D001F556718B427E
:105C70004FD018318B424CD018318B4249D018315B
:105C80008B4246D018318B4243D018318B4240D0E2
:105C900018318B423DD018318B423AD0196821F02F
:105CA0000E0119601368734873498B4218BF834211
:105CB0006AD072498B4267D018318B4264D0183158
:105CC0008B4261D018318B425ED018318B425BD051
:105CD00018318B4258D001F556718B4254D018318F
:105CE0008B4251D018318B424ED018318B424BD061
:105CF00018318B4248D018318B4245D018318B4235
:105D000042D018318B423FD0196821F0010119604F
:105D10003EE0042182F8351080BB584A93422DD0D2
:105D2000183293422AD01832934227D01832934225
:105D300024D01832934221D0183293421ED002F55B
:105D4000567293421AD01832934217D018329342A7
:105D500014D01832934211D0183293420ED0183218
:105D600093420BD01832934208D01832934205D098
:105D70001A6822F001021A60002059E71A6822F01E
:105D800001021A60002053E7196821F0010119602F
:105D90001368384838498B4218BF834242D01831C3
:105DA0008B423FD018318B423CD018318B4239D0D6
:105DB00018318B4236D018318B4233D018318B4298
:105DC00030D001F556718B422CD018318B4229D03E
:105DD00018318B4226D018318B4223D018318B4298
:105DE00020D018318B421DD018318B421AD0183177
:105DF0008B4217D022498B4214D014318B4211D0E0
:105E000014318B420ED014318B420BD014318B42A3
:105E100008D014318B4205D014318B4202D014319A
:105E20008B4217D1116E0B6823F480730B60906D59
:105E3000D36D03F01F0101238B404360536E916EBD
:105E40005960D36E33B1196821F480711960136FF2
:105E5000516F5960012382F83530002382F83430C5
:105E6000136D2BB1104698470020E1E601207047E2
:105E70001846DDE6100002402800024040000240C3
:105E800008540258F0B583B00446002301937D4BBB
:105E90001D687D4BA3FB0535AD0A876D3E68D7F8BD
:105EA00000C0036879497A48834218BF8B420CBF0F
:105EB0000120002061D0774A93425ED0183293428D
:105EC0005BD01832934258D01832934255D01832D2
:105ED000934252D0183293424FD002F556729342F9
:105EE0004BD01832934248D01832934245D01832E2
:105EF000934242D0183293423FD0183293423CD062
:105F00001832934239D01832934236D06249634AEC
:105F1000934218BF8B4212D0614A93420FD0143281
:105F200093420CD01432934209D01432934206D0DB
:105F30001432934203D01432934240F060821A68C4
:105F4000E16D01F01F010420884010EA0C0F00F001
:105F5000A68212F0040F00F0A282786012F4004FC3
:105F600000F0598212F4803F40F04F82A36C002B66
:105F700000F045822046984741E2E26D02F01F01A1
:105F800008228A40324241D070BB424A93422BD011
:105F90001832934228D01832934225D018329342B7
:105FA00022D0183293421FD0183293421CD002F5EF
:105FB0005672934218D01832934215D01832934239
:105FC00012D0183293420FD0183293420CD01832AC
:105FD000934209D01832934206D01832934203D02C
:105FE0001A68C2F3C00202E01A68C2F380026AB102
:105FF0001A6822F004021A60E36D03F01F020823FE
:106000009340BB60636D43F001036365E26D02F092
:106010001F0226FA02F313F0010F47D023681B4832
:106020001B498B4218BF83423CD018318B4239D078
:1060300018318B4236D018318B4233D018318B4215
:1060400030D018318B422DD018318B422AD001F537
:1060500056718B4226D018318B4223D018318B4297
:1060600020D018318B421DD018318B421AD01831F4
:106070008B4217D018318B4214D018318B4211D07B
:106080001B6813E004000020B5814E1B1000024085
:106090002800024040000240085402581C54025894
:1060A000305402585B6913F0800F3BD1E36D03F06D
:1060B0001F03042202FA03F333423FD022689348BD
:1060C00093498A4218BF824234D018318A4231D073
:1060D00018318A422ED018318A422BD018318A4288
:1060E00028D018318A4225D018318A4222D001F5B1
:1060F00056718A421ED018318A421BD018318A420A
:1061000018D018318A4215D018318A4212D018316D
:106110008A420FD018318A420CD018318A4209D0F5
:1061200013680BE001239340BB60636D43F00203EF
:106130006365BBE7126812F0020F3DD1E36D03F017
:106140001F03102202FA03F333425FD022686F4824
:106150006F498A4218BF824234D018318A4231D006
:1061600018318A422ED018318A422BD018318A42F7
:1061700028D018318A4225D018318A4222D001F520
:1061800056718A421ED018318A421BD018318A4279
:1061900018D018318A4215D018318A4212D01831DD
:1061A0008A420FD018318A420CD018318A4209D065
:1061B0001268C2F3800208E0BB60636D43F0040321
:1061C0006365BBE71268C2F3C002FAB1BB60236823
:1061D0001A6812F4802F0DD01B6813F4002F04D11D
:1061E000236C9BB12046984710E0A36C73B1204606
:1061F00098470BE01A6812F4807F03D11A6822F0E6
:1062000008021A60236C0BB120469847E36D03F037
:106210001F03202202FA03F3334200F09280226827
:106220003A483B498A4218BF82422ED018318A42EE
:106230002BD018318A4228D018318A4225D0183103
:106240008A4222D018318A421FD018318A421CD08B
:1062500001F556718A4218D018318A4215D018318A
:106260008A4212D018318A420FD018318A420CD09B
:1062700018318A4209D018318A4206D018318A4230
:1062800003D01268C2F3400202E01268C2F30012A7
:10629000002A56D0BB6094F83530042B0ED023680A
:1062A0001A6812F4802F3AD01B6813F4002F31D1F2
:1062B000636C002B45D02046984742E02268136863
:1062C00023F0160313602268536923F0800353619F
:1062D000236CBBB12268136823F008031360E36DDD
:1062E00003F01F023F239340BB60012384F8353045
:1062F000002384F83430236D002B00F0808020468A
:1063000098477CE0A36C002BE4D1E8E71000024042
:1063100028000240E36BA3B12046984711E01A68B9
:1063200012F4807F09D11A6822F010021A6001234A
:1063300084F83530002384F83430E36B0BB1204609
:106340009847636D002B5AD0636D13F0010F52D044
:10635000042384F8353023689549964A934218BF40
:106360008B422FD0183293422CD01832934229D02E
:106370001832934226D01832934223D018329342D7
:1063800020D0183293421DD002F55672934219D094
:106390001832934216D01832934213D018329342D7
:1063A00010D0183293420DD0183293420AD01832CE
:1063B000934207D01832934204D01A6822F00102A7
:1063C0001A6003E01A6822F001021A60019B01338F
:1063D0000193AB4204D823681B6813F0010FF5D179
:1063E00023681B6813F0010F0BD0032384F83530AA
:1063F000002384F83430E36C0BB12046984703B097
:10640000F0BD012384F83530F2E7236C002BF6D081
:1064100020469847F3E712F0200F3AD123686449E9
:10642000644A934218BF8B422FD0183293422CD02B
:106430001832934229D01832934226D01832934210
:1064400023D01832934220D0183293421DD002F547
:106450005672934219D01832934216D01832934292
:1064600013D01832934210D0183293420DD0183204
:1064700093420AD01832934207D01832934204D084
:106480001A6822F004021A6003E01A6822F0080277
:106490001A60236C002BB2D020469847AFE7022049
:1064A000884010EA0C0F60D012F0020F5DD07860C7
:1064B00012F4004F0ED012F4803F05D1636C002B14
:1064C0009DD0204698479AE7E36B002B97D0204653
:1064D000984794E712F0200F40D123683449354A99
:1064E000934218BF8B422FD0183293422CD01832CF
:1064F000934229D01832934226D01832934223D0A7
:106500001832934220D0183293421DD002F55672B1
:10651000934219D01832934216D01832934213D0B6
:106520001832934210D0183293420DD01832934251
:106530000AD01832934207D01832934204D01A6816
:1065400022F00A021A6003E01A6822F014021A60AC
:10655000012384F83530002384F83430E36B002BBA
:106560003FF44DAF2046984749E7082000FA01F173
:1065700011EA0C0F3FF443AF12F0080F3FF43FAFA6
:106580001A6822F00E021A60E36D03F01F03012265
:1065900002FA03F37B60626584F83520002384F8F7
:1065A0003430E36C002B3FF42AAF2046984726E7AF
:1065B0001000024028000240134BDB6813F0040F68
:1065C00007D1114BDB6803F0070383421AD0012087
:1065D000704710B50C4AD36823F007030343D36018
:1065E00000F050F80446084B5B6813F4005F07D1D5
:1065F00000F048F8001BB0F57A7FF4D9012000E0E4
:10660000002010BD002070470048025810B503203C
:10661000FCF758FAFDF7B4F810498B69C3F303236C
:106620000F4AD35C03F01F03D8408B6903F00F03BC
:10663000D35C03F01F0320FA03F30A4A13600A4BEA
:1066400018600F20FBF70AFB18B101231C462046F7
:1066500010BD0446FBF7E8FAF9E700BF0044025812
:10666000E01901080000002004000020034B1B7803
:10667000034A11680B441360704700BF08000020F4
:10668000140A0020014B1868704700BF140A00204C
:10669000034A536823EA00030B435360704700BF6B
:1066A0000004005882B0094BD3F8F42042F00202F3
:1066B000C3F8F420D3F8F43003F002030193019BF4
:1066C000034A53680343536002B0704700440258C2
:1066D0000004005810B4416BD0F800C0DCF88430DE
:1066E000744A134043EA8103CCF88430D0F800C0E8
:1066F000DCF8843023F47F03846B43EA0443CCF852
:106700008430836B0B44D0F800C0DCF88810114053
:1067100041EA8301CCF88810D0F800C0DCF888107A
:1067200021F4FE01C46B41EA0441CCF88810C16B2E
:1067300003EB4103D0F800C0DCF8A010114041EA9F
:106740008301CCF8A010D0F800C0DCF8A01021F430
:10675000FE01046C41EA0441CCF8A010016C446CC9
:1067600004FB0133D0F800C0DCF8B010114041EA5E
:106770008301CCF8B010D0F800C0DCF8B01021F4E0
:10678000FE01846C41EA0441CCF8B010816CC46C09
:1067900004FB0133D0F800C0DCF8AC10114041EA32
:1067A0008301CCF8AC10016D446D04FB0133D0F8CB
:1067B00000C0DCF8F010114041EA8301CCF8F01081
:1067C000D0F800C0DCF8F01021F47C11846D41EAAF
:1067D0000441CCF8F010816D03EB4103D0F800C008
:1067E000DCF8C0100A4042EA8303CCF8C0300268EB
:1067F000D2F8C03023F47C13C16D43EA0143C2F8E0
:10680000C0300268D2F8C03023F07C53016E43EAF6
:106810000163C2F8C030436B274A1A449200C26633
:10682000836B02EB83030367C16B03EBC103436715
:10683000016C446C04FB01F103EB81038367816C01
:10684000C46C04FB01F103EB8103C367016D446D6C
:1068500004FB01F103EB8103C0F88030816D03EB91
:10686000C103C0F88430816EC46D01FB04FC03EBEE
:106870008C03C0F88830046E04FB01F103EB810344
:10688000C0F890300D498B420DD9D0F89C3043F0C0
:106890002003C0F89C30032380F89830012007E0E3
:1068A000002342F8043BD0F890309342F8D80020FF
:1068B00010BC70470300FFFF002B0010FCD300400A
:1068C00030B586461D464B6813BB08698B68184374
:1068D0000B6840EA83400B6ACC6944EA036C8B691D
:1068E0004CEA030C4B694CEA030CCB684CEA0343BB
:1068F000DEF88440DEF868E005FB0EFE04EB8E0C4B
:1069000044F82E00CCF804300CF1080C00201DE0F7
:106910000C698B6844EA03000B68184340F0804020
:10692000D9E7C31C12F803E0831CD35C1B0443EAC1
:106930000E6300F1010E12F80EE043EA0E2312F886
:1069400000E043EA0E034CF8043B0430CC68024BF1
:106950001B5D8342E5D830BDF819010830B595B00C
:1069600004464C22A04901A80AF08CFF002C00F03C
:10697000388123689D4A934220D094F898300BB315
:106980002268936923F010039361FFF77BFE0546AD
:1069900023689A6912F0080F1AD0FFF773FE431BA1
:1069A0000A2BF5D9D4F89C3043F00103C4F89C308D
:1069B000032384F89830012015B030BD03F58073AF
:1069C0006360DAE784F899302046FAF727F8D7E7CA
:1069D0009A6942F001029A61FFF754FE0546236866
:1069E0009A6912F0010F0FD1FFF74CFE401B0A28E5
:1069F000F5D9D4F89C3043F00103C4F89C3003234C
:106A000084F898300120D7E79A6942F002029A612F
:106A1000237C012B40D02268936943F040039361AB
:106A2000637C012B3ED02268936923F480439361F9
:106A3000A37C012B3CD02268936943F4805393617B
:106A40002268936923F44073A1680B439361226821
:106A5000936923F0A40393612268136923F0100360
:106A60001361E368012B29D0002B2CD0022B00F0FE
:106A70009B802268936943F08003936122681369C5
:106A800043F010031361E368032B1CD12268936960
:106A900043F02003936116E02268936923F04003DA
:106AA0009361BDE72268936943F480439361BFE734
:106AB0002268936923F480539361C1E72268936944
:106AC00043F004039361A3695A1EE369013B1B026F
:106AD00043EA4263226A013A13436269013A216838
:106AE00043EA0243CB61A368B3F5407F62D0236ED3
:106AF00033B12268D2F8C030616E0B43C2F8C030A7
:106B0000E36D226ED3420DD02168D1F8C83023F056
:106B10000703A26E14A800EB820252F84C2C134318
:106B2000C1F8C830236C6BB12168D1F8BC3023F0B8
:106B30000703626C14A800EB820252F84C2C13433A
:106B4000C1F8BC30A36C73B12168D1F8BC3023F01C
:106B50007003E26C14A800EB820252F84C2C43EA5A
:106B60000213C1F8BC30236D73B12168D1F8BC3079
:106B700023F4E063626D14A800EB820252F84C2CFF
:106B800043EA0223C1F8BC302268184B9A4222D053
:106B90000023C4F89430C4F89C30012384F8983062
:106BA0002046FFF797FD07E72268936943F020032B
:106BB000936188E7A36A013BE26A013A43EA022350
:106BC000226B013A43EA0213626A013A216843EAFE
:106BD0000243CB608BE76268936823F00303936002
:106BE000D6E70120E8E600BF081A010800A000402F
:106BF00090F89830013BDBB2012B07D9D0F89C30DC
:106C000043F00203C0F89C30012070470B68DBB9E9
:106C1000CB68072B0ED08A68DB0643EA82730A69C9
:106C200043EA02434A691343C26E496842F821307D
:106C3000002070470A69CB691B0243EA02438A6954
:106C4000134343F06053EFE710B4CA680B6943EA9B
:106C50004273072A0ED04A698C6842EA8472006F38
:106C6000496800EBC10C40F83130CCF8042000201A
:106C700010BC70478A69F2E790F898C0BCF1010F28
:106C800007D0D0F89C3043F00403C0F89C300120BA
:106C90007047920042EA011242EA43030168009AF7
:106CA0001A43C1F880200020704790F89830012BDB
:106CB00007D0D0F89C3043F00403C0F89C3001208A
:106CC0007047022380F898300268936923F001032B
:106CD00093610023C0F89C301846704738B50446CD
:106CE00090F89830022B2BD10368D3F8C00010F035
:106CF0007C5F0CD0D3F8C40010F4001F0FD0D4F880
:106D00009C3043F40073C4F89C3001201FE0D4F899
:106D10009C3043F02003C4F89C30012017E0D3F8E6
:106D2000C430C3F304431D462046FFF7C9FD226863
:106D30000123AB40C2F8D030C4F89430002006E004
:106D4000D0F89C3043F00803C0F89C30012038BDD7
:106D500070B590F89840022C40F0E98040290CD0A2
:106D6000412942D0046D8C4277D8D0F89C3043F052
:106D70002003C0F89C300120E0E00468D4F8A0C0F3
:106D80001CF4FE0F0CD0D4F8A4C01CF07F0F0FD160
:106D9000D0F89C3043F48073C0F89C300120CDE0E3
:106DA000D0F89C3043F02003C0F89C300120C5E0AF
:106DB000D4F8A4C01CF0807C06D0D4F8A0C0BCF1EC
:106DC000000F0FDB4FF0000CD4F8A440C4F30524EF
:106DD000644425462646446C05FB04F4456F05EBE8
:106DE000840E42E04FF0010CEEE70468D4F8B0C026
:106DF0001CF4FE0F0CD0D4F8B4C01CF07F0F0FD1E0
:106E0000D0F89C3043F48073C0F89C30012095E0AA
:106E1000D0F89C3043F02003C0F89C3001208DE076
:106E2000D4F8B4C01CF0807C06D0D4F8B0C0BCF15B
:106E3000000F0FDB4FF0000CD4F8B440C4F305246E
:106E4000644425462646C46C05FB04F4856F05EBB7
:106E5000840E0AE04FF0010CEEE7446D01FB04F4F0
:106E6000C56F05EB840E00242646DEF8004004F0D2
:106E70008044546064BBDEF80040C4F38A4414606C
:106E8000DEF8004004F000549460DEF8004004F0A6
:106E900000441461BEF80440D461BEF8064004F01A
:106EA0000F04D460DEF8044004F480145461DEF86A
:106EB000044004F4001494619EF8074004F07F0439
:106EC0001462DEF80440E40F54624FF0000C0CE052
:106ED000DEF8004024F060441460D1E70EEB0C04AF
:106EE000247A03F80C400CF1010C154CD568645D54
:106EF0006445F3D8402909D041290CD01F290ED868
:106F0000026801238B40C2F8983002E00368C3F89E
:106F1000A860002012E00368C3F8B860F9E701F048
:106F20001F01026801238B40C2F89C30F1E7D0F8C2
:106F30009C3043F00803C0F89C30012070BD00BFB6
:106F4000F819010890F89830013BDBB2012B07D902
:106F5000D0F89C3043F00203C0F89C300120704709
:106F60000368D3F858C01CEA010F26D1D3F85CC0DF
:106F70004CF0010CC3F85CC011F4007F06D0D0F8CF
:106F800000C0DCF8E0301343CCF8E03011F4806F3F
:106F900006D0D0F800C0DCF8E4301343CCF8E4307D
:106FA0000068436D0D4A0A40134343650C4A536918
:106FB00043EA9173536100207047D3F858C031EA17
:106FC0000C0C04D04FF0030CC3F85CC0D4E7D3F82A
:106FD0005CC04CF0020CC3F85CC0CDE7FFFFCF3FB4
:106FE00000A800407047704770477047704770476F
:106FF00070477047704770477047704770477047D9
:10700000704770472DE9F04F83B00446904B1A69E2
:107010005B69134001939B07009303681A6D02F4A8
:10702000704A5A6D0AEA020A1A6D02F00F095A6D87
:1070300009EA02091A6D02F0F0085A6D08EA02081E
:107040001E6D06F071565A6D16401F6D07F0607781
:107050005A6D17405D6DD3F850B015F4807F02D0A3
:107060001BF4807F64D115F4806F02D01BF4806F15
:1070700067D1009B002B74D1BAF1000F7ED1B9F11A
:10708000000F40F08780B8F1000F40F08F8015F4BA
:10709000006F03D01BF4006F40F0948015F4007F64
:1070A00003D01BF4007F40F0988015F4002F03D02C
:1070B0001BF4002F40F0A18015F4803F03D01BF497
:1070C000803F40F0A58015F4802F03D01BF4802F63
:1070D00040F0A98015F4003F0FD01BF4003F0CD006
:1070E00023684FF400321A65594B00221A61D4F814
:1070F0009C3043F08003C4F89C30002F40F09E8009
:107100004EB123681E65B20F514B1A61D4F89C3002
:107110003343C4F89C3022684E4B9A4200F09C8066
:10712000D4F89C30002B40F0F98003B0BDE8F08F1C
:107130004FF480721A65464B00221A61FFF75BFF1D
:1071400091E72368D3F8DC10D3F8E4204FF4806093
:1071500018653F4B0020186111402046FFF747FF9C
:1071600087E7236800221A65019B03F00303384A6E
:10717000136100992046FFF735FF7DE72368C3F8C8
:1071800050A04FEA9A72324B1A6151462046FFF7DF
:107190002AFF74E72368C3F850904FEA99722C4B8A
:1071A0001A614946204609F079FA6CE72368C3F86A
:1071B00050804FEA9872264B1A6141462046FFF7ED
:1071C00013FF64E723684FF400621A65204B002226
:1071D0001A612046FFF709FF60E72368D3F8D8104B
:1071E000D3F8E0204FF400701865194B00201861A7
:1071F00011402046FFF7FAFE57E723684FF40022BC
:107200001A65134B00221A612046FFF7F1FE53E77F
:1072100023684FF480321A650D4B00221A61204614
:10722000FFF7E7FE4FE723684FF480221A65084B0B
:1072300000221A612046FFF7DDFE4BE723681F6539
:10724000BA0F034B1A6139462046FFF7D6FE57E7BF
:1072500000A8004000A0004063689A6812F0030F85
:107260003FF45EAF196A01F00F015A6A186A00F024
:107270003008586A08EA00081F6A07F4C077586A9D
:1072800007401E6A06F4FC46586A06401D6A05F46B
:10729000F025586A0540D3F82490D3F820A0114077
:1072A0001CD1B8F1000F1ED119F0400F02D01AF016
:1072B000400F20D15FBB36B163681E62D4F89C30AA
:1072C0003343C4F89C30002D3FF42AAF63681D623D
:1072D000D4F89C302B43C4F89C3021E71962204637
:1072E000FFF78CFEDDE76368C3F820804146204647
:1072F000FFF785FED8E76368D96BDA6B4020186228
:1073000002F03F02090C2046FFF77AFED2E76368DD
:107310001F6239462046FFF774FECCE72046FFF790
:107320006BFE02E702685369916941F008019161BF
:1073300001688A6942F010028A6101680A6822F0D5
:1073400001020A600168D1F810C0274A0CEA020263
:107350000A6101688A6822F440428A6090F88120BC
:10736000042A0DD013F0200F0AD0D0F8842042F068
:107370008002C0F8842001688A6942F020028A6194
:1073800090F88120032A0DD013F0400F0AD0D0F8D6
:10739000842042F00402C0F8842001688A6942F027
:1073A00040028A6113F4007F0AD0D0F8842042F0B2
:1073B0000102C0F8842001688A6942F400728A617F
:1073C00013F4807F0AD0D0F8843043F00803C0F86B
:1073D00084300268936943F4807393610023A0F8BA
:1073E0006230A0F86A30704790FCFFFFC36B5B0906
:1073F000C0680830C00803FB000070472DE9F04169
:1074000007460E4615461C46DDF8188000E0B4B16C
:107410003B685B6936EA03030CBF01230023AB42E0
:107420000AD1FFF72FF9A0EB0800A042EFD3B4F187
:10743000FF3FECD0032000E00020BDE8F0810320F6
:10744000FBE70000002800F0B78070B50446002379
:10745000836205685C4B5D4A9D4218BF954214BF2C
:10746000012300231E4606D0594B9D4203D0C3681A
:107470000F2B00F2A3802046FFF7B8FF2EB1544B2C
:107480009D4202D0082800F29B804F4A4F4B9D42FC
:1074900018BF954203D003F580639D4202D11028A6
:1074A00000F2908094F88130F3B1022384F88130A7
:1074B0002268136823F00103136023689A6802F4BA
:1074C000F812A169B1F1806F14D0636813F4800FD2
:1074D00023D0E368062B20D921680B6823F480733E
:1074E000206D03430B601DE084F880302046F9F7DF
:1074F0002DFCDAE76168B1F5800F06D00029E4D1F0
:10750000A16BB1F1805FE0D102E0A06B0028F5D162
:10751000196841F480511960D7E721680B6823F49A
:1075200080730B60E369A16A0B431343E26B13435F
:10753000E16822680B439360636B626A1343A26B3A
:107540001343A26913432269134362691343226AF6
:10755000134362681343E26C1343A2681343A26CA3
:107560001343A16D22680B43D36063686BB9226833
:10757000936823F4C05343F40063936022689368D4
:1075800023F4C06343F4806393602268136D23F097
:1075900001031365636813F4800F06D02268D36873
:1075A00023F00043616D0B43D3600020C4F88400D6
:1075B000012384F8813070BD012070470120FAE773
:1075C0000120F8E70120F6E70030014000380040D4
:1075D000003C00402DE9F04782B0044689469046C1
:1075E0001D4603689A46FFF74DF894F88130012B49
:1075F00040F049810646DFB249464246002A18BF9C
:10760000002900F0418194F88030012B00F0408186
:10761000012384F88030032384F881300023C4F8E8
:107620008430C4F85C90A4F86080A4F8628063663B
:10763000A4F86830A4F86A3063672367A368B3F5D9
:10764000C02F1CD02268D36823F4C02343F4003336
:10765000D360226853686FF30F03414619435160AA
:107660002268136843F0010313606368B3F5800F69
:107670000BD0E3680F2B1BD8072B4DD8ACE022684A
:10768000136843F400631360E3E72268136843F46C
:1076900000731360EDE7E26D12681A62E36D043364
:1076A000E365B4F8622092B2013A92B2A4F8622083
:1076B000B4F862309BB2002B00F0C98023685A698D
:1076C00012F0020FE7D1FEF7DDFF801BA84202D3C4
:1076D000B5F1FF3F01D1002DEAD12046FFF722FE90
:1076E000D4F8843043F48073C4F88430012384F8E0
:1076F0008130002384F880300327C5E0E36D1B88C8
:10770000AAF82030E36D0233E365B4F862309BB22F
:10771000013B9BB2A4F86230B4F862309BB2002BFC
:1077200000F095802268536913F0020F15D0B4F869
:1077300062309BB2012BE1D9E36B002BDED0E36D0D
:107740001B681362E36D0433E365B4F862309BB2E7
:10775000023B9BB2A4F86230DEE7FEF793FF801B8A
:10776000A84202D3B5F1FF3F01D1002DD4D120466C
:10777000FFF7D8FDD4F8843043F48073C4F8843024
:10778000012384F88130002384F8803003277BE0D4
:10779000B4F862309BB2012B10D9E36B73B1E36D87
:1077A0001B88AAF82030E36D0233E365B4F8623039
:1077B0009BB2023B9BB2A4F862300DE0E36D1B78F4
:1077C00082F82030E36D0133E365B4F862309BB298
:1077D000013B9BB2A4F86230B4F862309BB2002B3C
:1077E00035D02268536913F0020F15D0B4F8623017
:1077F0009BB2032BCCD9E36B402BC9D9E36D1B683B
:107800001362E36D0433E365B4F862309BB2043B6A
:107810009BB2A4F86230DFE7FEF734FF801BA8427A
:1078200002D3B5F1FF3F01D1002DD5D12046FFF79E
:1078300079FDD4F8843043F48073C4F88430012394
:1078400084F88130002384F8803003271CE0009600
:107850002B46002208212046FFF7D0FD28B1D4F89E
:10786000843043F02003C4F884302046FFF75AFDEB
:10787000012384F88130002384F88030D4F88430E8
:1078800013B91F4600E00227384602B0BDE8F08772
:107890000227F9E7026852E8003F23F0C00342E8FC
:1078A00000310029F6D1026802F1080353E8003FD5
:1078B00023F40003083242E800310029F3D12023E9
:1078C000C0F8883070470000026852E8003F23F497
:1078D000907342E800310029F6D1026802F10803F2
:1078E00053E8001F0D4B0B40083242E800310029DD
:1078F000F3D1C36E012B06D02023C0F88C300023B7
:10790000C36643677047026852E8003F23F01003E4
:1079100042E800310029F6D1EEE700BFFEFFFFEF9D
:107920001346D0F88820202A3DD110B50446002BFC
:1079300018BF002939D00165A0F85430A0F856309E
:107940000022C0F890202122C0F88820C26FCAB15E
:107950001749D163C26F17491164C26F1649D164C8
:10796000C26F0021116502682832016DC06FFDF7FA
:1079700057FE38B11023C4F890302023C4F8883063
:1079800001200FE0236840221A62226802F10803F6
:1079900053E8003F43F08003083242E800310029F9
:1079A000F3D1084610BD022070470120FAE700BF5E
:1079B000BF790008297A0008357A0008704708B5B1
:1079C000816BC369B3F5807F18D00023A1F85630CE
:1079D0000A6802F1080353E8003F23F080030832ED
:1079E00042E800300028F3D10A6852E8003F43F033
:1079F000400342E800300028F6D108BD0846FFF7F2
:107A0000DDFFFAE708B5026852E8003F23F04003C3
:107A100042E800310029F6D12023C0F88830816780
:107A2000FFF7CCFF08BD704708B5806BFFF7FBFF81
:107A300008BD704738B5846BD4F88820D4F88C30F2
:107A40001D4623689B6813F0800F01D0212A10D0B7
:107A500023689B6813F0400F01D0222D10D0D4F87A
:107A6000903043F01003C4F89030204608F026FC14
:107A700038BD0023A4F856302046FFF70BFFE7E798
:107A80000023A4F85E302046FFF71EFFE7E708B5A5
:107A9000806B0023A0F85E3008F010FC08BD0000E9
:107AA00038B504460268D3691068916840F60F0C37
:107AB00013EA0C0F0DD113F0200F14D010F0200F8B
:107AC00002D111F0805F0ED0636FC3B32046984798
:107AD00035E0DFF8A8C311EA0C0C31D1DFF8A0E3E0
:107AE00010EA0E0F2CD1D4F86CC0BCF1010F00F0DD
:107AF000C68013F4801F03D011F4800F40F09C81E6
:107B000013F0800F07D010F0800F40F09C8111F42B
:107B1000000F40F0988113F0400F03D010F0400F99
:107B200040F0988113F4000F03D010F0804F40F024
:107B3000958113F0807F02D00028C0F2938138BD78
:107B400013F0010F0CD010F4807F09D04FF0010E1C
:107B5000C2F820E0D4F8902042EA0E02C4F8902047
:107B600013F0020F0BD011F0010F08D0022225688C
:107B70002A62D4F8902042F00402C4F8902013F056
:107B8000040F0BD011F0010F08D0042225682A62DF
:107B9000D4F8902042F00202C4F8902013F0080FAD
:107BA0000ED010F0200F02D1BCF1000F08D0082237
:107BB00025682A62D4F8902042F00802C4F8902088
:107BC00013F4006F0CD010F0806F09D04FF40062F6
:107BD00025682A62D4F8902042F02002C4F8902050
:107BE000D4F89020002AAAD013F0200F09D010F06A
:107BF000200F02D111F0805F03D0636F0BB12046DC
:107C00009847D4F8902023689B6813F0400F02D166
:107C100012F0280F2CD02046FFF756FE23689B68F1
:107C200013F0400F20D0226802F1080353E8003F10
:107C300023F04003083242E800310029F3D1D4F8A0
:107C400080306BB1894A1A65D4F88000FDF7E4FFF3
:107C500000283FF474AFD4F88000036D98476EE7B6
:107C6000204608F02BFB6AE7204608F027FB66E772
:107C7000204608F023FB0023C4F890305FE713F0A0
:107C8000100F3FF436AF10F0100F3FF432AF102357
:107C9000136223689B6813F0400F00F09480D4F8BF
:107CA00080201368724873498B4218BF83422DD0DD
:107CB00018318B422AD018318B4227D018318B4291
:107CC00024D018318B4221D018318B421ED018316C
:107CD0008B421BD001F556718B4217D018318B4265
:107CE00014D018318B4211D018318B420ED018317C
:107CF0008B420BD018318B4208D018318B4205D003
:107D000018318B4202D05B689BB201E05B689BB28A
:107D1000002B48D0B4F85C10994244D9A4F85E30E6
:107D2000D369B3F5807F31D0226852E8003F23F455
:107D3000807342E800310029F6D1226802F108037D
:107D400053E8003F23F00103083242E800310029E4
:107D5000F3D1226802F1080353E8003F23F0400307
:107D6000083242E800310029F3D12023C4F88C30D6
:107D7000E166226852E8003F23F0100342E8003138
:107D80000029F6D1D4F88000FDF7A8FD022323676F
:107D9000B4F85C10B4F85E309BB2C91A89B22046C0
:107DA00008F098F9CBE6B4F85C1099427FF4C7AEBE
:107DB000D369B3F5807F7FF4C2AE022323672046E8
:107DC00008F088F9BBE6B4F85C10B4F85E309BB2FA
:107DD000C91A89B2B4F85E309BB2002B3FF4AFAE43
:107DE00000293FF4ACAE226852E8003F23F49073C0
:107DF00042E800300028F6D1226802F1080353E877
:107E0000000F1D4B0340083242E800300028F3D138
:107E10002023C4F88C30E0666067226852E8003F97
:107E200023F0100342E800300028F6D10223236734
:107E3000204608F04FF982E64FF480131362204683
:107E400000F0F9FD7BE6A36F002B3FF478AE2046EF
:107E5000984774E62046FFF7D5FD70E6204600F00F
:107E6000ECFD6CE6204600F0E7FD68E68F7A00083E
:107E70001000024028000240FEFFFFEF010000104A
:107E80002001000408B5806B01230367C36E012B3A
:107E900002D0FFF7CEFD08BDB0F85C10490808F02D
:107EA00019F9F8E708B50346806BDB69B3F5807F05
:107EB00029D00023A0F85E30026852E8003F23F486
:107EC000807342E800310029F6D1026802F108030C
:107ED00053E8003F23F00103083242E80031002953
:107EE000F3D1026802F1080353E8003F23F0400396
:107EF000083242E800310029F3D12023C0F88C3049
:107F0000C36E012B07D000230367C36E012B0CD077
:107F100008F018F908BD026852E8003F23F010038A
:107F200042E800310029F6D1EDE7B0F85C1008F026
:107F3000D1F8EFE7D0F88820D0F88C0010437047D4
:107F400030B587B00446836802691343426913431E
:107F5000C2691343016808689D4A02401A430A60D7
:107F60002268536823F44053E1680B435360A169CE
:107F70002268984B9A4201D0236A19439068964B25
:107F800003400B4393602268D36A23F00F03616AB6
:107F90000B43D3622368914A934226D0904A93427E
:107FA0003ED0904A934256D08F4A93426ED08F4A29
:107FB000934200F086808E4A934200F09D808D4A65
:107FC000934200F0B4808C4A934200F0CB808B4AFD
:107FD000934200F0E2808A4A934200F015817D4A84
:107FE000934200F02C8180224EE1864A526D02F0CD
:107FF0003802182A00F03F810AD8082A00F03D8193
:10800000102A00F03C81002A40F03B8101223BE134
:10801000202A00F03881282A40F07081402233E184
:10802000784A526D02F00702032A00F069810AD8EB
:10803000012A00F06781022A00F06681002A00F020
:108040002381802220E1042A00F06081052A40F08B
:108050005F81402218E16B4A526D02F00702032A49
:1080600000F058810AD8012A00F05681022A00F057
:108070005581002A00F00881802205E1042A00F0E1
:108080004F81052A40F04E814022FDE05D4A526D4D
:1080900002F00702032A00F047810AD8012A00F003
:1080A0004581022A00F04481002A00F0ED80802200
:1080B000EAE0042A00F03E81052A40F03D8140229A
:1080C000E2E0504A526D02F00702032A00F03681C6
:1080D0000AD8012A00F03481022A00F03381002AF4
:1080E00000F0D2808022CFE0042A00F02D81052A02
:1080F00040F02C814022C7E0424A526D02F0380223
:10810000182A00F025810AD8082A00F02381102AB5
:1081100000F02281002A40F021810122B4E0202ACF
:1081200000F01E81282A40F01D814022ACE0354A33
:10813000526D02F00702032A00F016810AD8012AC4
:1081400000F01481022A00F01381002A00F09C80C4
:10815000802299E0042A00F00D81052A40F00C816C
:10816000402291E0274A526D02F00702032A00F0F4
:1081700005810AD8012A00F00381022A00F0028159
:10818000002A00F0818080227EE0042A00F0FC803A
:10819000052A40F0FB80402276E01A4A526D02F038
:1081A0003802182A00F0F4800AD8082A00F0F28079
:1081B000102A00F0F180002A40F0F080012263E0F4
:1081C000202A00F0ED80282A40F0EC8040225BE07D
:1081D000F369FFCF000C0058FFF4FF1100100140BD
:1081E0000044004000480040004C00400050004067
:1081F0000014014000780040007C0040001801405D
:10820000001C014000440258A24A526D02F038029C
:10821000182A00F0C9800AD8082A00F0C780102A5E
:1082200000F0C680002A40F0C58001222CE0202A00
:1082300000F0C280282A40F0C180402224E002F5EC
:108240000E32926D02F00702032A00F0B9800AD8BC
:10825000012A00F0B780022A00F0B680002A40F020
:10826000B580022210E0042A00F0B280052A40F016
:10827000B180402208E0102206E0042204E0082237
:1082800002E0802200E0202283498B4200F0A4809B
:10829000E069B0F5004F00F00981082A00F0748110
:1082A00000F25681012A00F06781042A00F06781FC
:1082B000002A40F04B81FBF7E1FBA8B1626A774BE3
:1082C00033F81230B0FBF3F0636800EB5300B0FBFF
:1082D000F3F0A0F110024FF6EF739A4200F26881BA
:1082E000236880B2D86000200123A4F86A30A4F883
:1082F000683000236367A36707B030BD8022C3E7FF
:108300001022C1E70422BFE70822BDE72022BBE715
:108310008022B9E71022B7E70422B5E70822B3E7C5
:108320002022B1E78022AFE71022ADE70422ABE7BD
:108330000822A9E72022A7E78022A5E71022A3E7C9
:108340000422A1E708229FE720229DE780229BE7E5
:10835000102299E7042297E7082295E7802293E705
:10836000202291E780228FE710228DE704228BE7FD
:10837000082289E7202287E7802285E7102283E709
:10838000042281E708227FE720227DE780227BE725
:10839000102279E7042277E7082275E7802273E745
:1083A000202271E780226FE710226DE704226BE73D
:1083B000082269E7802267E7202265E7802263E7D9
:1083C000102261E704225FE708225DE780225BE775
:1083D000202259E7802257E7102A4BD037D8042AA9
:1083E0003ED0082A41D0022A2FD1FCF7F9F9002803
:1083F0003FF47AAF626A294B33F81220B0FBF2F3F4
:10840000656805EB4501994200F2CA80B3EB053F70
:1084100000F2C8800023194608F094FF090241EADF
:10842000106100022A466B08C0184FF0000341F1AA
:10843000000108F087FFA0F54072194B9A4200F244
:10844000B3802368D86000204EE701204CE7202A43
:108450001CD0402A02D14FF40040CBE7012043E773
:1084600003A8FCF7CFF90498C1E76846FCF7CAFAFD
:108470000198BCE7074B1B6813F0200F08D0054B91
:108480001B68C3F3C1030748D840B3E70648B1E708
:108490000448AFE700440258000C0058541A010881
:1084A000FFFC0F000090D00300093D00082A44D0D3
:1084B00027D8012A39D0042A3AD002BBFBF7DEFACA
:1084C00000283FF411AF626A3A4B33F81230B0FB28
:1084D000F3F06268530803EB4003B3FBF2F3A3F13C
:1084E00010014FF6EF72914260D89AB222F00F025B
:1084F000C3F3420313432268D3600020F4E6012053
:10850000F2E6202A1ED0402ADDD0102A0BD12A4BB9
:108510001B6813F0200F17D0274B1B68C3F3C10350
:108520002648D840CFE70120DEE6FBF7BDFAC7E7D3
:1085300003A8FCF767F90498C2E76846FCF762FAFB
:108540000198BDE71E48BEE71C48BCE70120CBE60A
:10855000202A1ED0402A1ED0102A0BD1164B1B6891
:1085600013F0200F1AD0144B1B68C3F3C103134838
:10857000D840A3E60120B7E6FBF796FA9DE603A8EC
:10858000FCF740F9049898E66846FCF73BFA019836
:1085900093E60B4892E64FF400408FE607488DE6DD
:1085A0000120A1E601209FE601209DE601209BE637
:1085B000012099E6541A0108004402580090D003A3
:1085C00000093D00836A13F0080F06D00268536863
:1085D00023F40043816B0B435360836A13F0010F54
:1085E00006D00268536823F40033C16A0B4353601A
:1085F000836A13F0020F06D00268536823F48033B5
:10860000016B0B435360836A13F0040F06D00268BA
:10861000536823F48023416B0B435360836A13F048
:10862000100F06D00268936823F48053C16B0B438C
:108630009360836A13F0200F06D00268936823F4D6
:108640000053016C0B439360836A13F0400F0AD010
:108650000268536823F48013416C0B435360436CEE
:10866000B3F5801F0BD0836A13F0800F06D0026829
:10867000536823F40023C16C0B43536070470268B6
:10868000536823F4C003816C0B435360EBE72DE97F
:10869000F04104460D4616469846069F2368DB695E
:1086A00035EA03030CBF4FF0010C4FF0000CB4454A
:1086B00038D1B7F1FF3FF1D0FDF7E4FF4346C01AD0
:1086C000B84232D89FB323681A6812F0040FE5D07D
:1086D000B5F1400218BF0122802DDFD0002ADDD085
:1086E000DA6912F0080F11D1DA6912F4006FD5D0EF
:1086F0004FF400621A622046FFF7E6F82023C4F820
:108700009030002384F8843003200CE008251D629B
:108710002046FFF7D9F8C4F89050002384F884303D
:10872000012000E00020BDE8F0810320FBE70320EA
:10873000F9E730B583B004460023C0F89030FDF768
:10874000A1FF05462268126812F0080F10D12368B5
:108750001B6813F0040F27D12023C4F88830C4F815
:108760008C300020E066206784F8840003B030BDC0
:108770006FF07E430093034600224FF40011204621
:10878000FFF785FF0028E2D0226852E8003F23F07F
:10879000800342E800310029F6D12023C4F8883054
:1087A00084F884100320E1E76FF07E4300932B46AA
:1087B00000224FF480012046FFF769FF0028CBD04C
:1087C000226852E8003F23F4907342E80031002908
:1087D000F6D1226802F1080353E8003F23F00103B9
:1087E000083242E800310029F3D12023C4F88C304C
:1087F00084F884100320B9E778B310B50446D0F8A4
:1088000088300BB32423C4F888302268136823F01F
:1088100001031360A36AE3B92046FFF791FB012827
:1088200011D02268536823F4904353602268936800
:1088300023F02A0393602268136843F00103136056
:108840002046FFF776FF10BD80F88430F8F796FDDC
:10885000D8E72046FFF7B6FEDEE7012070470000AC
:1088600010B5044613468165A0F85C200022C0F8CC
:1088700090202222C0F88C20D0F88020AAB1214973
:10888000D163D0F8802020491164D0F880201F499E
:10889000D164D0F88020002111650168826D2431F7
:1088A000D0F88000FCF7BCFE20BB236943B12268EE
:1088B00052E8003F43F4807342E800310029F6D1CA
:1088C000226802F1080353E8003F43F00103083235
:1088D00042E800310029F3D1226802F1080353E88D
:1088E000003F43F04003083242E800310029F3D151
:1088F000084610BD1023C4F890302023C4F88C30F3
:108900000120F6E7A57E0008857E0008357A00087C
:1089100008B5D0F88C30202B1CD1002A18BF0029B4
:108920001AD00023C3660368DFF830C063450ED059
:108930005B6813F4000F0AD0D0F800C05CE8003F79
:1089400043F080634CE8003EBEF1000FF4D1FFF726
:1089500087FF00E0022008BD0120FCE7000C005862
:10896000436E2BB90123A0F86A30A0F86830704735
:1089700000B503689A68C2F342629968490FDFF84C
:108980002CE01EF801301B01DFF824C01CF8011098
:1089900093FBF1F3A0F86A301EF802301B011CF8BB
:1089A000022093FBF2F3A0F8683000BD741A0108AE
:1089B0006C1A010800283CD0F8B50D4616461F4633
:1089C0000446D0F888305BB32423C4F8883022688A
:1089D000136823F001031360A36A33BB2046FFF73B
:1089E000AFFA01281BD02268936843F48043936058
:1089F0002268936823F400432B4393603B0443EACB
:108A0000465221680B686FF3194313430B602268C9
:108A1000136843F0010313602046FFF78AFEF8BD98
:108A200080F88430F8F7AAFCCEE72046FFF7CAFDAD
:108A3000D4E70120704770477047704790F8843042
:108A4000012B18D0012380F884302423C0F888300B
:108A500003681A68196821F00101196022F00052B8
:108A60000023436601680A602022C0F8882080F84D
:108A70008430184670470220704738B590F884302B
:108A8000012B1DD00446012380F884302423C0F834
:108A9000883003681D681A6822F001021A600268B3
:108AA000936823F0604319439160FFF759FF2368EF
:108AB0001D602023C4F88830002084F8840038BD6D
:108AC0000220FCE738B590F88430012B1DD0044615
:108AD000012380F884302423C0F8883003681D689F
:108AE0001A6822F001021A600268936823F060633A
:108AF00019439160FFF734FF23681D602023C4F8F9
:108B00008830002084F8840038BD0220FCE7D0F8CB
:108B10008C30202B21D110B50446002A18BF002923
:108B200001D1012010BD0123C36600230367FFF7B5
:108B300097FE0028F6D1E36E012B01D00120F1E76A
:108B4000236810221A62226852E8003F43F01003A3
:108B500042E800310029F6D1E4E70220704700F135
:108B6000080343604FF0FF328260C360036100235B
:108B70000360704700230361704743684B609A6845
:108B80008A6051609960086103680133036070472F
:108B900010B402460846D1F800C0BCF1FF3F11D026
:108BA00002F1080319465B681C686445FAD94B68F2
:108BB000436098608160486002611368013313600C
:108BC00010BC70471169F2E70369416882688A60E6
:108BD000416851605A68824206D0002202611A68D8
:108BE000013A1A601868704782685A60F5E710B554
:108BF000044601F037FDA26BE36B9A4204D00024D7
:108C000001F052FD204610BD0124F9E710B50446DD
:108C100001F028FDA36B2BB901231C4601F044FD94
:108C2000204610BD00231C46F8E770B504461646E2
:108C3000856B026C5AB903681BB100200135A5632E
:108C400070BD806801F042F80023A360F6E76EB9BA
:108C5000406808F017FE6368226C13446360A268E2
:108C6000934219D3236863603046E7E7C06808F091
:108C700009FEE368226C51429B1AE360226893422A
:108C800002D2A3680B44E360022E01D00020D5E796
:108C900025B1013D0020D1E73046CFE72846CDE79A
:108CA0000346026C6AB110B50846D9681144D96010
:108CB0009C68A14201D31968D960D96808F0E2FD27
:108CC00010BD704738B5054601F0CCFC95F845401D
:108CD00064B201E0013C64B2002C0ADD6B6A43B16E
:108CE00005F1240000F044FF0028F3D000F0D8FF85
:108CF000F0E7FF2385F8453001F0D6FC01F0B2FC27
:108D000095F8444064B201E0013C64B2002C0ADDF5
:108D10002B6943B105F1100000F02AFF0028F3D0C1
:108D200000F0BEFFF0E7FF2385F8443001F0BCFC03
:108D300038BD38B5E0B10D46044601F093FC236818
:108D4000E26B216C01FB0230A0600020A063636035
:108D5000013A02FB0133E360FF2384F8443084F8D6
:108D60004530FDB9236963B901F09EFC012038BD8F
:108D70004FF0500383F31188BFF36F8FBFF34F8F12
:108D8000FEE704F1100000F0F3FE0028ECD04FF0F5
:108D9000E0234FF08052C3F8042DBFF34F8FBFF391
:108DA0006F8FE1E704F11000FFF7D9FE04F1240012
:108DB000FFF7D5FED8E738B51D46049C0B4649B9E8
:108DC0002460E063236401212046FFF7B2FF84F8AA
:108DD0004C5038BD2260F4E740B94FF0500383F3A4
:108DE0001188BFF36F8FBFF34F8FFEE710B584B0CC
:108DF0001C46844683B10B1E18BF0123002A08BFFE
:108E000043F001038BB94FF0500383F31188BFF394
:108E10006F8FBFF34F8FFEE74FF0500383F311883E
:108E2000BFF36F8FBFF34F8FFEE7B1FA81F35B099A
:108E3000002A18BF43F0010343B94FF0500383F3F6
:108E40001188BFF36F8FBFF34F8FFEE7502303935B
:108E5000039B502B08D04FF0500383F31188BFF3CE
:108E60006F8FBFF34F8FFEE7039B012384F84630DB
:108E700000949DF818306046FFF79DFF204604B02F
:108E800010BDF0B585B0019288B10F461D4604466D
:108E9000B1B1022D20D1E36B012B1DD04FF0500357
:108EA00083F31188BFF36F8FBFF34F8FFEE74FF04F
:108EB000500383F31188BFF36F8FBFF34F8FFEE72B
:108EC000036C002BE5D04FF0500383F31188BFF300
:108ED0006F8FBFF34F8FFEE700F0E8FE064658B9EC
:108EE000019B002B48D04FF0500383F31188BFF350
:108EF0006F8FBFF34F8FFEE700263DE02A463946CD
:108F00002046FFF792FE636A7BB948B14FF0E02339
:108F10004FF08052C3F8042DBFF34F8FBFF36F8F14
:108F200001F0C2FB012005B0F0BD04F1240000F007
:108F30001FFE0028F4D04FF0E0234FF08052C3F81A
:108F4000042DBFF34F8FBFF36F8FE9E701F0ACFB48
:108F50000020E8E702A800F053FE012619E00023F4
:108F600084F8443021E0002384F8453023E0204693
:108F7000FFF7A8FE00F084FC01F074FBA26BE36B2A
:108F80009A42BBD3022DB9D0019B002BDED0002E1C
:108F9000E0D001F089FB00F0D3FB01F063FB94F813
:108FA000442052B2B2F1FF3FD9D094F8452052B2DA
:108FB000B2F1FF3FD7D001F077FB01A902A800F082
:108FC0002BFED8B92046FFF712FE0028CFD001991A
:108FD00004F1100000F096FD2046FFF773FE00F04C
:108FE0004FFC0028C8D14FF0E0234FF08052C3F867
:108FF000042DBFF34F8FBFF36F8FBDE72046FFF700
:1090000061FE00F03DFC00208DE72DE9F84390B1B2
:109010000F4690461E460446B1B1022E20D1E36BA6
:10902000012B1DD04FF0500383F31188BFF36F8FD6
:10903000BFF34F8FFEE74FF0500383F31188BFF368
:109040006F8FBFF34F8FFEE7036C002BE5D04FF01F
:10905000500383F31188BFF36F8FBFF34F8FFEE789
:1090600001F028FCEFF311834FF0500282F31188D6
:10907000BFF36F8FBFF34F8F9946A26BE36B9A429A
:1090800006D3022E04D0002089F31188BDE8F883AE
:1090900094F845305DB2A36B324639462046FFF75F
:1090A000C4FDB5F1FF3F06D02B4601335BB284F817
:1090B00045300120E8E7636A0BB90120E4E704F1D9
:1090C000240000F055FD28B143462BB10120C8F81B
:1090D0000000D9E70120D7E70120D5E7F0B585B03A
:1090E000019290B10F460446C1B100F0DFFD064683
:1090F00000BB019B002B5ED04FF0500383F311881F
:10910000BFF36F8FBFF34F8FFEE74FF0500383F332
:109110001188BFF36F8FBFF34F8FFEE7036C002BF7
:10912000E3D04FF0500383F31188BFF36F8FBFF389
:109130004F8FFEE700263EE039462046FFF7B0FDA0
:10914000013DA563236923B901F0AEFA012005B002
:10915000F0BD04F1100000F00BFD0028F4D04FF03A
:10916000E0234FF08052C3F8042DBFF34F8FBFF3BD
:109170006F8FE9E701F098FA2846E8E702A800F0C7
:109180003FFD012621E0002384F8443029E000233C
:1091900084F845302BE02046FFF794FD00F070FB8B
:1091A00009E02046FFF78EFD00F06AFB2046FFF73E
:1091B0002DFD00283FD101F055FAA56B002DBBD144
:1091C000019B002BD6D0002ED8D001F06DFA00F014
:1091D000B7FA01F047FA94F844305BB2B3F1FF3FBD
:1091E000D1D094F845305BB2B3F1FF3FCFD001F05E
:1091F0005BFA01A902A800F00FFD0028D1D120469A
:10920000FFF704FD0028C6D0019904F1240000F006
:1092100079FC2046FFF756FD00F032FB0028CAD14A
:109220004FF0E0234FF08052C3F8042DBFF34F8F6F
:10923000BFF36F8FBFE7002089E700000023072BF3
:109240000CD8074A52F833200AB10133F7E7044A31
:1092500042F8331002EBC30250607047704700BF02
:10926000180A002070B504460D46164601F0FAF9BA
:1092700094F844305BB2B3F1FF3F0DD094F8453021
:109280005BB2B3F1FF3F0BD001F00EFAA36B5BB101
:109290002046FFF717FD70BD002384F84430EDE74A
:1092A000002384F84530EFE73246294604F12400D4
:1092B00000F040FCECE70000084B1B681B6823B97A
:1092C000074B4FF0FF321A607047044B1B68DB6896
:1092D000DB685A68024B1A60704700BFC80A00205A
:1092E000600A00202DE9F84380460D46174699464E
:1092F000089E0A9C9200A521206B08F07FFA236B40
:109300006FF040423A4403EB820323F0070795B322
:109310004FF0000CBCF10F0F09D815F80C3004EB1E
:109320000C0282F8343013B10CF1010CF2E7002387
:1093300084F84330372E00D93726E662E6640025EC
:109340002565201DFFF716FC04F11800FFF712FC3D
:109350002461C6F13806A6616462656584F85850D8
:109360004A464146384601F055F92060099B03B151
:109370001C60BDE8F883002384F83430DAE700008D
:1093800038B5002407E004EB84000F4B03EB8000AA
:10939000FFF7E5FB0134372CF5D90C4D2846FFF7D4
:1093A000DEFB0B4C2046FFF7DAFB0A48FFF7D7FB42
:1093B0000948FFF7D4FB0948FFF7D1FB084B1D60B4
:1093C000084B1C6038BD00BFF40A0020E00A0020F2
:1093D000CC0A0020B00A00209C0A0020840A002049
:1093E000C80A0020C40A002010B5044601F03AF96A
:1093F000224A136801331360214B1B685BB1214B78
:109400001B686BB91E4B1B68DA6AE36A9A4207D87D
:109410001B4B1C6004E01A4B1C601368012B29D005
:10942000194A1368013313606364E06A174B1B68C1
:10943000984201D9154B186000EB8000211D144B98
:1094400003EB8000FFF799FB01F02EF90D4B1B6831
:109450007BB10B4B1B68DA6AE36A9A4209D24FF080
:10946000E0234FF08052C3F8042DBFF34F8FBFF3BA
:109470006F8F10BDFFF784FFD2E700BF800A002086
:10948000540F0020740A0020640A0020780A00208B
:10949000F40A002010B5044690F8593063B1012B4E
:1094A00011D0022B0ED04FF0500383F31188BFF37D
:1094B0006F8FBFF34F8FFEE7006B01F02DF8204652
:1094C00001F02AF810BD01F027F8FBE70F4B1B68ED
:1094D000D3B110B501F0C6F80D4BDB68DC68201D78
:1094E000FFF772FB0B4A1368013B1360074A1368CE
:1094F000013B136001F0D8F82046FFF7CBFF034B88
:109500001B68002BE6D110BD704700BF980A0020F1
:109510009C0A0020800A002008B5FFF7D7FF074B00
:109520001B68012BF9D94FF0E0234FF08052C3F8AC
:10953000042DBFF34F8FBFF36F8FEEE7F40A0020C7
:1095400070B504460E46194B1D68194B1868043057
:10955000FFF73AFBB4F1FF3F14BF00230123002EB5
:1095600008BF00236BB92C44114B1B685C60A542FB
:109570000ED9104B18680E4B19680431FFF708FB21
:1095800070BD0B4B196804310B48FFF7F6FAF7E78B
:109590000A4B1868064B19680431FFF7F9FA084BB3
:1095A0001B68A342ECD9064B1C60E9E77C0A00204B
:1095B000540F0020C40A0020840A0020C80A00209A
:1095C000600A002010B586B08C46099979B10A99D5
:1095D000B1B15C21049104995C291AD04FF0500379
:1095E00083F31188BFF36F8FBFF34F8FFEE74FF008
:1095F000500383F31188BFF36F8FBFF34F8FFEE7E4
:109600004FF0500383F31188BFF36F8FBFF34F8F79
:10961000FEE7DDF810E00A99099C0C6302210A9C20
:1096200084F8591000210391029405A90191089929
:1096300000916146FFF756FE0A98FFF7D5FE0598A0
:1096400006B010BD2DE9F04385B08146884614462A
:109650001F46900000F0DEFE00B306465C2000F0DE
:10966000D9FE0546A0B12E63002380F8593003933C
:1096700002900D9B01930C9B00933B462246414672
:109680004846FFF72FFE2846FFF7AEFE012007E011
:10969000304600F041FF4FF0FF3001E04FF0FF3067
:1096A00005B0BDE8F083000010B588B00024059433
:1096B000069407AA06A905A800F034FE059B0293AC
:1096C000069B019300942346079A17491748FFF712
:1096D00079FF174B186018B100F0B0FB012804D0D7
:1096E000B0F1FF3F16D008B010BD4FF0500383F328
:1096F0001188BFF36F8FBFF34F8F0E4B4FF0FF32C8
:109700001A600D4B01221A600C4B00221A6001F006
:1097100043F8E8E74FF0500383F31188BFF36F8FEE
:10972000BFF34F8FFEE700BFF0180108199500083E
:109730005C0A0020600A0020740A00207C0A0020D5
:10974000024A136801331360704700BF580A0020B3
:10975000014B1868704700BF7C0A0020F8B53D4BEC
:109760001B68002B6ED13C4B1D6801351D60C5B9CF
:109770003A4B1B681B6843B14FF0500383F31188C9
:10978000BFF36F8FBFF34F8FFEE7344A1168344B3E
:10979000186810601960334A136801331360FFF7CB
:1097A0008BFD314B1B68AB4241D900231F462F4B29
:1097B0001B68DB6A03EB83039B002D4AD358012B04
:1097C00001D901231F462B4B1B68002B40D00123DE
:1097D0001F463DE001231F46204B1B681B684BB30F
:1097E0001E4B1B68DB68DC6863689D4227D3261D1F
:1097F0003046FFF7E9F9A36A1BB104F11800FFF73F
:10980000E3F9E06A1C4B1B68984201D91A4B1860B7
:1098100000EB80003146164B03EB8000FFF7ADF9FB
:10982000E26A124B1B68DB6A9A42D3D2D4E7002368
:109830001F46D1E70C4B4FF0FF321A60B7E70A4AD8
:109840001360B4E70D4A13680133136000231F4609
:109850003846F8BD580A00207C0A0020C80A0020BB
:10986000C40A0020680A0020600A0020540F00206B
:10987000F40A00206C0A0020780A0020700A0020F8
:1098800038B5354B1B6843B94FF0500383F311884B
:10989000BFF36F8FBFF34F8FFEE700F0E3FE2E4B59
:1098A0001A68013A1A601B68002B4FD12B4B1B68BA
:1098B0000BB91C464BE00024294B1B681BB3284BFB
:1098C000DB68DC6804F11800FFF77EF9251D2846E7
:1098D000FFF77AF9E06A234B1B68984201D9214BC4
:1098E000186000EB800029461F4B03EB8000FFF758
:1098F00044F9E26A1D4B1B68DB6A9A42DCD31C4BBD
:1099000001221A60D8E70CB1FFF7D6FC194B1C688E
:1099100084B9174B1C68D4B14FF0E0234FF080524C
:10992000C3F8042DBFF34F8FBFF36F8F01240EE0F8
:10993000013C07D0FFF712FF0028F9D00C4B0122A1
:109940001A60F5E70B4B00221A60E2E7002400F0F2
:10995000ABFE204638BD00BF580A0020800A002018
:10996000B00A0020780A0020F40A0020540F0020DA
:109970006C0A0020700A002038B558B10C46054624
:1099800089B94FF0500383F31188BFF36F8FBFF392
:109990004F8FFEE74FF0500383F31188BFF36F8FB3
:1099A000BFF34F8FFEE71C4B1B6843B14FF05003D2
:1099B00083F31188BFF36F8FBFF34F8FFEE7FFF77D
:1099C000BFFE164B18682A6823461344824209D901
:1099D0009A4201D82B600EE0984201D32B600AE036
:1099E0002B6004E09A4201D8984212D22B600021E9
:1099F000181AFFF7A5FDFFF743FF48B94FF0E02322
:109A00004FF08052C3F8042DBFF34F8FBFF36F8F19
:109A100038BD2B60EFE700BF580A00207C0A002009
:109A200010B5A8B10446104B1B6843B14FF050036A
:109A300083F31188BFF36F8FBFF34F8FFEE7FFF7FC
:109A40007FFE00212046FFF77BFDFFF719FF48B995
:109A50004FF0E0234FF08052C3F8042DBFF34F8F37
:109A6000BFF36F8F10BD00BF580A0020204B1B684A
:109A70001BB1204B01221A6070471E4B00221A6056
:109A80001D4B1B6803EB830292001C498A585AB98C
:109A90000BB1013BF6E74FF0500383F31188BFF39E
:109AA0006F8FBFF34F8FFEE7084603EB830201EB96
:109AB000820251684968516003EB830292000832C8
:109AC000024491420BD003EB83010C4A02EB81026A
:109AD0005268D1680A4A1160074A136070474868A3
:109AE00003EB8301054A02EB81025060EBE700BF04
:109AF000580A00206C0A0020780A0020F40A00208E
:109B0000540F002058B110B50C46094A116818319D
:109B1000FFF73EF801212046FFF712FD10BD4FF080
:109B2000500383F31188BFF36F8FBFF34F8FFEE7AE
:109B3000540F002038B578B10D4614460B4A116811
:109B40001831FFF71AF814B14FF0FF331D462146C4
:109B50002846FFF7F5FC38BD4FF0500383F311881A
:109B6000BFF36F8FBFF34F8FFEE700BF540F00208E
:109B700038B5C368DC6834B304F118031D461846D1
:109B8000FFF722F8184B1B6833BB231D1D461846F0
:109B9000FFF71AF8E06A154B1B68984201D9134B7E
:109BA000186000EB80002946114B03EB8000FEF7A4
:109BB000E4FFE26A0F4B1B68DB6A9A4211D901206D
:109BC0000D4B186038BD4FF0500383F31188BFF37D
:109BD0006F8FBFF34F8FFEE729460848FEF7CDFF92
:109BE000E7E70020EEE700BF580A0020780A0020CF
:109BF000F40A0020540F00206C0A0020B00A002054
:109C0000034B1B680360034B1B684360704700BF36
:109C1000680A00207C0A0020E0B170B50C460646B8
:109C200009B300F01FFD1C4B19687368C81A22683D
:109C3000B2F1FF3F28D03568DFF860C0DCF800C023
:109C4000654501D08B4224D9824215D80023236078
:109C500001241AE04FF0500383F31188BFF36F8F94
:109C6000BFF34F8FFEE74FF0500383F31188BFF32C
:109C70006F8FBFF34F8FFEE75B1A134423603046AC
:109C8000FFF7BEFF002400E0002400F00DFD204699
:109C900070BD0124F9E700BF7C0A0020680A00209B
:109CA000014B01221A6070476C0A0020054B1B68AB
:109CB00033B1054B1B680BB1002070470220704781
:109CC00001207047740A0020580A002000283ED066
:109CD00038B504461E4B1B68834208D04FF0500332
:109CE00083F31188BFF36F8FBFF34F8FFEE7036DD0
:109CF00043B94FF0500383F31188BFF36F8FBFF365
:109D00004F8FFEE7013B0365C16AC26C91421CD0D4
:109D10000BB1002038BD031D1D461846FEF754FF49
:109D2000E06CE062C0F13803A3610A4B1B68984203
:109D300001D9084B186000EB80002946064B03EB65
:109D40008000FEF71AFF0120E4E70020E2E77047F9
:109D5000540F0020780A0020F40A0020064B1A68ED
:109D600013682BB90123036023B9D36818687047BF
:109D70000023F8E7002070475810002008B5416024
:109D8000006191420CD8D21A83699A4201D3012012
:109D900008BD011D0B4B1868FEF7FAFE0020F7E71F
:109DA0009A422CBF00220122994238BF00220AB1F8
:109DB0000120EDE7011D044B1868FEF7E9FE0020C5
:109DC000E6E700BF541000205810002000B583B013
:109DD00000F048FC114B1B681BB100F065FC03B0A0
:109DE00000BD0F48FEF7BBFE0E48FEF7B8FE0E4B57
:109DF0000B4A1A600D4B0B4A1A60002300930C4B60
:109E00000C4A10210A20FEF7E7FF044B18600028D7
:109E1000E3D00949FFF712FADFE700BF5010002036
:109E2000701000205C1000205810002054100020FA
:109E3000580F0020A80F0020F818010810B588B0AE
:109E4000FFF7C4FF124B1B68CBB1002405940694A6
:109E500007AA06A905A800F071FA059B0293069BC4
:109E60000193022300932346079A0A490A48FFF701
:109E7000A9FB0A4B186010B1012008B010BD4FF0CB
:109E8000500383F31188BFF36F8FBFF34F8FFEE74B
:109E90005010002000190108B9A100084C10002042
:109EA000B8B19C4603461748006850B300B585B06A
:109EB00000910192029305291CDCFFF7F7FE0228AE
:109EC00010D000231A4669460E480068FEF7D9FFF5
:109ED00015E04FF0500383F31188BFF36F8FBFF38A
:109EE0004F8FFEE70023069A694606480068FEF792
:109EF000C8FF04E0002362466946FFF786F805B014
:109F000000BD70475010002070B582B01B4B1B681D
:109F10001A6862B3DB681E68DC68251D2846FEF7F8
:109F200053FE236A2046984794F8283013F0040F14
:109F3000ECD0A36933449E4207D263602461294672
:109F40000E4B1868FEF724FEE0E7002100910B4657
:109F500032462046FFF7A4FF0028D7D14FF0500328
:109F600083F31188BFF36F8FBFF34F8FFEE7044A6F
:109F7000106802490860136002B070BD58100020DC
:109F80005410002038B50546FFF7E2FB0446074BA6
:109F90001B68834205D800232B60044B1C602046BD
:109FA00038BDFFF7B1FF01232B60F6E74810002012
:109FB00070B582B005460E4617490968C968CC6875
:109FC000201DFEF701FE94F828C01CF0040F08D1F4
:109FD0002CF0010C84F828C0236A2046984702B070
:109FE00070BDA1692B46324629442046FFF7C6FEC4
:109FF0000028F1D0002100910B462A462046FFF7A9
:10A000004FFF0028E8D14FF0500383F31188BFF3CE
:10A010006F8FBFF34F8FFEE75810002070B582B0EE
:10A0200005460C46FFF78CFB01A8FFF7ABFF019B31
:10A0300043BB0646A84228BF9C421AD02CB1134A03
:10A0400012681268E2B901231C462246A91B104B74
:10A050001868FFF707F9FFF713FCA8B94FF0E023E2
:10A060004FF08052C3F8042DBFF34F8FBFF36F8FB3
:10A070000AE0FFF705FC31462846FFF799FF03E0A9
:10A080001C46E2E7FFF7FCFB02B070BD5410002055
:10A090005010002010B588B002E0049B002B0FDAAE
:10A0A000002204A9434B1868FFF718F800287ED057
:10A0B000049B002BF1DA07990698059B9847ECE77B
:10A0C000069C636913B1201DFEF77EFD03A8FFF710
:10A0D00059FF049B052B5CD041DC032B49D02CDCC1
:10A0E000022BDDD894F8283043F0010384F828309F
:10A0F000059BA169024619442046FFF73FFE002850
:10A10000CED0236A2046984794F8283013F0040FE5
:10A11000C6D0A269002100910B4605980244204652
:10A12000FFF7BEFE0028BBD14FF0500383F3118828
:10A13000BFF36F8FBFF34F8FFEE7042BB0D194F8BE
:10A14000283043F0010384F828300599A161B9B1A2
:10A150000346024601442046FFF710FEA0E7082B05
:10A1600007D003DC063B012BBCD999E7092BE6D0CD
:10A1700096E794F8283023F0010384F828308FE71D
:10A180004FF0500383F31188BFF36F8FBFF34F8FEE
:10A19000FEE794F8283013F0020F04D023F00103F7
:10A1A00084F828307CE7204600F0B6F978E708B05C
:10A1B00010BD00BF5010002000B583B001A8FFF70C
:10A1C000CDFD0199FFF72AFFFFF764FFF6E708B519
:10A1D0004FF0E0231B69FFF769FD012800D108BD9E
:10A1E00000F0B0FAFBE70000EFF305832BB9064B54
:10A1F000186828B901221A6070476FF0050070478F
:10A200004FF0FF30704700BF3C17002008B5EFF358
:10A21000058373B90A4B1B68012B0DD1094B4FF015
:10A220000002DA77064B02221A60FFF73DFA00209F
:10A2300008BD6FF00500FBE74FF0FF30F8E700BF07
:10A240003C17002000ED00E070B586B000230593B8
:10A25000EFF3058343BB38B3002A3DD0D2F800E0CA
:10A2600093692BB11D46013B372B03D900201CE01D
:10A2700018231D46536813F0010F44D1D2F814C0BF
:10A28000BCF1000F13D04FEA9C031E4693683BB10C
:10A29000D4685B2C04D9146914B1BCF1000F11D13E
:10A2A00043B14FF0FF330BB3059806B070BD802368
:10A2B0001E46EBE7D368B3B91369002BF3D04FF018
:10A2C000FF33F0E70293019400950B463246714646
:10A2D000FFF778F90590E7E79646134618221546EA
:10A2E00080221646DFE74FF0FF33DCE705AB019332
:10A2F00000950B46B2B27146FFF7A4F90128D3D0FE
:10A3000000230593D0E70020CFE708B5EFF30583DE
:10A310002BB900B908BDFFF783FB0020FAE76FF007
:10A320000500F7E7034B0360034B0B6080231360CA
:10A33000704700BFE0160020E0140020034B0360CC
:10A34000034B0B604FF4807313607047841400203C
:10A3500084100020124A12F0070F1ED0D11D21F0E8
:10A360000701C1F5804313440A460E4802600021EC
:10A3700041601344083B23F007030B480360596016
:10A380001960991A51601360084B1960084B1960E5
:10A39000084B4FF000421A6070474FF48043E4E7E7
:10A3A0006017002058170020541700204C17002079
:10A3B0005017002040170020144B1A461B68834298
:10A3C000FBD3516802EB010C844509D0416800EBD6
:10A3D000010C634509D00360904200D010607047C3
:10A3E0004068014451601046F0E7DFF824C0DCF813
:10A3F00000C0634506D05B681944416013681B6860
:10A400000360E9E7C0F800C0E6E700BF5817002086
:10A410005417002038B50446FFF792F9384B1B68F3
:10A42000B3B1384B1B681C4250D1002C50D004F102
:10A43000080214F0070F02D022F007020832002AA7
:10A4400055D0314B1B68934253D330490C6804E01C
:10A45000FFF780FFE5E721461C466368934202D27E
:10A460002368002BF7D1264B1B68A34243D00D680D
:10A47000083523680B6063689B1A102B10D9A0184D
:10A4800010F0070F08D04FF0500383F31188BFF38B
:10A490006F8FBFF34F8FFEE743606260FFF78CFF63
:10A4A000626819490B689B1A0B60194909688B424D
:10A4B00001D217490B60134B1B68134363600023E1
:10A4C0002360144A13680133136002E0002500E0A2
:10A4D0002546FFF7D5F915F0070F0ED04FF05003C2
:10A4E00083F31188BFF36F8FBFF34F8FFEE71546DD
:10A4F000EFE70025EDE70025EBE7284638BD00BF74
:10A500005417002040170020501700205817002033
:10A510004C17002048170020002835D038B50446D5
:10A52000A0F108031D4650F8043C184A1268134273
:10A5300008D14FF0500383F31188BFF36F8FBFF33F
:10A540004F8FFEE750F8081C41B14FF0500383F3E2
:10A550001188BFF36F8FBFF34F8FFEE723EA02032B
:10A5600040F8043CFFF7ECF854F8041C084A136860
:10A570000B4413602846FFF71FFF064A1368013398
:10A580001360FFF77DF938BD704700BF401700200A
:10A59000501700204417002082B0002301930D4B78
:10A5A0001B68B3F1FF3F08D04FF0500383F31188CD
:10A5B000BFF36F8FBFF34F8FFEE74FF0500383F36E
:10A5C0001188BFF36F8FBFF34F8F019B002BFCD01F
:10A5D00002B070471000002008480068006880F34F
:10A5E00008884FF0000080F3148862B661B6BFF3AC
:10A5F0004F8FBFF36F8F00DF00BF000008ED00E05A
:10A60000DFF80C00016841F4700101607047000040
:10A6100088ED00E04FF0807340F8043C21F0010128
:10A6200040F8081C054B40F80C3C40F8202C6FF01B
:10A63000020340F8243C4438704700BF99A5000845
:10A64000074B19680868B0E8F04F80F30988BFF33A
:10A650006F8F4FF0000080F311887047AFF30080D8
:10A66000540F00204FF0500383F31188BFF36F8F16
:10A67000BFF34F8F0B4A136801331360012B00D0D7
:10A6800070474FF0E023D3F8043D13F0FF0FF7D0ED
:10A690004FF0500383F31188BFF36F8FBFF34F8FD9
:10A6A000FEE700BF10000020094B1B6843B94FF0C4
:10A6B000500383F31188BFF36F8FBFF34F8FFEE713
:10A6C000013B034A13600BB983F31188704700BF45
:10A6D000100000200000000000000000000000004A
:10A6E000EFF30980BFF36F8F154B1A681EF0100F40
:10A6F00008BF20ED108A20E9F04F106009B44FF038
:10A70000500080F31188BFF34F8FBFF36F8FFFF7B7
:10A71000ADF94FF0000080F3118809BC1968086892
:10A72000B0E8F04F1EF0100F08BFB0EC108A80F3B5
:10A730000988BFF36F8F7047AFF30080AFF30080DD
:10A74000540F002008B54FF0500383F31188BFF376
:10A750006F8FBFF34F8FFFF701F828B14FF0E02361
:10A760004FF08052C3F8042D002383F3118808BDF5
:10A770004FF0E022002313619361054B1B680549EC
:10A78000A1FB03139B09013B53610723136170472E
:10A7900004000020D34D62104FF0E023D3F8002DC9
:10A7A0003E4B9A421CD04FF0E023D3F8002D3C4B97
:10A7B0009A421ED010B582B03A4B1A78D2B20192AA
:10A7C000FF221A701B78DBB28DF803309DF803303E
:10A7D00003F05003344A1370344B07221A601BE015
:10A7E0004FF0500383F31188BFF36F8FBFF34F8F88
:10A7F000FEE74FF0500383F31188BFF36F8FBFF371
:10A800004F8FFEE7294A1368013B13609DF8033020
:10A810005B00DBB28DF803309DF8033013F0800F3E
:10A82000F0D1224B1B68032B08D04FF0500383F369
:10A830001188BFF36F8FBFF34F8FFEE71B021B4AD8
:10A84000136003F4E0631360019BDBB2154A1370DD
:10A850004FF0E022D2F8203D43F47003C2F8203DCF
:10A86000D2F8203D43F070431446C2F8203DFFF774
:10A870007FFF0F4B00221A60FFF7C2FED4F8343F6F
:10A8800043F04043C4F8343FFFF7A6FEFFF7EEF86D
:10A89000FFF782FE002002B010BD00BF71C20F4161
:10A8A00070C20F4100E400E06457002060570020B0
:10A8B00010000020EFF305830F2B0ED9114A9A5C8C
:10A8C000114B1B789A4208D24FF0500383F3118842
:10A8D000BFF36F8FBFF34F8FFEE74FF0E023D3F846
:10A8E0000C3D03F4E063094A1268934208D94FF023
:10A8F000500383F31188BFF36F8FBFF34F8FFEE7D1
:10A90000704700BFF0E300E064570020605700206C
:10A91000F0EE407AB4EEE00AF1EE10FA09DCB1EEA6
:10A92000600AB4EEE70AF1EE10FA04DCB0EE670A52
:10A930007047B0EE600A7047204A82654FF08D4242
:10A94000C2654FF40052A0F860204FF48042A0F896
:10A9500062200022426682664FF0000CA0F86C2054
:10A96000A0F86E20A0F87020A0F87220A0F8742043
:10A970008267C26780F880C00021C0F88410C0F8E8
:10A980008810C0F88C10C0F8901080F894C04FF078
:10A99000030C80F895C0C0F89810C0F89C10C0F85F
:10A9A000A010A0F8A420A0F8A620C0F8A810A0F835
:10A9B000AC20C0F8B010C0F8B41070473C3C7C41EB
:10A9C00070B50446012680F86C60002545678567F0
:10A9D00080F8EC60C0F8F450C0F8F85080F86C6172
:10A9E000C0F87451C0F8785180F8EC61C0F8F451A7
:10A9F000C0F8F85100F50070FFF79EFF04F52E70C7
:10AA0000FFF79AFF04F6841002F0B6FA04F64472D7
:10AA10000023136004F64872136004F64C7213604E
:10AA200004F57562136004F65472136084F8585F7D
:10AA300084F8595F84F85A5F84F85B5F84F85C5F40
:10AA400084F85D5F84F85E5F84F85F5F84F8605F20
:10AA500084F8615F84F8625F84F8635F84F8645F00
:10AA600084F8655F84F8665F84F8675F84F8685FE0
:10AA700084F8696F84F86A5F84F86B5F04F66C721F
:10AA8000136004F57762136004F67472136004F6C1
:10AA90007872136004F67C72136004F578621360B8
:10AAA000C4F8845FC4F8885F84F89A5F204670BD5C
:10AAB00008B50248FFF784FF08BD00BF68570020B3
:10AAC0002DE9F04383B004462E4D00260096F3EEA8
:10AAD0000E1AB3EE091AF0EE610AB2EE090A01236A
:10AAE0001A46294604F092FA04F180090096F3EE22
:10AAF0000E1AB3EE091AF0EE610AB2EE090A022349
:10AB00001A462946484604F081FA04F580780096F2
:10AB1000F3EE0E1AB3EE091AF0EE610AB2EE090A6C
:10AB200003231A462946404604F070FA04F5C0771C
:10AB30000096F3EE0E1AB3EE091AF0EE610AB2EEC9
:10AB4000090A04231A462946384604F05FFA01220E
:10AB5000114604F5007005F099F80122022104F570
:10AB60002E7005F093F8204604F030FA484604F0C1
:10AB70002DFA404604F02AFA384604F027FA03B0CA
:10AB8000BDE8F0830C01002000F60472002313607E
:10AB900000F6F862136000F694734FF07A521A6070
:10ABA000002380F8983F80F8993F80F8583F80F85C
:10ABB0005A3FC0F89C3FC0F8A03FC0F8A43FC0F87F
:10ABC000A83FC0F8B03FC0F8B83FC0F8BC3FC0F8DD
:10ABD000C03F80F8683F012280F8692F80F86A3F03
:10ABE00080F86B3F704700002DE9F84F2DED048B86
:10ABF000054600F638309FED778A80ED008A002404
:10AC00004460DFF800B2C0F808B0C460DFF8F8A113
:10AC1000C0F810A0704F4761002685F8506B0463A0
:10AC200044638463C463046405F534634FF000082F
:10AC30004FF00009C3E9068985F8606B03F018FC42
:10AC400005F6B82080ED008A4460C0F808B0C46002
:10AC5000C0F810A0476185F8D06A04634463846338
:10AC6000C463046405F52C63C3E9068985F8E06ACA
:10AC700003F0FEFB05F6B8404FF0804AC0F800A094
:10AC800044609FED569A80ED029AC460F0EE088A07
:10AC9000C0ED048A9FED528A80ED058A85F8D06C5C
:10ACA000046344638463C463046405F54C63C3E9CB
:10ACB000068985F8E06C03F0DBFB05F63850C0F838
:10ACC00000A0446080ED029AC460C0ED048A80ED6B
:10ACD000058A85F8506D046344638463C463046427
:10ACE00005F55463C3E9068985F8606D03F0C0FB80
:10ACF00005F6B850DFED3B8AC0ED008A44609FED59
:10AD00003A8A80ED028AC460C0F810A0446185F8D8
:10AD1000D06D046344638463C463046405F55C63B9
:10AD2000C3E9068985F8E06D03F0A2FB05F63860FB
:10AD3000C0ED008A446080ED028AC460C0F810A0B3
:10AD4000446185F8506E046344638463C46304649F
:10AD500005F56463C3E9068985F8606E03F088FB36
:10AD600005F6B830214B03604460214B8360C4601A
:10AD7000C0F810B0476185F8D06B04634463846306
:10AD8000C463046405F53C63C3E9068985F8E06B98
:10AD900003F06EFB05F63840164B0360164B43601C
:10ADA000164B8360C460164B0361476185F8506C95
:10ADB000046344638463C463046405F54463C3E9C2
:10ADC000068985F8606C03F053FBBDEC048BBDE88D
:10ADD000F88F00BF0000FA436F12833ACDCCCC3D10
:10ADE0000AD7A33C9A99193FCDCC4C3D0000704244
:10ADF0000000F041000096430000A04100007041B7
:10AE00000000F042000048420000C8432DE9F04332
:10AE100095B0064602230022194600F5BD6002F0F7
:10AE200015FFDFF8ACC00DF140089CE80F0088E882
:10AE30000F000CAF0CF110030FCB87E80F0008AD2B
:10AE40000CF120030FCB85E80F0004AC0CF1300CA3
:10AE50009CE80F0084E80F00EE468DE80F00D6F85E
:10AE6000E896C446BCE80F00C9F80000C9F8041011
:10AE7000C9F80820C9F80C30D6F8FC86BC46BCE8F6
:10AE80000F00C8F80000C8F80410C8F80820C8F877
:10AE90000C30D6F80077AC46BCE80F00386079601B
:10AEA000BA60FB60D6F8E056A446BCE80F00286004
:10AEB0006960AA60EB60D6F8F446EC46BCE80F0087
:10AEC00020606160A260E36015B0BDE8F08300BF60
:10AED0007C1A01082DE9F0412DED068B0446444B08
:10AEE000196FDA6B5B69C0F87813C0F8F823C0F803
:10AEF000943300F2AC45A960C5F888206B6204F079
:10AF000037FAB0EE409A204604F035FAF0EE408A67
:10AF100004F18008404604F02BFAB0EE408A404627
:10AF200004F029FA10EE107A204604F027FA10EE09
:10AF3000106A404604F022FA84EDE09AC4EDE28AF9
:10AF400084EDE18AC4F88C7304F20C431E6004F5AE
:10AF5000826383ED000A04F58077384604F008FA2E
:10AF6000B1EE40AA384604F006FAF1EE409A04F534
:10AF7000C076304604F0FCF9B1EE409A304604F059
:10AF8000FAF9F1EE408A384604F0F8F9B1EE408A59
:10AF9000304604F0F3F9F1EE407A85ED04AAC5EDF0
:10AFA000069A85ED059AC5ED078A85ED278AC5EDD8
:10AFB000287A04F55C74204602F058F9284602F01D
:10AFC00055F9204602F08AFC284602F087FC20460C
:10AFD00002F040FB284602F03DFB204602F02AFC2E
:10AFE000284602F027FCBDEC068BBDE8F08100BFCF
:10AFF0003C67002010B504460023C0F89C3FC0F811
:10B00000A43FC0F8A83FC0F8AC3FC0F8B03FC0F8BC
:10B01000B43F80F85B3F80F85C3F80F85D3F80F88C
:10B020005E3F00F66C7100220A6000F577610A60ED
:10B0300000F674710A6000F678710A6000F67C719F
:10B040000A6000F578610A60C0F8843FC0F8883F64
:10B0500080F85F3F80F8603F80F8613F80F8623F92
:10B0600080F8633F80F8643F80F8653F80F8663F72
:10B0700080F8673F80F8683FC0F8C03F00F6B8200E
:10B0800003F0F6F904F6383003F0F2F904F6B840AC
:10B0900003F0EEF904F6385003F0EAF904F6B8507C
:10B0A00003F0E6F904F6386003F0E2F910BD0000A1
:10B0B00070B50C4615461E4681ED0A0AC1ED0B0A15
:10B0C000084602F0C9F994F8583063B394ED0C7A4D
:10B0D000D4ED0D7AD4ED046A76EEC76A94ED057A64
:10B0E00037EE677ADFED125A66EEA56ADFED117A68
:10B0F00077EEE67AD4ED066A9FED0F6A66EE866A11
:10B1000077EEE67AC5ED007A27EE257ADFED0B7A49
:10B1100077EEC77A94ED077A27EE067A77EEC77A4C
:10B12000C6ED007A70BD00232B603360FAE700BFE4
:10B130007FFBFC41CDCCACC0E86A9B3FCDCCAC40A2
:10B14000002380F8993FC0F8B83F80F8583F704717
:10B1500038B590F8983F8B420ED004460D46022B2E
:10B160000BD084F8985F0023C4F8A03F012D07D0CE
:10B17000042D20D0022D25D038BDFFF7E1FFF0E7E8
:10B180002046FFF737FF204603F020FF04F1800040
:10B1900003F01CFF04F5807003F018FF04F5C07085
:10B1A00003F014FF012384F85F3F002384F8693F14
:10B1B00084F86A3FE0E70023C4F8BC3F012384F829
:10B1C000693FD9E7012384F8993F0023C4F8B83FC9
:10B1D00084F8583FD0E7000010B52DED028B0446EF
:10B1E000324BD3ED1C7AF0EEE77A9FED317AF4EE34
:10B1F000C77AF1EE10FA3EDCD3ED1B7AF0EEE77A77
:10B20000F4EEC77AF1EE10FA48DC90EDDF7A00F246
:10B21000AC43D3ED037ADFED276A37EE667AB0EE02
:10B22000C77A77EEE67AF0EEE77AB0EE678AB4EEA8
:10B23000E77AF1EE10FA01DDB0EE478A04F6087302
:10B24000DFED1D0A93ED000A05F0D8FDB0EEC00A4F
:10B2500078EE407AF5EEC07AF1EE10FA1BD49FED4D
:10B26000177AF4EEC77AF1EE10FACCBF012300236F
:10B270000022134315D0D4F8A03FC72B02D80133C6
:10B28000C4F8A03FD4F8A00FC72894BF0020012025
:10B29000BDEC028B10BDDFED0A7AE0E7012200234E
:10B2A000E7E70023C4F8A03FECE700BF3C670020BD
:10B2B000DB0F493FDB0FC93F0AE81C41C2B8B23E71
:10B2C00000000000034690F85B2F4AB190F8680F29
:10B2D00038B1D3F8C03FB3F5FA7F02D200207047EF
:10B2E0001046704730B583B004464D4AD2ED057A1A
:10B2F000FDEEE77A17EE903AD2ED047AFCEEE77AAB
:10B30000CDED017A9DF8045090F86B2F0AB1012B16
:10B3100030D0032B18BF002B0CBF0122002284F871
:10B320006B2F5ABB94F8982F032A2ED0022A2FD0C5
:10B33000012B3FD094F8693F23B194F86A3F0BB1D9
:10B34000042A3ED0012A48D022B92046FFF744FF04
:10B3500000284ED100212046FFF7FAFE94F85A3F0C
:10B36000012B4DD084F85A5F94F8583F002B51D1EF
:10B3700003B030BD012280F86A2FCAE784F85A5F13
:10B3800004212046FFF7E4FEF2E784F85A5FEFE776
:10B3900084F85A5F94F8992F002AE9D1012B04D040
:10B3A00000212046FFF7D4FEE2E701212046FFF707
:10B3B000CFFEDDE784F85A5F01212046FFF7C8FE83
:10B3C000D6E784F85A5F002384F86A3F84F8693F1F
:10B3D00001212046FFF7BCFECAE784F85A5F2046E9
:10B3E000FFF770FF0028C3D000212046FFF7B0FE12
:10B3F000BEE784F85A5F04212046FFF7A9FEB7E7AD
:10B40000022DAFD194F8993F002BABD1012384F8E2
:10B41000583FA7E702212046FFF79AFEA8E700BFA2
:10B42000C470002008B5034690F8981F00F6F46237
:10B43000106803F68412106303F6F8600068506326
:10B4400003F6EC600068906303F56F600068D063FA
:10B4500003294BD0D3F8CCC303F2AC4292ED175A78
:10B46000D3EDF54A516E03F60472D2ED002A03F6CD
:10B47000FC6292ED003A03F60C72D2ED003A204ADB
:10B4800092ED064AD2ED1C5A92ED056AD3EDE46ABC
:10B4900003F21C4292ED007A03F2AC42D2ED087A3C
:10B4A000D2F8ACE093F89A2F03F68410C0ED002A8E
:10B4B00080ED013AC0ED023A80ED034AC0F810C0B9
:10B4C000C0ED054A80ED065AC161C0ED085A80ED15
:10B4D000096AC0ED0A6A80ED107AC0ED0B7AC0F8F7
:10B4E00044E083F8B42A01F001FE08BD044AD2F812
:10B4F00070C0516904EE901A05EE10CAB3E700BFA0
:10B500003C67002038B50446002380F8593F00F618
:10B5100054720023136000F64472136000F6487200
:10B52000136000F64C72136000F57562136000F64C
:10B53000DC62136000F56E6213602A4AC0F898233B
:10B54000294BC0F89C3300F2AC45AA62EB6200F5CF
:10B550005C7001F081FF284601F07EFF94F8C8334B
:10B5600073B394F804355BB3D4F8A423D4F8A013D0
:10B57000D5ED0D7AF1EE677A95ED0C7AB1EE477A5A
:10B5800004F64473196004F648731A6004F64C73A9
:10B5900083ED007A04F57563C3ED007A04F6547305
:10B5A0004FF07C521A60012384F8593F0F4B93ED02
:10B5B000057AF7EE007AB4EE677AF1EE10FA00D071
:10B5C00038BD2046FFF72EFF04F68413D3F8201170
:10B5D00004F6DC621160D3F8243104F56E64236054
:10B5E000EEE700BFC3F5C83FCDCC4C3EC470002091
:10B5F00010B500F56D63196800F6E4631A6800F28F
:10B600000443196000F581631A6000F6D4631A6878
:10B6100000F6E8631B6800F2AC44C4F89420C4F858
:10B62000983000F55C7001F0F7FF204601F0F4FF60
:10B6300010BD000030B585B0044690F85F3F002B88
:10B6400063D1D4F89C3F3BB984F85B3F84F8683FF2
:10B65000C4F8C03FC4F8B03F41F28732934202D8E9
:10B660000133C4F89C3F2046FFF7DCFE02AB03AA7F
:10B67000DFED8E0A9FED8E0A04F55C712046FFF720
:10B6800017FD04F2AC456B4601AADFED880A9FED79
:10B69000880A29462046FFF70BFDD4EDE07A94EDA9
:10B6A000E87A77EEC77AF0EEE77A94EDE17AD4EDB6
:10B6B000E96A37EE667AB0EEC77AD5ED046A95EDA1
:10B6C0000C6A76EEC66AF0EEE66A95ED056AD5ED8F
:10B6D0000D5A36EE656AB0EEC66ADFED765AF4EEC4
:10B6E000E57AF1EE10FA41D5B4EEE57AF1EE10FA12
:10B6F0006ED5F4EEE56AF1EE10FA6BD5B4EEE56ABC
:10B70000F1EE10FA68D4002331E003F049FD01287E
:10B7100005D104F1800003F043FD012816D004F6A2
:10B72000DC620023136004F56E62136004F56D6241
:10B73000136004F6D462136004F6E462136004F646
:10B74000E86213602046FFF753FFADE004F5807018
:10B7500003F026FD0128E2D104F5C07003F020FDBE
:10B760000128DCD1002384F85F3F6AE70023D4ED91
:10B77000E27AF0EEE77A9FED507AF4EEC77AF1EED6
:10B7800010FA2BD5D4EDE37AF0EEE77AF4EEC77A2F
:10B79000F1EE10FA22D504F2AC42D2ED067AF0EEC8
:10B7A000E77AF4EEC77AF1EE10FA17D5D2ED077A00
:10B7B000F0EEE77AF4EEC77AF1EE10FA0ED56BB13F
:10B7C000D4F8B03FC72B0CD80133C4F8B03F08E021
:10B7D0000023CCE70023CAE70123C8E70023C4F80D
:10B7E000B03FD4F8B03FC72B02D9012384F8683F9B
:10B7F00094F8683F3BBBD4F8F42304F6DC631A608A
:10B8000004F2AC43D3F8842004F56E631A6004F6A6
:10B81000047300221A6004F6F8631A60274BD3ED14
:10B820001C7AF0EEE77A9FED267AF4EEC77AF1EE15
:10B8300010FA18D5D4F8C03FB3F5FA7F16D2013309
:10B84000C4F8C03F12E004F68413D3F8201104F6C4
:10B85000DC621160D3F8242104F56E631A600123C1
:10B8600084F85B3FDAE70023C4F8C03F039BC4F8C9
:10B87000FC3304F58063029A1A6004F2AC43019A27
:10B88000C3F88C20009AC3F89020D4F89C2F41F282
:10B8900087339A4208D90023C4F89C3FC4F8B03FCC
:10B8A00084F8683FC4F8C03F05B030BDCDCCCC3D76
:10B8B000DB0FC93FEC51383E0AD7233D3C670020DF
:10B8C000C2B8B23D38B52DED028B0446B0EE418AC8
:10B8D000F0EE618AD0F8903300F6B820836404F269
:10B8E000AC431B6A04F63835AB6480ED110AC5ED34
:10B8F000110A02F0F3FE30EE081A04F56D6383EDD1
:10B90000001A284602F0EAFE70EE281A04F6D46403
:10B91000C4ED001ABDEC028B38BD00F68413D3F8D9
:10B92000201100F6DC621160D3F8241100F56E627C
:10B930001160D3F8281100F6E4621160D3F82C31BD
:10B9400000F6E8600360704738B52DED068B0446BD
:10B9500000F61473D3ED007A90F89A3F13B3DFED3D
:10B96000497AF0EE679AB0EE679ADFED477AF0EE2B
:10B97000678AB0EE678A2046FFF754FD2046FFF73E
:10B98000CCFFF0EE691AB0EE491AF0EE680AB0EE9C
:10B99000480A2046FFF796FF2046FFF729FEBDEC38
:10B9A000068B38BDB0EE67AA90EDF30A05F0DCF91E
:10B9B0009FED368A20EE089A04F2AC4595ED170A01
:10B9C00005F0D2F960EE089AD4EDE47AB0EE678A19
:10B9D00094EDF30A05F0C8F920EE088AD5ED088A3F
:10B9E00095ED170A05F0C0F920EE280A78EE007AE6
:10B9F000B6EE007A67EE877ADFED256A87EEA67AE3
:10BA0000DFED247A67EE277A04F6FC6393ED007A83
:10BA100067EE877A204D95ED067A27EE878AF2EE5B
:10BA20000E7A67EE277AB0EEC77A67EE878A04F659
:10BA3000384000234364EB6E836402F04FFE79EEDE
:10BA4000007A77EEA87A77EEC87AB0EE679A39EE88
:10BA5000C00A30EE680A70EE087AF0EE679A95ED4B
:10BA60001B0ADFED0E0ADFED0E7A20EE270AFEF745
:10BA70004FFF3AEE407AB0EE478A7AEE007AF0EE67
:10BA8000678A78E700000000CDCCCC3E58807B422E
:10BA9000CDCC4C3F022BCD403C6700208FC2F53C03
:10BAA000CDCC4C3EF8B52DED048B044690F8996F43
:10BAB000D0F8B83F0133C0F8B83F022E21D0032E92
:10BAC0003DD0012E49D190EDF30A05F04DF99FEDDF
:10BAD000478A60EE087AF0EE678A04F2AC4393ED91
:10BAE000170A05F041F960EE087AB0EE679AD4F8CB
:10BAF000B83FC72B62D8354600231F469FED3C8ACE
:10BB000036E090EDF30A05F02FF99FED388A60EEEC
:10BB1000087AF0EE678A04F2AC4393ED170A05F059
:10BB200023F960EE087AB0EE679AD4F8B83F952B07
:10BB30004AD8354601231F469FED2E8A18E0632B15
:10BB400048D8354601231F46DFED2B7AB0EE679AC1
:10BB5000F0EE678A9FED268A0AE0354600231F46ED
:10BB6000DFED257AB0EE679AF0EE678A9FED208AC6
:10BB70002046FFF757FC2046FFF7CFFEF0EE491AAC
:10BB8000B0EE681AF0EE480AB0EE480A2046FFF719
:10BB900099FE37B104F6DC6300221A6004F56E6387
:10BBA0001A602046FFF724FDB54204D084F8995F5F
:10BBB0000023C4F8B83FBDEC048BF8BD00231F463A
:10BBC0009FED0B8A0225D3E701231F469FED098ACB
:10BBD0000325CDE701231F46DFED077AB0EE679A14
:10BBE000F0EE678A9FED028A0025C1E7218151426C
:10BBF0001F856B3EF628DC3E00000000174BD3ED9E
:10BC0000057AB0EE087AF4EE477AF1EE10FA1AD01F
:10BC1000F5EE407AF1EE10FA15D000F21C4393EDE8
:10BC2000007AF3EE047AB4EEE77AF1EE10FA0ED56C
:10BC300000F2AC4393ED2B7AB4EEE77AF1EE10FA12
:10BC400009D5012304E0002380F89A3F70470023C0
:10BC500080F89A3F70470023FAE700BFC4700020C5
:10BC600038B52DED028B044600F6DC6393ED000A37
:10BC7000B1EE400A00F5007004F0BDF804F56E6303
:10BC800093ED000A04F52E7004F0B5F804F5806316
:10BC90009FED208A93ED002AF0EE481AB0EE481A84
:10BCA000F0EE480AB0EE480A04F1800003F08AFA88
:10BCB00094EDFF2AF0EE481AB0EE481AF0EE480A6A
:10BCC000B0EE480A204603F07DFA04F2AC4595ED4B
:10BCD000242AB1EE422AF0EE481AB0EE481AF0EEED
:10BCE000480AB0EE480A04F5C07003F06BFA95ED0F
:10BCF000232AB1EE422AF0EE481AB0EE481AF0EECE
:10BD0000480AB0EE480A04F5807003F05BFABDEC17
:10BD1000028B38BD0000000038B52DED028B0446C3
:10BD200000F6DC6393ED000AB1EE400A00F5007006
:10BD300004F061F804F56E6393ED000A04F52E70CB
:10BD400004F059F894F8593F5BB304F6547504F6BF
:10BD50004473D5ED000A93ED000A204603F05BFA28
:10BD600004F64873D5ED000A93ED000A04F1800053
:10BD700003F051FA04F64C73D5ED000A93ED000A76
:10BD800004F5807003F047FA04F57563D5ED000AF9
:10BD900093ED000A04F5C07003F03DFABDEC028B90
:10BDA00038BD9FED118AF0EE480AB0EE480A2046F1
:10BDB00003F031FAF0EE480AB0EE480A04F18000D0
:10BDC00003F029FAF0EE480AB0EE480A04F5807054
:10BDD00003F021FAF0EE480AB0EE480A04F5C0700C
:10BDE00003F019FADAE700BF0000000008B590F888
:10BDF000983F042B03D0032B02D0FFF731FF08BD7F
:10BE0000FFF78AFFFBE7000010B52DED028B04461B
:10BE10009FED368AB0EE480A00F5007003F0EBFFA4
:10BE2000B0EE480A04F52E7003F0E5FF94F8983F51
:10BE3000032B3BD09FED2D8AB0EE482AF0EE481A36
:10BE4000B0EE481AF0EE480AB0EE480A204603F079
:10BE5000B9F9B0EE482AF0EE481AB0EE481AF0EE02
:10BE6000480AB0EE480A04F1800003F0ABF9B0EEE6
:10BE7000482AF0EE481AB0EE481AF0EE480AB0EE42
:10BE8000480A04F5807003F09DF9B0EE482AF0EE00
:10BE9000481AB0EE481AF0EE480AB0EE480A04F527
:10BEA000C07003F08FF9BDEC028B10BDF0EE480AB4
:10BEB000B0EE480A204603F0AEF9F0EE480AB0EEC4
:10BEC000480A04F1800003F0A6F9F0EE480AB0EE4B
:10BED000480A04F5807003F09EF9F0EE480AB0EECF
:10BEE000480A04F5C07003F096F9DCE70000000092
:10BEF00038B50446D0F8BC2F0132C0F8BC2F00F68C
:10BF0000DC6100230B6000F56E610B6000F56D6174
:10BF10000B6000F6D4610B6000F6E4610B6000F684
:10BF2000E8610B6040F6C3139A4228D9D0F8F413A5
:10BF300000F2AC43D3F8843040F6BD20824221D9D0
:10BF400004F6DC62116004F56E62136004F20443CF
:10BF5000114A1A6004F5816100230B6004F2AC45BC
:10BF6000C5F89420C5F8983004F55C7001F054FBD6
:10BF7000284601F051FB2046FFF772FE38BDFFF75F
:10BF800043FFFBE704F6DC62116004F56E621360A8
:10BF90002046FFF765FEF1E70000704208B590F813
:10BFA000983F022B10D006D9032B10D0042B0AD1B6
:10BFB000FFF79EFF07E023B1012B04D1FFF73AFB07
:10BFC00001E0FFF7C1FC08BDFFF76CFDFBE7FFF7E1
:10BFD00099FAF8E7024B9B6800F61470036070470B
:10BFE000C4700020084BD96800F56F621160D3ED72
:10BFF000007AF1EE677A00F6F463C3ED007A00F69A
:10C00000F860002303607047C470002010B5044638
:10C0100090F8983F63B1032B10D000F6F462002330
:10C02000136000F56F62136000F6F864236010BDC2
:10C03000FFF7D0FF2046FFF7D5FFF8E7FFF7D2FF65
:10C04000F5E710B50446FFF74DF92046FFF7DEFF90
:10C0500010BD10B50446FFF7F4FF2046FFF79EFF22
:10C060002046FFF7C3FE10BD70B52DED028B0446D0
:10C0700090EDFD8A00F5007003F0BAFE38EE408ABC
:10C08000374DD5ED057A38EE278A04F6247686ED0D
:10C09000008A04F52E7003F0ABFE04F2AC43D3ED3E
:10C0A000217A30EE270AD5ED057A30EE270A04F61C
:10C0B000287383ED000AD6ED007A9FED2A7A67EEA9
:10C0C000877A04F61C73C3ED007A20EE070A04F5A4
:10C0D000726383ED000A77EE807AB6EE007A67EE3F
:10C0E000877A04F61876C6ED007A04F5746003F0DA
:10C0F00043FF04F68C7383ED000A04F57062D2ED01
:10C10000007A96ED007A20EE070A77EE807AC2ED8B
:10C11000007AD4F8EC2582ED007AD4F8EC25696B2E
:10C120005160D4F8E8261B68536004F5BD6002F046
:10C1300023F9D4F8D036196804F6FC6211605A6805
:10C1400004F608731A6004F60474D4ED007A9FEDC7
:10C15000067A77EE877AC4ED007ABDEC028B70BD6B
:10C160003C6700208FC2753D0000000010B50446FA
:10C17000FFF77AFF2046FEF7ADFE2046FFF73EFDB3
:10C1800010BD00F5796080ED000A704708B5FEF734
:10C190008FFC08BD10B5054C2046FEF791FC2046EB
:10C1A000FEF722FD2046FEF7EFFC10BD6857002089
:10C1B00008B50248FEF72AFE08BD00BF68570020F8
:10C1C00010B5044C204600F0D5FA204600F0E0FA05
:10C1D00010BD00BFC467002008B5024800F084FD10
:10C1E00008BD00BFC467002010B5084C204603F00E
:10C1F000DDF804F5807003F0D9F804F1800003F055
:10C20000D5F804F5C07003F0D1F810BD68570020D0
:10C2100010B5054C204603F043FE04F1B80003F0CE
:10C220003FFE03F0EBFD10BD6859002008B5024841
:10C23000FFF70FFF08BD00BF6857002008B5024890
:10C24000FFF794FF08BD00BF6857002008B5024BF8
:10C250009B68984708BD00BF2000002038B51A4BE6
:10C260001A6F1A4CE2605B6F2361194D95F8983F85
:10C2700007EE903AF8EEE77AC4ED057A05F1800012
:10C2800002F08EFF07EE900AF8EE677AC4ED067AA8
:10C2900005F5C07002F084FF07EE900AF8EE677AA9
:10C2A000C4ED077A284602F07BFF07EE900AF8EE0D
:10C2B000677AC4ED087A05F597631B686362D5F861
:10C2C0007C33A36238BD00BF3C670020186F00209C
:10C2D0006857002010B52DED048B0446D0ED009A70
:10C2E00069EEA97A90ED019A29EE097A77EE877ABC
:10C2F000D0ED028A28EEA87A77EE877A90ED038A4D
:10C3000028EE080A37EE800A04F0A6FDDFED0E7A6B
:10C31000B4EEE70AF1EE10FA13DDB7EE007AC7EEDD
:10C32000007A69EEA79AC4ED009A29EE279A84ED67
:10C33000019A68EEA78AC4ED028A28EE278A84ED66
:10C34000038ABDEC048B10BDBD37863508B503F0FC
:10C35000E1FB08BD92ED026A66EE067AF6EE006A2F
:10C3600076EEE77A92ED037A67EE075A77EEE57A92
:10C37000D0ED005A67EEA57AD2ED014A66EE245A56
:10C3800092ED005A27EE054A75EEC45A90ED014A27
:10C3900065EE845A77EEA57A27EE247A26EE056AB2
:10C3A00037EE067A90ED026A27EE067A77EE877A04
:10C3B00077EEA77AC1ED007AD2ED015A92ED027ABA
:10C3C00065EE877AD2ED004A92ED035A24EE856A33
:10C3D00077EE867A90ED006A67EE867A25EEA56A9A
:10C3E00036EEC66A25EE054A36EE446A90ED014AFD
:10C3F00026EE046A77EE867A27EE057A65EEA45A71
:10C4000037EE657A90ED026A27EE067A77EE877A44
:10C4100077EEA77AC1ED017AD2ED015A92ED037A57
:10C4200065EE877A92ED005A92ED026A65EE064A51
:10C4300077EEE47AD0ED004A67EEA47A27EE067A2A
:10C4400025EE855A37EE057A90ED015A27EE057AEA
:10C4500077EE877A65EEA55A76EEE56A26EE066AED
:10C4600076EEC66A90ED027A66EE876A77EEA67A75
:10C4700077EEA77AC1ED027A704792ED026A66EE16
:10C48000067AF6EE006A76EEE77A92ED037A67EEC8
:10C49000075A77EEE57AD0ED005A67EEA57AD2ED2D
:10C4A000014A66EE245A92ED005A27EE054A75EECF
:10C4B000845A90ED014A65EE845A77EEA57A27EE0C
:10C4C000247A26EE056A37EE467A90ED026A27EE68
:10C4D000067A77EE877A77EEA77AC1ED007AD2ED09
:10C4E000015A92ED027A65EE877AD2ED004A92ED1A
:10C4F000035A24EE856A77EEC67A90ED006A67EEFD
:10C50000867A25EEA56A36EEC66A25EE054A36EE2F
:10C51000446A90ED014A26EE046A77EE867A27EEA9
:10C52000057A65EEA45A37EE257A90ED026A27EE79
:10C53000067A77EE877A77EEA77AC1ED017AD2EDA7
:10C54000015A92ED037A65EE877A92ED005A92EDE8
:10C55000026A65EE064A77EEA47AD0ED004A67EEED
:10C56000A47A27EE067A25EE855A37EE457A90EDC5
:10C57000015A27EE057A77EE877A65EEA55A76EEB0
:10C58000E56A26EE066A76EEC66A90ED027A66EEF7
:10C59000876A77EEA67A77EEA77AC1ED027A7047BE
:10C5A00030B52DED028B87B00023039304935C4BD1
:10C5B00005935C4803F0E0FC5B4B83ED000A5B4BAA
:10C5C000D3ED007A77EE807AC3ED007A584D2B6870
:10C5D000584CE3616B682362AB686362D5ED037A04
:10C5E0009FED558A67EE887AC4ED047AD5ED047A1A
:10C5F00067EE887AC4ED057AD5ED057A67EE887A1C
:10C60000C4ED067AC4ED1F7A6B6A2360AB6A63607F
:10C61000EB6AA3602B6BE3602046FFF75BFE2246CC
:10C6200004F140014548FFF795FE224604F14C0114
:10C630004348FFF78FFE224604F158014148FFF7B7
:10C6400089FED5ED067A67EE887AC4ED1B7AD5EDC2
:10C65000077A67EE887A9FED3C7A77EE877AC4EDA9
:10C660001C7AD5ED087A67EE887AC4ED1D7A2246E9
:10C67000694603A8FFF701FF002324E02D4A991D16
:10C6800002EB810191ED016A06A901EB830151EDF5
:10C69000067A36EE676AB7EEC66A03F10A0102EB64
:10C6A000810292ED007AB7EEC77A9FED195B27EE13
:10C6B000057B9FED195B06EE057BB7EEC77B82ED30
:10C6C000007A0133DBB2022BD8D91A4C224604F18E
:10C6D000340104F12800FFF73DFED4ED207A9FEDF0
:10C6E0001B7AF4EEC77AF1EE10FA07DD4FF07E52B6
:10C6F000C4F8842007B0BDEC028B30BDB7EE007AE1
:10C7000077EE877A0B4BC3ED207AF3E7AFF3008027
:10C710009A9999999999B93FCDCCCCCCCCCCEC3F96
:10C7200048E11C4138670020346700203067002052
:10C73000B87100203C67002035FA8E3CD41A0108FD
:10C74000C81A0108BC1A01088FC2F53C00803B459D
:10C75000054B064A9A624FF40052DA85032283F8A9
:10C760003020034A5A637047C46700200060EA46DD
:10C770002CA0994108B5DFED040A9FED040A0222BE
:10C78000052103F0A9F808BD0060EA462CA09941F4
:10C7900010B52DED068B04469FED758ADFED759A79
:10C7A0009FED759ADFED758ADFED753AB0EE483A88
:10C7B000F0EE692AB0EE492AF0EE681A9FED711A80
:10C7C000DFED710A9FED710A00F5A16002F0CBF870
:10C7D0009FED6FAAF0EE483AB0EE483AF0EE692AC3
:10C7E000B0EE492AF0EE681AB0EE681AF0EE4A0A86
:10C7F0009FED680A04F5B66002F0B5F8F0EE483A2D
:10C80000B0EE483AF0EE692AB0EE492ADFED621A3E
:10C810009FED621ADFED620A9FED620A04F2046086
:10C8200002F0A1F8F0EE483AB0EE483AF0EE692A8C
:10C83000B0EE492AF0EE681AB7EE001AF0EE4A0A96
:10C840009FED590A04F5CB6002F08DF841F2707249
:10C850004FF48041F0EE491AB0EE681ADFED530A4A
:10C86000B3EE040A04F2AC6002F05EF8238907EE2E
:10C87000103A4F4B93ED1D6AB7EEC66A9FED384BE9
:10C8800086EE045BB8EEC77B9FED376B05EE067B4B
:10C89000B7EEC77B04F5E06383ED007A0123002245
:10C8A000194604F1380001F0D1F90123002219469C
:10C8B00004F5B67001F0CAF901230022194604F507
:10C8C000287001F0C3F901230022194604F57570A0
:10C8D00001F0BCF9D4F838214FF07E531360D4F83E
:10C8E0004C211360D4F8502132491160D4F8300142
:10C8F000314A0260D4F844010360D4F86C0203604A
:10C90000D4F880020360D4F884020160D4F8641281
:10C910000A60D4F878120B60D4F8A0130B60D4F836
:10C92000B4130B60D4F8B80324490160D4F8980319
:10C930000260D4F8AC030360D4F8D4040360D4F8E4
:10C94000E8040360D4F8EC040160D4F8CC140A6065
:10C95000D4F8E0241360BDEC068B10BDAFF300806B
:10C960004AD8124DFB211940000000000000C040D1
:10C9700000401C460060EA4600000046000000003F
:10C980000080BB4500007A448FC2F53D00408344DF
:10C99000ACC52737E7FBA93D0000C84200806D44C5
:10C9A00000007042008089447D3F0540AE47613EF3
:10C9B0003C670020000020410050C3470000C040F9
:10C9C00070B52DED028B0446438A1E2B17D8BA4B47
:10C9D00093ED057AB7EEC77A9FEDB36B87EE065BF2
:10C9E000038907EE103AB8EEC77B9FEDB16B05EEF9
:10C9F000067BB7EEC77B00F5E06383ED007A04F5B4
:10CA0000E063D3ED007A9FEDAD7AF4EEC77AF1EEF4
:10CA100010FA40F3B08077EEC77AC3ED007AA84BE6
:10CA200093ED1D6AB7EEC66A9FED9F5B86EE057BB0
:10CA30009FED9F6B27EE067BB7EEC77B238907EE42
:10CA4000903AF8EEE77A77EE877A9FED9E7AF4EEE9
:10CA5000C77AF1EE10FA40F39F809FED987A77EE57
:10CA6000C77ABDEEE77A17EE102A974B1A8504F5C0
:10CA7000E06393ED007A77EEC77A914B93ED1F7ADE
:10CA8000924BD3ED006A27EE267A37EE878ADFEDE8
:10CA9000907AB4EEE78AF1EE10FA00F28A80DFEDC8
:10CAA000877A38EE278A884B93F82530002B40F0A0
:10CAB000A280F1EE047AB4EEE78AF1EE10FA08D51E
:10CAC000F9EE047AB4EEE78AF1EE10FA01DD9FED9B
:10CAD000818AE36B83ED008AD4F838314FF07E52BF
:10CAE0001A6004F138031E46184601F045FCD4F8DC
:10CAF000203193ED008A784B1A78784B1B789A4254
:10CB000064D204F5A16594ED000A284601F093FE75
:10CB1000D4ED037AB8EEE70A284601F08FFE70499B
:10CB2000284601F08EFED5ED107AFDEEE77A17EE7D
:10CB3000903A1BB26381D4F8D82307EE903AF8EE0E
:10CB4000E77AC2ED007AD4F838314FF07E521A609D
:10CB5000304601F011FCD4F82031D3ED007AFDEE1F
:10CB6000E77A17EE903A63815B4A137801331370CA
:10CB7000BDEC028B70BD9FED5B7AF4EEC77AF1EEEF
:10CB800010FA7FF54CAF04F5E0639FED4C7A77EE39
:10CB9000877AC3ED007A42E79FED4D7AF4EEC77ACB
:10CBA000F1EE10FA7FF55DAF9FED447A77EE877A6C
:10CBB00057E7DFED447AB4EEE78AF1EE10FAFFF6BC
:10CBC00072AFDFED3E7A38EE678A6CE704F5B66542
:10CBD0009FED400A284601F02EFEB0EE480A284696
:10CBE00001F02CFE284601F0DAFE2B6C23603A4B54
:10CBF00000221A7085E7012BBAD1F2EE047AB4EE66
:10CC0000E78AF1EE10FA08D5FAEE047AB4EEE78A74
:10CC1000F1EE10FA01DD9FED2F8A04F5CB659FED53
:10CC20002D0A284601F007FEB0EE480A284601F01A
:10CC300005FE284601F0B3FE95ED100A84ED000ACA
:10CC400004F20465284601F0F6FDD4ED037AB8EE4F
:10CC5000E70A284601F0F2FD2149284601F0F1FDDE
:10CC6000D5ED107AFDEEE77A17EE903A1BB26381AC
:10CC7000D4F8D82307EE903AF8EEE77AC2ED007ABE
:10CC8000D4F838314FF07E521A6004F1380001F0C8
:10CC900073FBD4F82031D3ED007AFDEEE77A17EE7E
:10CCA000903A638164E700BF4AD8124DFB211940D6
:10CCB000000000000000C04090700020000000460E
:10CCC0003C67002000008045E06E00201C00002032
:10CCD000000080C5000000001400002015000020A6
:10CCE00030000020000000C610B582B00446214B81
:10CCF0005B78012B04D0037C012B04D002B010BD63
:10CD000000234382FAE7FFF75BFE002300930193C1
:10CD1000238907EE903AF8EE677A174B93ED000AF5
:10CD200030EE270ADFED157AB4EEE70AF1EE10FADD
:10CD300014DDDFED137A30EE670ADFED127A20EEB4
:10CD4000670ADFED117A20EE270A1048FFF719FA7B
:10CD5000204602F0E5FD02F0D1FDCFE7DFED0C7AD1
:10CD6000B4EEE70AF1EE10FAE7D5DFED057A30EE22
:10CD7000270AE2E7E06E002018000020000080454E
:10CD800000000046000000390000B443685700204E
:10CD9000000080C508B5FFF7DBFC08BD084A00238A
:10CDA0009362D362136353619361D36113625362DD
:10CDB0001063082382F82A3082F82430704700BFBD
:10CDC000E06E002010B584B00023029303936A46FE
:10CDD000009301931348B0F9281090F929408DF879
:10CDE00000408DF8011041890C0A8DF802408DF841
:10CDF00003108DF804308DF80530437903F00103FA
:10CE00008DF80630037B5B0003F002038DF80730DA
:10CE1000054B5C6890F82A3040F20F11006BA04778
:10CE200004B010BDE06E00205800002084B08DE8F2
:10CE30000F009DF828209DF8293043EA02231BB2F9
:10CE400007EE903AB8EEE76A9DF82A209DF82B305D
:10CE500043EA02231BB207EE903AF8EEE76A9DF828
:10CE60002C209DF82D3043EA02231BB207EE903AA6
:10CE7000F8EEE77A9DF82E209DF82F3043EA022342
:10CE80001BB207EE103AB8EEC77A134A82ED077A62
:10CE9000124B03F6B86181ED006A03F6BC61C1ED87
:10CEA000006AF1EE677A9FED0E6AC7EE866A03F5B7
:10CEB0006C63C3ED006A92F8253053B9094BD3ED8A
:10CEC000007ADFED096A27EE667A77EE877AC3ED9E
:10CED000007A04B0704700BFE06E00206857002061
:10CEE00000004843C46E00208FC2753D84B08DE8B9
:10CEF0000F009DF828309DF8291041EA03219DF884
:10CF00002A20194B9A7052089A709DF82B2002F033
:10CF100001001871C2F3400083F82500C2F3800CB1
:10CF200083F803C0C2F3C0025A70C8B109B207EE59
:10CF3000901AB8EEE77A11B90C4B93ED007A0A4BD0
:10CF4000D3ED077ADFED0A6A67EEE67A094BC3EDA7
:10CF5000007A77EE877A054BC3ED007A04B070470C
:10CF6000044B00221A60F9E7E06E0020C46E002036
:10CF70008FC2F53CDC6E002010B5044600F2311083
:10CF800001F0ECFE0023E360A36063602360E361D3
:10CF9000A3616361236163622362E362A362E3636B
:10CFA000A36363632363636423644FF0000C10E0A6
:10CFB00001EB810302EB4303163304EB83030020F0
:10CFC00018600132D2B2092AF2D90CF1010C5FFAD1
:10CFD0008CFCBCF1030F0DD861460CF1120304EB7D
:10CFE000830300221A600CF1480304EB83031A60E8
:10CFF0000022E8E7002307E003F13E0204EB82028F
:10D00000002111600133DBB2092BF5D9204610BD98
:10D01000D0ED0D7A90ED007A77EEC77AC0ED3E7ACA
:10D02000D0ED0C7A9FED1F7A77EE877A90ED017A3A
:10D0300077EEC77AC0ED3F7AD0ED0E7A90ED027AA6
:10D0400077EEC77AC0ED407AD0ED0F7A90ED037A93
:10D0500077EEC77AC0ED417AD0ED047AF1EE677AC7
:10D06000C0ED427AD0ED057AF1EE677AC0ED437AF1
:10D07000D0ED067AF1EE677AC0ED447AD0ED077A0A
:10D08000F1EE677AC0ED457AD0ED087AF1EE677A75
:10D09000C0ED467AD0ED097AF1EE677AC0ED477AB5
:10D0A000704700BF295C0F3EF0EE407AB4EEE00A14
:10D0B000F1EE10FA01DDF0EE607AB1EE600AB4EE46
:10D0C000E70AF1EE10FA01DCB0EE670A704708B526
:10D0D00000F1580290F83011D0ED0B0A90ED0A0AD9
:10D0E00000F2311001F080FE08BD000010B52DEDFA
:10D0F000028B0446FFF78CFF2046FFF7E8FF002273
:10D1000059E002EB820304EBC303D3ED167A94EDEE
:10D110003E7A67EE877A93ED177AD4ED3F6A27EE71
:10D12000267A77EE877A93ED187AD4ED406A27EE67
:10D13000267A77EE877A93ED197AD4ED416A27EE55
:10D14000267A77EE877A93ED1A7AD4ED426A27EE43
:10D15000267A77EE877A93ED1B7AD4ED436A27EE31
:10D16000267A77EE877A93ED1C7AD4ED446A27EE1F
:10D17000267A77EE877A93ED1D7AD4ED456A27EE0D
:10D18000267A77EE877A93ED1E7AD4ED466A27EEFB
:10D19000267A77EE877A93ED1F7AD4ED476A27EEE9
:10D1A000267A77EE877A02F1120304EB8303C3ED4C
:10D1B000007A0132D2B2032AA3D9F2EE040A94ED26
:10D1C000120A2046FFF770FF84ED480AF2EE040AC7
:10D1D00094ED130A2046FFF767FF84ED490A9FED9F
:10D1E0000B8AF0EE480A94ED140A2046FFF75CFF24
:10D1F00084ED4A0AF0EE480A94ED150A2046FFF73E
:10D2000053FF84ED4B0ABDEC028B10BD00002042A1
:10D2100008B5DFED0B0ADFED0B7A30EE270A03F0DD
:10D22000EFFDB5EEC00AF1EE10FA04D4DFED057A99
:10D2300030EE670A08BDDFED027A30EE270AF5E727
:10D24000DB0FC940DB0F494008B5DFED070A03F0EB
:10D25000D7FDB5EEC00AF1EE10FA00D408BDDFED3F
:10D26000027A30EE270AF9E7DB0FC94010B52DED41
:10D27000048B044690ED040AFFF7CAFF84ED040A0C
:10D2800094ED050AFFF7E0FF84ED050A94ED040A2A
:10D2900003F024FDF0EE408A94ED040A03F064FDEF
:10D2A000B0EE409A94ED050A03F018FDB0EE408A06
:10D2B00094ED050A03F058FDDFED5F6A29EE267A4A
:10D2C00084ED2D7A84ED347A68EEA67AC4ED2E7A58
:10D2D000C4ED357A60EE268AC4ED318AC4ED388A11
:10D2E00028EE268A84ED328A84ED398A78EEC78A60
:10D2F00038EE678A28EEA89A68EE087A39EE279AFF
:10D30000B0EE490A03F0A8FD84ED400ADFED4B7A48
:10D3100068EEA78AC4ED3E8A28EE278A84ED3F8A0C
:10D32000DFED477A39EE279A39EE679A84ED419A14
:10D3300028EEA80A68EE087A30EE270A69EE097A24
:10D3400030EE670AB5EEC00AF1EE10FA70DC9FED20
:10D350003D0A78EE890A38EE400A03F04FFD30EEC0
:10D36000000ADFED397A30EE270A84ED3C0A03F03B
:10D37000B5FCB0EE408A94ED3C0A03F0F5FCD4ED28
:10D380002D0A9FED327A20EE070A70EE800ADFED5B
:10D39000307A60EEA70AC4ED2F0AC4ED360A94ED88
:10D3A0002E0A28EE078A30EE080A20EE270A84EDBE
:10D3B000300A84ED370A03F021FD84ED030AFFF7FC
:10D3C00043FFB0EE408A84ED030A94ED2F9A29EED4
:10D3D000090AD4ED308A68EEA87A30EE270A03F005
:10D3E0003BFD84ED080A94ED320AD4ED310A79EE62
:10D3F000600A38EEC00A03F001FD84ED3D0ADFED5E
:10D40000157A38EE670AD4ED027A30EE270A84EDF9
:10D41000170A03F063FC94ED170A03F0A5FCD4EDA2
:10D42000087A67EE807AC4ED187ABDEC048B10BDE3
:10D4300003F012FD8DE700BF423EE83D713D8A3E9C
:10D44000994C953C00000000DB0FC940713D0A3E3D
:10D450007B09ED3FDB0FC93F10B52DED048B044672
:10D4600090ED0A0AFFF7F0FEF0EE408A03F036FC7A
:10D47000B0EE408AB0EE680A03F076FC94ED0B7AC9
:10D48000DFED607A27EE277A60EE077AC4ED0E7A38
:10D4900028EE070A84ED0F0A20EE008A9FED5A7AE3
:10D4A00077EE876A77EEC77A66EEA66A76EE886AC6
:10D4B0009FED566A76EEC66AC4ED106A9FED547A07
:10D4C00020EE077A84ED117A67EEA77A77EE887AF4
:10D4D00077EEC67AC4ED127A27EE070AB1EE006A3B
:10D4E00026EE866A67EE867A30EE670AB0EEE66A66
:10D4F000DFED487AB4EEE76AF1EE10FA72D4B5EED9
:10D50000C00AF1EE10FA6DD476EEA66AF7EE007A54
:10D51000C7EEA68AB1EE479A03F09EFC39EE400AA8
:10D52000F7EE000A20EE280A03F068FC30EE000A4D
:10D53000FFF76EFE84ED0C0AD4ED0E7ADFED326A51
:10D5400037EEA67A77EEE67A27EE077A37EE087A94
:10D55000DFED2E6A37EE667A84ED137AD4ED0F5A3A
:10D560009FED2B6A25EE866AB0EE469A84ED146A2A
:10D5700067EEA77A77EE887A77EEE67AC4ED157AC9
:10D5800026EE060AF1EE006A67EE266A67EEA67AD4
:10D5900030EE670AF0EEC76ADFED1E7AF4EEE76A56
:10D5A000F1EE10FA27D4B5EEC00AF1EE10FA22D44B
:10D5B00037EE077AB7EE008AC8EE078A03F04CFC14
:10D5C00030EE490AF0EE480A20EE280A03F016FC75
:10D5D00030EE000AFFF738FE84ED0D0A012384F8CF
:10D5E000583005E0002384F8583000232363636338
:10D5F000BDEC048B10BD002384F858300023236356
:10D600006363F5E7713D0A3F423EE83D994C953C26
:10D61000423EE8BEBD37863590ED427AD0ED257AA0
:10D6200027EE277A90ED446AD0ED266A26EE266A28
:10D6300037EE067A80ED237A90ED437A67EE877AAB
:10D6400090ED457A66EE876A77EEA67AC0ED247A89
:10D650007047000010B52DED088B044690ED3C0A94
:10D66000D0ED3D7A30EE670A03F038FBF0EE40AAC9
:10D67000B0EEC07ADFED697AB4EEE77AF1EE10FA37
:10D6800006D5B5EEC00AF1EE10FA1CDBF0EE67AA83
:10D6900094ED040AD4ED3C7A30EE670A03F01EFBE9
:10D6A000B0EE40AAB0EEC07ADFED5C7AB4EEE77A75
:10D6B000F1EE10FA0AD5B5EEC00AF1EE10FA23DB4E
:10D6C000B0EE67BA04E0DFED56AAE1E7B0EE40BA8B
:10D6D00094ED3D0AD4ED057A30EE670A03F0FEFAC8
:10D6E000F0EE409AB0EEC07ADFED4C7AB4EEE77A15
:10D6F000F1EE10FA0DD5B5EEC00AF1EE10FAC0F257
:10D700008780F0EE67BA06E0DFED457AB0EE67BAE3
:10D71000DEE7F0EE40BA94ED030AD4ED3D7A30EE48
:10D72000670A03F0DBFAF0EE408A94ED030AD4EDC9
:10D730003D7A30EE670A03F017FBB0EE408A94EDB5
:10D74000030AD4ED3C7A30EE670A03F0C7FAB0EE74
:10D75000409A94ED030AD4ED3C7A30EE670A03F068
:10D7600003FBF7EE007A87EEAA5AC7EE8B4AC7EEA4
:10D77000AB5A94ED087A87EE874ADFED2A7A28EED5
:10D78000A76A26EE0A6A26EE056A84ED426A29EE49
:10D79000276A26EE296A26EE056A84ED436A28EE9A
:10D7A000276A26EE0A6A26EE046A26EE056A84EDEA
:10D7B000446A60EE277A67EEA97A67EE847A67EEAC
:10D7C000857AC4ED457ADFED187A60EE276A66EE59
:10D7D000A46AC4ED466ADFED157A67EE277A67EE34
:10D7E000897A67EEA47AC4ED477ADFED117A28EEE4
:10D7F000278A28EE258A84ED488A27EE687A27EE64
:10D80000277A27EE257A84ED497ABDEC088B10BD86
:10D81000DFED037AF0EE67BA7DE700BFBD378635EE
:10D82000BD3786B53D0A57BE876198C0876198406D
:10D830008661984010B52DED028B044690ED467A36
:10D84000D0ED277A27EE277A90ED486AD0ED286A46
:10D8500026EE266A37EE067A80ED297A90ED477A31
:10D8600067EE877A90ED497A66EE876A77EEA67A58
:10D87000C0ED2A7A90ED170A03F030FAB0EE408A34
:10D8800094ED170A03F070FAD4ED087AF7EE006A07
:10D8900086EEA77AD4ED297A67EE807A94ED2A0A8B
:10D8A00020EE080A20EE070A37EEC00A84ED330A9C
:10D8B000D4ED1F7A9FED077A77EE877A9FED067A8F
:10D8C00067EE877A30EE270A84ED2B0ABDEC028BD7
:10D8D00010BD00BFCDCC1C4108AC1C3F10B52DEDD8
:10D8E000048B0446043002F047FB84ED000A94EDFB
:10D8F0003D0AD4ED3C7A30EE670A03F0EFF9F0EE22
:10D90000408AB0EEC07ADFED837AB4EEE77AF1EECA
:10D9100010FA07D5B5EEC00AF1EE10FAC0F2F780A2
:10D92000F0EE678A94ED068ADFED7B9A28EE298A6D
:10D9300094ED040AD4ED3D7A30EE670A03F0CEF997
:10D9400028EE008A94ED079A29EE299A94ED3D0A73
:10D95000D4ED057A30EE670A03F0C0F929EE009A9B
:10D9600038EE098A88EE287A9FED6C9AC7EE097A1C
:10D97000C4ED1D7A94ED040A03F0B0F9F0EE409A7C
:10D9800094ED040A03F0F0F9F0EE408A94ED3C0ABD
:10D9900003F0A4F9B0EE408A94ED3C0A03F0E4F9F8
:10D9A00094ED067ADFED5E7A27EE277A67EE297A24
:10D9B000C4ED4A7A27EE687A84ED4B7AD4ED1D6A7D
:10D9C00066EE896A26EE888A77EEC87A9FED556AF8
:10D9D00067EE867AC4ED4C7A66EE806A37EE260AE8
:10D9E00020EE060A84ED4D0A94ED087AB7EE006A3F
:10D9F000C6EE076A26EEA65AD4ED2F5A20EE257AF7
:10DA000094ED306A67EE864A37EE647A27EE057A3F
:10DA100084ED217A67EEA57A20EE060A77EE807A09
:10DA200067EEA67AC4ED1E7AD4ED097A37EE277A2E
:10DA3000D4ED3A7ADFED3C6A67EEA67A77EE877A24
:10DA4000C4ED197A94ED170A03F048F9B0EE408A54
:10DA500094ED170A03F088F994ED1E5A65EE007AEA
:10DA600094ED086A26EE087AD4ED195A27EE257A45
:10DA700077EEC77AC4ED1A7AD4ED206A9FED2B7A3F
:10DA800066EE876AD4ED3B7A75EE677ADFED283A69
:10DA900067EEA37A94ED004A87EE843A76EE836AC5
:10DAA000C4ED206AD4ED1B7A67EE877A94ED3A7A5A
:10DAB00035EEC77A27EE237AC7EE043A77EEA37ADB
:10DAC000C4ED1B7A25EEA54A94ED227A66EE806AB3
:10DAD00037EE667A75EE056A65EEA66A66EE886AC6
:10DAE00037EE267A66EE277A67EE887A77EE277A1F
:10DAF00026EE046A26EE000A37EE800A84ED1F0A3D
:10DB0000C4ED3A5A84ED3B5ABDEC048B10BDDFEDF9
:10DB1000098A07E7BD378635423EE83D713D0A3E3A
:10DB2000423EE8BD7B09ED3F00000000295C4F3F0D
:10DB30005C8F423EBD3786B570B50446002505743E
:10DB4000414E3388827B03FB02F24168D0F8F40037
:10DB500003F098FE3388A27B03FB02F2294660683B
:10DB600003F04CFE3388A27B02FB03F303FB02F2BB
:10DB70002946D4F8180103F041FE3388227B02FBCA
:10DB800003F3A27B03FB02F22946D4F80C0103F055
:10DB900035FE294601E00131C9B2A37B8B422AD967
:10DBA000D4F8F4304FEA810E03EB8102D2ED007A13
:10DBB000F5EE407AF1EE10FAEDD0227C03EB820311
:10DBC000C3ED007A626A237CD154A269D4F80C3187
:10DBD000207B257C666916F801C005FB00CC6FF040
:10DBE0004040604403EB8003724412681A60237C57
:10DBF00001332374CFE700230FE0E069616A11F875
:10DC000003C0D4F8181102FB033201EB820100EBD0
:10DC10008C0002680A600133DBB2227C9A42ECD8A5
:10DC2000A4F87820237BA4F87A30A4F88030A4F8F4
:10DC30008220A4F89020A4F89220A4F89830A4F8A8
:10DC40009A20A4F8482070BD166F00202DE9F047F7
:10DC500004460D4691461E46DFF8B4830423A8F817
:10DC60000030EA4B08221A80017380F80D90867309
:10DC700000270774304603F00FFD606132463946D5
:10DC800003F0BCFDB8F800A006FB0AFA504603F00A
:10DC900003FDA0615246394603F0B0FDB8F800A07C
:10DCA0000AFB06FA504603F0F7FCE061524639469B
:10DCB00003F0A4FDB8F800A005FB0AFA504603F0F3
:10DCC000EBFC20625246394603F098FD304603F0E3
:10DCD000E3FC60623246394603F090FDB8F800A0DC
:10DCE0000AFB05FA504603F0D7FC2060524639463D
:10DCF00003F084FDB8F800A00AFB06FA504603F0D2
:10DD0000CBFC60605246394603F078FDB8F800A0BD
:10DD100009FB0AFA504603F0BFFCA06052463946A0
:10DD200003F06CFDB8F800A00AFB05FA504603F0BA
:10DD3000B3FCC4F8E8005246394603F05FFDD4F85E
:10DD4000E8300122217B04F1300002F059FFB8F8DD
:10DD5000008008FB05F8404603F09EFCC4F8EC0088
:10DD60004246394603F04AFDD4F8EC300122217BCB
:10DD700004F1380002F044FFB9F1000F40F04A818D
:10DD8000DFF88C82B8F8007006FB07F7384603F01E
:10DD900083FCC4F8F4003A46002103F02FFDD4F8C8
:10DDA000F4300122A17B04F1480002F029FFB8F809
:10DDB000007005FB07F705FB07F7384603F06CFC1E
:10DDC000C4F8F8003A46002103F018FD217BD4F88E
:10DDD000F8300A4604F1500002F012FFB8F8007063
:10DDE00005FB07F705FB07F7384603F055FCC4F8B9
:10DDF000FC003A46002103F001FD217BD4F8FC3001
:10DE00000A4604F1580002F0FBFEB8F8007005FB6A
:10DE100007F705FB07F7384603F03EFC8246C4F8D7
:10DE20000001384603F038FCC4F804013A460021EA
:10DE3000504603F0E3FCB8F8002005FB02F205FBB6
:10DE400002F20021D4F8040103F0D8FC217BD4F8BD
:10DE500000310A4604F1600002F0D2FE217BD4F8C2
:10DE600004310A4604F1680002F0CAFEB9F1000F5D
:10DE700040F0E680664FB7F800A00AFB06F909FB00
:10DE800005F9484603F008FC8046C4F80C010AFB7B
:10DE900005F006FB00F003F0FFFBC4F810014A4652
:10DEA0000021404603F0AAFC3A8805FB02F206FB7B
:10DEB00002F20021D4F8100103F0A0FCD4F80C31D8
:10DEC000227BA17B04F1780002F09AFED4F8103195
:10DED000A27B217B04F1800002F092FEB7F8008063
:10DEE00008FB05F808FB05F8404603F0D5FBC4F82D
:10DEF00014014246002103F081FC217BD4F8143147
:10DF00000A4604F1880002F07BFEB7F8008008FBA7
:10DF100006F808FB06F8404603F0BEFBC4F81801FB
:10DF20004246002103F06AFCA17BD4F818310A466E
:10DF300004F1900002F064FE3B8803FB05F505FB4D
:10DF400006F6304603F0A8FBC4F81C013246002157
:10DF500003F054FCD4F81C31A27B217B04F198001F
:10DF600002F04EFE3E88277B07FB06F606FB07F510
:10DF7000284603F091FB8046C4F82001284603F0B0
:10DF80008BFBC4F82401284603F086FBC4F8280163
:10DF9000304603F081FBC4F82C01304603F07CFBD3
:10DFA000C4F8300143463A46394604F1A00002F075
:10DFB00027FE217BD4F824310A4604F1A80002F0A0
:10DFC0001FFE217BD4F828310A4604F1B00002F08C
:10DFD00017FED4F82C310122217B04F1B80002F0A5
:10DFE0000FFED4F830310122217B04F1C00002F091
:10DFF00007FE002384F8283084F8293084F82A307A
:10E0000084F82B3084F82C30BDE8F087146F0020A2
:10E01000166F0020164B1F8807FB09F7384603F0E0
:10E020003BFBC4F8F0003A46002103F0E7FBD4F8CC
:10E03000F0300122617B04F1400002F0E1FD9FE637
:10E04000B8F8003005FB03F303FB09F9484603F079
:10E0500023FBC4F808014A46002103F0CFFBD4F8A3
:10E060000831627B217B04F1700002F0C9FD01E7F9
:10E07000166F002038B50446C37B63B1FFF75CFD23
:10E080000E4B1B88627B03FB02F2A168D4F8F00000
:10E0900003F0F8FB38BD094D2B88827B03FB02F2AD
:10E0A0004168D0F8F40003F0EDFB2B88A27B03FB62
:10E0B00002F20021606803F0A1FBE1E7166F002087
:10E0C00090F82830CBBB70B50446437B5BB3037B31
:10E0D000A0F8B8304FF00105A0F8BA5000F1B8032D
:10E0E0001E461A4600F13001603002F0E7FB84F86A
:10E0F000C800237BA4F8C030A4F8C25004F1C003C8
:10E100001D461A4604F1400104F1700002F0D6FBEE
:10E1100084F8C80004F138022946304602F074FD44
:10E1200084F8C80070BD00F1380200F130016030A1
:10E1300002F0C4FB84F8C800F4E77047F8B590F823
:10E14000293003B1F8BD044600F160031E4600F11A
:10E15000680217461146184602F0E8FA84F8C8002B
:10E1600004F158031D461A4604F15001304602F0EE
:10E17000A5FB84F8C800B4F85830A4F8A830B4F867
:10E180006A30A4F8AA3004F1A800064602463946CF
:10E19000284602F093FB84F8C8002A4604F188015F
:10E1A000304602F031FD84F8C800CBE72DE9F84392
:10E1B00090F82A300BB1BDE8F883044600F17803EB
:10E1C0001E4600F1800217461146184602F0AEFACC
:10E1D00084F8C800B4F87830A4F8A830B4F85A30FD
:10E1E000A4F8AA3004F1580304F1A8010D460A4628
:10E1F00099461946304602F061FB84F8C800B4F82D
:10E20000A830A4F8B030B4F88230A4F8B23004F1E9
:10E21000B0031E461A463946284602F04FFB84F8E2
:10E22000C800B4F89030A4F8A030B4F89230A4F844
:10E23000A23004F1A00398461A4604F1900130463A
:10E2400002F0E2FC84F8C8003146404602F0DAFBF6
:10E2500084F8C800B4F85830A4F8A830B4F8823074
:10E26000A4F8AA302A463946484602F027FB84F82B
:10E27000C80004F198023146284602F01FFB84F8DA
:10E28000C80098E790F82B3003B170472DE9F041B2
:10E290000446B0F87830A0F8B8304FF00106A0F886
:10E2A000BA6000F1380300F1B802154698461946E5
:10E2B000783002F003FB84F8C800B4F84830A4F8C2
:10E2C000C030A4F8C26004F1C0031F461A462946B4
:10E2D00004F1480002F088FA84F8C800B4F89830D5
:10E2E000A4F8B830A4F8BA602A46394604F1980078
:10E2F00002F0E4FA84F8C80004F1300229464046EE
:10E3000002F082FC84F8C800BDE8F081F8B590F80E
:10E310002C3003B1F8BD0446B0F89830A0F8A8300E
:10E32000B0F87A20A0F8AA20A0F8B030B0F85A309F
:10E33000A0F8B23000F1A8031F461A4600F1780198
:10E34000983002F0BBFA84F8C80004F158031D4667
:10E3500004F1B0010E460A461946384602F0AEFAFC
:10E3600084F8C80004F150023146284602F03CFA15
:10E3700084F8C800CEE7000038B50446FFF77AFEFF
:10E38000D4F8CC300BB1204698472046FFF798FED2
:10E39000D4F8D0300BB1204698472046FFF7CEFE88
:10E3A000D4F8D4300BB120469847237C0BB9E37BDB
:10E3B000CBB92046FFF7FAFED4F8D8300BB120468F
:10E3C00098472046FFF75EFFD4F8DC300BB12046BB
:10E3D00098472046FFF79AFFD4F8E0300BB120466B
:10E3E0009847002319E0214D2B88227B03FB02F282
:10E3F000D4F8EC10D4F8E80003F044FA2B88227B20
:10E4000002FB03F303FB02F2D4F8FC10D4F8F8008B
:10E4100003F038FAE0E70133DBB2227B9A4214D9E9
:10E42000D4F8F81002FB033201EB820292ED007A7D
:10E43000216A01EB8301D1ED007AB4EEE77AF1EEC7
:10E4400010FAE8D5C2ED007AE5E7084B1B8803FB1C
:10E4500002F2D4F8E810206803F014FAD4F8E4309B
:10E460000BB120469847206838BD00BF166F0020CA
:10E47000002343648364C364036543658365C365A4
:10E48000036643668366C36603674367C367054BDA
:10E490005B68836700220023C0E90823002380F81B
:10E4A00028307047001000E0D0ED017A90ED147A2A
:10E4B000D0ED156A37EE267AF6EE006A27EE267A58
:10E4C00067EE877A90ED1F7A67EE877AC0ED1A7A49
:10E4D0007047D0ED147A90ED177A27EE877AB5EE73
:10E4E000C07AF1EE10FA20DDF0EEE77A90ED0E7AC8
:10E4F000F4EEC77AF1EE10FA17D9D0ED0D6A37EEC7
:10E50000266AF4EEC67AF1EE10FA0CD890ED1A6A8B
:10E5100076EEE77A37EE277AC7EE267A66EE277A26
:10E52000C0ED1A7A7047002383667047D0ED176AF2
:10E5300090ED1A7A36EE877AD0ED167A77EE877AF2
:10E5400090ED186A77EE867AF0EEE77A90ED046A3D
:10E55000F4EEC67AF1EE10FA0ADDD0ED147A66EE2A
:10E56000A76AF5EEC06AF1EE10FA01DD00238366BA
:10E57000D0ED0C7AF4EEC77AF1EE10FA03D5002351
:10E580008366C0ED177AF1EE677AF4EEC77AF1EEA2
:10E5900010FA03DD00238366C0ED177A7047D0EDD3
:10E5A000027A90ED137AD0ED126A37EE667A67EE52
:10E5B000877AD0ED1F6A87EEA67A80ED187A7047C9
:10E5C00090ED186AD0ED1F7A26EE276A90ED107A4A
:10E5D00077EE877AC6EE276A90ED196A27EE067AFB
:10E5E00087EE276A76EE867AC0ED187A704790ED4E
:10E5F0001C6AD0ED1F7A26EE276A90ED0F7A77EE2F
:10E60000877AC6EE276A90ED1D6A27EE067A87EEB6
:10E61000276A76EE867AC0ED1C7A704790ED1C7AF8
:10E62000D0ED047AB4EEE77AF1EE10FA01DDC0ED38
:10E630001C7A90ED1C7AF1EE677AB4EEE77AF1EE8F
:10E6400010FA01D5C0ED1C7A7047000090ED1C7ADD
:10E65000B0EEC77AD0ED047ADFED1D6A67EEA67AD8
:10E66000B4EEE77AF1EE10FA2BD4D0ED117AB0EED9
:10E67000E77ADFED186AB4EEE67AF1EE10FA20D40C
:10E68000D0ED126A77EEE67AF0EEE77AC7EE876AA7
:10E69000DFED117AF4EEE76AF1EE10FA12DD036AAB
:10E6A000426A013342F1000203624262016A436A34
:10E6B00040F2F512914273F1000302D3012380F876
:10E6C0002830704700220023C0E90823EEE700BF8E
:10E6D0006F12833A17B7D1383333733F10B50446FE
:10E6E00090F91830002B6FDB04F1780001F044FC46
:10E6F00084ED1F0AB5EEC00AF1EE10FA67D9D4ED29
:10E70000117A94ED127A77EEC77AC4ED147AF0EEAE
:10E71000E76A94ED057AF4EEC76AF1EE10FA71DD5E
:10E7200094ED007A27EE877A84ED167A94ED017ADB
:10E7300027EE877A20EE077A84ED1A7A94ED027A32
:10E74000D4ED156A77EEE67A67EE277A87EE807A5F
:10E7500084ED187A237E13F0040F3BD1237E13F04F
:10E76000200F3BD1237E13F0020F3BD1237E13F009
:10E77000400F3BD1237E13F0010F3BD1D4ED177A2C
:10E7800094ED1A7A77EE877AC4ED177A94ED167ABB
:10E7900077EE877A94ED187A77EE877AC4ED1C7A53
:10E7A000237E13F0100F29D12046FFF737FFA36C0B
:10E7B000E364236D636594ED1C0A84ED1D0A236EEA
:10E7C0006366A36EE36610BDFFF740FF8CE794ED30
:10E7D0001C0AF8E72046FFF767FEBFE72046FFF771
:10E7E00078FEBFE72046FFF7DAFEBFE72046FFF7D7
:10E7F000E7FEBFE72046FFF799FEBFE72046FFF799
:10E80000F6FED1E700232367A366D0E7D0ED007AB8
:10E81000F4EEC07AF1EE10FA01DD80ED000AD0EDE1
:10E82000007AB1EE400AF4EEC07AF1EE10FA01D5AA
:10E8300080ED000A704780ED000A704780ED010A04
:10E84000704738B504460D46D0ED030A90ED020A34
:10E85000084600F0C5F9D4ED007A94ED016A37EE70
:10E86000C67A84ED027A94ED035A77EE456AC4EDD8
:10E87000046AD4ED076A77EEE67AC4ED057AD4ED42
:10E88000086AD5ED005A76EEA56A67EE266AC4EDF1
:10E890000C6AD4ED0D5AD4ED096AD5ED014A76EE35
:10E8A000A46A67EE266A75EEA66AC4ED0D6AD4ED19
:10E8B0000A6AD5ED025A76EEA56A36EE456A66EE2C
:10E8C000866AC4ED0E6AD4ED0B6A67EEA67AC4EDD3
:10E8D0000F7AD4ED127AB4EEE77AF1EE10FA1CDB7F
:10E8E00000236363D4ED0C7A94ED0D7A77EE877A8A
:10E8F00094ED0E7A77EE877A94ED0F7A77EE877A39
:10E90000C4ED107A94ED110A04F14000FFF77EFF88
:10E910006368E3602368E36138BD94ED130A04F192
:10E920003400FFF773FFDDE707EE101A07EE902AB9
:10E9300080ED080A80ED091AC0ED0A0AC0ED141A2C
:10E94000B8EE477A80ED117AF8EE677AC0ED137A67
:10E9500000230363836343638360C3608361036451
:10E9600043600360704780ED080AC0ED090A80ED3E
:10E970000A1AC0ED0B1A80ED142AC0ED112A80EDA1
:10E98000123AC0ED133A0023036383634363836049
:10E99000C36003614361036443600360704710B563
:10E9A0000446D0ED007AD0ED016A37EEE67A80EDCC
:10E9B000027AD0ED035A76EEE56AC0ED046AD0ED36
:10E9C000076A77EEE67AC0ED057AD0ED086A67EE61
:10E9D000266AC0ED0C6AD0ED0D6A90ED096A27EE4B
:10E9E000066A76EE866AC0ED0D6AD0ED0A6A37EEE9
:10E9F000657A26EE877A80ED0E7A90ED0B7A67EED7
:10EA0000877AC0ED0F7A90ED130A3430FFF7FEFEDF
:10EA1000D4ED0C7A94ED0D7A77EE877A94ED0E7A38
:10EA200077EE877A94ED0F7A77EE877AC4ED107AD5
:10EA300094ED110A04F14000FFF7E8FEA368E360DB
:10EA40002368E36110BD70EE600AB0EE087A20EE34
:10EA5000070AD0ED037AD0ED046A77EEE67AC0EECD
:10EA6000276AC1ED006A60EE870AD0ED037A90ED67
:10EA7000047A77EEC77A80EEA77A81ED017A704743
:10EA8000F8EE087AB4EEE70AF1EE10FA28DBF8EEB9
:10EA9000007AB4EEE70AF1EE10FA12D500230B600B
:10EAA00001234B60F1EE407AB0EE007A77EEC77A40
:10EAB000C0ED007AF0EE087A30EE270A80ED010A08
:10EAC0007047F8EE007AB4EEE70AF1EE10FAC0F201
:10EAD0008580FFEE007AB4EEE70AF1EE10FA34D446
:10EAE000FFEE007AB4EEE70AF1EE10FA76DBB5EE4F
:10EAF000C00AF1EE10FA3BD4B5EEC00AF1EE10FAFE
:10EB00006CDBF7EE007AB4EEE70AF1EE10FA3ED4D1
:10EB1000F7EE007AB4EEE70AF1EE10FA5EDBF0EE03
:10EB2000007AB4EEE70AF1EE10FA3BD504230B604D
:10EB300005234B6077EEC07AC0ED007AF7EE007ADD
:10EB400030EE670A80ED010A704701230B60022353
:10EB50004B60F1EE407AB7EE007A77EEC77AC0EDFF
:10EB6000007AF0EE007A30EE270A80ED010A704755
:10EB700002230B6003234B60F1EE407AC0ED007A74
:10EB8000F7EE007A30EE270A80ED010A7047032382
:10EB90000B6004234B6077EEC07AC0ED007A80ED05
:10EBA000010A7047F0EE007AB4EEE70AF1EE10FACF
:10EBB00014DBF0EE087AB4EEE70AF1EE10FA0DD8A5
:10EBC00005230B6006234B6077EEC07AC0ED007A18
:10EBD000F0EE007A30EE670A80ED010A704700001F
:10EBE00030B58FB0044600230C930D9300220A9297
:10EBF0000B920893099306920792049305930CA92C
:10EC0000FFF721FF0AA99DED0C0A08A8FFF738FFBE
:10EC100006A99DED0D0A04A8FFF732FFDDED086A95
:10EC20009DED046A0A9A069D4949C2EBC202501939
:10EC300001EB800393ED007A26EE077ADDED055AAD
:10EC4000DDF81CE002EB0E0301EB8302D2ED007A4B
:10EC500065EEA77A37EE277A26EE877ADDED094A48
:10EC60000B9AC2EBC20202EB050C01EB8C05D5ED51
:10EC7000007A66EE277A724401EB820191ED005A28
:10EC800025EE855A77EE857A64EEA77A37EE277AF5
:10EC90008DED017A2F4901EB800EDEED007A66EEF4
:10ECA000277A01EB830E9EED005A25EE855A77EE0A
:10ECB000857A66EEA77A01EB8C0E9EED005A26EE61
:10ECC000055A01EB820191ED004A25EE844A35EEAA
:10ECD000045A24EE855A77EE857ACDED027A1E49E4
:10ECE00001EB800090ED005A26EE055A01EB8303FC
:10ECF00093ED004A25EE844A35EE045A66EE856AA5
:10ED000001EB8C0393ED005A26EE056A01EB8201BC
:10ED100091ED005A65EE855A36EE256A24EE866A34
:10ED200076EE866ACDED036A94ED056A27EE067AE3
:10ED300084ED007A94ED067A67EE877AC4ED017A65
:10ED4000D4ED077A66EEA76AC4ED026A0FB030BD53
:10ED5000681C0108A41B0108E01A010870470000A4
:10ED600049B9DFF87CC060EE005A20EEA06A60EE80
:10ED7000206A002030E0DFF86CC0F4E702EB82018B
:10ED800000EB410101EB41010CEBC101D1ED007A37
:10ED900091ED017A27EE007A77EE877A91ED027A8B
:10EDA00027EE207A77EE877A91ED037A27EE257A9F
:10EDB00077EE877A91ED047A27EE067A77EE877AF6
:10EDC00091ED057A27EE267A03EB800177EE877ABC
:10EDD000C1ED007A0130C0B20928CFD9704700BF19
:10EDE000EC2001082C1D010870B52DED028B8AB0B6
:10EDF0000546B0EE408AF0EE608A144611B14FF03D
:10EE0000000C23E00E460EE006EB860304EBC30382
:10EE1000F0EE680AB0EE480A324600212846FFF7B5
:10EE20009FFF0136F6B2032EEED944E00CEB8C01C5
:10EE300004EBC10101EB830100220A600133DBB264
:10EE4000092BF3D90CF1010C5FFA8CFCBCF1030F18
:10EE500001D80023F4E76B46F0EE680AB0EE480AEA
:10EE6000022201212846FFF77BFF042309E00AAABA
:10EE700002EB830252F8281C04EB83021165013374
:10EE8000DBB2072BF3D96B46F0EE680AB0EE480A06
:10EE9000032201212846FFF763FF042309E00AAAA1
:10EEA00002EB830252F8281C04EB830291670133C2
:10EEB000DBB2072BF3D90AB0BDEC028B70BD0000AA
:10EEC00010B588B000238DF807300EE04FF0600CCD
:10EED00014E04FF0600C1EE04FF0600CC3F117041B
:10EEE00020346C4404F818CC0133072B21DC41FAA0
:10EEF00003F414F0010FE9D04FF0780CC3F10704CC
:10EF000020346C4404F818CC40FA03F414F0010FD8
:10EF1000DFD04FF0780CC3F10F0420346C4404F8B8
:10EF200018CC42FA03F414F0010FD5D04FF0780C4E
:10EF3000D4E74FF6FF7300220DF107010E48F8F7F2
:10EF400049FB0D4B93F88130012BFAD14FF6FF733B
:10EF5000182202A90848F8F73DFB002408E04FF604
:10EF6000FF7301220DF107010348F8F733FB013469
:10EF7000632CF4DD08B010BDF002002007EE900A0B
:10EF800070EEC00AF8EEE77A27EEA07A01238B40F4
:10EF9000013B07EE903AF8EEE77AC7EE276A36EEC5
:10EFA000800A704731EE601A30EE600A0123834018
:10EFB000013B07EE903AF8EEE77A20EE270AC0EE22
:10EFC000017AFDEEE77A17EE900A704710B582B02D
:10EFD000FF238DF800308DF801308DF802308DF868
:10EFE00003308DF804308DF805308DF80630FC23A1
:10EFF0008DF80730044B5C6808236A46418E006D2B
:10F00000A04702B010BD00BF580000209DF800C00E
:10F01000016502864386BCF1010F06D0BCF1020FE8
:10F0200006D103F50073438602E003F5807343863F
:10F0300080F834C080ED0E0AC0ED0F0A80ED101A82
:10F04000C0ED111A7047000084B038B52DED048B67
:10F05000044609A880E80E00228E914240F0978075
:10F06000626F013262672180D4ED047AFCEEE77AA8
:10F0700017EE903A9DB2A5849DF84C301B09638031
:10F080009DF84D309DF84E0040EA032007EE900AAF
:10F09000F8EE677AC4ED017A9DF84F209DF8503064
:10F0A000120142EA131208EE902AF8EE687AC4EDD3
:10F0B000027A1B0203F470639DF85120134309EE9A
:10F0C000103AF8EE497AC4ED037A1021F2EE090AFB
:10F0D000BAEE090AFFF752FFB0EE408A84ED040A47
:10F0E0000C21F3EE0E0ABBEE0E0A18EE900AFFF7A3
:10F0F00045FF84ED050A0C21F3EE090ABBEE090A6F
:10F1000019EE100AFFF73AFF84ED060A9DF8523017
:10F1100007EE903AF8EE677AC4ED077A9DF853301F
:10F1200007EE903AF8EE677AC4ED087A07EE905A47
:10F13000F8EEE77A78EE677A9FED187AF4EEC77A00
:10F14000F1EE10FA04DDB4F948300133A4F8483088
:10F150009FED127AF4EEC77AF1EE10FA04D5B4F905
:10F160004830013BA4F84830B4F948305B0307EE5F
:10F17000903AF8EEE77A37EE880A84ED130AB4F88D
:10F180006E300133A4F86E30012384F86D30BDEC8D
:10F19000048BBDE8384004B0704700BF0020CBC5E9
:10F1A00090F86C00704780ED160A704780ED170AE2
:10F1B000704780ED1A0A704780ED180A704780ED9D
:10F1C000190A704790F8343003B1704710B52DED2F
:10F1D000048B0446F0EE609AB0EE419AF0EE618A3C
:10F1E000B0EE428AFFF7DFFFB0EE690A2046FFF774
:10F1F000DDFFB0EE490A2046FFF7DEFFB0EE680AF9
:10F200002046FFF7DCFFB0EE480A2046FFF7D1FFAB
:10F21000BDEC048B10BD90F83430012B00D070474A
:10F2200010B52DED028BB0EE608A0446FFF7BBFFF0
:10F23000B0EE480A2046FFF7B9FFBDEC028B10BDC7
:10F240002DE9F04F2DED028B85B005460C4603925B
:10F2500090ED178A1020B2EE091AFAEE090A95ED20
:10F26000160AFFF79FFE0190BDF804800C20B3EE54
:10F270000E1AFBEE0E0AB0EE480AFFF793FE02905C
:10F28000BDF808709FED208A0C209FED201AF0EE4B
:10F29000480A95ED180AFFF785FE83461FFA80F9A4
:10F2A0000C20B1EE041AF0EE480A95ED190AFFF7AA
:10F2B00079FE824686B20C20B3EE091AFBEE090AEB
:10F2C00095ED1A0AFFF76EFE4FEA182884F80080C1
:10F2D000019B63703F09A770029B1B0143EA19233E
:10F2E000E37084F804B036096671C0F3072343EA7B
:10F2F0000A13A371E0710823039A1370012005B06B
:10F30000BDEC028BBDE8F08F000000000000FA4366
:10F31000C36D806D0870C0F3072C81F801C0C0F385
:10F32000074C81F802C0C0F30760C8700B71C3F3CB
:10F3300007204871C3F307408871C3F30763CB719B
:10F340000823137001207047C36D0B70C3F30720AF
:10F350004870C3F307408870C3F30763CB70002382
:10F360000B714B718B71CB710423137001207047AB
:10F3700090ED040A704790ED050A704790ED060A7B
:10F38000704708B5436F826F934207D0012280F81F
:10F390006C20836790F86C3023B108BD002280F8A0
:10F3A0006C20F6E7FFF712FEF7E7000030B585B0F6
:10F3B0000446FFF7E6FF0023029303938DF807301E
:10F3C00094F83430012B14D0022B19D07BB90DF1F5
:10F3D000070202A92046FFF733FF40B10C4B5B68E0
:10F3E0001D469DF8073002AA618E206DA84705B022
:10F3F00030BD0DF1070202A92046FFF789FFECE7B7
:10F400000DF1070202A92046FFF79EFFE5E700BFC6
:10F410005800002030B583B00C460D4D8A000146DF
:10F42000284602F02FFA4FF0FF43019345F82430AD
:10F430000848F8F77FFD202801D003B030BD013423
:10F44000A400224629460348F8F76AFAF5E700BF08
:10F45000646F002060060020B0F5BA7F06DB40F242
:10F460004C63984205DC9FED040A7047B7EE000A32
:10F470007047B0EE000A704700000000B0F5BA7F98
:10F480000BDB40F24C6398420ADCA0F2AE3080B253
:10F49000642808D99FED050A7047B7EE000A704747
:10F4A000B0EE080A7047B0EE000A70470000000096
:10F4B000B0F5A07F05D9B0F5D06F04D340F27F60DE
:10F4C00001E040F24110A0F57873002BB8BF5B4219
:10F4D00007EE903AF8EEE77A9FED137AF4EEC77AEA
:10F4E000F1EE10FA1CD9B0F5787F0CD9A0F21240D9
:10F4F00007EE900AF8EEE77A9FED0C7A87EE870A1E
:10F5000020EE200A7047A0F2AE3207EE902AB8EE45
:10F51000E77ADFED076AC7EE267A27EE800A7047A2
:10F520009FED040A704700BF0000484200401B44A2
:10F5300000401BC40000000021EE211A70EEC07ACA
:10F54000B4EEE71AF1EE10FA09D4B1EE417AB4EE56
:10F55000E77AF1EE10FA05DD30EE410A704731EE40
:10F56000000A7047B0EE600A7047000008B5034B10
:10F57000186019220249F9F7CAFA08BD647100201F
:10F580000071002008B519220249034B1868F9F7E9
:10F59000BEFA08BD007100206471002000B5DFF8DC
:10F5A00028C0DFF828E0BEE80F00ACE80F009EE8B6
:10F5B0000700ACE803008CF80020024B01221A700F
:10F5C00000BD00BF19710020E47000200071002010
:10F5D000B44B1B7803B97047F0B52DED068B85B0A1
:10F5E000B04B00221A70F7F74DF8AF4B1B68C31AE7
:10F5F00007EE903AF8EE677A9FEDAC7A87EE877A5D
:10F60000B0EE478AB5EEC07AF1EE10FA0BD9DFED15
:10F61000A87AB4EEE77AF1EE10FA08DDDFEDA57A0C
:10F62000B0EE678A03E0DFEDA37AB0EE678A9E4B07
:10F630001860A14B1B780F2B03D005B0BDEC068BD7
:10F64000F0BD9D4B1B7E002BF7D19B4B5A789978D0
:10F6500042EA0122C2F30A05984A158093F803C0D2
:10F660004FEA4C1040EAD100C0F30A0050801979EB
:10F67000890041EA9C1193F805C041EA8C21C1F34D
:10F680000A06968093F806E04FEACE1141EA5C0143
:10F69000C1F30A07D78093F807C04FEA0C1141EA7B
:10F6A0001E11C1F30A0403941481197A490041EA36
:10F6B000DC1193F809E041EA4E21C1F30A015181BE
:10F6C00093F80AC04FEA8C1141EA9E01C1F30A0186
:10F6D0009181D97AC90041EA5C11D181197B93F8F3
:10F6E0000DE041EA0E21C1F30A01118293F80EC028
:10F6F0004FEA4C1141EADE01C1F30A04029454823C
:10F70000D97B890041EA9C1193F810C041EA8C2111
:10F71000C1F30A01918293F811E04FEACE1141EA58
:10F720005C01C1F30A040194D48293F812C04FEA39
:10F730000C1141EA1E11C1F30A0100911183D97C19
:10F74000490041EADC1193F814C041EA4C21C1F3AD
:10F750000A015183597D4FEA811E4EEA9C0CCCF37D
:10F760000A0CA2F81CC09B7DDB0043EA5113D38333
:10F77000F0EE000AB8EE000AFFF79AFEF0EE408ABB
:10F780004F4C84ED000AF0EE000AB8EE000A38464D
:10F79000FFF78EFEB0EE409A84ED010ADFED440AD9
:10F7A0009FED480A0098FFF783FEDFED477A77EE7A
:10F7B000C09AC4ED039AF7EE000ABFEE000A28468D
:10F7C000FFF776FEB1EE40AA84ED02AAF0EE000A41
:10F7D000B8EE000A3046FFF76BFEF0EE40AA84ED6B
:10F7E000040AF0EE481AB6EE081AF0EE680A94ED34
:10F7F000050AFFF7A1FEF0EE408A84ED050AF0EE5F
:10F80000481AB0EE081AF0EE490A94ED060AFFF71E
:10F8100093FEB0EE409A84ED060AF0EE481A9FED92
:10F820002B1AF0EE690A94ED080AFFF785FEF0EE58
:10F83000409A84ED080AF0EE481A9FED251AF0EE82
:10F840004A0A94ED070AFFF777FEB0EE40AA84ED6E
:10F85000070AF0EE481AB7EE001AF0EE6A0A94EDC5
:10F86000090AFFF769FE84ED090A1A4BC3ED008A05
:10F8700083ED019AC3ED029A83ED03AA1C4683ED42
:10F88000070A0298FFF7E8FD84ED040A0398FFF7E2
:10F89000F5FD84ED050A0198FFF7DEFD84ED060A0B
:10F8A000CBE600BF19710020C070002000007A4430
:10F8B000CDCCCC3D0AD7A33CE4700020447100209D
:10F8C0001C710020CDCCCCBDC3F5A83ECDCC4C3EA8
:10F8D0009A99193FC470002010B5044680F82C1086
:10F8E00080F8302080ED0D0AC0ED0A0A024B18683E
:10F8F00000F026F9606110BD5000002010B5054BE6
:10F900005C680823044A40F2FF1104480068A047DD
:10F9100010BD00BF58000020607200205000002081
:10F9200090F90B2043691A70B0F90A2043695A70A4
:10F930007047000084B00DF1040C8CE80E000289C1
:10F9400082839DF82C109DF82D3043EA012303811A
:10F950009DF82EC09DF82F1041EA0C2109B2C1601C
:10F960009DF830C09DF8311041EA0C2101839DF8CB
:10F9700032108176A3EB020C0F498C4503DAB0F903
:10F980001E100131C183D21A0B498A4203DAB0F941
:10F990001E20013AC283B0F91E2003EB423307EE6A
:10F9A000903AF8EEE77AC0ED087A438A0133438251
:10F9B0000123037404B070479CE6FFFF00B58DB0CF
:10F9C00084460DF11C0E0068DCF80410DCF80820F9
:10F9D000DCF80C30AEE80F00BCF810209CF81230B8
:10F9E000AEF800208EF802309DF81C30552B6BD1FC
:10F9F0009DF82E300A2B67D19DF81F30012B65D062
:10FA00000DF11C0EDCF81300DCF81710DCF81B20DD
:10FA1000DCF81F30AEE80F00BCF823209CF825303E
:10FA2000AEF800208EF802309DF81C30552B4BD1DB
:10FA30009DF82E300A2B47D19DF81F30022B4DD058
:10FA40000DF11C0EDCF82600DCF82A10DCF82E2064
:10FA5000DCF83230AEE80F00BCF836209CF83830C5
:10FA6000AEF800208EF802309DF81C30552B2BD1BB
:10FA70009DF82E300A2B27D19DF81F30032B35D04F
:10FA80000DF1040EDCF83900DCF83D10DCF8412003
:10FA9000DCF84530AEE80F00DCF84900CEF8000095
:10FAA000BCF84D209CF84F30AEF804208EF806309C
:10FAB0009DF80430552B07D19DF81A300A2B03D13D
:10FAC0009DF80730042B19D00DB000BD104B089ADB
:10FAD0001A60099A5A600A9A9A6091E70C4B089A40
:10FAE000DA60099A1A610A9A5A61A9E7084B089ADA
:10FAF0009A61099ADA610A9A1A62C1E7044B029A7A
:10FB00005A62039A9A62049ADA62059A1A63DBE7E8
:10FB1000B871002038B5084C50252A4600212046EF
:10FB200001F06CFE2A4621460448F8F7F1FE00B9C0
:10FB300038BDF0F796FBFBE7687100203805002020
:10FB40003A4B98420ED03A4B984257D1062957D09B
:10FB500029D9092960D035D807295FD008295FD174
:10FB600034487047062933D008D909293CD014D825
:10FB700007293BD008293BD12F487047032929D0BA
:10FB800005D8012928D0022928D12C4870470429FA
:10FB900026D0052926D12A4870470A292AD00B29C0
:10FBA0002AD12848704703292CD005D801292BD009
:10FBB00002292BD124487047042929D0052929D1AD
:10FBC000224870470A292DD00B292DD12048704793
:10FBD00020487047204870472048704700207047F1
:10FBE0001F487047002070471E4870471E487047E6
:10FBF000002070471D487047002070470020704764
:10FC00001B4870471B4870471B48704700207047CF
:10FC10001A487047002070471948704719487047C4
:10FC20000020704718487047002070470C010020E2
:10FC3000AC010020667200207E72002072720020EB
:10FC4000787200206C7200205A72002060720020CE
:10FC5000547200207A7200207472002070720020AA
:10FC600076720020687200207C7200206A72002088
:10FC7000627200205C720020587200205E720020C8
:10FC800050720020647200205272002010B50446A9
:10FC900080F8501080F89520024B1868FFF750FF4D
:10FCA000606510BD5400002084B010B50DF10C0C3F
:10FCB0008CE80E00436E01334366B0F86CC0A0F8C8
:10FCC00074C09DF834309DF8351041EA0321A0F846
:10FCD0006C109DF836309DF8372042EA032212B2AC
:10FCE000A0F86E209DF838E09DF8393043EA0E23E5
:10FCF0001BB2A0F870309DF83AE0A0F872E0A1EBDA
:10FD00000C0C0FFA8CFC07EE90CAB8EEE77BB0F84B
:10FD100060C006EE90CAB8EEE66BB6EE005B26EE6B
:10FD2000056BB1EE465BB4EEC57BF1EE10FA44D53F
:10FD3000C46F0134C467C46F04FB0C11816707EE04
:10FD4000901AF8EEE77A07EE10CAF8EE476A87EEE7
:10FD5000A67A37EE077ADFED1D7A27EE277AD0ED07
:10FD6000166AC7EE267AC0ED217A07EE902AF8EEE1
:10FD7000E77A9FED177A67EE877A87EEA67A80EDAD
:10FD8000227A07EE903AF8EEE77A9FED127A67EE64
:10FD9000877AB3EE047A67EE877AC0ED247A9FED16
:10FDA0000E7A67EE877A66EEA76AC0ED236A80F85E
:10FDB00094E0BDE8104004B07047B4EEC67BF1EEAD
:10FDC00010FAB8DDC46F013CC467B4E7DB0F4940EB
:10FDD0005077D63D00008038499D803C436D33B15B
:10FDE00090F9A7201A70B0F9A620436D5A70704799
:10FDF00090ED220A704780ED280A70470A4B186878
:10FE00000A4B984205D00A4B984200D07047094AE5
:10FE100000E0094A10B5094B5B681C4608234FF403
:10FE20000071A04710BD00BF540000200C0100204D
:10FE3000AC01002058720020707200205800002091
:10FE4000D0ED286AD0ED167A9FED147A67EE877AA6
:10FE500086EEA77A80ED2A7AF3EE047AB4EEE77A9A
:10FE6000F1EE10FA01DDC0ED2A7A90ED2A7AFBEE70
:10FE7000047AB4EEE77AF1EE10FA01D5C0ED2A7AF1
:10FE8000D0ED2A6AB3EE047AC6EE877AFEEEC97A1E
:10FE900017EE903AA0F8A630704700BF499D803C0D
:10FEA00090F89530012B00D0704710B50446FFF74D
:10FEB000C7FF2046FFF792FF10BD00000E4B1B78D6
:10FEC000C3B982B00C4B01221A700C4B5B680193D2
:10FED000019A0B4B1B689A4203D20A4A13680133FA
:10FEE0001360064B5A68064B1A60034B00221A70C7
:10FEF00002B07047704700BF08720020001000E099
:10FF0000187200201C72002008B5124AD2F8FC308A
:10FF100043F08073C2F8FC300F4B002159601A681F
:10FF200042F001021A600D4B03FB00F00C4B18600D
:10FF30000C4BA3FB00239B090B4A13600B4BA3FB49
:10FF40000030800C0A4B18600A4B1960FFF7B6FFAF
:10FF500008BD00BF00ED00E0001000E040420F00CF
:10FF600028720020D34D62102472002083DE1B43D0
:10FF7000207200201C72002000B52DED028B83B092
:10FF80000E4B5B680193019B02689B1A07EE903A47
:10FF9000F8EE677A0A4B93ED007AB8EE477AC7EE2F
:10FFA000877AB0EE678A019B0360FFF787FFB0EEA8
:10FFB000480A03B0BDEC028B00BD00BF001000E09A
:10FFC000287200202DE9F04182B0294B5B68019333
:10FFD000FFF774FF274B1C6800266508E3071B1B0F
:10FFE00065F10005DB186D411C1945F10005019B09
:10FFF000E41845F10005204B1C605D601F4BD3F8F1
:020000040801F1
:100000000080424633462046294601F09BF90746C8
:100010001B4B18605960424633462046294601F082
:1000200091F910461C461546164B1A605C60DFF8C5
:100030006480C8F80070144B1F683A463346214666
:1000400001F080F980B2A8F8040000FB07F7E81B74
:1000500064F100010D4B186059600D4B1A6833466E
:1000600001F070F9A8F8060002B0BDE8F08100BF09
:10007000001000E01C720020107200202872002086
:1000800000720020F871002024720020F07100201E
:10009000207200202C72002008B5FFF793FF0B4A56
:1000A000116893884FF47A7000FB013300EE103A28
:1000B000B8EE400AD38807EE903AF8EEE77A9FED63
:1000C000047A67EE877A30EE270A08BD2C7200208A
:1000D0006F12833A38B50268174B1B681B689A4247
:1000E00010D00D460023154A92F800C09C4522D935
:1000F0001C46134A52F823201168814207D001336D
:10010000DBB2F0E7FFF74AFAFFF73CFA13E0D2F868
:10011000083143B198470A4B53F824002A4600217E
:10012000063001F06BFB064B53F824309A88991D7A
:100130001868F8F7ECFC38BD647100204C720020A0
:100140003872002038B504460268504B1B689A424A
:1001500006D022684E4B1B689A4200F0938038BD4F
:100160004C4B1B78DBB94C4B1B78FD2B08D04B4913
:100170000A78494B1A7001224448F8F7C9FBE8E7AE
:10018000464B1B78FC2BF2D10122424B1A70444B98
:10019000002119701A70434BFC221A70E7E7404B9C
:1001A0001B783F2B32D8591C3D4A11703B4A1178BD
:1001B0003C4AD1543B4B5B78402B3DD0412BD6D1B0
:1001C000374B1B78382BD2D1364B93F83730FD2B79
:1001D0003BD1344B344A03F1300118680546D3F85B
:1001E00004E0D3F808C0D8681560C2F804E0C2F88B
:1001F00008C0D060103310328B42EED119685B68B2
:1002000011605360294B01221A601EE0214B00222D
:100210001A70214B1B78FD2BCCD1204B1B78FC2B6B
:10022000C8D101221B4B1A701D4B002119701A7086
:100230001C4BFC221A70BDE7194A1278402ABDD126
:10024000184B93F83F30FD2B03D0124B00221A704D
:100250008DE7144B164A03F1400118680546D3F8A0
:1002600004E0D3F808C0D8681560C2F804E0C2F80A
:1002700008C0D060103310328B42EED10D4B0122FA
:100280001A60E2E70C48FFF799FB68E7A404002036
:10029000380500203672002035720020D06F002013
:1002A00034720020D46F002054700020CC6F0020E6
:1002B00014700020C86F00206871002010B502463D
:1002C000002401E00134E4B2164B1B78A34212D99A
:1002D000154B53F8241008689042F3D18A880631F0
:1002E000F8F715FC104B53F82400828800210630E3
:1002F00001F084FA10BD13680C4A93420AD00C4AEC
:100300009342F7D108221A6201220A490A48F8F7F3
:10031000FFFAEFE708221A62502208490848F8F766
:10032000F7FAE7E74C7200203872002000440040E2
:1003300000780040D06F0020A404002068710020E5
:100340003805002008B5024B9B680248984708BD55
:10035000580000200C01002008B5024B9B680248A1
:10036000984708BD58000020AC01002008B5024B9A
:100370009B680248984708BD580000204C020020A6
:100380002DE9F0438BB000240294039402250495D8
:10039000012305930694079402AEDFF8549031468A
:1003A0004846F6F725FCDFF84C8031464046F6F724
:1003B0001FFC0E4F31463846F6F71AFC00942346D0
:1003C0002A4629464846F6F757FC009423462A4613
:1003D00029464046F6F750FC009423462A46294613
:1003E0003846F6F749FC0BB0BDE8F0834C0200201C
:1003F0000C010020AC01002070B5FFF7C1FF0E4ECC
:10040000002201213046F6F79DFD0C4D002201210E
:100410002846F6F797FD0A4C002201212046F6F700
:1004200091FD3046F6F741FC2846F6F73EFC2046A3
:10043000F6F73BFC70BD00BF0C010020AC010020B2
:100440004C02002000B58BB001910023029303936E
:10045000082104910593069307930893099301A932
:10046000F6F73CFC08B90BB000BD0120FBE700002B
:1004700030B597B0044614AB0AAA4021F6F768FCE1
:10048000002840F0F0809DF836301D46784B9C42A5
:100490002BD0784B9C4200F09180774B9C4240F0EF
:1004A000E4800A9BA3F20123032B00F2DE80012BE0
:1004B00000F0AF80042B00F0C180002B40F0D5800D
:1004C000EC460DF1340EBEE80F00ACE80F00BEE8BC
:1004D0000F00ACE80F00DEF80030CCF800300AABBB
:1004E0000ECB6648FFF7E0FBBFE00A9B644A128E22
:1004F0009A4224D0624AB2F8B0209A4234D0604A7C
:10050000B2F830219A4244D05D4AB2F8B0219A4202
:1005100040F0AB80EC460DF1340EBEE80F00ACE8C5
:100520000F00BEE80F00ACE80F00DEF80030CCF89A
:1005300000300AAB0ECB5348FEF786FD95E0EC4643
:100540000DF1340EBEE80F00ACE80F00BEE80F005E
:10055000ACE80F00DEF80030CCF800300AAB0ECB70
:100560004748FEF771FD80E0EC460DF1340EBEE821
:100570000F00ACE80F00BEE80F00ACE80F00DEF89B
:100580000030CCF800300AAB0ECB3F48FEF75CFDE4
:100590006BE0EC460DF1340EBEE80F00ACE80F0046
:1005A000BEE80F00ACE80F00DEF80030CCF80030F9
:1005B0000AAB0ECB3548FEF747FD56E00A9B40F2EA
:1005C0000F12934214D040F21F1293424DD1304B80
:1005D0005C68EC460DF1380EBEE80F00ACE80F0089
:1005E0009EE80F008CE80F000AAB0FCBA0473CE061
:1005F000274B1C68EC460DF1380EBEE80F00ACE846
:100600000F009EE80F008CE80F000AAB0FCBA0474D
:100610002BE0EC460DF1340EBEE80F00ACE80F0005
:10062000BEE80F00ACE80F00DEF80030CCF8003078
:100630000AAB0ECB1748FFF737FB16E0EC460DF17F
:10064000340EBEE80F00ACE80F00BEE80F00ACE8C7
:100650000F00DEF80030CCF800300AAB0ECB0E48AD
:10066000FFF768F901E000231D46284617B030BDAA
:100670000C0100204C020020AC0100206859002031
:1006800068570020E8580020E857002068580020EC
:1006900020000020205A0020C467002011F0010F24
:1006A00013D008B5094B984206D0094B984206D0A2
:1006B000084B984206D008BDFFF744FEFBE7FFF762
:1006C0004BFEF8E7FFF752FEF5E770470C010020FC
:1006D000AC0100204C020020DFF830D0F1F70CFB19
:1006E0000B480C490C4A884204DA52F8043B40F8A3
:1006F000043BF8E709480A490022884202DA40F838
:10070000042BFAE701F098F8EFF700FE0000022052
:1007100000000020B4000020002D0108B8000020D7
:1007200090720020FEE77047704700BF2DE9F04F40
:10073000028885B04B88D0F804E09342448848682A
:100740004ED1B1F80080A0454AD14FEA980908F08F
:1007500003089C0084464FEA880109FB04F21D014E
:100760004FEA091B00EB040A92000391DB0002929E
:1007700001936346B9F1000F1DD001990EF11002EB
:100780004846614452ED047A1F190E190138C3ED31
:10079000007A02F1100252ED077A2B44C7ED007A7D
:1007A00052F8187C0F60294452F8147C3760E9D164
:1007B000029BDE446344B8F1000F09D04246714603
:1007C00051F8040B013A18602344F9D1039B9E446D
:1007D0000CF1040CD445CCD1002005B0BDE8F08F5D
:1007E0006FF00200F9E700BFF0B40368D0F804C06E
:1007F0005668D1E90047A3425DD1126893425AD1AD
:100800000388448804FB03F4A50832D00CF11001DE
:1008100007F1100206F11003284612ED047A0138A0
:1008200051ED047A02F1100201F1100103F11003FD
:1008300077EEC77A43ED087A12ED077A51ED077A21
:1008400077EEC77A43ED077A12ED067A51ED067A14
:1008500077EEC77A43ED067A51ED057A12ED057A07
:1008600077EEC77A43ED057AD7D12B019C441F441C
:100870001E4414F003041BD0DCED007A013C97ED1C
:10088000007A77EEC77AC6ED007A11D0DCED017AF6
:10089000012C97ED017A77EEC77AC6ED017A07D081
:1008A000DCED027A97ED027A77EEC77AC6ED027A2E
:1008B0000020F0BC70476FF00200FAE72DE9F04F1E
:1008C00045888BB00B880688AB420991476804962F
:1008D00048685468498840F08D801588B54240F0DA
:1008E000898052888A4240F085804FEA9308011D32
:1008F000160103F003090891950006FB08F1C2EB0D
:10090000827C9B0007F1100B039107EB0811D200CA
:1009100004EB050A01914FEA8C01029207910693BC
:10092000ABF11003DDF820E00593079B03EB0A0C05
:10093000B8F1000F56D0029B44460246DFED307AF4
:10094000C1185B46D2ED006A571913ED047A013CD9
:1009500053ED035A324427EE267A97ED006A53EDA1
:10096000026A01EB050726EE256A91ED005A77EE43
:10097000277AD7ED005A26EE857A53ED016A314485
:1009800003F1100376EE277A65EEA66A77EE277AF2
:1009900076EEA77AD6D1039B019A1844B9F1000FDD
:1009A0000BD04B46D0ED006A013BB2EC017A2844F3
:1009B00027EE267A77EE877AF4D1ECEC017AD445EB
:1009C00070460EF1040EB3D1019AAA44069B11465B
:1009D0009B441944049B013B0191049306D0099B5D
:1009E00058689DE7059ADFED067AD7E718460BB001
:1009F000BDE8F08F6FF002000BB0BDE8F08F00BFD4
:100A0000000000002DE9F04F438887B004884D684E
:100A10009C420193D0F80490039540F0E2800B884B
:100A20004A889A4240F0DD809C4240F0DA8005908E
:100A3000FCB14FF07E5B661E45F804BB19D0012760
:100A4000B20028464FEA8708002105EB020A00F0B1
:100A5000D5FE424600210AEB08055046002F00F063
:100A6000C58000F0CBFE013E07F1010745F804BB4D
:100A7000E6D1019B002B00F0AF809D00CC469E4646
:100A8000DDF80C900CEB05032F46002602932B1D7E
:100A90000493029BB442DCED006AA3EB070B00F069
:100AA0009B80324663469FED557A09E0F4EE477A23
:100AB00001322B44F1EE10FA37FE877AA24212D0AF
:100AC000D3ED007AF5EEC07AB1EE676AF1EE10FA76
:100AD000ECDCB4EE476A01322B44F1EE10FA36FE3C
:100AE000077AA242ECD1B5EE407AF1EE10FA73D05B
:100AF000F5EE406AF1EE10FA6ED07246634693ED61
:100B0000007A013AC7EE267AE3EC017AF7D101992F
:100B10004B4693ED007A0139C7EE267AE3EC017A71
:100B2000F7D14FEA86080398B14238D0DBED006A6E
:100B30005A467346E246BAEC017A013BD2ED007A9E
:100B400026EE877A77EEC77AE2EC017AF3D1BB44DE
:100B50000246019BCA46BAEC017A013BD2ED007A0B
:100B600026EE877A77EEC77AE2EC017AF3D1284451
:100B70000131C3448C42D7D1049BBEF1010E06F172
:100B80000106A7F104079C44A94482D1F5EE406A0E
:100B9000F1EE10FA06D0002007B0BDE8F08FBB449C
:100BA0002844E5E7059B019A5B6802FB04F2D3ED5C
:100BB000007A1446F5EE407AF1EE10FAEBD10433E8
:100BC00006E0F3EC017AF5EE407AF1EE10FAE2D1AC
:100BD0000EF1010E7445F4D16FF0040007B0BDE8CA
:100BE000F08F6FF0020007B0BDE8F08F5546013E70
:100BF00045F804BB7FF423AF3BE700BF00000000D3
:100C00000180428043607047F0B40368D0F804C0AC
:100C10005668D1E90047A3425DD1126893425AD188
:100C20000388448804FB03F4A50832D00CF11001BA
:100C300007F1100206F11003284612ED047A01387C
:100C400051ED047A02F1100201F1100103F11003D9
:100C500077EE877A43ED087A12ED077A51ED077A3D
:100C600077EE877A43ED077A12ED067A51ED067A30
:100C700077EE877A43ED067A51ED057A12ED057A23
:100C800077EE877A43ED057AD7D12B019C441F4438
:100C90001E4414F003041BD0D7ED007A013C9CEDF8
:100CA000007A77EE877AC6ED007A11D0DCED017A12
:100CB000012C97ED017A77EE877AC6ED017A07D09D
:100CC000DCED027A97ED027A77EE877AC6ED027A4A
:100CD0000020F0BC70476FF00200FAE7DFED1F7AEA
:100CE00020EE270AB5EEC00AFDEEC07AF1EE10FA4A
:100CF00004D517EE903A013B07EE903AF8EEE77A0A
:100D0000DFED176A70EE677A67EEA67ABCEEE77AD7
:100D100017EE103A9BB2B3F5007F1AD207EE103AE5
:100D2000591CB8EE470A77EEC07A0E4AB7EE000AB1
:100D300002EB830302EB810230EE670AD3ED006A17
:100D400092ED007A20EE260A67EE877A30EE270AC7
:100D5000704777EEE67A01210023E6E783F9223E29
:100D600000000044AC240108DFED217AB5EE007AE2
:100D700020EE270A30EE070AB5EEC00AFDEEC07A73
:100D8000F1EE10FA04D517EE903A013B07EE903AD7
:100D9000F8EEE77ADFED176A70EE677A67EEA67A0B
:100DA000BCEEE77A17EE103A9BB2B3F5007F1AD289
:100DB00007EE103A591CB8EE470A77EEC07A0E4A91
:100DC000B7EE000A02EB830302EB810230EE670A02
:100DD000D3ED006A92ED007A20EE260A67EE877A5C
:100DE00030EE270A704777EEE67A01210023E6E726
:100DF00083F9223E00000044AC24010800F060B8F2
:100E000000B52DED028B83B0B0EE408ACDED010A26
:100E100000F0F8F8DDED010AB4EE608AF1EE10FAA8
:100E200006D6DFED0C7AF4EE670AF1EE10FA03D085
:100E300003B0BDEC028B00BDCDED017A00F0F6FCF5
:100E4000DDED017A87EEA70A2123036003B0BDEC34
:100E5000028B00BD0000000000B52DED028BB0EE4E
:100E6000408A83B000F028F8B4EE488AF1EE10FA18
:100E700006D6DFED0C7AB4EEE78AF1EE10FA03D471
:100E800003B0BDEC028B00BDCDED017A00F0CEFCCD
:100E9000DDED017A87EEA70A2123036003B0BDECE4
:100EA000028B00BD0000000010EE103A23F000435A
:100EB00000EE103A704700BFB1EEC00A704700BFA5
:100EC00010EE903A23F00041B1F1FF4FF0EE407A7E
:100ED00033D810EE10CA2CF00040B0F1FF4F2CD8E0
:100EE000B3F17E5F3CD09A1702F0020242EADC7254
:100EF00030B369B3B1F1FF4F3DD0B0F1FF4F34D003
:100F000000B5401AB0F1F45F83B04FEAE05129DA3E
:100F1000002B3DDA3C313BDA9FED310A012A40D00B
:100F2000022A45D03AB19FED2F7ADFED2F7A30EECD
:100F3000070A30EE670A03B000BD30EEA70A70471B
:100F4000022A0AD09FED297A032A07FE000A704779
:100F50008C450DDB9FED260A70479FED230A7047F5
:100F600000F014B99FED220AD8E7BCF1000FF1DAC6
:100F70009FED200A7047B0F1FF4F02F1FF3220D001
:100F8000022A26D81C4B03EB820393ED000A70471C
:100F900087EEA00A0192FFF787FF00F0F7F8019AA9
:100FA000BCE710EE103A03F1004300EE103AC2E73E
:100FB0009FED0C7ADFED0C7A30EE070A37EEC00AAF
:100FC000B9E7022A08D80D4B03EB820393ED000A20
:100FD00070479FED030A70479FED090A704700BFF5
:100FE000000000002EBDBB33DB0F4940DB0F49C0C2
:100FF000DB0FC93FDB0FC9BFB02C0108BC2C0108B7
:10100000DB0F493F10EE903A30B523F00044621EEA
:10101000B2F1FF4F3FD210EE101A21F0004EBEF198
:10102000FF4F38D2A6453ADB01F00042154600F0EA
:101030009D8011F0FF4F03F0FF4C49D14FEA0E2085
:101040006FF07D024000002802F1FF32FADCBCF1B3
:10105000000F5BD123026FF07D0C5B000CF1FF3CB5
:10106000FBD512F17E0F6CDA6FF07D00831AA0EBD6
:101070000C00B2EB0C020EFA03F104FA00F36DD08F
:10108000013A03E03AD04100013A09D3C81A0028D6
:10109000F8DA4900F8E760EE200A80EEA00A30BDD9
:1010A000CB1A48BF0B461BB928E05B000CF1FF3C94
:1010B000B3F5000FF9DB1CF17E0F38DA6FF07D001D
:1010C000A0EB0C00034145EA030200EE102A30BDFC
:1010D0004FEAEE52BCF1000F16D0E415C1F3160131
:1010E000C3F31603121B41F4000143F40003A4F1FF
:1010F0007F0CC5D1CB1A002B18DBD6D1224B03EBCA
:10110000557393ED000A30BD7F3AA3E7E415A4F1CF
:101110007F0C6FF07D01891AC3F31603A2EB0C025A
:1011200043F400030EFA01F1013AAFE70B46A3F5D1
:1011300000030CF17F0C2B4343EACC5300EE103A32
:1011400030BD6FF07D00C1F31601A0EB0C0041F43F
:101150000001A2EB0C0204FA00F391E7CB1A002B7A
:101160000ADBCBD0B3F5000F9FDBABE7064B03EBFD
:10117000527393ED000A30BD0029BFD0B1F5000FC6
:101180000B4692DB9EE700BFC82C010810EE102A28
:1011900022F00043B3F1A14FF0EE407A07D3B3F150
:1011A000FF4F56D8002A7CDD9FED530A704700B5EB
:1011B00052498B4283B05BD8B3F1445F4CD34FF0BC
:1011C000FF3327EEA76A9FED4E5A9FED4E7ADFED73
:1011D0004E5ADFED4E4A66EE066A591CA6EE857A37
:1011E000E6EEA54A9FED4A5ADFED4A5AA7EE265A87
:1011F000E4EEA65A9FED487ADFED484AA5EE267A3E
:10120000E5EEA64A9FED465ADFED465AA7EE265A6E
:101210009FED457AA4EEA67AE5EE265A27EE267AC9
:10122000A5EE867A27EE277A42D04048404900EB67
:101230008300D0ED006A37EE667A01EB8303D3EDCD
:10124000006A37EE677A002A36EEC70A2CDB03B055
:1012500000BD30EE000A70479FED367A30EE077A17
:10126000F7EE006AB4EEE67AF1EE10FAA7DDEEE7EB
:10127000CDE90032FFF718FE2F49009B019A8B42FF
:101280001AD8A1F5D0018B422BD8F0EE007ABFEE30
:10129000007AA0EE277A002330EE270AC7EE007A04
:1012A0008FE79FED260A7047B1EE400A03B000BDFC
:1012B00037EEC70A03B000BD21498B420BD8F7EEC9
:1012C000087AB7EE007AA0EE277A022330EE670A9A
:1012D000C0EE077A75E7BFEE007AC7EE007A032307
:1012E0006FE7F7EE007A30EE677A30EE270A0123D7
:1012F000C7EE007A65E700BFDB0FC93FFFFFDF3EA7
:10130000D769853C59DA4B3D21A215BD6BF16EBD05
:10131000356B883D95879DBD6E2EBA3D388EE3BDF9
:101320002549123EABAAAA3ECDCC4CBED02C01081A
:10133000E02C0108CAF24971FFFF973FDB0FC9BFDC
:10134000FFFF1B4053B94AB9002908BF00281CBF42
:101350004FF0FF314FF0FF3000F09CB9ADF1080CB9
:101360006DE904CE00F006F8DDF804E0DDE90223C3
:1013700004B070472DE9F04782B00646DDF828E05A
:101380000846B4460D46002B4ED18A4214466DD90C
:10139000B2FA82F242B1C2F12003954026FA03F379
:1013A00094401D4306FA02FC260CA7B2B5FBF6F1E9
:1013B0004FEA1C4306FB115543EA054301FB07F0C6
:1013C000984209D9E31801F1FF3580F00381984272
:1013D00040F20081023923441B1A1FFA8CFCB3FB34
:1013E000F6F006FB10334CEA034C00FB07F36345B1
:1013F0000AD914EB0C0C00F1FF3580F0ED80634549
:1014000040F2EA80A444023840EA0140ACEB030C0D
:101410000021BEF1000F04D02CFA02F30022CEE925
:10142000003202B0BDE8F0878B4209D9BEF1000F4F
:1014300001D0CEE900610021084602B0BDE8F08786
:10144000B3FA83F1174600294DD1834202D3B24249
:1014500000F20F81B6EB070C60EB030301201D4681
:10146000BEF1000FDDD0CEE900C5DAE7002A00F0BA
:1014700098801A46B4FA84F3002B40F0AF800B1B1F
:10148000270CA6B20121B3FBF7F54FEA1C4007FB7E
:10149000153340EA034306FB05F8984507D9E318DE
:1014A00005F1FF3002D2984500F2E8800546A3EB33
:1014B00008031FFA8CFCB3FBF7F007FB10334CEA70
:1014C000034C06FB00F3634508D914EB0C0C00F148
:1014D000FF3602D2634500F2CE803046ACEB030CFF
:1014E00040EA054095E7C1F120058B4022FA05FC52
:1014F0004CEA030C00FA01F426FA05F3E84002FA7C
:1015000001F943EA04084FEA1C4206FA01FAB0FB6B
:10151000F2F71FFA8CF602FB17004FEA184444EA70
:10152000004407FB06F0A0420AD91CEB040407F1B3
:10153000FF3380F09C80A04240F29980023F6444D7
:10154000241A1FFA88F3B4FBF2F002FB104443EABA
:10155000044300FB06F69E4209D91CEB030300F18D
:10156000FF3480F082809E427FD90238634440EA93
:101570000740A0FB09749B1BA3423E46A04664D3D0
:1015800061D0BEF1000F0AD0BAEB060263EB08038C
:1015900003FA05F5CA401543CB40CEE900530021BC
:1015A0003FE7730843EAC1734A08190C41EA024154
:1015B0004FEAC67C9BB2B2FBF4F02646A046274613
:1015C0001F2243EA0143B1FBF4F1A3EB080341EA14
:1015D000004158E72946FFE6284615E71A46C3F1B9
:1015E00020019C4026FA01F320FA01F190400343C8
:1015F000270C06FA02FCB1FBF7F0A6B207FB1015A8
:10160000190C41EA054100FB06F58D423BD96118F2
:1016100001D28D4220D8491B0138B1FBF7F5019565
:1016200005FB06F8019D9BB207FB151143EA014338
:10163000434526D2E31805F1FF31C6D24345C4D253
:10164000A91E2344C1E7BA459BD2B7EB090664EB58
:101650000C040138A04694E7651B29440238B1FB0D
:10166000F7F5019505FB06F8DCE720467FE71F4606
:1016700066E70846F4E6A44402382FE7023D234417
:1016800015E70199A1E7491BB1FBF7F5019505FBAA
:1016900006F8C7E7704700BF024B0146186800F024
:1016A00025B800BF6400002070B50F4C0E462168BD
:1016B000054611B900F0AAF820603146284600F02E
:1016C000A5F8431C03D14FF0FF34204670BDC41C65
:1016D00024F00304A042F8D0211A284600F096F81E
:1016E0000130F2D1EFE700BF807200202DE9F8430E
:1016F000CD1C25F0030508350C2D38BF0C25002D19
:10170000064601DBA94204D90C2333600020BDE862
:10171000F883334F00F066F83B681C463CBB294613
:101720003046FFF7C1FF431C044656D13C68A04633
:10173000B8F1000F40D1002C49D023684146304613
:1017400004EB030900F062F8814540D121686D1A6D
:1017500029463046FFF7A8FF013038D023682B44D4
:1017600023603B685A685ABBC7F800800EE02268C5
:10177000521B1ED40B2A16D96119A342256018BF2B
:101780005960636808BF396062514B60304600F0B1
:101790002FF804F10B00231D20F00700C21A1CBF14
:1017A0001B1AA350B3E76268A3420CBF3A605A60A9
:1017B000ECE723466468B1E74446D8F80480B7E70D
:1017C0001A465B68A342FBD100235360DEE70C237B
:1017D0003360304600F00CF898E70560D6E700BFAC
:1017E00084720020014800F04BB800BF88720020CE
:1017F000014800F046B800BF88720020024403464A
:10180000934200D1704703F8011BF9E738B5064C45
:101810000023054608462360F0F7BCFB431C02D1B9
:10182000236803B12B6038BD8C720020014B18680F
:10183000704700BF6400002070B50D4B0D4C0026B2
:101840001D1BB6EBA50F09D1FEF76DFF0A4C0B4B24
:1018500000261D1BB6EBA50F05D170BD54F8043B47
:1018600098470136EDE754F8043B98470136F1E715
:10187000F82C0108F82C0108F82C0108002D0108AB
:10188000704770470A44914200F1FF3300D170471E
:1018900010B511F8014B03F8014F9142F9D110BD79
:1018A000436F6E74726F6C4C6F6F705461736B002A
:1018B000436C6F75645461736B000000455431369E
:1018C000535461736B000000566F66615461736B13
:1018D00000000000426F617264636F6D6D5461734C
:1018E0006B00000064656661756C745461736B0015
:1018F00049444C4500000000546D72510000000046
:10190000546D722053766300A01801080000000097
:1019100000000000000000000000000000080000BF
:10192000300000000000000000000000B0180108B6
:1019300000000000000000000000000000000000A7
:10194000000400001800000000000000000000007B
:10195000BC180108000000000000000000000000AA
:10196000000000000002000018000000000000005D
:1019700000000000C818010800000000000000007E
:10198000000000000000000000020000080000004D
:101990000000000000000000D41801080000000052
:1019A0000000000000000000000000000002000035
:1019B000180000000000000000000000E41801080A
:1019C0000000000000000000000000000000000017
:1019D00000020000080000000000000000000000FD
:1019E00000000000010203040102030406070809C5
:1019F0000006101600061016000102030405060773
:101A0000080C1014182030400000000000000000F6
:101A100000000000000000000000000001000000C5
:101A200002000000030000000400000000000000AD
:101A300005000000000000000000000000000000A1
:101A40000600000000000000000000000000000090
:101A500007000000010002000400060008000A0060
:101A60000C00100020004000800000010804020467
:101A70000801010101010103070100000000803F8E
:101A80006F12033B000000000000803F0000204177
:101A900000000000000000000000204100007A4427
:101AA000000000000000000000401C460000803FD5
:101AB00000000000000000000000803F0000000067
:101AC000000000000000803F000000000000803F98
:101AD000000000000000803F000000000000000047
:101AE0000000803F000080BF000040C0000040C0F8
:101AF000000040C0000000C00000803F0000803FA8
:101B0000000080BF000040C0000000C0000000C016
:101B1000000080BF0000000000000000000080BF47
:101B2000000000C0000000C0000080BF000080BFB7
:101B30000000000000000000000080BF000080BF27
:101B4000000080BF000080BF000080BF00000000D8
:101B50000000000000000000000000000000000085
:101B600000000000000000000000000000004040F5
:101B7000000080BF0000803F0000803F0000803FE9
:101B80000000803F00004040000040400000004056
:101B900000000040000000400000803F0000803F47
:101BA00000004040000040C0000040C0000000C0F5
:101BB000000000C0000080BF000000000000000026
:101BC000000040C0000040C0000000C0000080BF16
:101BD000000080BF0000000000000000000040C0C6
:101BE000000000C0000080BF000080BF00000000B7
:101BF0000000803F0000803F000000C0000080BF68
:101C0000000080BF000000000000803F0000004096
:101C100000000040000080BF000080BF0000000006
:101C20000000803F0000803F000000400000404076
:101C300000000000000000000000803F0000803F26
:101C40000000004000004040000040400000000054
:101C5000000000000000803F000000400000004045
:101C60000000404000004040000040400000404074
:101C700000000040000000400000803F0000000025
:101C80000000000000004040000040400000004014
:101C90000000803F0000803F00000000000080BF87
:101CA0000000004000000040000000400000803FB5
:101CB00000000000000080BF000080BF0000004066
:101CC0000000803F0000803F00000000000080BF57
:101CD000000000C0000000C00000803F0000803F06
:101CE00000000000000080BF000080BF000000C0B6
:101CF000000000C00000803F00000000000080BF26
:101D0000000000C0000000C0000000C0000040C093
:101D10000000000000000000000000C0000000C043
:101D2000000000C0000040C0000040C04ED61D3E74
:101D3000650E0EC045DEAFBD82B2C93F67DFE5BEAE
:101D40004612C13F10939E3E58EE95C0444A45BE90
:101D5000F9905040849C7BBF4A414B4041EA02BE0F
:101D600002D6923E0E3C80BE058A26BEF12E843EEF
:101D70000F07A4BDD66FD4BE40B0703F376D53BFC0
:101D80004EF403BFBBFC583FEFB28BBE67E297BF78
:101D9000B41BF5C16BF8194121E375414E1541C1E2
:101DA0008C8F7B41CEE11FBC6B8C22C062E0AA3ECF
:101DB00049A720BFFC9D3BBF0B0A0040919C79BF07
:101DC000070D0EC0B1C869C111490441C95B064184
:101DD000889F5140DB5EEC3C179E09BFB7C544BFEE
:101DE0008F3A863FC2F378BF0680A33D8A95CBC069
:101DF00019F92C4083F220416B208641BCFDAB3F9A
:101E00009FBCA2C17AE8AFBFE09BE83EF2D61F407C
:101E10008B4C2D40AF712DBF00FF5AC04ED61D3EDA
:101E200045DEAFBD650E0EC067DFE5BE82B2C93FBD
:101E30004612C13F10939E3E444A45BE58EE95C09F
:101E4000849C7BBFF99050404A414B4041EA023E9E
:101E50000E3C803E02D692BEF12E84BE058A263EFE
:101E60000F07A43DD66FD43E376D533F40B070BFCF
:101E7000BBFC58BF4EF4033FEFB28B3E919C79BF41
:101E8000B1C869C1070D0EC0C95B064111490441C3
:101E9000889F5140DB5EEC3CB7C544BF179E09BF2D
:101EA000C2F378BF8F3A863F0680A33D67E297BFB3
:101EB0006BF81941B41BF5C14E1541C121E37541C1
:101EC0008C8F7B41CEE11FBC62E0AA3E6B8C22C0AE
:101ED000FC9D3BBF49A720BF0B0A00408A95CBC0A1
:101EE00083F2204119F92C40BCFDAB3F6B208641A9
:101EF0009FBCA2C17AE8AFBFF2D61F40E09BE83E8C
:101F0000AF712DBF8B4C2D4000FF5AC04605644079
:101F10005BD426413DE65EC125A6CBC109B834415C
:101F20006B481D41DEBEF6408B82B1416ACDF0C1E7
:101F30008E095BC282C0BC41BF24B441D9E506BE54
:101F4000B77DC7BFEE7DF6BD92951B40BD3DE03E1F
:101F5000D69DEABFEBAFDBBEED1CA6C00C8E87BEE4
:101F60002A95004187529F3F842DC2C0AACB0842C8
:101F7000A48AF042489E94C270F987C351CA77423E
:101F800005421043AA16A6405FAA0841023786C040
:101F900071E1B5C1A3B44540CBFB29417AB45C41A2
:101FA000E35F96C1F94153C2E93CB3C13156834264
:101FB000159DADC2514FAC3EDB4C413F80449FBFAD
:101FC000B3DA79C0C37E8340396149C1EFDA5FC0BB
:101FD000FC8F97C35DBE7642395C7D4375B645C2C2
:101FE00028F79442AB878A3FCF212BC204A8004038
:101FF000A73AEB41C95959BF66D68D4146056440A1
:102000003DE65EC15BD4264109B8344125A6CBC16B
:102010006B481D41DEBEF6406ACDF0C18B82B141F6
:1020200082C0BC418E095BC2BF24B441D9E5063EE3
:10203000EE7DF63DB77DC73FBD3DE0BE92951BC02E
:10204000D69DEA3FEBAFDB3E0C8E873EED1CA640F3
:1020500087529FBF2A9500C1842DC2407AB45C414B
:10206000F94153C2E35F96C131568342E93CB3C1A3
:10207000159DADC2514FAC3E80449FBFDB4C413FEC
:10208000C37E8340B3DA79C0396149C1AACB084223
:10209000489E94C2A48AF04251CA774270F987C31D
:1020A00005421043AA16A640023786C05FAA08411F
:1020B000A3B4454071E1B5C1CBFB2941EFDA5FC064
:1020C0005DBE7642FC8F97C375B645C2395C7D43D1
:1020D00028F79442AB878A3F04A80040CF212BC247
:1020E000C95959BFA73AEB4166D68D411304B6BF13
:1020F000004F3BC169811E4056FB6C41C1DDE5C00C
:1021000023720D40082261C0A3E9EFC13129BD400F
:1021100071B0104221819CC14B2CCA4034D2E1BE27
:1021200075A34A3F875B69BF9A2981BF1C4A933FC9
:10213000F453EEBD853E8DC02451FE40764712C15A
:102140009D7F21C178273841BBB095BF368595C0AA
:1021500022C69EC2EF1E02424F54174282EE33C285
:102160002D71AB41C1D4B9BEF2DF0AC1356A494015
:102170003A2556C0A07BB4C0968C603FC5DE73C0C4
:102180000429F9C0420806C2EAE1D0415259D8C137
:102190008B3A1441771B9E3D5BB759C0721016C035
:1021A000F400C440832946C1C66509C0300EBDC1D4
:1021B0007494D5410B73CF41FB58EC40E71DE73FCA
:1021C000CB7727C26BB286C0DCCF7E402F57BC4096
:1021D000A497CA3FC21215C01A38DDC01304B6BF97
:1021E00069811E40004F3BC1C1DDE5C056FB6C411B
:1021F00023720D40082261C03129BD40A3E9EFC11F
:1022000021819CC171B010424B2CCA4034D2E13EB6
:10221000875B693F75A34ABF1C4A93BF9A29813FD8
:10222000F453EE3D853E8D40764712412451FEC069
:10223000782738C19D7F2141BBB0953FC5DE73C073
:10224000420806C20429F9C05259D8C1EAE1D04176
:102250008B3A1441771B9E3D721016C05BB759C074
:10226000832946C1F400C440C66509C0368595C0BF
:10227000EF1E024222C69EC282EE33C24F54174264
:102280002D71AB41C1D4B9BE356A4940F2DF0AC1F4
:10229000A07BB4C03A2556C0968C603F300EBDC1BD
:1022A0000B73CF417494D541E71DE73FFB58EC40D9
:1022B000CB7727C26BB286C02F57BC40DCCF7E40A5
:1022C000C21215C0A497CA3F1A38DDC00CCD4541D3
:1022D00067097541A21012C24CCF5BC2BCFF6B42B2
:1022E000DBEFDD404BDEED4137412D420381B1C2D2
:1022F00002BF0CC35A1612431A5B534133B175BF68
:102300005BEC8C3EF6E8BFBE1EE6C53EE0B1733F17
:1023100082F9BC3EA5A419C1F04E2A40F6016EC058
:1023200043837F4082A91841B5036240655C9E41AA
:10233000813F4A4392B1D2C297A4A3C3AF0D0743D2
:10234000F004FB42EB622F407D61DD413A1F54C136
:1023500027D513C24B5AB141FF82AA4025235541CC
:10236000CAD6304161BE82C1320472C2167A1743A6
:10237000694D51C3D21B69BFC71A4B41309EE14022
:102380001DD7B1C1755EAE416603FCC1F06E8FC250
:10239000723D8CC3652F0C4337698643F59003C3A8
:1023A000B4D4C8410736CDC0B7DB17C2DB2C2E41F1
:1023B00062CFF0414A6A06C13DAA11410CCD4541A8
:1023C000A21012C267097541BCFF6B424CCF5BC2C1
:1023D000DBEFDD404BDEED410381B1C237412D42E1
:1023E0005A16124302BF0CC31A5B534133B1753FF7
:1023F000F6E8BF3E5BEC8CBEE0B173BF1EE6C5BE27
:1024000082F9BCBEA5A41941F6016E40F04E2AC067
:1024100082A918C143837FC0B50362C025235541FB
:1024200061BE82C1CAD63041167A1743320472C2E5
:10243000694D51C3D21B69BF309EE140C71A4B4161
:10244000755EAE411DD7B1C16603FCC1655C9E419E
:1024500092B1D2C2813F4A43AF0D074397A4A3C3B1
:10246000F004FB42EB622F403A1F54C17D61DD4115
:102470004B5AB14127D513C2FF82AA40F06E8FC2DA
:10248000652F0C43723D8CC3F59003C337698643B7
:10249000B4D4C8410736CDC0DB2C2E41B7DB17C200
:1024A0004A6A06C162CFF0413DAA11410000000016
:1024B000920E493CB10AC93C2BC3163D2EFB483D48
:1024C000752B7B3D04A9963D80B6AF3D36BDC83D1A
:1024D0002FBCE13D73B2FA3D87CF093E8340163EE3
:1024E000B5AB223EA2102F3ECF6E3B3EC2C5473E4B
:1024F0000115543E135C603E7F9A6C3ECCCF783E13
:10250000C07D823E938E883E229A8E3E32A0943EBB
:1025100086A09A3EE59AA03E128FA63ED47CAC3EA1
:10252000EF63B23E2A44B83E491DBE3E15EFC33E9E
:1025300053B9C93ECA7BCF3E4136D53E80E8DA3E2C
:102540004F92E03E7533E63EBBCBEB3EEA5AF13E9E
:10255000CBE0F63E275DFC3EE4E7003F3D9C033FB9
:10256000824B063F9BF5083F6B9A0B3FDA390E3FD3
:10257000CDD3103F2A68133FD9F6153FC07F183FCF
:10258000C6021B3FD17F1D3FCBF61F3F9967223FFD
:1025900025D2243F5636273F1594293F4AEB2B3F3F
:1025A000DE3B2E3FBB85303FC9C8323FF304353F89
:1025B000233A373F4268393F3B8F3B3FF9AE3D3FBF
:1025C00067C73F3F70D8413F01E2433F03E4453FC7
:1025D00065DE473F12D1493FF8BB4B3F029F4D3F5D
:1025E000207A4F3F3D4D513F4918533F31DB543F17
:1025F000E595563F5348583F6AF2593F1A945B3F5E
:10260000532D5D3F05BE5E3F2146603F97C5613F4C
:102610005A3C633F59AA643F880F663FD86B673FB7
:102620003CBF683FA7096A3F0C4B6B3F5E836C3F22
:1026300093B26D3F9ED86E3F73F56F3F0809713FAF
:102640005213723F4714733FDD0B743F0BFA743F14
:10265000C6DE753F07BA763FC58B773FF853783FA4
:102660009812793F9DC7793F02737A3FBE147B3F32
:10267000CDAC7B3F283B7C3FC9BF7C3FAC3A7D3F24
:10268000CCAB7D3F23137E3FB0707E3F6DC47E3F59
:10269000580E7F3F6D4E7F3FAB847F3F0FB17F3F32
:1026A00097D37F3F43EC7F3F11FB7F3F0000803F8C
:1026B00011FB7F3F43EC7F3F97D37F3F0FB17F3FBD
:1026C000AB847F3F6D4E7F3F580E7F3F6DC47E3F92
:1026D000B0707E3F23137E3FCCAB7D3FAC3A7D3F55
:1026E000C9BF7C3F283B7C3FCDAC7B3FBE147B3FCA
:1026F00002737A3F9DC7793F9812793FF853783F2C
:10270000C58B773F07BA763FC6DE753F0BFA743F3D
:10271000DD0B743F4714733F5213723F0809713F3A
:1027200073F56F3F9ED86E3F93B26D3F5E836C3FF3
:102730000C4B6B3FA7096A3F3CBF683FD86B673FB4
:10274000880F663F59AA643F5A3C633F97C5613F73
:102750002146603F05BE5E3F532D5D3F1A945B3FAF
:102760006AF2593F5348583FE595563F31DB543F95
:102770004918533F3D4D513F207A4F3F029F4D3FF7
:10278000F8BB4B3F12D1493F65DE473F03E4453F6D
:1027900001E2433F70D8413F67C73F3FF9AE3D3F3D
:1027A0003B8F3B3F4268393F233A373FF304353F85
:1027B000C9C8323FBB85303FDE3B2E3F4AEB2B3F43
:1027C0001594293F5636273F25D2243F9967223F4B
:1027D000CBF61F3FD17F1D3FC6021B3FC07F183F76
:1027E000D9F6153F2A68133FCDD3103FDA390E3F93
:1027F0006B9A0B3F9BF5083F824B063F3D9C033F86
:10280000E4E7003F275DFC3ECBE0F63EEA5AF13EAE
:10281000BBCBEB3E7533E63E4F92E03E80E8DA3EBE
:102820004136D53ECA7BCF3E53B9C93E15EFC33EB4
:10283000491DBE3E2A44B83EEF63B23ED47CAC3E56
:10284000128FA63EE59AA03E86A09A3E32A0943E04
:10285000229A8E3E938E883EC07D823ECCCF783EBB
:102860007F9A6C3E135C603E0115543EC2C5473EE4
:10287000CF6E3B3EA2102F3EB5AB223E8340163EAC
:1028800087CF093E73B2FA3D2FBCE13D36BDC83D4E
:1028900080B6AF3D04A9963D752B7B3D2EFB483D90
:1028A0002BC3163DB10AC93C920E493C0000000002
:1028B000920E49BCB10AC9BC2BC316BD2EFB48BD44
:1028C000752B7BBD04A996BD80B6AFBD36BDC8BD16
:1028D0002FBCE1BD73B2FABD87CF09BE834016BEDF
:1028E000B5AB22BEA2102FBECF6E3BBEC2C547BE47
:1028F000011554BE135C60BE7F9A6CBECCCF78BE0F
:10290000C07D82BE938E88BE229A8EBE32A094BEB7
:1029100086A09ABEE59AA0BE128FA6BED47CACBE9D
:10292000EF63B2BE2A44B8BE491DBEBE15EFC3BE9A
:1029300053B9C9BECA7BCFBE4136D5BE80E8DABE28
:102940004F92E0BE7533E6BEBBCBEBBEEA5AF1BE9A
:10295000CBE0F6BE275DFCBEE4E700BF3D9C03BFB5
:10296000824B06BF9BF508BF6B9A0BBFDA390EBFCF
:10297000CDD310BF2A6813BFD9F615BFC07F18BFCB
:10298000C6021BBFD17F1DBFCBF61FBF996722BFF9
:1029900025D224BF563627BF159429BF4AEB2BBF3B
:1029A000DE3B2EBFBB8530BFC9C832BFF30435BF85
:1029B000233A37BF426839BF3B8F3BBFF9AE3DBFBB
:1029C00067C73FBF70D841BF01E243BF03E445BFC3
:1029D00065DE47BF12D149BFF8BB4BBF029F4DBF59
:1029E000207A4FBF3D4D51BF491853BF31DB54BF13
:1029F000E59556BF534858BF6AF259BF1A945BBF5A
:102A0000532D5DBF05BE5EBF214660BF97C561BF48
:102A10005A3C63BF59AA64BF880F66BFD86B67BFB3
:102A20003CBF68BFA7096ABF0C4B6BBF5E836CBF1E
:102A300093B26DBF9ED86EBF73F56FBF080971BFAB
:102A4000521372BF471473BFDD0B74BF0BFA74BF10
:102A5000C6DE75BF07BA76BFC58B77BFF85378BFA0
:102A6000981279BF9DC779BF02737ABFBE147BBF2E
:102A7000CDAC7BBF283B7CBFC9BF7CBFAC3A7DBF20
:102A8000CCAB7DBF23137EBFB0707EBF6DC47EBF55
:102A9000580E7FBF6D4E7FBFAB847FBF0FB17FBF2E
:102AA00097D37FBF43EC7FBF11FB7FBF000080BF88
:102AB00011FB7FBF43EC7FBF97D37FBF0FB17FBFB9
:102AC000AB847FBF6D4E7FBF580E7FBF6DC47EBF8E
:102AD000B0707EBF23137EBFCCAB7DBFAC3A7DBF51
:102AE000C9BF7CBF283B7CBFCDAC7BBFBE147BBFC6
:102AF00002737ABF9DC779BF981279BFF85378BF28
:102B0000C58B77BF07BA76BFC6DE75BF0BFA74BF39
:102B1000DD0B74BF471473BF521372BF080971BF36
:102B200073F56FBF9ED86EBF93B26DBF5E836CBFEF
:102B30000C4B6BBFA7096ABF3CBF68BFD86B67BFB0
:102B4000880F66BF59AA64BF5A3C63BF97C561BF6F
:102B5000214660BF05BE5EBF532D5DBF1A945BBFAB
:102B60006AF259BF534858BFE59556BF31DB54BF91
:102B7000491853BF3D4D51BF207A4FBF029F4DBFF3
:102B8000F8BB4BBF12D149BF65DE47BF03E445BF69
:102B900001E243BF70D841BF67C73FBFF9AE3DBF39
:102BA0003B8F3BBF426839BF233A37BFF30435BF81
:102BB000C9C832BFBB8530BFDE3B2EBF4AEB2BBF3F
:102BC000159429BF563627BF25D224BF996722BF47
:102BD000CBF61FBFD17F1DBFC6021BBFC07F18BF72
:102BE000D9F615BF2A6813BFCDD310BFDA390EBF8F
:102BF0006B9A0BBF9BF508BF824B06BF3D9C03BF82
:102C0000E4E700BF275DFCBECBE0F6BEEA5AF1BEAA
:102C1000BBCBEBBE7533E6BE4F92E0BE80E8DABEBA
:102C20004136D5BECA7BCFBE53B9C9BE15EFC3BEB0
:102C3000491DBEBE2A44B8BEEF63B2BED47CACBE52
:102C4000128FA6BEE59AA0BE86A09ABE32A094BE00
:102C5000229A8EBE938E88BEC07D82BECCCF78BEB7
:102C60007F9A6CBE135C60BE011554BEC2C547BEE0
:102C7000CF6E3BBEA2102FBEB5AB22BE834016BEA8
:102C800087CF09BE73B2FABD2FBCE1BD36BDC8BD4A
:102C900080B6AFBD04A996BD752B7BBD2EFB48BD8C
:102CA0002BC316BDB10AC9BC920E49BC00000080FE
:102CB00000000080DB0F4940DB0F49C0DB0F49BF3C
:102CC000E4CB1640E4CB16C00000000000000080FA
:102CD0006937AC3168212233B40F14336821A23331
:102CE0003863ED3EDA0F493F5E987B3FDA0FC93F0C
:082CF00084E6FF7F01000000F3
:082CF8008DC1000895CD000814
:102D00000090D0030090D0030100000010000000EC
:102D1000AAAAAAAA0508000000803BC5000030400E
:102D20002DCE0008EDCE0008C5CD00089DCD0008D1
:102D30000000000000000000000000000000484209
:102D4000000048C200007041CDCC4C3E0000404025
:102D5000AC010020AC010020F90301084504010882
:102D6000710401086800002000000000000000005D
:102D700068000000D000000000000000000000001B
:102D80000000000000000000000000000000000043
:102D90000000000000000000000000000000000033
:102DA0000000000000000000000000000000000023
:042DB000000000001F
:04000005080106D90F
:00000001FF
