:020000040800F2
:10000000387D00247903000839DD000881C3000829
:1000100009DB0008490C0008A919010800000000CC
:1000200000000000000000000000000041F4000893
:10003000691A000800000000D1DD000821F6000860
:100040009303000893030008930300089303000838
:100050009303000893030008930300089303000828
:10006000930300089303000893030008B90C0008E9
:10007000C90C0008930300089303000893030008C9
:10008000930300089303000893030008811A0008F3
:10009000911A0008930300089303000893030008D3
:1000A00093030008930300089303000893030008D8
:1000B00049FB00089303000893030008930300081A
:1000C00093030008930300089303000893030008B8
:1000D000930300089303000889190108991901087E
:1000E0009303000893030008000000009303000836
:1000F0009303000893030008930300089303000888
:100100009303000893030008930300089303000877
:1001100093030008D9030108930300089303000820
:1001200093030008D90C0008E90C0008F90C00083A
:10013000090D0008930300089303000893030008C7
:1001400000000000000000000000000000000000AF
:100150009303000893030008930300089303000827
:100160009303000893030008930300089303000817
:1001700093030008930300089303000800000000A5
:100180009303000893030008E903010893030008A0
:1001900093030008930300089303000893030008E7
:1001A0009303000893030008930300080000000075
:1001B00093030008930300089303000893030008C7
:1001C00093030008930300080000000000000000F3
:1001D0000000000000000000930300080000000081
:1001E000000000000000000000000000000000000F
:1001F00000000000000000009303000893030008C3
:100200009303000893030008000000009303000814
:100210009303000893030008930300089303000866
:100220009303000800000000930300080000000092
:1002300093030008930300080000000093030008E4
:100240009303000893030008930300089303000836
:100250009303000893030008930300089303000826
:100260009303000893030008930300089303000816
:1002700093030008930300089303000800000000A4
:1002800093030008930300089303000893030008F6
:100290000000000093030008930300080000000022
:1002A0000000000093030008930300089303000874
:1002B000791901089303000893030008A11A0008A4
:1002C00093030008930300089303000800F002F86A
:1002D00000F042F80AA090E8000C82448344AAF19E
:1002E0000107DA4501D100F037F8AFF2090EBAE89C
:1002F0000F0013F0010F18BFFB1A43F0010318475A
:10030000D8A9020008AA0200103A24BF78C878C110
:10031000FAD8520724BF30C830C144BF04680C600B
:10032000704700000023002400250026103A28BF53
:1003300078C1FBD8520728BF30C148BF0B60704757
:100340001FB528F03BF99DE8030000F0D9F900F053
:10035000A9F91FBD10B510BD00F064FA1146FFF7F2
:10036000EFFF23F0A9FF00F082FA03B4FFF7F2FFDA
:1003700003BC00F0B3FA0000094880470948004771
:10038000FEE7FEE7FEE7FEE7FEE7FEE7FEE7FEE745
:10039000FEE7FEE704480549054A064B70470000A2
:1003A00009FA0008CD02000800000020387D002472
:1003B000000002203875002470B5064600F084F96C
:1003C000056806F10B0020F00704B4429CBF002032
:1003D00070BD2B466A68BAB11068A04210D304F110
:1003E000080188423CBF5068586007D35168101913
:1003F00041601168091B016058601460101D70BDD8
:1004000013465268002AE7D12146284600F064F9D5
:100410000028DED170BD53EA020C00F069802DE99E
:10042000F04B4FF00006002B1FBFB3FA83F503FA21
:1004300005F424FA05F65E4012BF1643B2FA82F5BF
:1004400002FA05F4C5F120051EBF22FA05FC44EAB4
:100450000C04203556EA044C4FEA144418BF641CBF
:100460004FF000084FF00009904271EB030C39D3B4
:10047000002919BFB1FA81F701FA07F6B0FA80F73F
:1004800000FA07F6C7F120071EBF20FA07FC46EA6C
:100490000C062037B6FBF4FCA7EB0507103F07F06E
:1004A0001F0BCBF120062CFA06F60CFA0BFB44BF0F
:1004B000B3460026202FA4BF5E464FF0000B5BEA38
:1004C000060C08BF4FF0010B19EB0B0948EB0608AF
:1004D000ABFB027C06FB02CC0BFB03CCC01B71EB1D
:1004E0000C01C1E70B46024641464846BDE8F08B89
:1004F00013B5084318BF4FF0FF300146AFF300803B
:10050000BDE81C407047002800DA40427047032ACB
:1005100040F2308010F0030C00F0158011F8013B20
:10052000BCF1020F624498BF11F801CB00F8013B07
:1005300038BF11F8013BA2F1040298BF00F801CBCB
:1005400038BF00F8013B11F0030300F02580083AA2
:10055000C0F0088051F8043B083A51F804CBA0E8F9
:100560000810F5E7121D5CBF51F8043B40F8043B4E
:10057000AFF30080D20724BF11F8013B11F801CB83
:1005800048BF11F8012B24BF00F8013B00F801CB54
:1005900048BF00F8012B704710B5203AC0F00B801F
:1005A000B1E81850A0E81850B1E81850A0E8185069
:1005B000203ABFF4F5AF5FEA027C24BFB1E81850DF
:1005C000A0E8185044BF18C918C0BDE810405FEA41
:1005D000827C24BF51F8043B40F8043B08BF7047BD
:1005E000D20728BF31F8023B48BF11F8012B28BFC2
:1005F00020F8023B48BF00F8012B704702F0FF03D0
:1006000043EA032242EA024200F024B84FF000021B
:100610000429C0F0128010F0030C00F01B80CCF114
:10062000040CBCF1020F18BF00F8012BA8BF20F882
:10063000022BA1EB0C0100F00DB85FEAC17C24BFD6
:1006400000F8012B00F8012B48BF00F8012B704780
:100650004FF0000200B5134694469646203922BF5B
:10066000A0E80C50A0E80C50B1F12001BFF4F7AFA6
:10067000090728BFA0E80C5048BF0CC05DF804EB88
:10068000890028BF40F8042B08BF704748BF20F8F6
:10069000022B11F0804F18BF00F8012B70477047F4
:1006A0007047704770B5064C7C44064D7D4404E0AD
:1006B0002046016808448047241DAC42F8D170BD33
:1006C0005CA6020060A6020000487047700000248B
:1006D000704770477047704738B504460A46002097
:1006E0006946AFF30080002808BF38BD0246009974
:1006F000204600F075F8012038BD012000F08AB8CE
:10070000F8B5AFF30080054600200C46102000BF6E
:100710000646A819A0420DD9324669460020AFF31B
:100720000080070008BF00F075F80098A04218BFCD
:100730000546C419FFF7C8FF05600746F01D20F005
:1007400007004619284600F00AF8B44208BFF8BD71
:10075000A21B31463868BDE8F84000F041B80021DE
:100760000160C0E9011070471020704770B5044661
:10077000051FFFF7A9FF0068002C14BF446870BD77
:10078000002C18BFAC423CBF20466468F8D3016817
:100790000A18AA4218BF456003D12A6805461144C9
:1007A000016028684119A1421CBF6C6070BD61687E
:1007B000696021680844286070BD10B500F00CF82D
:1007C000006810BD10B5044600F006F8046010BDC6
:1007D0000048704768000024004870476800002403
:1007E000034640688C46002818BF88423CBF034639
:1007F0004068F8D318681844884207D00CF1030009
:1008000020F00700001D411A521A0146081D0A6017
:10081000FFF7ACBF10B500F039F8BDE8104000F0AC
:100820002FB870477546FFF7D3FFAE4605006946FF
:10083000534620F00700854618B020B5FFF7AAFD03
:10084000BDE820404FF000064FF000074FF00008D1
:100850004FF0000BAC46ACE8C009ACE8C009ACE80E
:10086000C009ACE8C00921F007018D46704710B5FA
:100870000446AFF300802046BDE81040FFF775BD89
:10088000002801D000F02AB87047000010B50128F8
:1008900005D0002103A000F027F8012010BD09A118
:1008A000F8E7000053494752544D454D3A204F75E3
:1008B00074206F662068656170206D656D6F727958
:1008C000000000003A2048656170206D656D6F7210
:1008D0007920636F72727570746564000149182025
:1008E000ABBEFEE72600020070B505460C460A20A6
:1008F00000E06D1C00F011F835B128780028F8D11F
:1009000002E0641C00F009F814B120780028F8D146
:10091000BDE870400A20AFF3008008B569468DF845
:1009200000000320ABBE08BD80B586B00020049057
:1009300003900290019040F66801C2F2004191F8E4
:1009400029008DF8040091F828008DF80500C87A78
:100950008DF80600887A8DF807009DF817008DF84D
:1009600008009DF816008DF80900487900F0010292
:100970009DF80A0010438DF80A00087B00F0010280
:100980009DF80B0040EA42008DF80B0040F2100089
:10099000C2F20040D0F804C0086B91F82A3040F24F
:1009A0000F1101AAE04706B080BD00000000000062
:1009B0002DE9F0478FB0DDF87890DDF874801C9F4A
:1009C0001B9E1A9D199CDDF860E0DDF85CC0CDF837
:1009D0003890CDF834800C970B960A950994CDF891
:1009E00020E0CDF81CC006930592049103909DF879
:1009F00034109DF8350040EA012000B200EE100AE4
:100A0000B8EEC00A8DED020A9DF836109DF8370049
:100A100040EA012000B200EE100AB8EEC00A8DEDE7
:100A2000010A9DF838109DF8390040EA012000B213
:100A300000EE100AB8EEC00A8DED000A9DF83A10DB
:100A40009DF83B0040EA012000B200EE100AB8EE2B
:100A5000C00A40F66800C2F2004080ED070A029921
:100A600040F6A823C2F20043C3F8201F03F57261C9
:100A7000019AC3F8242F9DED000A9FED111A80EE14
:100A8000010A81ED020A90F82500A8B9FFE740F6B7
:100A90006800C2F2004090ED071A40F24810C2F21E
:100AA000004000F5E06090ED000A9FED062AA1EEFF
:100AB000020A80ED000AFFE70FB0BDE8F08700BF33
:100AC000000048C38FC275BD2DE9F0478EB0DDF838
:100AD0007490DDF870801B9F1A9E199D189CDDF89C
:100AE0005CE0DDF858C0CDF83490CDF830800B973D
:100AF0000A9609950894CDF81CE0CDF818C0059326
:100B00000492039102909DF830109DF8310040EA64
:100B1000012000B200EE100AB8EEC00A8DED010A05
:100B20009DF8321040F66800C2F2004000908170DB
:100B30008178490881709DF8331001F0010101713D
:100B40009DF83310C1F3400180F825109DF8331053
:100B5000C1F38001C1709DF83310C1F3C001417031
:100B600090F8250001282FD1FFE79DED010AB5EE91
:100B7000400AF1EE10FA08D1FFE740F24810C2F245
:100B80000040D0F800070190FFE740F66800C2F28D
:100B9000004090ED070A9FED111A20EE010A40F681
:100BA000A020C2F2004080ED000A9DED010A90ED08
:100BB000001A30EE010A40F24810C2F2004000F57F
:100BC000E06080ED000A06E040F6A021C2F200419C
:100BD00000200860FFE70EB0BDE8F0878FC2F5BCCB
:100BE00080B589B008900020ADF814008DF816008B
:100BF0000690079040F66801C2F20041059A069BF4
:100C0000DDF81CC0C1F830C0CB628A62049003904A
:100C10000290019000900098019A029BDDF80CC0B0
:100C2000DDF810E0C1F824E0C1F820C0CB618A6192
:100C3000486108980863082081F82A0081F8240098
:100C400009B080BD00000000FFE7FEE700000000E3
:100C500080B582B040F6A820C2F2004001901FF09B
:100C600067F901981CF0B4FD019815F049FC02B039
:100C700080BD00000000000080B540F6A820C2F250
:100C8000004013F06DF880BD80B582B040F248108E
:100C9000C2F20040019012F023FA019812F0E4F839
:100CA00002B080BD0000000080B540F24810C2F2E2
:100CB000004012F029FA80BD80B542F21000C2F265
:100CC000004002F0B9FA80BD80B541F6B850C2F2DA
:100CD000004002F0B1FA80BD80B541F6A860C2F2D2
:100CE000004002F0A9FA80BD80B541F63060C2F242
:100CF000004002F0A1FA80BD80B541F62070C2F23A
:100D0000004002F099FA80BD80B541F69870C2F2B9
:100D1000004002F091FA80BD83B002900298016811
:100D200001201022C4F202029142009000F0A38040
:100D3000FFE70298016801202822C4F202029142D2
:100D4000009000F09880FFE702980168012040229F
:100D5000C4F202029142009000F08D80FFE70298F9
:100D6000016801205822C4F202029142009000F072
:100D70008280FFE70298016801207022C4F202021B
:100D80009142009077D0FFE7029801680120882205
:100D9000C4F20202914200906DD0FFE70298016810
:100DA0000120A022C4F202029142009063D0FFE72A
:100DB000029801680120B822C4F202029142009018
:100DC00059D0FFE702980168012040F21042C4F2B6
:100DD0000202914200904ED0FFE702980168012084
:100DE00040F22842C4F202029142009043D0FFE751
:100DF00002980168012040F24042C4F2020291428E
:100E0000009038D0FFE702980168012040F2584274
:100E1000C4F20202914200902DD0FFE702980168CF
:100E2000012040F27042C4F202029142009022D0AE
:100E3000FFE702980168012040F28842C4F20202F2
:100E40009142009017D0FFE702980168012040F21C
:100E5000A042C4F20202914200900CD0FFE7029837
:100E600000684FF64831CBF6FD710844B0FA80F0C7
:100E700040090090FFE70098C00740B3FFE70298E1
:100E8000007810384AF6AB21CAF6AA21A0FB01105F
:100E900000090190019800F0070148F2C470C0F603
:100EA0000200405C0299C8650198042807D3FFE757
:100EB00002990868042262F30900886506E0029935
:100EC000086840F2FF3290438865FFE705E0029929
:100ED000086820F0FF008865FFE70298806D03B086
:100EE000704700000000000084B003900398006881
:100EF000019003980168012045F20842C5F60202FC
:100F0000914200904ED0FFE703980168012045F21E
:100F10001C42C5F602029142009043D0FFE70398BD
:100F20000168012045F23042C5F60202914200906C
:100F300038D0FFE703980168012045F24442C5F626
:100F40000202914200902DD0FFE703980168012032
:100F500045F25842C5F602029142009022D0FFE7C6
:100F600003980168012045F26C42C5F602029142E5
:100F7000009017D0FFE703980168012045F28042F6
:100F8000C5F60202914200900CD0FFE7039800687A
:100F90004AF66C31CAF2FD710844B0FA80F040099B
:100FA0000090FFE70098C00710B3FFE703980078B0
:100FB00008384CF6CD41CCF6CC41A0FB011000091D
:100FC0000290029945F60000C5F6020000EB810090
:100FD00003990866039945F68000C5F60200486645
:100FE000029800F01F01012088400399886635E0CF
:100FF0000398007810384AF6AB21CAF6AA21A0FB64
:10100000011000090290019840F2B841C4F20201B7
:1010100088420CD8FFE7019840F21041C4F2020167
:10102000884204D3FFE7029808300290FFE7029954
:1010300040F60000C4F2020000EB8100039908664C
:10104000039940F68000C4F202004866029800F05E
:101050001F010120884003998866FFE704B07047AC
:1010600083B002900298007901900198002800F066
:101070008A80FFE70198082800F28580FFE7029840
:101080000168012045F20842C5F602029142009033
:101090004ED0FFE702980168012045F21C42C5F6D8
:1010A00002029142009043D0FFE7029801680120BC
:1010B00045F23042C5F602029142009038D0FFE777
:1010C00002980168012045F24442C5F602029142AD
:1010D00000902DD0FFE702980168012045F25842A8
:1010E000C5F602029142009022D0FFE70298016803
:1010F000012045F26C42C5F602029142009017D0E1
:10110000FFE702980168012045F28042C5F602021D
:10111000914200900CD0FFE7029800684AF66C31CB
:10112000CAF2FD710844B0FA80F040090090FFE770
:101130000098C00780B1FFE7019945F6FC00C5F6AD
:10114000020000EB81000299C866029945F6401042
:10115000C5F6020008670FE0019940F6FC00C4F2F2
:10116000020000EB81000299C866029940F6401027
:10117000C4F202000867FFE70198411E0120884081
:1011800002994867FFE703B07047000000000000C5
:1011900085B0049000208DF80F000498806918BB7A
:1011A000FFE70498806A029003281BD80299DFE8C1
:1011B00001F0020D0218049890F82F00C00720B12A
:1011C000FFE701208DF80F00FFE70CE00498C06AEC
:1011D000B0F1C07F04D1FFE701208DF80F00FFE7D9
:1011E00001E000E0FFE747E004988069B0F5005FA8
:1011F00026D1FFE70498806A019003281ED8019940
:10120000DFE801F00206021101208DF80F0016E060
:10121000049890F82F00C00720B1FFE701208DF857
:101220000F00FFE70BE00498C06AB0F1C07F04D163
:10123000FFE701208DF80F00FFE700E0FFE71AE06D
:101240000498806A0090032804D3FFE700980328DD
:1012500004D00EE001208DF80F000BE0049890F808
:101260002F00C00720B1FFE701208DF80F00FFE736
:1012700000E0FFE7FFE7FFE79DF80F0005B07047CC
:1012800089B008900791069205930898806D0490A4
:101290000898806D03900898016801201022C4F21C
:1012A00002029142029000F00381FFE70898016872
:1012B00001202822C4F202029142029000F0F8803C
:1012C000FFE70898016801204022C4F2020291421F
:1012D000029000F0ED80FFE7089801680120582295
:1012E000C4F202029142029000F0E280FFE7089807
:1012F000016801207022C4F202029142029000F0C3
:10130000D780FFE70898016801208822C4F2020212
:101310009142029000F0CC80FFE70898016801201C
:10132000A022C4F202029142029000F0C180FFE7C5
:10133000089801680120B822C4F20202914202908A
:1013400000F0B680FFE708980168012040F21042E3
:10135000C4F202029142029000F0AA80FFE70898CE
:101360000168012040F22842C4F202029142029038
:1013700000F09E80FFE708980168012040F240429B
:10138000C4F202029142029000F09280FFE70898B6
:101390000168012040F25842C4F2020291420290D8
:1013A00000F08680FFE708980168012040F2704253
:1013B000C4F20202914202907AD0FFE708980168D5
:1013C000012040F28842C4F20202914202906FD0A2
:1013D000FFE708980168012040F2A042C4F202022F
:1013E0009142029064D0FFE708980168012040F222
:1013F000B842C4F202029142029059D0FFE7089825
:101400000168012045F20842C5F6020291420290AD
:101410004ED0FFE708980168012045F21C42C5F64E
:1014200002029142029043D0FFE708980168012030
:1014300045F23042C5F602029142029038D0FFE7F1
:1014400008980168012045F24442C5F60202914223
:1014500002902DD0FFE708980168012045F258421C
:10146000C5F602029142029022D0FFE70898016877
:10147000012045F26C42C5F602029142029017D05B
:10148000FFE708980168012045F28042C5F6020294
:10149000914202900CD0FFE7089800684AF66C3140
:1014A000CAF2FD710844B0FA80F040090290FFE7EB
:1014B0000298C00770B1FFE70898416E806E4860DF
:1014C0000898C06E28B1FFE70898016F406F486028
:1014D000FFE7FFE70898016801201022C4F202022A
:1014E0009142019000F0A380FFE708980168012075
:1014F0002822C4F202029142019000F09880FFE796
:101500000898016801204022C4F202029142019031
:1015100000F08D80FFE70898016801205822C4F28E
:1015200002029142019000F08280FFE70898016872
:1015300001207022C4F202029142019077D0FFE7AD
:101540000898016801208822C4F2020291420190A9
:101550006DD0FFE7089801680120A022C4F20202C2
:101560009142019063D0FFE7089801680120B822FA
:10157000C4F202029142019059D0FFE70898016835
:10158000012040F21042C4F20202914201904ED07A
:10159000FFE708980168012040F22842C4F20202E5
:1015A0009142019043D0FFE708980168012040F282
:1015B0004042C4F202029142019038D0FFE70898FD
:1015C0000168012040F25842C4F2020291420190A7
:1015D0002DD0FFE708980168012040F27042C4F264
:1015E00002029142019022D0FFE708980168012091
:1015F00040F28842C4F202029142019017D0FFE704
:1016000008980168012040F2A042C4F2020291420F
:1016100001900CD0FFE7089800684FF64831CBF6F0
:10162000FD710844B0FA80F040090190FFE701988D
:10163000C00750B3FFE70898C06D00F01F013F20BE
:1016400088400499886008980168086820F4802020
:1016500008600598089909684860089880684028DB
:1016600009D1FFE7069808990968886007980899E2
:101670000968C86008E007980899096888600698B2
:1016800008990968C860FFE782E0089801680120AE
:1016900045F20842C5F60202914200904ED0FFE7A3
:1016A00008980168012045F21C42C5F602029142E9
:1016B000009043D0FFE708980168012045F23042CE
:1016C000C5F602029142009038D0FFE70898016801
:1016D000012045F24442C5F60202914200902DD00D
:1016E000FFE708980168012045F25842C5F602025A
:1016F0009142009022D0FFE708980168012045F24E
:101700006C42C5F602029142009017D0FFE708989C
:101710000168012045F28042C5F602029142009024
:101720000CD0FFE7089800684AF66C31CAF2FD71E8
:101730000844B0FA80F040090090FFE70098C00725
:1017400020B3FFE70898C06D00F01F01012088401A
:101750000399486005980899096848600898806866
:10176000402809D1FFE7069808990968886007981A
:1017700008990968C86008E00798089909688860AE
:10178000069808990968C860FFE700E0FFE7FFE7EF
:1017900009B070470000000080B582B040F6A82074
:1017A000C2F2004001901FF033FB019800F58070F9
:1017B0001FF02EFB019880301FF02AFB019800F5E6
:1017C000C0701FF025FB02B080BD000000000000CB
:1017D00081B040F69C00C2F20040007870BBFFE789
:1017E00040F69C01C2F200410120087041F2040061
:1017F000CEF2000000680090009840F24011C2F262
:1018000000410968884208D2FFE740F24411C2F261
:101810000041086801300860FFE741F20400CEF2A1
:101820000000006840F24011C2F20041086040F63A
:101830009C01C2F2004100200870FFE701B0704730
:1018400080B584B0039041F20400CEF2000000683D
:101850000290029803990968401A00EE100AB8EE47
:10186000400A40F22C10C2F2004090ED001AB8EE8F
:10187000411A80EE010A8DED010A02980399086071
:10188000FFF7A6FF9DED010A04B080BD0000000037
:1018900080B582B000F068F840F64C20C2F20040FB
:1018A000016883884FF47A7201FB023100EE101A4E
:1018B000B8EE400AC08801EE100AB8EEC11A9FEDDA
:1018C000052AA1EE020A8DED010A9DED010A02B082
:1018D00080BD00BF6F12833A80B582B001904EF692
:1018E000FC51CEF20001086840F08070086041F2BF
:1018F0000401CEF200010020086041F20002CEF2A5
:101900000002116841F001011160019944F2402286
:10191000C0F20F024A4340F22C11C2F200410A60A9
:101920000A6844F6D353C1F26203A2FB0332920960
:1019300040F23013C2F200431A6009684DF6836228
:10194000C4F21B32A1FB0221890C40F23412C2F214
:101950000042116040F24411C2F200410860FFF7FA
:1019600037FF02B080BD0000B0B586B041F2040080
:10197000CEF2000000680590FFF72AFF40F2441005
:10198000C2F2004001680598002302934FF0FF3C2B
:101990001A46E1FB0C0240F23811C2F200410091FC
:1019A0004A6008600868496840F22C14C2F200449A
:1019B0002268FEF730FD029B02468C46009940F6F5
:1019C000A000C2F20040C0F804C00260D1F800C01C
:1019D0004968D0F800E042682468AEFB04E502FBE9
:1019E0000452BCEB0E0C61EB020240F6A801C2F2FD
:1019F00000410391C1F800C04A60006840F64C22E3
:101A0000C2F20042049210600868496840F2301245
:101A1000C2F2004201921268FEF7FDFCDDF804C03C
:101A2000029B049A0146039891800168406892885D
:101A3000DCF800C002FB0CF28A1A60F1000040F6EC
:101A4000B001C2F200410A6048600868496840F28B
:101A50003412C2F200421268FEF7DDFC0499C8801D
:101A600006B0B0BD0000000070470000000000009C
:101A700081B0EFF3108072B60090FFE7FEE7000040
:101A800080B542F28800C2F2004004F021F880BD27
:101A900080B542F22810C2F2004004F019F880BD6F
:101AA00080B542F2C810C2F2004004F011F880BDC7
:101AB00084B002900298406B009002980068D0F8C1
:101AC00084004FF6FC718843009940EA8100029936
:101AD0000968C1F8840002980068D0F8840020F4F6
:101AE0007F00029A1168926B40EA0240C1F88400BC
:101AF0000298816B00980844009002980068D0F822
:101B000088006FF38F00009940EA8100029909680C
:101B1000C1F8880002980068D0F8880020F4FE0020
:101B2000029A1168D26B40EA0240C1F8880002981C
:101B3000C16B009800EB4100009002980068D0F85B
:101B4000A0006FF38F00009940EA810002990968B4
:101B5000C1F8A00002980068D0F8A00020F4FE00B0
:101B6000029A1168126C40EA0240C1F8A000029982
:101B7000086C496C009A00FB0120009002980068F4
:101B8000D0F8B0006FF38F00009940EA810002990D
:101B90000968C1F8B00002980068D0F8B00020F4DD
:101BA000FE00029A1168926C40EA0240C1F8B0004F
:101BB0000299886CC96C009A00FB01200090029881
:101BC0000068D0F8AC006FF38F00009940EA810004
:101BD00002990968C1F8AC000299086D496D009A34
:101BE00000FB0120009002980068D0F8F0006FF32D
:101BF0008F00009940EA810002990968C1F8F0005D
:101C000002980068D0F8F00020F47C10029A116865
:101C1000926D40EA0240C1F8F0000298816D009890
:101C200000EB4100009002980068D0F8C0006FF30C
:101C30008F00009940EA810002990968C1F8C0004C
:101C400002980068D0F8C00020F47C10029A116855
:101C5000D26D40EA0240C1F8C00002980068D0F896
:101C6000C00020F07C50029A1168126E40EA0260B7
:101C7000C1F8C00002994A6B4AF60040C4F2000065
:101C800000EB8200C86602998A6BC86E00EB820086
:101C900008670299CA6B086F00EBC2004867029997
:101CA0000A6C4B6C486F5A4300EB820088670299BC
:101CB0008A6CCB6C886F5A4300EB8200C86702992C
:101CC0000A6D4B6DC86F5A4300EB8200C1F880006B
:101CD00002998A6DD1F8800000EBC200C1F884003F
:101CE0000299CA6D8B6ED1F884005A4300EB8200D2
:101CF000C1F8880002990A6E8B6ED1F888005A43A9
:101D000000EB8200C1F890000298D0F890004DF2EC
:101D1000FD31C4F2000188420FD3FFE70299D1F8E8
:101D20009C0040F02000C1F89C000299032081F83B
:101D3000980001208DF80F0017E00298C06E019006
:101D4000FFE701980299D1F89010884208D2FFE786
:101D5000019900200860FFE7019804300190F0E746
:101D6000FFE700208DF80F00FFE79DF80F0004B09B
:101D7000704700000000000088B0079006910592AF
:101D800004930698406848B9FFE70698016882689E
:101D90000069104340EA8140039009E00698016819
:101DA000826800691043084340F080400390FFE7D9
:101DB0000698D0F820C0C16842698369C06940EACA
:101DC0000C601843104340EA014002900798826E6D
:101DD000D0F884000499514300EB810001900398EE
:101DE00001990860019804300190029801990860F7
:101DF00001980430019000200090FFE700980699B8
:101E0000CA6848F2B471C0F60201895C88420DD2FA
:101E1000FFE705980099405801990860019804303F
:101E20000190FFE7009804300090E7E708B07047A2
:101E300080B590B00F908DED0E0ACDED0D0A00200B
:101E40000C900B900A9009900890079006900590CE
:101E5000049003900F989DED0E0ADDED0D0A0BA97D
:101E60000BF03EF99DED0B0A07A809A90BF050FEF7
:101E70009DED0C0A03A805A90BF04AFE09980A9BE0
:101E8000C0EBC0014AF28C30C0F6020000EB810CBE
:101E9000059A06990CEB820E9EED000A9DED034A11
:101EA0009DED043A0CEB810C9CED001A23EE012A07
:101EB000A4EE002A9DED071A9DED080AC3EBC303AB
:101EC00000EB830000EB820292ED005A00EB8100F0
:101ED00090ED006A23EE063AA4EE053A20EE030ADE
:101EE000A1EE020A8DED000A09980A9BC0EBC00121
:101EF0004AF2C820C0F6020000EB810C059A069950
:101F00000CEB820E9EED000A9DED034A9DED043A16
:101F10000CEB810C9CED001A23EE012AA4EE002AA2
:101F20009DED071A9DED080AC3EBC30300EB830088
:101F300000EB820292ED005A00EB810090ED006A06
:101F400023EE063AA4EE053A20EE030AA1EE020AB9
:101F50008DED010A09980A9BC0EBC0014AF20420EA
:101F6000C0F6020000EB810C059A06990CEB820E7C
:101F70009EED000A9DED034A9DED043A0CEB810CA9
:101F80009CED001A23EE012AA4EE002A9DED071A0B
:101F90009DED080AC3EBC30300EB830000EB820254
:101FA00092ED005A00EB810090ED006A23EE063AB4
:101FB000A4EE053A20EE030AA1EE020A8DED020A14
:101FC0000F9890ED050A9DED001A20EE010A80EDB4
:101FD000000A0F9890ED060A9DED011A20EE010A05
:101FE00080ED010A0F9890ED070A9DED021A20EE90
:101FF000010A80ED020A10B080BD00000000000060
:1020000087B006900591049200208DF80F001F20E4
:1020100002909DF81400C00720B9FFE701208DF859
:102020000F004BE0FFE70299481E0290002001904C
:1020300051B1FFE70598029901F01F0120FA01F163
:10204000012088430190FFE70198C00708B1FFE72E
:10205000E9E70498009018282BD80099DFE801F0F0
:1020600028292929292929291F29292929292929EB
:1020700016292929292929290D000298072804D37E
:10208000FFE701208DF80F00FFE716E0029808280F
:1020900004D3FFE701208DF80F00FFE70DE0029861
:1020A000102804D3FFE701208DF80F00FFE704E0BC
:1020B00003E001208DF80F00FFE7FFE79DF80F0018
:1020C00078B9FFE70598069909684861069800689D
:1020D000806820F018000499084306990968886010
:1020E000FFE79DF80F0007B07047000000000000F8
:1020F00080B582B00090009820B9FFE701208DF8EC
:10210000070057E00098407F38B9FFE700990020AA
:102110000877009800F054F8FFE70099022048770C
:102120000098007980B9FFE70098016841F6B75040
:10213000C0F2C140486100980068806820F0180033
:102140000099096888600BE000988168C268FFF711
:1021500057FF20B1FFE701208DF807002AE0FFE7D5
:102160000098407930B9FFE7009801684FF0FF30E0
:10217000086104E00098016800690861FFE70098C1
:102180000068806820F06000009A1168526910436E
:10219000886000980068806820F08000009A1168CC
:1021A00092691043886000990120487700208DF8DB
:1021B0000700FFE79DF8070002B080BD00000000A7
:1021C00082B001900198006844F60041C5F6020112
:1021D000884210D1FFE7FFE744F2E040C5F6020075
:1021E000016841F400210160006800F400200090C3
:1021F0000098FFE7FFE702B0704700000000000012
:1022000080B58AB0089004F00BFD0490089828B9B6
:10221000FFE701208DF8270000F0AABC089890F88D
:10222000350002280ED0FFE7089980204865FFE7B7
:102230000899002081F83400FFE701208DF827007D
:1022400000F096BC0898016801201022C4F2020236
:102250009142039000F0A380FFE7089801680120F5
:102260002822C4F202029142039000F09880FFE716
:102270000898016801204022C4F2020291420390B2
:1022800000F08D80FFE70898016801205822C4F211
:1022900002029142039000F08280FFE708980168F3
:1022A00001207022C4F202029142039077D0FFE72E
:1022B0000898016801208822C4F20202914203902A
:1022C0006DD0FFE7089801680120A022C4F2020245
:1022D0009142039063D0FFE7089801680120B8227B
:1022E000C4F202029142039059D0FFE708980168B6
:1022F000012040F21042C4F20202914203904ED0FB
:10230000FFE708980168012040F22842C4F2020267
:102310009142039043D0FFE708980168012040F202
:102320004042C4F202029142039038D0FFE708987D
:102330000168012040F25842C4F202029142039027
:102340002DD0FFE708980168012040F27042C4F2E6
:1023500002029142039022D0FFE708980168012011
:1023600040F28842C4F202029142039017D0FFE784
:1023700008980168012040F2A042C4F20202914292
:1023800003900CD0FFE7089800684FF64831CBF671
:10239000FD710844B0FA80F040090390FFE703980C
:1023A000C00780B1FFE708980168086820F01E00A8
:1023B000086008980168486920F080004861089822
:1023C0000068059009E008980168086820F00E0090
:1023D0000860089800680590FFE7089801680120E8
:1023E0001022C4F202029142029000F00381FFE742
:1023F0000898016801202822C4F20202914202904A
:1024000000F0F880FFE70898016801204022C4F23C
:1024100002029142029000F0ED80FFE70898016807
:1024200001205822C4F202029142029000F0E280A0
:10243000FFE70898016801207022C4F2020291426D
:10244000029000F0D780FFE70898016801208822F9
:10245000C4F202029142029000F0CC80FFE708989B
:1024600001680120A022C4F202029142029000F011
:10247000C180FFE7089801680120B822C4F2020277
:102480009142029000F0B680FFE7089801680120B1
:1024900040F21042C4F202029142029000F0AA807F
:1024A000FFE708980168012040F22842C4F20202C6
:1024B0009142029000F09E80FFE708980168012099
:1024C00040F24042C4F202029142029000F0928037
:1024D000FFE708980168012040F25842C4F2020266
:1024E0009142029000F08680FFE708980168012081
:1024F00040F27042C4F20202914202907AD0FFE7A9
:1025000008980168012040F28842C4F20202914218
:1025100002906FD0FFE708980168012040F2A042C6
:10252000C4F202029142029064D0FFE70898016869
:10253000012040F2B842C4F202029142029059D006
:10254000FFE708980168012045F20842C5F602023B
:10255000914202904ED0FFE708980168012045F2B1
:102560001C42C5F602029142029043D0FFE7089850
:102570000168012045F23042C5F602029142029004
:1025800038D0FFE708980168012045F24442C5F6BB
:102590000202914202902DD0FFE7089801680120C5
:1025A00045F25842C5F602029142029022D0FFE75E
:1025B00008980168012045F26C42C5F6020291427A
:1025C000029017D0FFE708980168012045F2804289
:1025D000C5F60202914202900CD0FFE7089800680D
:1025E0004AF66C31CAF2FD710844B0FA80F0400935
:1025F0000290FFE70298C00738B1FFE70898016E24
:10260000086820F480700860FFE7089800681021CF
:10261000C4F20201884200F08180FFE70898006858
:102620002821C4F20201884278D0FFE708980068A8
:102630004021C4F20201884270D0FFE70898006888
:102640005821C4F20201884268D0FFE70898006868
:102650007021C4F20201884260D0FFE70898006848
:102660008821C4F20201884258D0FFE70898006828
:10267000A021C4F20201884250D0FFE70898006808
:10268000B821C4F20201884248D0FFE708980068E8
:1026900040F21041C4F2020188423FD0FFE708989F
:1026A000006840F22841C4F20201884236D0FFE7B8
:1026B0000898006840F24041C4F2020188422DD0DF
:1026C000FFE70898006840F25841C4F202018842CE
:1026D00024D0FFE70898006840F27041C4F202017C
:1026E00088421BD0FFE70898006840F28841C4F296
:1026F0000201884212D0FFE70898006840F2A0412A
:10270000C4F20201884209D0FFE70898006840F24D
:10271000B841C4F20201884207D1FFE70898016876
:10272000086820F00100086006E008980168086861
:1027300020F001000860FFE7FFE705980068C00788
:10274000C8B1FFE704F06CFA0499401A062811D3C7
:10275000FFE70899202048650899032081F8350093
:10276000FFE70899002081F83400FFE701208DF889
:102770002700FDE1E1E70898016801201022C4F27A
:1027800002029142019000F0A380FFE708980168DF
:1027900001202822C4F202029142019000F09880A8
:1027A000FFE70898016801204022C4F2020291422A
:1027B000019000F08D80FFE7089801680120582201
:1027C000C4F202029142019000F08280FFE7089873
:1027D000016801207022C4F202029142019077D078
:1027E000FFE70898016801208822C4F202029142A2
:1027F00001906DD0FFE7089801680120A022C4F283
:1028000002029142019063D0FFE70898016801201D
:10281000B822C4F202029142019059D0FFE7089811
:102820000168012040F21042C4F20202914201907C
:102830004ED0FFE708980168012040F22842C4F218
:1028400002029142019043D0FFE7089801680120FD
:1028500040F24042C4F202029142019038D0FFE7B8
:1028600008980168012040F25842C4F202029142E5
:1028700001902DD0FFE708980168012040F27042D6
:10288000C4F202029142019022D0FFE70898016849
:10289000012040F28842C4F202029142019017D016
:1028A000FFE708980168012040F2A042C4F202024A
:1028B000914201900CD0FFE7089800684FF648312C
:1028C000CBF6FD710844B0FA80F040090190FFE7B3
:1028D0000198C00760B1FFE70898806D07900898DD
:1028E000C06D00F01F013F208840079988600BE011
:1028F0000898806D06900898C06D00F01F010120B7
:10290000884006994860FFE7089801680120102276
:10291000C4F202029142009000F00381FFE70898A0
:10292000016801202822C4F202029142009000F0C6
:10293000F880FFE70898016801204022C4F20202F3
:102940009142009000F0ED80FFE7089801680120B7
:102950005822C4F202029142009000F0E280FFE7A8
:102960000898016801207022C4F20202914200908E
:1029700000F0D780FFE70898016801208822C4F2A0
:1029800002029142009000F0CC80FFE708980168B5
:102990000120A022C4F202029142009000F0C18006
:1029A000FFE7089801680120B822C4F202029142B0
:1029B000009000F0B680FFE708980168012040F21F
:1029C0001042C4F202029142009000F0AA80FFE798
:1029D00008980168012040F22842C4F202029142A4
:1029E000009000F09E80FFE708980168012040F207
:1029F0004042C4F202029142009000F09280FFE750
:102A000008980168012040F25842C4F20202914243
:102A1000009000F08680FFE708980168012040F2EE
:102A20007042C4F20202914200907AD0FFE7089807
:102A30000168012040F28842C4F2020291420090F3
:102A40006FD0FFE708980168012040F2A042C4F26D
:102A500002029142009064D0FFE7089801680120CB
:102A600040F2B842C4F202029142009059D0FFE70E
:102A700008980168012045F20842C5F60202914219
:102A800000904ED0FFE708980168012045F21C42F3
:102A9000C5F602029142009043D0FFE70898016812
:102AA000012045F23042C5F602029142009038D032
:102AB000FFE708980168012045F24442C5F602028A
:102AC000914200902DD0FFE708980168012045F25F
:102AD0005842C5F602029142009022D0FFE70898C2
:102AE0000168012045F26C42C5F602029142009055
:102AF00017D0FFE708980168012045F28042C5F62B
:102B00000202914200900CD0FFE7089800684AF654
:102B10006C31CAF2FD710844B0FA80F040090090AF
:102B2000FFE70098C007A0B1FFE70898416E806EEC
:102B300048600898C06E58B1FFE70898C16E0868F1
:102B400020F4807008600898016F406F4860FFE7CC
:102B5000FFE70899012081F83500FFE70899002078
:102B600081F83400FFE7FFE700208DF82700FFE73A
:102B70009DF827000AB080BD80B586B00490049807
:102B800020B9FFE701208DF8170046E3049890F87C
:102B90003500022807D0FFE704998020486501200E
:102BA0008DF8170039E30498016801201022C4F25F
:102BB00002029142029000F0A380FFE704980168AE
:102BC00001202822C4F202029142029000F0988073
:102BD000FFE70498016801204022C4F202029142FA
:102BE000029000F08D80FFE70498016801205822D0
:102BF000C4F202029142029000F08280FFE7049842
:102C0000016801207022C4F202029142029077D042
:102C1000FFE70498016801208822C4F20202914271
:102C200002906DD0FFE7049801680120A022C4F251
:102C300002029142029063D0FFE7049801680120EC
:102C4000B822C4F202029142029059D0FFE70498E0
:102C50000168012040F21042C4F202029142029047
:102C60004ED0FFE704980168012040F22842C4F2E8
:102C700002029142029043D0FFE7049801680120CC
:102C800040F24042C4F202029142029038D0FFE783
:102C900004980168012040F25842C4F202029142B5
:102CA00002902DD0FFE704980168012040F27042A5
:102CB000C4F202029142029022D0FFE70498016818
:102CC000012040F28842C4F202029142029017D0E1
:102CD000FFE704980168012040F2A042C4F202021A
:102CE000914202900CD0FFE7049800684FF64831FB
:102CF000CBF6FD710844B0FA80F040090290FFE77E
:102D00000298C007002800F09D80FFE70499042086
:102D100081F83500049800681021C4F2020188424D
:102D200000F08180FFE7049800682821C4F20201C6
:102D3000884278D0FFE7049800684021C4F202017D
:102D4000884270D0FFE7049800685821C4F202015D
:102D5000884268D0FFE7049800687021C4F202013D
:102D6000884260D0FFE7049800688821C4F202011D
:102D7000884258D0FFE704980068A021C4F20201FD
:102D8000884250D0FFE704980068B821C4F20201DD
:102D9000884248D0FFE70498006840F21041C4F22E
:102DA000020188423FD0FFE70498006840F22841C2
:102DB000C4F20201884236D0FFE70498006840F26E
:102DC0004041C4F2020188422DD0FFE70498006818
:102DD00040F25841C4F20201884224D0FFE704982F
:102DE000006840F27041C4F2020188421BD0FFE744
:102DF0000498006840F28841C4F20201884212D06F
:102E0000FFE70498006840F2A041C4F20201884242
:102E100009D0FFE70498006840F2B841C4F202010B
:102E2000884207D1FFE704980168086820F0010094
:102E3000086006E004980168086820F00100086056
:102E4000FFE7E5E104980168086820F00E000860DB
:102E5000049800681021C4F20201884200F08180C9
:102E6000FFE7049800682821C4F20201884278D064
:102E7000FFE7049800684021C4F20201884270D044
:102E8000FFE7049800685821C4F20201884268D024
:102E9000FFE7049800687021C4F20201884260D004
:102EA000FFE7049800688821C4F20201884258D0E4
:102EB000FFE704980068A021C4F20201884250D0C4
:102EC000FFE704980068B821C4F20201884248D0A4
:102ED000FFE70498006840F21041C4F20201884202
:102EE0003FD0FFE70498006840F22841C4F2020195
:102EF000884236D0FFE70498006840F24041C4F2AF
:102F0000020188422DD0FFE70498006840F2584142
:102F1000C4F20201884224D0FFE70498006840F21E
:102F20007041C4F2020188421BD0FFE70498006898
:102F300040F28841C4F20201884212D0FFE70498AF
:102F4000006840F2A041C4F20201884209D0FFE7C4
:102F50000498006840F2B841C4F20201884207D1E7
:102F6000FFE704980168086820F00100086006E0A7
:102F700004980168086820F001000860FFE70498E1
:102F8000016801201022C4F202029142019000F077
:102F90000381FFE70498016801202822C4F202029D
:102FA0009142019000F0F880FFE704980168012049
:102FB0004022C4F202029142019000F0ED80FFE74E
:102FC0000498016801205822C4F202029142019043
:102FD00000F0E280FFE70498016801207022C4F24B
:102FE00002029142019000F0D780FFE70498016847
:102FF00001208822C4F202029142019000F0CC80AC
:10300000FFE7049801680120A022C4F20202914265
:10301000019000F0C180FFE7049801680120B82208
:10302000C4F202029142019000F0B680FFE70498DA
:103030000168012040F21042C4F202029142019064
:1030400000F0AA80FFE704980168012040F22842BE
:10305000C4F202029142019000F09E80FFE70498C2
:103060000168012040F24042C4F202029142019004
:1030700000F09280FFE704980168012040F2584276
:10308000C4F202029142019000F08680FFE70498AA
:103090000168012040F27042C4F2020291420190A4
:1030A0007AD0FFE704980168012040F28842C4F218
:1030B0000202914201906FD0FFE70498016801205D
:1030C00040F2A042C4F202029142019064D0FFE7B4
:1030D00004980168012040F2B842C4F20202914211
:1030E000019059D0FFE704980168012045F2084299
:1030F000C5F60202914201904ED0FFE704980168A4
:10310000012045F21C42C5F602029142019043D0D3
:10311000FFE704980168012045F23042C5F602023B
:103120009142019038D0FFE704980168012045F2F0
:103130004442C5F60202914201902DD0FFE7049867
:103140000168012045F25842C5F602029142019001
:1031500022D0FFE704980168012045F26C42C5F6D1
:1031600002029142019017D0FFE704980168012004
:1031700045F28042C5F60202914201900CD0FFE771
:10318000049800684AF66C31CAF2FD710844B0FA3E
:1031900080F040090190FFE70198C00728B3FFE7DE
:1031A0000498016E086820F4807008600498806DAF
:1031B00003900498C06D00F01F010120884003991E
:1031C00048600498416E806E48600498C06E58B1A3
:1031D000FFE70498C16E086820F4807008600498C6
:1031E000016F406F4860FFE7FFE70499012081F815
:1031F0003500FFE70499002081F83400FFE70498C8
:10320000006D20B1FFE70498016D8847FFE7FFE7F5
:10321000FFE700208DF81700FFE79DF8170006B0C4
:1032200080BD00000000000081B000900098406D5B
:1032300001B070470000000080B590B00F900020F2
:103240000B9040F24400C2F20040006848F2B51111
:10325000C1F64E31A0FB0110800A0A900F98806DD4
:1032600009900F98806D0890099800680E90089852
:1032700000680D900F98016801201022C4F202022C
:103280009142079000F0A380FFE70F9801680120AA
:103290002822C4F202029142079000F09880FFE7D2
:1032A0000F98016801204022C4F202029142079067
:1032B00000F08D80FFE70F98016801205822C4F2CA
:1032C00002029142079000F08280FFE70F980168A8
:1032D00001207022C4F202029142079077D0FFE7EA
:1032E0000F98016801208822C4F2020291420790DF
:1032F0006DD0FFE70F9801680120A022C4F20202FE
:103300009142079063D0FFE70F9801680120B8222F
:10331000C4F202029142079059D0FFE70F9801686A
:10332000012040F21042C4F20202914207904ED0B6
:10333000FFE70F980168012040F22842C4F2020220
:103340009142079043D0FFE70F980168012040F2B7
:103350004042C4F202029142079038D0FFE70F9832
:103360000168012040F25842C4F2020291420790E3
:103370002DD0FFE70F980168012040F27042C4F29F
:1033800002029142079022D0FFE70F9801680120C6
:1033900040F28842C4F202029142079017D0FFE740
:1033A0000F980168012040F2A042C4F2020291424B
:1033B00007900CD0FFE70F9800684FF64831CBF626
:1033C000FD710844B0FA80F040090790FFE70798C4
:1033D000C007002800F01385FFE70E980F99C96D0C
:1033E00001F01F01C8400007002840F1B080FFE74E
:1033F0000F9800681021C4F20201884200F0818019
:10340000FFE70F9800682821C4F20201884278D0B3
:10341000FFE70F9800684021C4F20201884270D093
:10342000FFE70F9800685821C4F20201884268D073
:10343000FFE70F9800687021C4F20201884260D053
:10344000FFE70F9800688821C4F20201884258D033
:10345000FFE70F980068A021C4F20201884250D013
:10346000FFE70F980068B821C4F20201884248D0F3
:10347000FFE70F98006840F21041C4F20201884251
:103480003FD0FFE70F98006840F22841C4F20201E4
:10349000884236D0FFE70F98006840F24041C4F2FE
:1034A000020188422DD0FFE70F98006840F2584192
:1034B000C4F20201884224D0FFE70F98006840F26E
:1034C0007041C4F2020188421BD0FFE70F980068E8
:1034D00040F28841C4F20201884212D0FFE70F98FF
:1034E000006840F2A041C4F20201884209D0FFE71F
:1034F0000F98006840F2B841C4F20201884207D137
:10350000FFE70F980068006800F00400069006E0EE
:103510000F980068006800F008000690FFE7069822
:10352000A0B1FFE70F980168086820F00400086068
:103530000F98C06D00F01F0108208840099988602D
:103540000F99486D40F001004865FFE7FFE70E98CE
:103550000F99C96D01F01F01C840C007002800F095
:10356000A980FFE70F9800681021C4F20201884289
:1035700000F08180FFE70F9800682821C4F2020163
:10358000884278D0FFE70F9800684021C4F202011A
:10359000884270D0FFE70F9800685821C4F20201FA
:1035A000884268D0FFE70F9800687021C4F20201DA
:1035B000884260D0FFE70F9800688821C4F20201BA
:1035C000884258D0FFE70F980068A021C4F202019A
:1035D000884250D0FFE70F980068B821C4F202017A
:1035E000884248D0FFE70F98006840F21041C4F2CB
:1035F000020188423FD0FFE70F98006840F228415F
:10360000C4F20201884236D0FFE70F98006840F20A
:103610004041C4F2020188422DD0FFE70F980068B4
:1036200040F25841C4F20201884224D0FFE70F98CB
:10363000006840F27041C4F2020188421BD0FFE7EB
:103640000F98006840F28841C4F20201884212D00B
:10365000FFE70F98006840F2A041C4F202018842DF
:1036600009D0FFE70F98006840F2B841C4F20201A8
:10367000884207D1FFE70F980068406900F080009A
:10368000059005E00F980068006800200590FFE7AE
:10369000059870B1FFE70F98C06D00F01F01012081
:1036A0008840099988600F99486D40F0020048658C
:1036B000FFE7FFE70E980F99C96D01F01F01C840A1
:1036C0004007002840F1A980FFE70F98006810210B
:1036D000C4F20201884200F08180FFE70F98006881
:1036E0002821C4F20201884278D0FFE70F980068D1
:1036F0004021C4F20201884270D0FFE70F980068B1
:103700005821C4F20201884268D0FFE70F98006890
:103710007021C4F20201884260D0FFE70F98006870
:103720008821C4F20201884258D0FFE70F98006850
:10373000A021C4F20201884250D0FFE70F98006830
:10374000B821C4F20201884248D0FFE70F98006810
:1037500040F21041C4F2020188423FD0FFE70F98C7
:10376000006840F22841C4F20201884236D0FFE7E7
:103770000F98006840F24041C4F2020188422DD007
:10378000FFE70F98006840F25841C4F202018842F6
:1037900024D0FFE70F98006840F27041C4F20201A4
:1037A00088421BD0FFE70F98006840F28841C4F2BE
:1037B0000201884212D0FFE70F98006840F2A04152
:1037C000C4F20201884209D0FFE70F98006840F276
:1037D000B841C4F20201884207D1FFE70F980068A0
:1037E000006800F00200049005E00F98006800688F
:1037F00000200490FFE7049870B1FFE70F98C06DB8
:1038000000F01F0104208840099988600F99486DD5
:1038100040F004004865FFE7FFE70E980F99C96D77
:1038200001F01F01C840C006002840F1DE80FFE71C
:103830000F9800681021C4F20201884200F08180D4
:10384000FFE70F9800682821C4F20201884278D06F
:10385000FFE70F9800684021C4F20201884270D04F
:10386000FFE70F9800685821C4F20201884268D02F
:10387000FFE70F9800687021C4F20201884260D00F
:10388000FFE70F9800688821C4F20201884258D0EF
:10389000FFE70F980068A021C4F20201884250D0CF
:1038A000FFE70F980068B821C4F20201884248D0AF
:1038B000FFE70F98006840F21041C4F2020188420D
:1038C0003FD0FFE70F98006840F22841C4F20201A0
:1038D000884236D0FFE70F98006840F24041C4F2BA
:1038E000020188422DD0FFE70F98006840F258414E
:1038F000C4F20201884224D0FFE70F98006840F22A
:103900007041C4F2020188421BD0FFE70F980068A3
:1039100040F28841C4F20201884212D0FFE70F98BA
:10392000006840F2A041C4F20201884209D0FFE7DA
:103930000F98006840F2B841C4F20201884207D1F2
:10394000FFE70F980068006800F00800039006E0A9
:103950000F980068006800F004000390FFE70398E8
:10396000002841D0FFE70F98C06D00F01F01102024
:103970008840099988600F98006800684003002813
:103980001AD5FFE70F98006800680003002809D4E3
:10399000FFE70F98006C20B1FFE70F98016C884794
:1039A000FFE708E00F98806C20B1FFE70F98816C6B
:1039B0008847FFE7FFE716E00F9800680068C0053A
:1039C000002807D4FFE70F980168086820F0080076
:1039D0000860FFE70F98006C20B1FFE70F98016CBB
:1039E0008847FFE7FFE7FFE7FFE70E980F99C96DEC
:1039F00001F01F01C8408006002840F12681FFE742
:103A00000F9800681021C4F20201884200F0818002
:103A1000FFE70F9800682821C4F20201884278D09D
:103A2000FFE70F9800684021C4F20201884270D07D
:103A3000FFE70F9800685821C4F20201884268D05D
:103A4000FFE70F9800687021C4F20201884260D03D
:103A5000FFE70F9800688821C4F20201884258D01D
:103A6000FFE70F980068A021C4F20201884250D0FD
:103A7000FFE70F980068B821C4F20201884248D0DD
:103A8000FFE70F98006840F21041C4F2020188423B
:103A90003FD0FFE70F98006840F22841C4F20201CE
:103AA000884236D0FFE70F98006840F24041C4F2E8
:103AB000020188422DD0FFE70F98006840F258417C
:103AC000C4F20201884224D0FFE70F98006840F258
:103AD0007041C4F2020188421BD0FFE70F980068D2
:103AE00040F28841C4F20201884212D0FFE70F98E9
:103AF000006840F2A041C4F20201884209D0FFE709
:103B00000F98006840F2B841C4F20201884207D120
:103B1000FFE70F980068006800F01000029006E0D0
:103B20000F980068006800F002000290FFE702981A
:103B3000002800F08980FFE70F98C06D00F01F019A
:103B400020208840099988600F9890F83500042853
:103B500037D1FFE70F980168086820F01600086069
:103B60000F980168486920F0800048610F98006C48
:103B700020B9FFE70F98806C38B1FFE70F98016814
:103B8000086820F008000860FFE70F98C06D00F09B
:103B90001F013F208840099988600F99012081F812
:103BA0003500FFE70F99002081F83400FFE70F98F8
:103BB000006D20B1FFE70F98016D8847FFE700F027
:103BC00019BC0F9800680068400300281AD5FFE769
:103BD0000F98006800680003002809D4FFE70F98D9
:103BE000406C20B1FFE70F98416C8847FFE708E081
:103BF0000F98C06B20B1FFE70F98C16B8847FFE7B4
:103C0000FFE720E00F9800680068C005002811D485
:103C1000FFE70F980168086820F0100008600F990E
:103C2000012081F83500FFE70F99002081F834006A
:103C3000FFE7FFE70F98C06B20B1FFE70F98C16B5C
:103C40008847FFE7FFE7FFE7FFE70F98406D002891
:103C500000F0D480FFE70F98406DC007002800F007
:103C6000C480FFE70F99042081F835000F980068A1
:103C70001021C4F20201884200F08180FFE70F9812
:103C800000682821C4F20201884278D0FFE70F982B
:103C900000684021C4F20201884270D0FFE70F980B
:103CA00000685821C4F20201884268D0FFE70F98EB
:103CB00000687021C4F20201884260D0FFE70F98CB
:103CC00000688821C4F20201884258D0FFE70F98AB
:103CD0000068A021C4F20201884250D0FFE70F988B
:103CE0000068B821C4F20201884248D0FFE70F986B
:103CF000006840F21041C4F2020188423FD0FFE761
:103D00000F98006840F22841C4F20201884236D080
:103D1000FFE70F98006840F24041C4F20201884278
:103D20002DD0FFE70F98006840F25841C4F202011D
:103D3000884224D0FFE70F98006840F27041C4F237
:103D4000020188421BD0FFE70F98006840F28841CB
:103D5000C4F20201884212D0FFE70F98006840F2D7
:103D6000A041C4F20201884209D0FFE70F98006821
:103D700040F2B841C4F20201884207D1FFE70F9830
:103D80000168086820F00100086006E00F980168EB
:103D9000086820F001000860FFE7FFE70B9801309A
:103DA0000B900A99884201D9FFE707E0FFE70F98D7
:103DB00000680068C0070028F0D1FFE70F9800688E
:103DC0000068C00728B1FFE70F99032081F835008C
:103DD00004E00F99012081F83500FFE7FFE70F9914
:103DE000002081F83400FFE7FFE70F98C06C20B196
:103DF000FFE70F98C16C8847FFE7FFE7FAE20F98EB
:103E00000168012045F20842C5F602029142019084
:103E10004ED0FFE70F980168012045F21C42C5F61D
:103E200002029142019043D0FFE70F980168012000
:103E300045F23042C5F602029142019038D0FFE7C8
:103E40000F980168012045F24442C5F602029142F2
:103E500001902DD0FFE70F980168012045F25842EC
:103E6000C5F602029142019022D0FFE70F98016847
:103E7000012045F26C42C5F602029142019017D032
:103E8000FFE70F980168012045F28042C5F6020263
:103E9000914201900CD0FFE70F9800684AF66C3110
:103EA000CAF2FD710844B0FA80F040090190FFE7C2
:103EB0000198C007002800F09B82FFE70F98006878
:103EC00000680C900D980F99C96D01F01F01C84052
:103ED0004007002840F1D780FFE79DF830004007F9
:103EE000002840F1D080FFE70F98C06D00F01F015F
:103EF00004208840089948609DF831000006002899
:103F000018D5FFE79DF83200C00748B9FFE70F98C2
:103F1000806C20B1FFE70F98816C8847FFE708E0CD
:103F20000F98006C20B1FFE70F98016C8847FFE7FE
:103F3000FFE7A7E09DF830008006002800F1998097
:103F4000FFE70F9800681021C4F20201884200F0D8
:103F50008180FFE70F9800682821C4F2020188429F
:103F600078D0FFE70F9800684021C4F20201884230
:103F700070D0FFE70F9800685821C4F20201884210
:103F800068D0FFE70F9800687021C4F202018842F0
:103F900060D0FFE70F9800688821C4F202018842D0
:103FA00058D0FFE70F980068A021C4F202018842B0
:103FB00050D0FFE70F980068B821C4F20201884290
:103FC00048D0FFE70F98006840F21041C4F20201A8
:103FD00088423FD0FFE70F98006840F22841C4F2C2
:103FE0000201884236D0FFE70F98006840F2404156
:103FF000C4F2020188422DD0FFE70F98006840F21A
:104000005841C4F20201884224D0FFE70F980068AB
:1040100040F27041C4F2020188421BD0FFE70F98C2
:10402000006840F28841C4F20201884212D0FFE7E2
:104030000F98006840F2A041C4F20201884209D002
:10404000FFE70F98006840F2B841C4F202018842CD
:1040500007D1FFE70F980168086820F008000860A2
:1040600006E00F980168086820F004000860FFE788
:10407000FFE70F98006C20B1FFE70F98016C8847AD
:10408000FFE7FFE7B3E10D980F99C96D01F01F013C
:10409000C8408007002840F1E180FFE79DF830002C
:1040A0008007002840F1DA80FFE70F98C06D00F02C
:1040B0001F0102208840089948609DF831000006E1
:1040C000002818D5FFE79DF83200C00748B9FFE780
:1040D0000F98406C20B1FFE70F98416C8847FFE7CD
:1040E00008E00F98C06B20B1FFE70F98C16B8847BD
:1040F000FFE7FFE7B1E09DF830008006002800F1FF
:10410000A380FFE70F9800681021C4F202018842E3
:1041100000F08180FFE70F9800682821C4F20201B7
:10412000884278D0FFE70F9800684021C4F202016E
:10413000884270D0FFE70F9800685821C4F202014E
:10414000884268D0FFE70F9800687021C4F202012E
:10415000884260D0FFE70F9800688821C4F202010E
:10416000884258D0FFE70F980068A021C4F20201EE
:10417000884250D0FFE70F980068B821C4F20201CE
:10418000884248D0FFE70F98006840F21041C4F21F
:10419000020188423FD0FFE70F98006840F22841B3
:1041A000C4F20201884236D0FFE70F98006840F25F
:1041B0004041C4F2020188422DD0FFE70F98006809
:1041C00040F25841C4F20201884224D0FFE70F9820
:1041D000006840F27041C4F2020188421BD0FFE740
:1041E0000F98006840F28841C4F20201884212D060
:1041F000FFE70F98006840F2A041C4F20201884234
:1042000009D0FFE70F98006840F2B841C4F20201FC
:10421000884207D1FFE70F980168086820F0140072
:10422000086006E00F980168086820F00A0008603E
:10423000FFE70F99012081F83500FFE70F99002073
:1042400081F83400FFE7FFE70F98C06B20B1FFE76C
:104250000F98C16B8847FFE7FFE7C7E00D980F99FC
:10426000C96D01F01F01C8400007002840F1BC8063
:10427000FFE79DF830000007002840F1B580FFE718
:104280000F9800681021C4F20201884200F081807A
:10429000FFE70F9800682821C4F20201884278D015
:1042A000FFE70F9800684021C4F20201884270D0F5
:1042B000FFE70F9800685821C4F20201884268D0D5
:1042C000FFE70F9800687021C4F20201884260D0B5
:1042D000FFE70F9800688821C4F20201884258D095
:1042E000FFE70F980068A021C4F20201884250D075
:1042F000FFE70F980068B821C4F20201884248D055
:10430000FFE70F98006840F21041C4F202018842B2
:104310003FD0FFE70F98006840F22841C4F2020145
:10432000884236D0FFE70F98006840F24041C4F25F
:10433000020188422DD0FFE70F98006840F25841F3
:10434000C4F20201884224D0FFE70F98006840F2CF
:104350007041C4F2020188421BD0FFE70F98006849
:1043600040F28841C4F20201884212D0FFE70F9860
:10437000006840F2A041C4F20201884209D0FFE780
:104380000F98006840F2B841C4F20201884207D198
:10439000FFE70F980168086820F01C00086006E03D
:1043A0000F980168086820F00E000860FFE70F987A
:1043B000C06D00F01F01012000FA01F1089A516060
:1043C0000F9948650F9981F83500FFE70F99002094
:1043D00081F83400FFE70F98C06C20B1FFE70F9819
:1043E000C16C8847FFE700E0FFE7FFE7FFE700E079
:1043F000FFE7FFE710B080BD10B58EB00C9002F063
:104400000FFC0A900C9828B9FFE701208DF83700BF
:1044100000F09EBC0C98016801201022C4F2020238
:104420009142079000F0A380FFE70C9801680120FB
:104430002822C4F202029142079000F09880FFE720
:104440000C98016801204022C4F2020291420790B8
:1044500000F08D80FFE70C98016801205822C4F21B
:1044600002029142079000F08280FFE70C980168F9
:1044700001207022C4F202029142079077D0FFE738
:104480000C98016801208822C4F202029142079030
:104490006DD0FFE70C9801680120A022C4F202024F
:1044A0009142079063D0FFE70C9801680120B82281
:1044B000C4F202029142079059D0FFE70C980168BC
:1044C000012040F21042C4F20202914207904ED005
:1044D000FFE70C980168012040F22842C4F2020272
:1044E0009142079043D0FFE70C980168012040F209
:1044F0004042C4F202029142079038D0FFE70C9884
:104500000168012040F25842C4F202029142079031
:104510002DD0FFE70C980168012040F27042C4F2F0
:1045200002029142079022D0FFE70C980168012017
:1045300040F28842C4F202029142079017D0FFE78E
:104540000C980168012040F2A042C4F2020291429C
:1045500007900CD0FFE70C9800684FF64831CBF677
:10456000FD710844B0FA80F040090790FFE7079812
:10457000C007002800F07881FFE70C98406A08B176
:10458000FFE7FFE70C99022081F83500FFE70C995F
:10459000002081F83400FFE70C9800681021C4F275
:1045A0000201884200F08180FFE70C980068282112
:1045B000C4F20201884278D0FFE70C9800684021DD
:1045C000C4F20201884270D0FFE70C9800685821BD
:1045D000C4F20201884268D0FFE70C98006870219D
:1045E000C4F20201884260D0FFE70C98006888217D
:1045F000C4F20201884258D0FFE70C980068A0215D
:10460000C4F20201884250D0FFE70C980068B8213C
:10461000C4F20201884248D0FFE70C98006840F2DB
:104620001041C4F2020188423FD0FFE70C980068B5
:1046300040F22841C4F20201884236D0FFE70C98CC
:10464000006840F24041C4F2020188422DD0FFE7E9
:104650000C98006840F25841C4F20201884224D00C
:10466000FFE70C98006840F27041C4F202018842F2
:104670001BD0FFE70C98006840F28841C4F20201A9
:10468000884212D0FFE70C98006840F2A041C4F2C3
:104690000201884209D0FFE70C98006840F2B84157
:1046A000C4F20201884207D1FFE70C98016808684C
:1046B00020F00100086006E00C980168086820F00E
:1046C00001000860FFE7FFE70C9800680068C0077A
:1046D00098B1FFE702F0A4FA0A99401A06280BD312
:1046E000FFE70C99202048650C99032081F83500DC
:1046F00001208DF837002BE3E6E70C98006800688E
:104700000B900B9848F23F01CFF6106108400B90D8
:104710000C998868D1F80CC00B694A6940EA0C0012
:10472000184310438A691043CA691043096A014358
:104730000B9808430B900C98406A042808D1FFE7B7
:104740000C99C86A096B01430B9808430B90FFE76B
:104750000C984068292807D3FFE70C98416801208E
:104760002F29069036D3FFE70C9840683F2807D3DF
:10477000FFE70C9841680120432906902AD3FFE700
:104780000C984068472807D3FFE70C984168012040
:10479000492906901ED3FFE70C9840684F2807D39D
:1047A000FFE70C98416801205329069012D3FFE7D8
:1047B0000C98416800207429059008D3FFE70C98F5
:1047C00041680020782938BF01200590FFE705984F
:1047D0000690FFE70698C00728B1FFE70B9840F462
:1047E00080100B90FFE70B980C99096808600C98F3
:1047F000006840690B900B9820F007000B900C9814
:10480000416A0B9808430B900C98406A04281AD10F
:10481000FFE70C98816A0B9808430B900C98C06ACC
:1048200080B1FFE70C98FCF7B3FC50B1FFE70C999F
:10483000402048650C99012081F835008DF837003B
:1048400086E2FFE7FFE70B980C99096848610C982E
:10485000FCF762FA09900C98C06D00F01F013F2030
:1048600088400999886026E10C980168012045F28A
:104870000842C5F60202914204904ED0FFE70C9820
:104880000168012045F21C42C5F6020291420490E3
:1048900043D0FFE70C980168012045F23042C5F68D
:1048A00002029142049038D0FFE70C980168012081
:1048B00045F24442C5F60202914204902DD0FFE732
:1048C0000C980168012045F25842C5F60202914257
:1048D000049022D0FFE70C980168012045F26C4259
:1048E000C5F602029142049017D0FFE70C980168C8
:1048F000012045F28042C5F60202914204900CD09C
:10490000FFE70C9800684AF66C31CAF2FD71084462
:10491000B0FA80F040090490FFE70498C00700282F
:1049200000F0BD80FFE70C980168012045F20842C5
:10493000C5F60202914203904ED0FFE70C98016841
:10494000012045F21C42C5F602029142039043D079
:10495000FFE70C980168012045F23042C5F60202DB
:104960009142039038D0FFE70C980168012045F28E
:104970004442C5F60202914203902DD0FFE70C9805
:104980000168012045F25842C5F6020291420390A7
:1049900022D0FFE70C980168012045F26C42C5F671
:1049A00002029142039017D0FFE70C9801680120A2
:1049B00045F28042C5F60202914203900CD0FFE717
:1049C0000C9800684AF66C31CAF2FD710844B0FADE
:1049D00080F040090390FFE70398C00708B1FFE7A4
:1049E000FFE70C99022081F83500FFE70C990020C1
:1049F00081F83400FFE70C98006800680B900B9872
:104A00006FF310100B900C988068402803D1FFE7DB
:104A10001020029008E00C9880688038B0FA80F08E
:104A2000400980030290FFE702980C99CA680B695D
:104A3000D1F814C0D1F818E0CC694EEA040E4CEA63
:104A40000E0C43EA0C031A4340EAD200096A40EA1A
:104A500011110B9808430B900B980C99096808608A
:104A60000C9908684AF6F832CAF2FD7210444CF606
:104A7000CD42CCF6CC42A0FB02026FF0030000EA6C
:104A80009200C8650C98FCF747F908900C98C06D27
:104A900000F01F0101208840089948600AE00C9945
:104AA000402048650C99032081F8350001208DF8DD
:104AB00037004DE1FFE70C98016801201022C4F295
:104AC00002029142019000F00381FFE70C98016817
:104AD00001202822C4F202029142019000F0F880E5
:104AE000FFE70C98016801204022C4F202029142C3
:104AF000019000F0ED80FFE70C980168012058223A
:104B0000C4F202029142019000F0E280FFE70C98AB
:104B1000016801207022C4F202029142019000F06B
:104B2000D780FFE70C98016801208822C4F20202B6
:104B30009142019000F0CC80FFE70C9801680120C1
:104B4000A022C4F202029142019000F0C180FFE76E
:104B50000C9801680120B822C4F20202914201902F
:104B600000F0B680FFE70C980168012040F2104287
:104B7000C4F202029142019000F0AA80FFE70C9873
:104B80000168012040F22842C4F2020291420190E1
:104B900000F09E80FFE70C980168012040F240423F
:104BA000C4F202029142019000F09280FFE70C985B
:104BB0000168012040F25842C4F202029142019081
:104BC00000F08680FFE70C980168012040F27042F7
:104BD000C4F20202914201907AD0FFE70C9801687A
:104BE000012040F28842C4F20202914201906FD04B
:104BF000FFE70C980168012040F2A042C4F20202D3
:104C00009142019064D0FFE70C980168012040F2C6
:104C1000B842C4F202029142019059D0FFE70C98C9
:104C20000168012045F20842C5F602029142019056
:104C30004ED0FFE70C980168012045F21C42C5F6F2
:104C400002029142019043D0FFE70C9801680120D5
:104C500045F23042C5F602029142019038D0FFE79A
:104C60000C980168012045F24442C5F602029142C7
:104C700001902DD0FFE70C980168012045F25842C1
:104C8000C5F602029142019022D0FFE70C9801681C
:104C9000012045F26C42C5F602029142019017D004
:104CA000FFE70C980168012045F28042C5F6020238
:104CB000914201900CD0FFE70C9800684AF66C31E5
:104CC000CAF2FD710844B0FA80F040090190FFE794
:104CD0000198C00790B3FFE70C98FCF705F90C9812
:104CE0008068802804D1FFE70C9900204860FFE726
:104CF0000C990879096E08600C98416E806E4860C6
:104D00000C98406888B1FFE70C98406808280CD8D8
:104D1000FFE70C98FCF7A4F90C98C16E002008601E
:104D20000C98016F406F486007E00C990020C8663E
:104D30000C9908670C994867FFE7FFE70C9900207A
:104D400048650C9A012182F835108DF83700FFE78D
:104D50009DF837000EB010BD80B588B00690059163
:104D60000492039300208DF80B00069820B9FFE70A
:104D700001208DF81F006CE3FFE7069890F83400DF
:104D8000012804D1FFE702208DF81F0061E3069996
:104D9000012081F83400FFE7FFE7069890F835001E
:104DA000012840F04383FFE70699022081F835008F
:104DB000069900204865069800681021C4F2020197
:104DC000884200F08180FFE7069800682821C4F23D
:104DD0000201884278D0FFE7069800684021C4F2BB
:104DE0000201884270D0FFE7069800685821C4F29B
:104DF0000201884268D0FFE7069800687021C4F27B
:104E00000201884260D0FFE7069800688821C4F25A
:104E10000201884258D0FFE706980068A021C4F23A
:104E20000201884250D0FFE706980068B821C4F21A
:104E30000201884248D0FFE70698006840F210411E
:104E4000C4F2020188423FD0FFE70698006840F2B2
:104E50002841C4F20201884236D0FFE70698006874
:104E600040F24041C4F2020188422DD0FFE706988B
:104E7000006840F25841C4F20201884224D0FFE7A2
:104E80000698006840F27041C4F2020188421BD0CB
:104E9000FFE70698006840F28841C4F202018842A8
:104EA00012D0FFE70698006840F2A041C4F2020168
:104EB000884209D0FFE70698006840F2B841C4F282
:104EC0000201884207D1FFE706980168086820F0D0
:104ED0000100086006E006980168086820F00100FB
:104EE0000860FFE706980599049A039BFCF7C8F948
:104EF0000698016801201022C4F20202914201903A
:104F000000F0A380FFE70698016801202822C4F280
:104F100002029142019000F09880FFE70698016834
:104F200001204022C4F202029142019000F08D80E3
:104F3000FFE70698016801205822C4F2020291425C
:104F4000019000F08280FFE706980168012070223E
:104F5000C4F202029142019077D0FFE706980168FF
:104F600001208822C4F20202914201906DD0FFE735
:104F7000069801680120A022C4F202029142019029
:104F800063D0FFE7069801680120B822C4F202024C
:104F90009142019059D0FFE706980168012040F244
:104FA0001042C4F20202914201904ED0FFE70698EF
:104FB0000168012040F22842C4F2020291420190AD
:104FC00043D0FFE706980168012040F24042C4F256
:104FD00002029142019038D0FFE706980168012053
:104FE00040F25842C4F20202914201902DD0FFE7F4
:104FF00006980168012040F27042C4F20202914218
:10500000019022D0FFE706980168012040F2884213
:10501000C4F202029142019017D0FFE7069801689E
:10502000012040F2A042C4F20202914201900CD051
:10503000FFE7069800684FF64831CBF6FD7108444B
:10504000B0FA80F040090190FFE70198C007A8B1CD
:10505000FFE70698006800680B2161F34400069999
:10506000096808600698006C38B1FFE70698016887
:10507000086840F008000860FFE714E00698006840
:105080000068052161F343000699096808600698E5
:10509000006C38B1FFE706980168086840F004002A
:1050A0000860FFE7FFE70698016801201022C4F2BC
:1050B00002029142009000F00381FFE70698016828
:1050C00001202822C4F202029142009000F0F880F0
:1050D000FFE70698016801204022C4F202029142D3
:1050E000009000F0ED80FFE706980168012058224B
:1050F000C4F202029142009000F0E280FFE70698BD
:10510000016801207022C4F202029142009000F076
:10511000D780FFE70698016801208822C4F20202C6
:105120009142009000F0CC80FFE7069801680120D2
:10513000A022C4F202029142009000F0C180FFE779
:10514000069801680120B822C4F202029142009040
:1051500000F0B680FFE706980168012040F2104297
:10516000C4F202029142009000F0AA80FFE7069884
:105170000168012040F22842C4F2020291420090EC
:1051800000F09E80FFE706980168012040F240424F
:10519000C4F202029142009000F09280FFE706986C
:1051A0000168012040F25842C4F20202914200908C
:1051B00000F08680FFE706980168012040F2704207
:1051C000C4F20202914200907AD0FFE7069801688B
:1051D000012040F28842C4F20202914200906FD056
:1051E000FFE706980168012040F2A042C4F20202E3
:1051F0009142009064D0FFE706980168012040F2D8
:10520000B842C4F202029142009059D0FFE70698DA
:105210000168012045F20842C5F602029142009061
:105220004ED0FFE706980168012045F21C42C5F602
:1052300002029142009043D0FFE7069801680120E6
:1052400045F23042C5F602029142009038D0FFE7A5
:1052500006980168012045F24442C5F602029142D7
:1052600000902DD0FFE706980168012045F25842D2
:10527000C5F602029142009022D0FFE7069801682D
:10528000012045F26C42C5F602029142009017D00F
:10529000FFE706980168012045F28042C5F6020248
:1052A000914200900CD0FFE7069800684AF66C31F6
:1052B000CAF2FD710844B0FA80F040090090FFE79F
:1052C0000098C007D0B1FFE70698006E0068C003E1
:1052D000002807D5FFE70698016E086840F4807043
:1052E0000860FFE70698C06E38B1FFE70698C16E08
:1052F000086840F480700860FFE7FFE706980068E0
:105300001021C4F20201884200F08180FFE7069874
:1053100000682821C4F20201884278D0FFE706988D
:1053200000684021C4F20201884270D0FFE706986D
:1053300000685821C4F20201884268D0FFE706984D
:1053400000687021C4F20201884260D0FFE706982D
:1053500000688821C4F20201884258D0FFE706980D
:105360000068A021C4F20201884250D0FFE70698ED
:105370000068B821C4F20201884248D0FFE70698CD
:10538000006840F21041C4F2020188423FD0FFE7BA
:105390000698006840F22841C4F20201884236D0E3
:1053A000FFE70698006840F24041C4F202018842DB
:1053B0002DD0FFE70698006840F25841C4F2020180
:1053C000884224D0FFE70698006840F27041C4F29A
:1053D000020188421BD0FFE70698006840F288412E
:1053E000C4F20201884212D0FFE70698006840F23A
:1053F000A041C4F20201884209D0FFE70698006884
:1054000040F2B841C4F20201884207D1FFE7069892
:105410000168086840F00100086006E0069801682D
:10542000086840F001000860FFE70DE006994FF4BE
:1054300000604865FFE70699002081F83400FFE727
:1054400001208DF80B00FFE79DF80B008DF81F0081
:10545000FFE79DF81F0008B080BD000000000000BD
:1054600085B0039002910192039890F898008DF80E
:1054700003009DF80300012805D0FFE79DF8030015
:1054800002285DD1FFE7029803990968896D0842F7
:1054900007D1FFE703980168C86D40F00100C865B7
:1054A00015E0029803990968896D084002998842BD
:1054B00007D1FFE703980168C86D40F00200C86596
:1054C00004E0039801680320C865FFE7FFE79DF843
:1054D00009008007002809D5FFE7019A03980168B1
:1054E000D1F8E0001043C1F8E000FFE79DF80900A3
:1054F0004007002809D5FFE7019A03980168D1F811
:10550000E4001043C1F8E400FFE7FFE702984FF61C
:10551000FF71C3F6CF7100EA010203980168486D7C
:1055200010434865029A4AF61401C4F20001086863
:1055300040EA92700860FFE700208DF813000AE04F
:105540000399D1F89C0040F00200C1F89C000120B2
:105550008DF81300FFE79DF8130005B070470000B9
:1055600080B586B00490039102920398406808B910
:10557000FFE700E0FFE7049890F89800022845D183
:10558000FFE704980068D0F8C00010F07C5F0BD1F2
:10559000FFE70499D1F89C0040F02000C1F89C007E
:1055A00001208DF817003CE004980068D0F8C40092
:1055B000800200280BD5FFE70499D1F89C0040F445
:1055C0000070C1F89C0001208DF8170029E00498B4
:1055D0000068D0F8C400C0F3044001900498039917
:1055E000029A019BFCF7C8FB0199012000FA01F126
:1055F000049A1268C2F8D010019988400499C1F841
:105600009400FFE700208DF817000AE00499D1F814
:105610009C0040F00800C1F89C0001208DF81700A4
:10562000FFE79DF8170006B080BD000000000000F5
:1056300082B00190009102B07047000000000000AD
:1056400087B005900491059890F898008DF80300B4
:105650009DF80300012805D0FFE79DF8030002280C
:105660006AD1FFE70498C068072801D1FFE7FFE788
:105670000498006878BBFFE70498C068072801D049
:10568000FFE7FFE70498C06807280CD1FFE7049AFA
:1056900010699169D269000440EA0220084340F091
:1056A000605003900CE004998868CB680A694969E6
:1056B000800740EAC36040EA024008430390FFE7E6
:1056C0000598C06E0499496800EB81000190039829
:1056D000019908602CE00498C068072801D0FFE712
:1056E000FFE70498C168006940EA4170039004989C
:1056F000C068072804D1FFE704988069029006E09B
:1057000004988168406940EA81700290FFE705983B
:10571000006F0499496800EBC1000190039801995A
:105720000860019804300190029801990860FFE731
:1057300000208DF81B000AE00599D1F89C0040F08C
:105740000200C1F89C0001208DF81B00FFE79DF8C6
:105750001B0007B07047000085B0DDF814C003904F
:10576000029101920093039890F89800012812D1B9
:10577000FFE702980001019940EA8100009940EAA0
:1057800041000599084303990968C1F88000002089
:105790008DF813000AE00399D1F89C0040F0040052
:1057A000C1F89C0001208DF81300FFE79DF813005D
:1057B00005B070470000000081B0009001B0704754
:1057C00082B00190009102B070470000000000001C
:1057D0008AB00890079106920593002001900898DE
:1057E00090F898008DF803009DF80300022840F01F
:1057F0005C81FFE70798402851D1FFE708980068CF
:10580000D0F8A00010F4FE0F0BD1FFE70899D1F8F3
:105810009C0040F02000C1F89C0001208DF827007A
:105820004EE108980068D0F8A400400658B9FFE798
:105830000899D1F89C0040F48070C1F89C000120C8
:105840008DF827003CE108980068D0F8A40000F02B
:1058500080710120B0EB116F0DD1FFE7089800684F
:10586000D0F8A0100120B0EBD17F03D1FFE70120D9
:105870000190FFE7FFE708980068D0F8A40000F463
:105880007C51019800EB112001900898426C406F08
:105890000199514300EB81000490FFE770E0079805
:1058A000412851D1FFE708980068D0F8B00010F403
:1058B000FE0F0BD1FFE70899D1F89C0040F02000C3
:1058C000C1F89C0001208DF82700F9E008980068D5
:1058D000D0F8B400400658B9FFE70899D1F89C0009
:1058E00040F48070C1F89C0001208DF82700E7E0AB
:1058F00008980068D0F8B40000F080710120B0EB87
:10590000116F0DD1FFE708980068D0F8B0100120A2
:10591000B0EBD17F03D1FFE701200190FFE7FFE764
:1059200008980068D0F8B40000F47C51019800EBAE
:10593000112001900898C26C806F0199514300EBCF
:1059400081000490FFE71AE007980899096D8842E2
:105950000BD3FFE70899D1F89C0040F02000C1F874
:105960009C0001208DF82700AAE00898426DC06FC6
:105970000799514300EB81000490FFE7FFE7FFE741
:105980000498006800F080400699486006984068D6
:1059900038B9FFE704980068C0F38A4006990860A8
:1059A00006E00498006820F0604006990860FFE770
:1059B0000498006800F00050069988600498006818
:1059C00000F000400699086104980430049004989F
:1059D00000880699C86104980068C0F303400699DE
:1059E000C8600498006800F4801006994861049823
:1059F000006800F400100699886104980068C0F3FC
:105A000006600699086204980068C00F069948620B
:105A10000498043004900498039000200290FFE75B
:105A200002980699CA6848F2B471C0F60201895C0E
:105A300088420AD2FFE70398029A805C059988544D
:105A4000FFE7029801300290EAE70798402806D164
:105A5000FFE7019808990968C1F8A80021E00798B4
:105A6000412806D1FFE7019808990968C1F8B800F4
:105A700016E007981F2808D8FFE7079901208840FB
:105A800008990968C1F8980009E0079800F01F011B
:105A90000120884008990968C1F89C00FFE7FFE7EA
:105AA000FFE700208DF827000AE00899D1F89C0054
:105AB00040F00800C1F89C0001208DF82700FFE7A6
:105AC0009DF827000AB0704781B0009001B0704780
:105AD00080B594B013904AF61000C4F2000000683C
:105AE000800712904AF61400C4F200000168129870
:105AF00000EA8170129013980068006D00F4704005
:105B0000119013980068416D1198084011901398F6
:105B10000068006D00F00F00109013980068416D50
:105B200010980840109013980068006D00F0F00085
:105B30000F9013980068416D0F9808400F901398CC
:105B40000068006D00F071500E9013980068416D70
:105B50000E9808400E9013980068006D00F0607079
:105B60000D9013980068416D0D9808400D901398A2
:105B70000068406D039013980068006D01909DF8D7
:105B80000D00C007B8B1FFE79DF80500C00788B158
:105B9000FFE7FFE7139801684FF4807008654AF645
:105BA0001001C4F2000100200860FFE71398FFF71E
:105BB0008BFFFFE7FFE79DF80D0000F004010020D8
:105BC000B0EB910F28D0FFE79DF8050000F004012D
:105BD0000020B0EB910F1ED0FFE713980068D0F8BB
:105BE000DC000B9013980068D0F8E4100B98084084
:105BF0000B90FFE7139801684FF4806008654AF640
:105C00001001C4F2000100200860FFE713980B990F
:105C100000F0FEFDFFE7FFE71298B8B1FFE7FFE7EE
:105C200012984FF6FF71C3F6CF71084013990968B7
:105C300008651298800F4AF61001C4F2000108604E
:105C4000FFE713981299FFF7F3FCFFE71198B8B13B
:105C5000FFE7FFE711984FF6FF71C3F6CF710840D9
:105C60001399096808651198800F4AF61001C4F26B
:105C700000010860FFE71398119900F0D9FDFFE7D4
:105C80001098B8B1FFE7FFE710984FF6FF71C3F621
:105C9000CF7108401399096808651098800F4AF67B
:105CA0001001C4F200010860FFE71398109900F09A
:105CB00027FDFFE70F98B8B1FFE7FFE70F984FF612
:105CC000FF71C3F6CF7108401399096808650F98F2
:105CD000800F4AF61001C4F200010860FFE7139834
:105CE0000F9900F03DFDFFE79DF80D0000F0080161
:105CF0000020B0EBD10F1BD0FFE79DF8050000F0AE
:105D000008010020B0EBD10F11D0FFE7FFE7139897
:105D100001684FF4006008654AF61001C4F2000102
:105D200000200860FFE7139800F08AFDFFE7FFE717
:105D30009DF80D0000F002010020B0EB510F28D0BB
:105D4000FFE79DF8050000F002010020B0EB510FC5
:105D50001ED0FFE713980068D0F8D8000C90139875
:105D60000068D0F8E0100C9808400C90FFE71398FA
:105D700001684FF4007008654AF61001C4F2000192
:105D800000200860FFE713980C9900F049FDFFE739
:105D9000FFE79DF80E0000F008010020B0EBD10FE6
:105DA0001BD0FFE79DF8060000F008010020B0EBD3
:105DB000D10F11D0FFE7FFE7139801684FF40020DF
:105DC00008654AF61001C4F2000100200860FFE7F0
:105DD000139800F091FCFFE7FFE79DF80E00C00765
:105DE000B8B1FFE79DF80600C00788B1FFE7FFE7FD
:105DF000139801684FF4803008654AF61001C4F228
:105E0000000100200860FFE7139800F0FDFCFFE7A9
:105E1000FFE79DF80E0000F004010020B0EB910FA9
:105E20001BD0FFE79DF8060000F004010020B0EB56
:105E3000910F11D0FFE7FFE7139801684FF480201E
:105E400008654AF61001C4F2000100200860FFE76F
:105E5000139800F0D5FCFFE7FFE79DF80E0000F077
:105E600002010020B0EB510F1FD0FFE79DF80600A4
:105E700000F002010020B0EB510F15D0FFE7FFE763
:105E8000139801684FF4003008654AF61001C4F217
:105E9000000100200860FFE71399D1F89C0040F052
:105EA0008000C1F89C00FFE7FFE70D98B8B1FFE75D
:105EB000FFE70D984FF6FF71C3F6CF7108401399B5
:105EC000096808650D98800F4AF61001C4F20001B8
:105ED0000860FFE713980D99FFF772FCFFE70E9833
:105EE000D0B1FFE7FFE70E984FF6FF71C3F6CF7111
:105EF00008401399096808650E98800F4AF610014A
:105F0000C4F200010860FFE70E9A1399D1F89C00D3
:105F10001043C1F89C00FFE7139800684AF20001A3
:105F2000C4F20001884240F0B980FFE7139840684E
:105F300080688007002800F0B080FFE71398406871
:105F4000006A00F00F000A9013984068416A0A98AE
:105F500008400A9013984068006A00F030000990E9
:105F600013984068416A099808400990139840685E
:105F7000006A00F4C070089013984068416A08985D
:105F80000840089013984068006A00F4FC400790AD
:105F900013984068416A0798084007901398406832
:105FA000006A00F4F020069013984068416A069851
:105FB0000840069013984068406A02901398406821
:105FC000006A00900A9848B1FFE70A981399496857
:105FD000086213980A9900F0FBFBFFE7099848B1A3
:105FE000FFE709981399496808621398099900F026
:105FF000FFFBFFE79DF8080000F040010020B0EB38
:10600000911F1FD0FFE79DF8000000F04001002025
:10601000B0EB911F15D0FFE713984068C06B000CE0
:10602000059013984068C06B00F03F0004901398EF
:1060300041684020086213980599049A00F0D0FB4B
:10604000FFE7FFE7089848B1FFE708981399496808
:1060500008621398089900F0B3FBFFE7079860B156
:10606000FFE70798139949680862079A1399D1F8CE
:106070009C001043C1F89C00FFE7069860B1FFE761
:106080000698139949680862069A1399D1F89C00FA
:106090001043C1F89C00FFE7FFE7FFE71398D0F833
:1060A0009C0020B1FFE71398FFF786FBFFE714B0D1
:1060B00080BD00000000000080B598B0169048F246
:1060C000EC61C0F6020101A84C22FAF765FA1698B5
:1060D00020B9FFE701208DF85F00D9E1169800682C
:1060E0004AF20001C4F20001884206D1FFE7169986
:1060F000086800F580704860FFE716988068B0F582
:10610000407F01D1FFE7FFE71698006C08B1FFE779
:10611000FFE71698806C08B1FFE7FFE71698006D5F
:1061200008B1FFE7FFE71698006E08B1FFE7FFE749
:106130001699C86D096E084408B1FFE7FFE7169885
:1061400090F8980040B9FFE71699002081F899006F
:10615000169800F0A1F9FFE716980168886920F009
:106160001000886100F05CFD1590FFE7169800684C
:1061700080690007002817D5FFE700F051FD159949
:10618000401A0B280FD3FFE71699D1F89C0040F076
:106190000100C1F89C001699032081F898000120A5
:1061A0008DF85F0074E1E1E716980168886940F0B6
:1061B0000100886100F034FD1590FFE71698006833
:1061C0008069C007B8B9FFE700F02AFD1599401AA9
:1061D0000B280FD3FFE71699D1F89C0040F001007F
:1061E000C1F89C001699032081F8980001208DF8D1
:1061F0005F004DE1E2E716980168886940F002000F
:1062000088611698007C012807D1FFE7169801687D
:10621000886920F04000886106E016980168886966
:1062200040F040008861FFE71698407C012807D1C4
:10623000FFE716980168886940F48040886106E0AD
:1062400016980168886920F480408861FFE71698F5
:10625000807C012807D1FFE716980168886920F43F
:106260008050886106E016980168886940F4805083
:106270008861FFE716980068806920F44070169ADC
:10628000116892681043886116980168886920F047
:10629000A400886116980168086920F01000086160
:1062A0001698C068012807D1FFE716980168886929
:1062B00040F0040088612BE01698C06830B3FFE717
:1062C0001698C068022819D0FFE7169801688869F7
:1062D00040F08000886116980168086940F010005D
:1062E00008611698C068032807D1FFE7169801686F
:1062F000886940F020008861FFE706E01698016891
:10630000886940F020008861FFE700E0FFE7FFE7D1
:10631000169A116853699069D2F81CE0A0F1010C3B
:106320006FF0FF0000EB0E2040EA4C60126A013A69
:1063300010430022CFF6FF7202EB03421043C86104
:1063400016988068B0F5407F1CD1FFE7169A116857
:10635000536A906AD2F82CE001386FF0FF0C0CEB16
:106360000E2C40EA0C00D2F830C06FF00F0202EBA6
:106370000C1210430022CFF6FF7202EB03421043CF
:10638000C860FFE71698006E48B1FFE716980168ED
:10639000426ED1F8C0001043C1F8C000FFE7169963
:1063A000C86D096E084480B1FFE716980068D0F800
:1063B000C80020F00700169A1168936E01AA52F8DF
:1063C00023201043C1F8C800FFE71698006C80B185
:1063D000FFE716980068D0F8BC0020F00700169A76
:1063E0001168536C01AA52F823201043C1F8BC0075
:1063F000FFE71698806C88B1FFE716980068D0F820
:10640000BC0020F07000169A1168D36C01AA52F8F3
:10641000232040EA0210C1F8BC00FFE71698006D87
:1064200088B1FFE716980068D0F8BC0020F4E0605F
:10643000169A1168536D01AA52F8232040EA0220EF
:10644000C1F8BC00FFE7169800684AF20001C4F2E8
:106450000001884207D1FFE716984168886820F05C
:1064600003008860FFE716990020C1F89400169990
:10647000C1F89C001699012081F898001698FBF746
:1064800017FB8DF853009DF853008DF85F00FFE770
:106490009DF85F0018B080BD80B5C2B0419000206B
:1064A00040903F903E903D903C900EA8B821FAF766
:1064B000CFF8419800684AF20001C4F20001884216
:1064C00055D1FFE700200F904FF400400E904FF0A1
:1064D000805029900EA800F0E3FF18B1FFE7FBF70A
:1064E000C7FAFFE740F6BC00C2F200400168013184
:1064F00001600068012810D1FFE7FFE744F2EC409B
:10650000C5F60200016841F480710160006800F482
:1065100080700D900D98FFE7FFE7FFE744F2E04041
:10652000C5F60200016841F008010160006800F052
:1065300008000C900C98FFE703203C9002203D904F
:10654000002006903E903F900920409040F6004089
:10655000C5F602003CA900F077F9069A13200790CF
:10656000052100F065FC079800F056FCC2E0419858
:1065700000684AF20041C4F20001884258D1FFE7A6
:1065800000200F904FF400400E904FF08050299063
:106590000EA800F085FF18B1FFE7FBF769FAFFE7E7
:1065A00040F6BC00C2F200400168013101600068A1
:1065B000012810D1FFE7FFE744F2EC40C5F60200E6
:1065C000016841F480710160006800F480700B90F4
:1065D0000B98FFE7FFE7FFE744F2E040C5F6020053
:1065E000016841F002010160006800F002000A90B9
:1065F0000A98FFE760203C9002203D900020049024
:106600003E903F900920409040F20040C5F60200C5
:106610003CA900F019F9102000F00AFB049A14209C
:106620000590052100F004FC059800F0F5FB60E002
:10663000419800684DF20041C4F20001884257D1F0
:10664000FFE700200F904FF400400E904FF0805075
:1066500029900EA800F024FF18B1FFE7FBF708FA15
:10666000FFE740F6BC00C2F2004001680131016062
:106670000068012810D1FFE7FFE744F2EC40C5F6BF
:106680000200016841F480710160006800F48070CC
:1066900009900998FFE7FFE7FFE744F2E040C5F6FD
:1066A0000200016841F008010160006800F0080084
:1066B00008900898FFE74FF440503C9002203D902E
:1066C000002002903E903F9005200190409040F6BF
:1066D0000040C5F602003CA900F0B6F80199029A04
:1066E0009F20039000F0A4FB039800F095FBFFE7C8
:1066F000FFE7FFE742B080BD81B0009001B0704776
:1067000080B582B0019000919DF80000C00720B3D1
:10671000FFE7019842F28801C2F20041884203D1AA
:10672000FFE70CF069FA17E0019842F22811C2F273
:106730000041884203D1FFE70CF06AFA0BE00198B0
:1067400042F2C811C2F20041884203D1FFE70CF0C7
:106750006BFAFFE7FFE7FFE7FFE702B080BD00004D
:1067600082B00190009102B070470000000000006C
:1067700082B00090009890F89800012811D1FFE7AE
:106780000099022081F8980000980168886920F03B
:106790000100886100990020C1F89C008DF8070075
:1067A0000AE00099D1F89C0040F00400C1F89C0078
:1067B00001208DF80700FFE79DF8070002B0704741
:1067C00082B00190009102B070470000000000000C
:1067D00082B00190009102B07047000000000000FC
:1067E00083B002900191009203B070470000000056
:1067F00082B00190009102B07047000000000000DC
:1068000081B0009001B0704781B0009001B0704736
:1068100082B00190009102B07047000000000000BB
:1068200082B00190009102B07047000000000000AB
:1068300082B00190009102B070470000000000009B
:1068400081B0009001B070478FB00E900D91002084
:106850000C908020C5F600000990FFE70D980068B5
:106860000C99C840002800F0C181FFE70D9800682E
:106870000C9A0121914008400B900B98002800F0E1
:10688000B181FFE70D98406800F00300012807D0B0
:10689000FFE70D98406800F0030002282FD1FFE7C2
:1068A0000E9880680A900C984100032000FA01F1CC
:1068B0000A9888430A900D98C0680C99490000FA1C
:1068C00001F10A9808430A900A980E9988600E9878
:1068D00040680A900C99012000FA01F10A98884357
:1068E0000A900D984068C0F300100C9900FA01F16D
:1068F0000A9808430A900A980E994860FFE70D9895
:10690000406800F00300032818D0FFE70E98C06825
:106910000A900C984100032000FA01F10A9888437C
:106920000A900D9880680C99490000FA01F10A98C4
:1069300008430A900A980E99C860FFE70D984068CE
:1069400000F00300022826D1FFE70E980C996FF0A3
:10695000030202EA51010844006A0A900C9800F010
:10696000070081000F2000FA01F10A9888430A907D
:106970000D9800690C9901F00701890000FA01F1F6
:106980000A9808430A900A980E990C9B02EA53024F
:1069900011440862FFE70E9800680A900C984100C5
:1069A000032000FA01F10A9888430A900D98406884
:1069B00000F003000C99490000FA01F10A9808431D
:1069C0000A900A980E9908600D988079800700282F
:1069D00000F00781FFE7FFE744F2F440C5F602004C
:1069E000016841F002010160006800F002000890B7
:1069F0000898FFE70C9820F0030040F20841C5F624
:106A0000000140580A900C9800F0030081000F200C
:106A100000FA01F10A9888430A900E980021C5F601
:106A20000201884203D1FFE7002007906CE00E9836
:106A300040F20041C5F60201884203D1FFE7012080
:106A400006905EE00E9840F60001C5F6020188420D
:106A500003D1FFE70220059050E00E9840F6004178
:106A6000C5F60201884203D1FFE70320049042E00B
:106A70000E9841F20001C5F60201884203D1FFE7FA
:106A80000420039034E00E9841F20041C5F6020163
:106A9000884203D1FFE70520029026E00E9841F6D8
:106AA0000001C5F60201884203D1FFE706200190EC
:106AB00018E00E9841F60041C5F60201884203D164
:106AC000FFE7072000900AE00E9942F20042C5F667
:106AD00002020A20914208BF09200090FFE70098B7
:106AE0000190FFE701980290FFE702980390FFE70B
:106AF00003980490FFE704980590FFE70598069037
:106B0000FFE706980790FFE707980C9901F003014B
:106B1000890000FA01F10A9808430A900A980C9932
:106B200021F0030140F20842C5F6000288504FF000
:106B3000B04000680A900B990A9888430A900D9813
:106B40008079C006002805D5FFE70B990A9808430D
:106B50000A90FFE70A984FF0B04108600420C5F69C
:106B6000000000680A900B990A9888430A900D98D3
:106B700080798006002805D5FFE70B990A9808431D
:106B80000A90FFE70A980421C5F6000108600998F9
:106B900040680A900B990A9888430A900D9880796A
:106BA0008007002805D5FFE70B990A9808430A904B
:106BB000FFE70A9809994860099800680A900B99BC
:106BC0000A9888430A900D988079C00728B1FFE79A
:106BD0000B990A9808430A90FFE70A9809990860F8
:106BE000FFE7FFE70C9801300C9037E60FB07047D5
:106BF00082B00190ADF802108DF801209DF80100DF
:106C000028B1FFE7BDF802000199886105E0BDF8F1
:106C10000200000401998861FFE702B0704700009C
:106C200046F61450C2F200400068704700000000B1
:106C300082B00190FFE744F2F440C5F6020001681B
:106C400041F002010160006800F00200009000982D
:106C5000FFE7019A40F20441C5F6000108681043BD
:106C6000086002B07047000040F25D00C2F20040D0
:106C7000027846F61451C2F20041086810440860D8
:106C8000704700000000000080B582B0032000F0D3
:106C9000E7F801F0E1FE44F21842C5F6020211687D
:106CA000C1F3032348F2A471C0F60201CB5C03F0E8
:106CB0001F03D84000900098126802F00F02895C10
:106CC00001F01F01C84040F24801C2F200410860D3
:106CD000009840F24401C2F2004108600F2000F029
:106CE00013F820B1FFE701208DF8070005E000F060
:106CF00077F800208DF80700FFE79DF8070002B045
:106D000080BD00000000000080B590B00E900E988D
:106D10000F2810D8FFE70E991C200090002200F0E9
:106D200087F8009800F078F80E9840F26001C2F2FF
:106D30000041086003E001208DF83F004CE0FFE7D0
:106D400044F2E840C5F60200016841F0010101602B
:106D5000006800F0010001900198FFE706A802A971
:106D600001F0E2FD0B980490049820B9FFE701F0D0
:106D70004BFE059004E001F047FE40000590FFE760
:106D800005984DF68361C4F21B31A0FB01014FF061
:106D9000FF3000EB9140039042F23C30C2F20040E1
:106DA0004FF08041016040F2E731C16003994160DA
:106DB00000210161816003F05BFA48B9FFE742F20C
:106DC0003C30C2F2004003F0ABFA8DF83F0003E024
:106DD00001208DF83F00FFE79DF83F0010B080BD17
:106DE00080B582B0FFE744F2F440C5F602000168C6
:106DF00041F002010160006800F00200019001987A
:106E0000FFE76FF001000F21002200F011F802B03F
:106E100080BD00000000000080B582B0ADF8060023
:106E2000BDF906001CF050FD02B080BD000000005E
:106E300080B586B0ADF81600049103921CF05CFD9D
:106E40000290BDF91600019002980499039A06F089
:106E500077FF014601981CF057FD06B080BD000089
:106E600080B582B0019001981CF096FD02B080BD03
:106E700080B584B0029044F60C00C5F602000068AC
:106E800000F004010020B0EB910F13D1FFE744F6AE
:106E90000C00C5F60200006800F007000299884265
:106EA00004D0FFE701208DF80F002EE000208DF8C0
:106EB0000F002AE044F60C01C5F60201086820F034
:106EC0000700029A10430860FFF7AAFE0190FFE74F
:106ED00044F60400C5F60200006800F400510020EA
:106EE000B0EB513F0DD1FFE7FFF79AFE0199401A31
:106EF000B0F57A7F04D9FFE701208DF80F0004E098
:106F0000E6E700208DF80F00FFE79DF80F0004B0C2
:106F100080BD00000000000080B501F049FD44F292
:106F20002041C5F602010968C1F3021248F2A471BA
:106F3000C0F60201895C01F01F01C84080BD00005D
:106F400088B0079044F22840C5F60200016801F0BD
:106F5000030106910068C0F30530059044F22C400F
:106F6000C5F602000068C0F300100490049844F2D3
:106F70003C41C5F60201096889B2C908484300EEE0
:106F8000100AB8EE400A8DED020A0598002800F0BC
:106F90001B81FFE70698009048B1FFE700980128A1
:106FA00069D0FFE70098022800F08980ABE044F246
:106FB0000040C5F60200006800F020010020B0EBA0
:106FC000511F33D0FFE744F20040C5F602000068CD
:106FD000C0F3C10149F20000C0F2D030C8400390B4
:106FE0009DED030AB8EE400A9DED051AB8EE411A70
:106FF00080EE010A44F23840C5F6020000686FF3E3
:107000005F2001EE100AB8EE411A9DED022A9FEDB5
:10701000743A82EE032A31EE021AB7EE002A31EEFC
:10702000021A20EE010A8DED010A23E09DED050A0A
:10703000B8EE401A9FED6C0A80EE010A44F2384027
:10704000C5F6020000686FF35F2001EE100AB8EE8B
:10705000411A9DED022A9FED623A82EE032A31EE3B
:10706000021AB7EE002A31EE021A20EE010A8DED67
:10707000010AFFE76BE09DED050AB8EE401A9FEDAF
:10708000590A80EE010A44F23840C5F60200006851
:107090006FF35F2001EE100AB8EE411A9DED022A4F
:1070A0009FED4F3A82EE032A31EE021AB7EE002A24
:1070B00031EE021A20EE010A8DED010A47E09DED46
:1070C000050AB8EE401A9FED450A80EE010A44F227
:1070D0003840C5F6020000686FF35F2001EE100A29
:1070E000B8EE411A9DED022A9FED3D3A82EE032A49
:1070F00031EE021AB7EE002A31EE021A20EE010A32
:107100008DED010A23E09DED050AB8EE401A9FEDD2
:10711000350A80EE010A44F23840C5F602000068E4
:107120006FF35F2001EE100AB8EE411A9DED022ABE
:107130009FED2B3A82EE032A31EE021AB7EE002AB7
:1071400031EE021A20EE010A8DED010AFFE79DEDF6
:10715000010A44F23840C5F60200016889B2490AC2
:1071600001EE101AB8EE411AB7EE002A31EE021AFB
:1071700080EE010A0799BCEEC00A81ED000A9DED80
:10718000010A0168C1F3064101EE101AB8EE411A76
:1071900031EE021A80EE010A0799BCEEC00A81EDB9
:1071A000010A9DED010A0068C0F3066001EE100AB5
:1071B000B8EE411A31EE021A80EE010A0798BCEED1
:1071C000C00A80ED020A07E00799002008600799CD
:1071D000486007998860FFE708B07047001BB74B0D
:1071E000000000460024744A0024744C0000000093
:1071F00088B0079044F22840C5F60200016801F00B
:10720000030106910068C0F30550059044F22C403C
:10721000C5F602000068C0F300200490049844F210
:107220004441C5F60201096889B2C908484300EE25
:10723000100AB8EE400A8DED020A0598002800F009
:107240001B81FFE70698009048B1FFE700980128EE
:1072500069D0FFE70098022800F08980ABE044F293
:107260000040C5F60200006800F020010020B0EBED
:10727000511F33D0FFE744F20040C5F6020000681A
:10728000C0F3C10149F20000C0F2D030C840039001
:107290009DED030AB8EE400A9DED051AB8EE411ABD
:1072A00080EE010A44F24040C5F6020000686FF328
:1072B0005F2001EE100AB8EE411A9DED022A9FED03
:1072C000743A82EE032A31EE021AB7EE002A31EE4A
:1072D000021A20EE010A8DED010A23E09DED050A58
:1072E000B8EE401A9FED6C0A80EE010A44F240406D
:1072F000C5F6020000686FF35F2001EE100AB8EED9
:10730000411A9DED022A9FED623A82EE032A31EE88
:10731000021AB7EE002A31EE021A20EE010A8DEDB4
:10732000010AFFE76BE09DED050AB8EE401A9FEDFC
:10733000590A80EE010A44F24040C5F60200006896
:107340006FF35F2001EE100AB8EE411A9DED022A9C
:107350009FED4F3A82EE032A31EE021AB7EE002A71
:1073600031EE021A20EE010A8DED010A47E09DED93
:10737000050AB8EE401A9FED450A80EE010A44F274
:107380004040C5F6020000686FF35F2001EE100A6E
:10739000B8EE411A9DED022A9FED3D3A82EE032A96
:1073A00031EE021AB7EE002A31EE021A20EE010A7F
:1073B0008DED010A23E09DED050AB8EE401A9FED20
:1073C000350A80EE010A44F24040C5F6020000682A
:1073D0006FF35F2001EE100AB8EE411A9DED022A0C
:1073E0009FED2B3A82EE032A31EE021AB7EE002A05
:1073F00031EE021A20EE010A8DED010AFFE79DED44
:10740000010A44F24040C5F60200016889B2490A07
:1074100001EE101AB8EE411AB7EE002A31EE021A48
:1074200080EE010A0799BCEEC00A81ED000A9DEDCD
:10743000010A0168C1F3064101EE101AB8EE411AC3
:1074400031EE021A80EE010A0799BCEEC00A81ED06
:10745000010A9DED010A0068C0F3066001EE100A02
:10746000B8EE411A31EE021A80EE010A0798BCEE1E
:10747000C00A80ED020A07E007990020086007991A
:10748000486007998860FFE708B07047001BB74B5A
:10749000000000460024744A0024744C00000000E0
:1074A00080B59AB0189000208DF857008DF85600DE
:1074B0001898C0780007002848D5FFE71898406E54
:1074C000149078B1FFE71498B0F5801F13D0FFE750
:1074D0001498B0F5001F16D0FFE71498B0F5401FC0
:1074E00019D019E044F22C41C5F60201086840F4B5
:1074F0000030086014E018980830022106F09CFC67
:107500008DF857000CE018982830022106F07CFD19
:107510008DF8570004E003E001208DF85700FFE7E5
:107520009DF8570060B9FFE744F25041C5F60201EB
:10753000086820F44010189A526E1043086004E066
:107540009DF857008DF85600FFE7FFE71898407840
:10755000C007002840D0FFE71898806D13900428DA
:1075600020D81399DFE801F0030C141C1D0044F22D
:107570002C41C5F60201086840F40030086015E0AF
:1075800018980830002106F057FC8DF857000DE0E0
:1075900018982830002106F037FD8DF8570005E0D7
:1075A00004E003E001208DF85700FFE79DF8570045
:1075B00060B9FFE744F25041C5F60201086820F0C7
:1075C0000700189A926D1043086004E09DF8570078
:1075D0008DF85600FFE7FFE718984078400700282D
:1075E00056D5FFE71898D0F8A4001290C8B1FFE76D
:1075F0001298B0F5001F1DD0FFE71298B0F5800F6C
:1076000020D0FFE71298B0F5C00F23D0FFE7129803
:10761000B0F5000F1FD0FFE71298B0F5200F1BD078
:107620001BE044F22C41C5F60201086840F400302A
:10763000086016E018980830002106F0FDFB8DF870
:1076400057000EE018982830002106F0DDFC8DF878
:10765000570006E005E004E003E001208DF8570044
:10766000FFE79DF8570068B9FFE744F25841C5F6B7
:107670000201086820F46000189AD2F8A420104390
:10768000086004E09DF857008DF85600FFE7FFE71B
:10769000189840780007002856D5FFE71898D0F8CA
:1076A000A8001190C8B1FFE71198B0F1807F1DD0FC
:1076B000FFE71198B0F1007F20D0FFE71198B0F1FB
:1076C000407F23D0FFE71198B0F1806F1FD0FFE714
:1076D0001198B0F1A06F1BD01BE044F22C41C5F60D
:1076E0000201086840F40030086016E0189808307D
:1076F000002106F0A1FB8DF857000EE01898283005
:10770000002106F081FC8DF8570006E005E004E05A
:1077100003E001208DF85700FFE79DF8570068B996
:10772000FFE744F25841C5F60201086820F0E06026
:10773000189AD2F8A8201043086004E09DF857007A
:107740008DF85600FFE7FFE71898C07880070028FB
:107750003ED5FFE71898C06C1090F0B1FFE7109885
:10776000102808D0FFE7109820280DD0FFE71098C8
:10777000302811D012E044F22C41C5F6020108680D
:1077800040F4003008600DE018980830022106F03F
:1077900053FB8DF8570005E004E003E001208DF86D
:1077A0005700FFE79DF8570060B9FFE744F24C41EE
:1077B000C5F60201086820F03000189AD26C104318
:1077C000086004E09DF857008DF85600FFE7FFE7DA
:1077D00018984078C00600284ED5FFE71898C06D6D
:1077E0000F90A0B1FFE70F98B0F5805F18D0FFE7CA
:1077F0000F98B0F5005F1BD0FFE70F98B0F5405F22
:107800001ED0FFE70F98B0F5804F1AD01AE044F26F
:107810002C41C5F60201086840F40030086015E00C
:1078200018980830002106F007FB8DF857000DE08E
:1078300018982830002106F0E7FB8DF8570005E086
:1078400004E003E001208DF85700FFE79DF85700A2
:1078500060B9FFE744F25041C5F60201086820F420
:10786000E040189AD26D1043086004E09DF857007C
:107870008DF85600FFE7FFE718984078800600284B
:107880004CD5FFE71898006E0E90C8B1FFE70E9830
:10789000B0F5803F15D0FFE70E98B0F5003F18D047
:1078A000FFE70E98B0F5403F1BD0FFE70E98B0F50C
:1078B000802F17D0FFE70E98B0F5A02F13D013E05C
:1078C00016E018980830012106F0B6FA8DF8570036
:1078D0000EE018982830012106F096FB8DF857002D
:1078E00006E005E004E003E001208DF85700FFE723
:1078F0009DF8570060B9FFE744F25041C5F6020118
:10790000086820F4E020189A126E1043086004E022
:107910009DF857008DF85600FFE7FFE7189840786C
:10792000400600284ED5FFE71898D0F8AC000D901F
:10793000C8B1FFE70D98B0F1805F15D0FFE70D9853
:10794000B0F1005F18D0FFE70D98B0F1405F1BD099
:10795000FFE70D98B0F1804F17D0FFE70D98B0F119
:10796000A04F13D013E016E018980830012106F05C
:1079700063FA8DF857000EE018982830012106F0C0
:1079800043FB8DF8570006E005E004E003E001202A
:107990008DF85700FFE79DF8570068B9FFE744F2FC
:1079A0005841C5F60201086820F0E040189AD2F864
:1079B000AC201043086004E09DF857008DF8560095
:1079C000FFE7FFE718984078000600283BD5FFE75F
:1079D0001898C06E0C90D8B1FFE70C98B0F1805F9A
:1079E00005D0FFE70C98B0F1005F09D011E044F238
:1079F0002C41C5F60201086840F4003008600CE034
:107A000018980830012106F017FA8DF8570004E0A5
:107A100003E001208DF85700FFE79DF8570060B99B
:107A2000FFE744F25041C5F60201086820F04050DB
:107A3000189AD26E1043086004E09DF857008DF844
:107A40005600FFE7FFE71898C078C007002837D036
:107A5000FFE71898806C0B90032817D80B99DFE884
:107A600001F014020B1344F22C41C5F60201086820
:107A700040F4003008600DE018980830022106F04C
:107A8000DBF98DF8570005E004E003E001208DF8F4
:107A90005700FFE79DF8570060B9FFE744F24C41FB
:107AA000C5F60201086820F00300189A926C104392
:107AB000086004E09DF857008DF85600FFE7FFE7E7
:107AC000189880784006002840F1B480FFE744F61B
:107AD0000001C5F60201086840F480700860FFF7F5
:107AE0009FF81690FFE744F60000C5F60200006814
:107AF000C00500280CD4FFE7FFF792F81699401A4A
:107B0000652804D3FFE703208DF8570000E0EAE77B
:107B10009DF85700002840F08780FFE744F270404E
:107B2000C5F60200006800F440701899D1F8B01052
:107B300001F44071884213D0FFE744F27041C5F66A
:107B40000201086820F440701790086840F4803003
:107B50000860086820F48030086017980860FFE724
:107B60001898D0F8B000B0F5807F1FD1FFE7FFF77D
:107B700057F81690FFE744F27040C5F6020000681F
:107B800000F002010020B0EB510F0ED1FFE7FFF72C
:107B900047F81699401A41F28931884204D3FFE729
:107BA00003208DF8570000E0E5E7FFE79DF8570058
:107BB000A0BBFFE7FFE71898D0F8B00000F44070D2
:107BC000B0F5407F13D1FFE744F21041C5F6020142
:107BD000086820F47C50189AD2F8B0204FF6F04391
:107BE000C0F6FF731A4040EA1210086008E044F241
:107BF0001041C5F60201086820F47C500860FFE7D8
:107C00001898D0F8B0206FF31F3244F27041C5F6D7
:107C10000201086810430860FFE704E09DF8570080
:107C20008DF85600FFE704E09DF857008DF85600E8
:107C3000FFE7FFE718980068C007002800F04C80B5
:107C4000FFE71898806F0A9028282BD80A99DFE858
:107C500001F015292929292929291629292929291C
:107C600029291E2929292929292926292929292992
:107C700029292729292929292929280016E018989E
:107C80000830012106F0D8F88DF857000EE018985A
:107C90002830012106F0B8F98DF8570006E005E01C
:107CA00004E003E001208DF85700FFE79DF857003E
:107CB00060B9FFE744F25441C5F60201086820F0BC
:107CC0003800189A926F1043086004E09DF857003E
:107CD0008DF85600FFE7FFE7189800788007002826
:107CE00039D5FFE71898406F0990052819D80999E8
:107CF000DFE801F003040C14151616E0189808309C
:107D0000012106F099F88DF857000EE018982830F8
:107D1000012106F079F98DF8570006E005E004E04E
:107D200003E001208DF85700FFE79DF8570060B988
:107D3000FFE744F25441C5F60201086820F007004D
:107D4000189A526F1043086004E09DF857008DF8B0
:107D50005600FFE7FFE718980078400700283BD55A
:107D6000FFE71898D0F890000890052819D80899CE
:107D7000DFE801F003040C14151616E0189808301B
:107D8000012106F059F88DF857000EE018982830B8
:107D9000012106F039F98DF8570006E005E004E00E
:107DA00003E001208DF85700FFE79DF8570068B900
:107DB000FFE744F25841C5F60201086820F00700C9
:107DC000189AD2F890201043086004E09DF85700FC
:107DD0008DF85600FFE7FFE7189800788006002826
:107DE0004ED5FFE71898D0F88C000790C8B1FFE790
:107DF0000798B0F1805F15D0FFE70798B0F1005FFA
:107E000018D0FFE70798B0F1405F1BD0FFE7079855
:107E1000B0F1804F17D0FFE70798B0F1A04F13D013
:107E200013E016E018980830002106F005F88DF8E8
:107E300057000EE018982830022106F0E5F88DF87A
:107E4000570006E005E004E003E001208DF857004C
:107E5000FFE79DF8570068B9FFE744F25441C5F6C3
:107E60000201086820F0E040189AD2F88C201043F4
:107E7000086004E09DF857008DF85600FFE7FFE723
:107E800018980078400600284ED5FFE71898D0F8DB
:107E900098000690C8B1FFE70698B0F5806F15D03E
:107EA000FFE70698B0F5006F18D0FFE70698B0F529
:107EB000406F1BD0FFE70698B0F5805F17D0FFE753
:107EC0000698B0F5A05F13D013E016E018980830BC
:107ED000002105F0B1FF8DF857000EE0189828300A
:107EE000022106F091F88DF8570006E005E004E065
:107EF00003E001208DF85700FFE79DF8570068B9AF
:107F0000FFE744F25841C5F60201086820F4E0504A
:107F1000189AD2F898201043086004E09DF85700A2
:107F20008DF85600FFE7FFE7189800780006002854
:107F30004ED5FFE71898D0F89C000590C8B1FFE730
:107F40000598B0F5005F15D0FFE70598B0F5804FB4
:107F500018D0FFE70598B0F5C04F1BD0FFE7059894
:107F6000B0F5004F17D0FFE70598B0F5204F13D0BC
:107F700013E016E018980830002105F05DFF8DF839
:107F800057000EE018982830022106F03DF88DF8D1
:107F9000570006E005E004E003E001208DF85700FB
:107FA000FFE79DF8570068B9FFE744F25841C5F66E
:107FB0000201086820F46040189AD2F89C2010430F
:107FC000086004E09DF857008DF85600FFE7FFE7D2
:107FD000189800780007002820D5FFE71898D0F8F7
:107FE0008000B0F5805F0CD1FFE71898283002219F
:107FF00006F00AF820B1FFE701208DF85600FFE7F0
:10800000FFE744F25441C5F60201086820F44050ED
:10801000189AD2F8802010430860FFE7189800787B
:10802000C006002820D5FFE71898D0F89400B0F5D6
:10803000807F0CD1FFE718982830022105F0E4FF7B
:1080400020B1FFE701208DF85600FFE7FFE744F27B
:108050005841C5F60201086820F44070189AD2F819
:10806000942010430860FFE71898807800070028E4
:108070003CD5FFE71898D0F8A000049050B1FFE776
:108080000498B0F5803F0DD0FFE70498B0F5003FAD
:1080900010D010E018980830002105F0CDFE8DF8C2
:1080A00057000CE018982830022105F0ADFF8DF83C
:1080B000570004E003E001208DF85700FFE79DF82A
:1080C000570068B9FFE744F25841C5F60201086855
:1080D00020F44030189AD2F8A0201043086004E041
:1080E0009DF857008DF85600FFE7FFE71898807855
:1080F000400700283FD5FFE71898D0F88400039088
:10810000B0F5801F0AD0FFE70398B0F5001F0ED02E
:10811000FFE70398B0F5401F11D011E044F22C4165
:10812000C5F60201086840F4003008600CE01898B9
:108130002830012105F068FF8DF8570004E003E0C6
:1081400001208DF85700FFE79DF8570068B9FFE759
:1081500044F25441C5F60201086820F44010189A10
:10816000D2F884201043086004E09DF857008DF891
:108170005600FFE7FFE718988078C007A8B3FFE72D
:108180001898006D029028B1FFE70298B0F5803F83
:1081900009D010E044F22C41C5F60201086840F411
:1081A000003008600BE018980830022105F044FE0A
:1081B0008DF8570003E001208DF85700FFE79DF888
:1081C000570060B9FFE744F24C41C5F60201086868
:1081D00020F48030189A126D1043086004E09DF876
:1081E00057008DF85600FFE7FFE71898C078800623
:1081F00000280CD5FFE718982830022105F004FF6D
:1082000020B1FFE701208DF85600FFE7FFE718983F
:108210008078800700283AD5FFE71898C06F019052
:10822000D0B1FFE70198B0F5807F0AD0FFE7019851
:10823000B0F5007F0ED0FFE70198B0F5407F0AD07F
:108240000BE044F22C41C5F60201086840F400300E
:10825000086006E005E004E003E001208DF8570027
:10826000FFE79DF8570060B9FFE744F25441C5F6B7
:108270000201086820F44070189AD26F1043086019
:1082800004E09DF857008DF85600FFE7FFE71898C7
:108290008078C00600280CD5FFE744F25041C5F6AF
:1082A0000201086820F00040189A126F104308601D
:1082B000FFE718988078800600280CD5FFE744F285
:1082C0005041C5F60201086820F08070189A926E3D
:1082D00010430860FFE71898C0784006002811D5C1
:1082E000FFE7FFE744F21041C5F60201086820F4F9
:1082F000004008601898D0F8B4200868104308605F
:10830000FFE7FFE71898C078000600280CD5FFE7C4
:1083100044F24C41C5F60201086820F04050189A1A
:10832000526D10430860FFE7189880780006002817
:108330000DD5FFE744F25441C5F60201086820F468
:108340004000189AD2F8882010430860FFE7189878
:108350000079C00790B1FFE718980830002105F0B8
:108360006BFD8DF857009DF8570008B9FFE704E052
:108370009DF857008DF85600FFE7FFE71898007941
:108380008007002812D5FFE718980830012105F072
:1083900053FD8DF857009DF8570008B9FFE704E03A
:1083A0009DF857008DF85600FFE7FFE71898007911
:1083B0004007002812D5FFE718980830022105F081
:1083C0003BFD8DF857009DF8570008B9FFE704E022
:1083D0009DF857008DF85600FFE7FFE718980079E1
:1083E0000007002812D5FFE718982830002105F073
:1083F0000BFE8DF857009DF8570008B9FFE704E021
:108400009DF857008DF85600FFE7FFE718980079B0
:10841000C006002812D5FFE718982830012105F082
:10842000F3FD8DF857009DF8570008B9FFE704E009
:108430009DF857008DF85600FFE7FFE71898007980
:108440008006002812D5FFE718982830022105F091
:10845000DBFD8DF857009DF8570008B9FFE704E0F1
:108460009DF857008DF85600FFE7FFE79DF856008E
:1084700020B9FFE700208DF8670003E001208DF8A8
:108480006700FFE79DF867001AB080BD000000009C
:1084900080B586B004900391049820B9FFE70120CD
:1084A0008DF817003CE2039842F20001C5F200216A
:1084B000096801F00F01884216D9FFE742F2000077
:1084C000C5F20020016821F00F01039A11430160F9
:1084D000006800F00F000399884204D0FFE70120F4
:1084E0008DF817001CE2FFE7049800784007002889
:1084F00019D5FFE70498006944F21841C5F6020156
:10850000096801F0700188420CD9FFE744F2184174
:10851000C5F60201086820F07000049A1269104341
:108520000860FFE7FFE7049800780007002819D5E6
:10853000FFE70498406944F21C41C5F6020109684E
:1085400001F0700188420CD9FFE744F21C41C5F6E6
:108550000201086820F07000049A52691043086014
:10856000FFE7FFE704980078C006002819D5FFE769
:108570000498806944F21C41C5F60201096801F4BF
:10858000E06188420CD9FFE744F21C41C5F60201C4
:10859000086820F4E060049A926910430860FFE7DD
:1085A000FFE7049800788006002819D5FFE70498B3
:1085B000C06944F22041C5F60201096801F070016A
:1085C00088420CD9FFE744F22041C5F60201086851
:1085D00020F07000049AD26910430860FFE7FFE7BB
:1085E000049800788007002819D5FFE70498C06830
:1085F00044F21841C5F60201096801F00F018842F2
:108600000CD9FFE744F21841C5F60201086820F0D2
:108610000F00049AD26810430860FFE7FFE7049850
:108620000078C007002800F08C80FFE744F2184172
:10863000C5F60201086820F47060049A926810433D
:10864000086004984068022811D1FFE744F2004016
:10865000C5F60200006800F400310020B0EB514F75
:1086600004D1FFE701208DF8170059E13EE004989E
:108670004068032811D1FFE744F20040C5F602002C
:10868000006800F000710020B0EB516F04D1FFE7EB
:1086900001208DF8170043E127E004984068012885
:1086A00011D1FFE744F20040C5F60200006800F473
:1086B00080710020B0EB112F04D1FFE701208DF86D
:1086C00017002DE110E044F20040C5F602000068FA
:1086D00000F004010020B0EB910F04D1FFE701206E
:1086E0008DF817001CE1FFE7FFE7FFE744F21041B8
:1086F000C5F60201086820F00700049A526810438A
:108700000860FEF78DFA0190FFE744F21040C5F6CD
:108710000200006800F0380004994968B0EBC10F0E
:108720000ED0FFE7FEF77CFA0199401A41F2893139
:10873000884204D3FFE703208DF81700F0E0E4E758
:10874000FFE7049800788007002819D5FFE7049810
:10875000C06844F21841C5F60201096801F00F0132
:1087600088420CD2FFE744F21841C5F602010868BE
:1087700020F00F00049AD26810430860FFE7FFE77B
:10878000039842F20001C5F20021096801F00F01CF
:10879000884216D2FFE742F20000C5F200200168CD
:1087A00021F00F01039A11430160006800F00F00EF
:1087B0000399884204D0FFE701208DF81700AFE04D
:1087C000FFE7049800784007002819D5FFE70498D0
:1087D000006944F21841C5F60201096801F0700110
:1087E00088420CD2FFE744F21841C5F6020108683E
:1087F00020F07000049A126910430860FFE7FFE759
:10880000049800780007002819D5FFE7049840690C
:1088100044F21C41C5F60201096801F0700188426A
:108820000CD2FFE744F21C41C5F60201086820F0B3
:108830007000049A526910430860FFE7FFE704984C
:108840000078C006002819D5FFE70498806944F233
:108850001C41C5F60201096801F4E06188420CD2AE
:10886000FFE744F21C41C5F60201086820F4E0600D
:10887000049A926910430860FFE7FFE704980078C4
:108880008006002819D5FFE70498C06944F220410A
:10889000C5F60201096801F0700188420CD2FFE7B9
:1088A00044F22041C5F60201086820F07000049AE5
:1088B000D26910430860FFE7FFE700F0CDF844F20B
:1088C0001842C5F602021168C1F3032348F2A471ED
:1088D000C0F60201CB5C03F01F03D8400090009863
:1088E000126802F00F02895C01F01F01C84040F2DB
:1088F0004801C2F200410860009840F24401C2F20F
:108900000041086040F26000C2F200400068FEF7DB
:10891000FBF98DF80B009DF80B008DF81700FFE7B1
:108920009DF8170006B080BD82B0019000910199BA
:108930003F20086044F21040C5F60200006800F0D5
:1089400007000199486044F21840C5F6020001682A
:1089500001F47061019A9160016801F00F01019AC0
:10896000D160006800F070000199086144F21C4079
:10897000C5F60200016801F07001019A51610068BA
:1089800000F4E0600199886144F22040C5F60200DD
:10899000006800F070000199C86142F20000C5F261
:1089A0000020006800F00F000099086002B07047D6
:1089B00080B582B000F050F844F21842C5F60202C9
:1089C0001168C1F3032348F2A471C0F60201CB5C25
:1089D00003F01F03D84001900198126802F00F02C3
:1089E000895C01F01F0120FA01F140F24800C2F257
:1089F00000400160019940F24402C2F2004211605D
:108A0000006802B080BD000080B5FFF7D1FF44F2DE
:108A10001C41C5F602010968C1F3021248F2A471B3
:108A2000C0F60201895C01F01F01C84080BD000052
:108A300080B5FFF7BDFF44F21C41C5F6020109688D
:108A4000C1F3022248F2A471C0F60201895C01F070
:108A50001F01C84080BD00008AB044F21040C5F636
:108A60000200006800F0380001460191182800F269
:108A700069810199DFE811F019006601660166015C
:108A800066016601660166013A00660166016601DB
:108A900066016601660166014000660166016601C5
:108AA0006601660166016601460044F20040C5F6B3
:108AB0000200006800F020010020B0EB511F0ED032
:108AC000FFE744F20040C5F602000068C0F3C101B0
:108AD00049F20000C0F2D030C840029005E049F2EF
:108AE0000000C0F2D0300290FFE731E140F6001004
:108AF000C0F23D0002902BE143F20060C0F26E1024
:108B0000029025E144F22840C5F60200016801F018
:108B1000030108910068C0F30510079044F22C404F
:108B2000C5F60200006800F001000690069844F2C5
:108B30003441C5F60201096889B2C908484300EE0C
:108B4000100AB8EE400A8DED040A0798002800F0DC
:108B5000F580FFE70898009048B1FFE700980128EA
:108B600069D0FFE70098022800F08980ABE044F26A
:108B70000040C5F60200006800F020010020B0EBC4
:108B8000511F33D0FFE744F20040C5F602000068F1
:108B9000C0F3C10149F20000C0F2D030C8400590D6
:108BA0009DED050AB8EE400A9DED071AB8EE411A90
:108BB00080EE010A44F23040C5F6020000686FF30F
:108BC0005F2001EE100AB8EE411A9DED042A9FEDD8
:108BD000633A82EE032A31EE021AB7EE002A31EE32
:108BE000021A20EE010A8DED030A23E09DED070A2B
:108BF000B8EE401A9FED5B0A80EE010A44F2304065
:108C0000C5F6020000686FF35F2001EE100AB8EEAF
:108C1000411A9DED042A9FED513A82EE032A31EE6E
:108C2000021AB7EE002A31EE021A20EE010A8DED8B
:108C3000030AFFE76BE09DED070AB8EE401A9FEDCF
:108C4000480A80EE010A44F23040C5F6020000688E
:108C50006FF35F2001EE100AB8EE411A9DED042A71
:108C60009FED3E3A82EE032A31EE021AB7EE002A59
:108C700031EE021A20EE010A8DED030A47E09DED68
:108C8000070AB8EE401A9FED340A80EE010A44F25A
:108C90003040C5F6020000686FF35F2001EE100A55
:108CA000B8EE411A9DED042A9FED2C3A82EE032A7C
:108CB00031EE021AB7EE002A31EE021A20EE010A56
:108CC0008DED030A23E09DED070AB8EE401A9FEDF3
:108CD000240A80EE010A44F23040C5F60200006822
:108CE0006FF35F2001EE100AB8EE411A9DED042AE1
:108CF0009FED1A3A82EE032A31EE021AB7EE002AED
:108D000031EE021A20EE010A8DED030AFFE744F26C
:108D10003040C5F60200006881B2012000EB51200E
:108D200009909DED030A9DED091AB8EE411A80EEF7
:108D3000010ABCEEC00A8DED020A02E0002002909A
:108D4000FFE705E040F60010C0F23D000290FFE7AB
:108D500002980AB0704700BF001BB74B00000046E6
:108D60000024744A0024744C80B58CB00A900A9890
:108D700028B9FFE701208DF82F0000F001BD0A9807
:108D80000078C007002800F0B980FFE744F21040E7
:108D9000C5F60200006800F03800069044F2284052
:108DA000C5F6020000680590069810280AD0FFE773
:108DB000069818281CD1FFE7059800F00300022848
:108DC00016D1FFE744F20040C5F60200006800F447
:108DD00000310020B0EB514F09D0FFE70A984068FE
:108DE00028B9FFE701208DF82F0000F0C9BC84E00E
:108DF000FFE70A984068B0F5803F09D1FFE744F2E9
:108E00000041C5F60201086840F48030086032E095
:108E10000A98406868B9FFE744F20041C5F60201CC
:108E2000086820F480300860086820F4802008601A
:108E300020E00A984068B0F5A02F0DD1FFE744F27A
:108E40000041C5F60201086840F480200860086807
:108E500040F4803008600CE044F20041C5F60201A5
:108E6000086820F480300860086820F480200860DA
:108E7000FFE7FFE7FFE7FFE70A984068F0B1FFE789
:108E8000FDF7CEFE0990FFE744F20040C5F6020070
:108E9000006800F400310020B0EB514F0DD1FFE726
:108EA000FDF7BEFE0999401A652805D3FFE70320A8
:108EB0008DF82F0000F064BCE6E71DE0FDF7B0FE82
:108EC0000990FFE744F20040C5F60200006800F494
:108ED00000310020B0EB514F0DD0FFE7FDF7A0FEB1
:108EE0000999401A652805D3FFE703208DF82F0064
:108EF00000F046BCE6E7FFE7FFE7FFE70A980078E7
:108F00008007002840F1C580FFE744F21040C5F615
:108F10000200006800F03800049044F22840C5F6D2
:108F2000020000680390049850B1FFE704981828E5
:108F300050D1FFE79DF80C00800700284AD1FFE7D9
:108F400044F20040C5F60200006800F00401002071
:108F5000B0EB910F09D0FFE70A98C06828B9FFE786
:108F600001208DF82F0000F00BBC44F20041C5F643
:108F70000201086820F019000A9AD26810430860BC
:108F8000FDF74EFE0990FFE744F20040C5F60200EF
:108F9000006800F004010020B0EB910F0CD1FFE756
:108FA000FDF73EFE0999401A032804D3FFE703208A
:108FB0008DF82F00E4E3E7E744F20441C5F602012F
:108FC000086820F0FE400A9A126940EA02600860D0
:108FD000FFE75DE00A98C068A0B3FFE744F20041F4
:108FE000C5F60201086820F019000A9AD2681043F9
:108FF0000860FDF715FE0990FFE744F20040C5F652
:109000000200006800F004010020B0EB910F0CD1C9
:10901000FFE7FDF705FE0999401A032804D3FFE78F
:1090200003208DF82F00ABE3E7E744F20441C5F6D7
:109030000201086820F0FE400A9A126940EA0260C4
:10904000086024E044F20041C5F60201086820F0FF
:1090500001000860FDF7E4FD0990FFE744F20040DD
:10906000C5F60200006800F004010020B0EB910F8B
:109070000CD0FFE7FDF7D4FD0999401A032804D36B
:10908000FFE703208DF82F007AE3E7E7FFE7FFE72C
:10909000FFE70A980078C006002840F1A080FFE7AB
:1090A00044F21040C5F60200006800F0380002905B
:1090B00044F22840C5F60200006801900298082892
:1090C0000AD0FFE7029818282BD1FFE7019800F09B
:1090D0000300012825D1FFE744F20040C5F6020055
:1090E000006800F480710020B0EB112F09D0FFE779
:1090F0000A98C069802804D0FFE701208DF82F006E
:109100003EE3FFE744F20C41C5F60201086820F097
:109110007C500A9A126A40EA02600860FFE7FFE7A3
:109120005CE00A98C06998B3FFE744F20041C5F6D5
:109130000201086840F080000860FDF771FD0990A9
:10914000FFE744F20040C5F60200006800F48071B9
:109150000020B0EB112F0CD1FFE7FDF761FD09995D
:10916000401A032804D3FFE703208DF82F0007E3FC
:10917000E7E7FFE744F20C41C5F60201086820F07A
:109180007C500A9A126A40EA02600860FFE724E015
:1091900044F20041C5F60201086820F08000086032
:1091A000FDF73EFD0990FFE744F20040C5F60200DE
:1091B000006800F480710020B0EB112F0CD0FFE7A5
:1091C000FDF72EFD0999401A032804D3FFE7032079
:1091D0008DF82F00D4E2E7E7FFE7FFE7FFE70A9803
:1091E0000078000700284FD5FFE70A98406928B3A8
:1091F000FFE744F27441C5F60201086840F001003F
:109200000860FDF70DFD0990FFE744F27440C5F6D4
:109210000200006800F002010020B0EB510F0CD1F9
:10922000FFE7FDF7FDFC0999401A032804D3FFE787
:1092300003208DF82F00A3E2E7E724E044F2744115
:10924000C5F60201086820F001000860FDF7E8FC9F
:109250000990FFE744F27440C5F60200006800F090
:1092600002010020B0EB510F0CD0FFE7FDF7D8FC56
:109270000999401A032804D3FFE703208DF82F0033
:109280007EE2E7E7FFE7FFE70A980078800600281C
:109290004FD5FFE70A98806928B3FFE744F2004101
:1092A000C5F60201086840F480500860FDF7B8FC7C
:1092B0000990FFE744F20040C5F60200006800F4A0
:1092C00000510020B0EB513F0CD1FFE7FDF7A8FCA7
:1092D0000999401A032804D3FFE703208DF82F00D3
:1092E0004EE2E7E724E044F20041C5F602010868D7
:1092F00020F480500860FDF793FC0990FFE744F2EA
:109300000040C5F60200006800F400510020B0EBF8
:10931000513F0CD0FFE7FDF783FC0999401A032861
:1093200004D3FFE703208DF82F0029E2E7E7FFE7EA
:10933000FFE70A9800784007002840F1A780FFE780
:1093400044F60001C5F60201086840F48070086028
:10935000FDF766FC0990FFE744F60000C5F6020041
:109360000068C00500280CD4FFE7FDF759FC0999F7
:10937000401A652804D3FFE703208DF82F00FFE192
:10938000EAE7FFE70A988068012809D1FFE744F27D
:109390007041C5F60201086840F00100086031E044
:1093A0000A98806868B9FFE744F27041C5F6020187
:1093B000086820F001000860086820F004000860D8
:1093C0001FE00A98806805280DD1FFE744F270413C
:1093D000C5F60201086840F004000860086840F023
:1093E000010008600CE044F27041C5F60201086813
:1093F00020F001000860086820F004000860FFE722
:10940000FFE7FFE7FFE70A988068F8B1FFE7FDF79D
:1094100007FC0990FFE744F27040C5F602000068BF
:1094200000F002010020B0EB510F0ED1FFE7FDF775
:10943000F7FB0999401A41F28931884204D3FFE7CA
:1094400003208DF82F009BE1E5E71EE0FDF7E8FB28
:109450000990FFE744F27040C5F60200006800F092
:1094600002010020B0EB510F0ED0FFE7FDF7D8FB53
:109470000999401A41F28931884204D3FFE7032059
:109480008DF82F007CE1E5E7FFE7FFE70A98406AE7
:10949000002800F07181FFE744F21040C5F6020099
:1094A000006800F03800182800F0E080FFE70A9814
:1094B000406A022840F0B480FFE744F20041C5F65C
:1094C0000201086820F080700860FDF7A9FB099090
:1094D000FFE744F20040C5F60200006800F00071AA
:1094E0000020B0EB516F0CD0FFE7FDF799FB099915
:1094F000401A032804D3FFE703208DF82F003FE133
:10950000E7E7FFE744F22841C5F60201086840F2A8
:10951000F33290430A9B9A6ADB6A42EA03121043D1
:1095200008600A99086BD1F834C08B6BCA6B01389C
:109530006FF35F204FF60061CFF6FF7101EB4C2116
:1095400089B208440021CFF6FF7101EB034101F419
:10955000FE0108444FF07F4101EB026101F0FE4142
:10956000084444F23041C5F602010860FFE744F2C6
:109570002C41C5F602010091086820F00100086046
:1095800044F23442C5F6020210684FF6F87398436D
:109590000A9B9B6C40EAC3001060086820F00C0036
:1095A0000A9A126C10430860086820F002000A9AB8
:1095B000526C10430860086840F480300860086806
:1095C00040F400300860086840F4802008600868B3
:1095D00040F00100086044F20041C5F6020108684D
:1095E00040F080700860FDF71BFB0990FFE744F234
:1095F0000040C5F60200006800F000710020B0EBEA
:10960000516F0CD1FFE7FDF70BFB0999401A0328B6
:1096100004D3FFE703208DF82F00B1E0E7E724E053
:1096200044F20041C5F60201086820F0807008602D
:10963000FDF7F6FA0990FFE744F20040C5F6020094
:10964000006800F000710020B0EB516F0CD0FFE714
:10965000FDF7E6FA0999401A032804D3FFE703202F
:109660008DF82F008CE0E7E7FFE784E044F2284024
:10967000C5F602000068089044F23040C5F60200CA
:10968000006807900A98406A012837D0FFE70898D9
:1096900000F003000A99896A88422FD1FFE70898F1
:1096A00000F47C710A98C06AB0EB111F26D1FFE765
:1096B00007986FF35F200A99096B013988421DD121
:1096C000FFE7BDF81C100A98406B0138B0EB512F32
:1096D00014D1FFE7079800F4FE010A98806B013867
:1096E000B0EB114F0AD1FFE7079800F0FE410A984E
:1096F000C06B0138B0EB116F04D0FFE701208DF88B
:109700002F003DE044F23440C5F60200006880B20C
:10971000C00808900A98806C0899884229D0FFE711
:1097200044F22C41C5F60201086820F001000860EF
:10973000FDF776FA0990FFE7FDF772FA0999401AEA
:1097400008B9FFE7F8E744F23441C5F602010868BA
:109750004FF6F87290430A9A926C40EAC200086091
:1097600044F22C41C5F60201086840F0010008608F
:10977000FFE7FFE7FFE7FFE700208DF82F00FFE797
:109780009DF82F000CB080BD80B586B00490039189
:1097900002920193049820B9FFE701208DF8170089
:1097A00056E00498D0F8880040B9FFE704990020FB
:1097B00081F88400049802F00FF8FFE70499242050
:1097C000C1F8880004980168086820F0010008606A
:1097D0000498806A20B1FFE7049806F051FEFFE785
:1097E000049807F021F9012804D1FFE701208DF842
:1097F00017002DE004980168886840F48040886074
:1098000004980068806820F4004003990843049994
:10981000096888600298400500900199009840EA24
:10982000014000900498006800686FF319400099A7
:10983000084304990968086004980168086840F0C2
:1098400001000860049806F0BFFE8DF81700FFE7DE
:109850009DF8170006B080BD80B586B004900498CE
:1098600020B9FFE701208DF817003AE10498406A1B
:1098700008B9FFE7FFE704990020886204980068B0
:1098800043F20001C4F2010188421BD0FFE70498B3
:10989000006843F60001C4F20001884212D0FFE7DD
:1098A0000498006843F60041C4F20001884209D0E0
:1098B000FFE70498C068102804D3FFE701208DF863
:1098C00017000EE1049805F06BFD02900498006803
:1098D00043F20001C4F20101884216D0FFE7049868
:1098E000006843F60001C4F2000188420DD0FFE792
:1098F0000498006843F60041C4F20001884204D095
:10990000FFE7029808281FD8FFE70498006843F291
:109910000001C4F20101884212D0FFE704980068F8
:1099200043F60001C4F20001884209D0FFE7049821
:10993000006843F60041C4F20001884208D1FFE705
:109940000298112804D3FFE701208DF81700C8E022
:10995000049890F8810040B9FFE70499002081F84D
:109960008000049800F0C4F8FFE70499022081F811
:10997000810004980168086820F0010008600498DC
:109980000068806800F4F810039004988069B0F1D2
:10999000806F1BD1FFE704984068B0F5800F04D1B9
:1099A000FFE70498806B50B1FFE70498406868B9FE
:1099B000FFE70498806BB0F1805F07D1FFE7049860
:1099C0000168086840F480500860FFE704988079D7
:1099D0004006002810D5FFE70498C06807280BD37D
:1099E000FFE704980068006820F48070049A11680A
:1099F000126D1043086006E004980168086820F4BE
:109A000080700860FFE7049B1968DA68D869D3F8AA
:109A100028C040EA0C00DDF80CC040EA0C00DB6B0B
:109A2000184310438860049A0192506B516A0843AE
:109A3000916B0843916908431168D2F804C0936898
:109A4000D2F810E040EA0E00D2F814E040EA0E002E
:109A5000D2F820E040EA0E0040EA0C00D2F84CC0F8
:109A600040EA0C001843936C1843926D1043C86091
:109A70000498406898B9FFE704980068806801215D
:109A800061F3CC20049909688860049800688068B4
:109A9000022161F34A20049909688860FFE704986D
:109AA0000168086D20F0010008650498807940067F
:109AB00000280BD5FFE704980068C06820F000403C
:109AC000049A1168526D1043C860FFE704990020A2
:109AD000C1F88400049A012182F881108DF81700E2
:109AE000FFE79DF8170006B080BD000000000000F1
:109AF00080B5B6B0359000203490339032903190DC
:109B0000309002A8B821F6F7A3FD3598006841F21D
:109B10000041C5F6000188423FD1FFE700200390D5
:109B20004FF4804002904FF0A0402D9002A8FDF726
:109B3000B7FC18B1FFE7F7F79BFFFFE7FFE744F239
:109B4000F440C5F60200016841F0200101600068A0
:109B500000F0200001900198FFE7FFE744F2E040A9
:109B6000C5F60200016841F001010160006800F0E3
:109B7000010000900098FFE7A02030900220319073
:109B80000020329003203390082034900020C5F646
:109B9000020030A9FCF758FEFFE736B080BD000098
:109BA00080B588B006900591ADF812200393069811
:109BB000006820300290FDF733F80190069890F885
:109BC0008100012804D0FFE702208DF81F00D5E1B5
:109BD000059820B1FFE7BDF8120020B9FFE701208A
:109BE0008DF81F00CAE1FFE7069890F88000012871
:109BF00004D1FFE702208DF81F00BFE10699012084
:109C000081F88000FFE7FFE70699032081F88100D3
:109C100006990020C1F884000599069AD165BDF81F
:109C20001210069AA2F86010BDF81210069AA2F857
:109C30006210069948660699A1F868000699A1F88D
:109C40006A00069948670699086706988068B0F523
:109C5000C02F07D1FFE706980168086840F400604C
:109C6000086009E006980068C068012161F352406D
:109C700006990968C860FFE70698006840684FF6D3
:109C8000FF718843BDF812100844069909684860BE
:109C900006980168086840F001000860069840686E
:109CA000B0F5800F07D1FFE706980168086840F417
:109CB00000700860FFE70698C068102848D3FFE7E7
:109CC000FFE70698B0F86200002840D0FFE706984A
:109CD000006840698007002810D5FFE706980168F2
:109CE000C06D006808620699C86D0430C8650699A1
:109CF000B1F862000138A1F8620027E0FCF790FF9C
:109D00000199401A0399884204D3FFE70398013070
:109D100018B9FFE70398C0B9FFE7069805F0B4FA51
:109D20000699D1F8840040F48070C1F88400069947
:109D3000012081F88100FFE70699002081F880006A
:109D4000FFE703208DF81F0018E1FFE7B9E7E8E01F
:109D50000698C068082863D3FFE7FFE70698B0F8C5
:109D6000620000285BD0FFE7069800684069800722
:109D700000282BD5FFE70698B0F86200022814D31C
:109D8000FFE70698C06B80B1FFE706980168C06DD9
:109D9000006808620699C86D0430C8650699B1F874
:109DA00062000238A1F862000FE00698C06D0088DA
:109DB000029908800699C86D0230C8650699B1F805
:109DC00062000138A1F86200FFE727E0FCF728FFF6
:109DD0000199401A0399884204D3FFE703980130A0
:109DE00018B9FFE70398C0B9FFE7069805F04CFAE9
:109DF0000699D1F8840040F48070C1F88400069977
:109E0000012081F88100FFE70699002081F8800099
:109E1000FFE703208DF81F00B0E0FFE79EE77FE03B
:109E2000FFE70698B0F86200002878D0FFE70698B0
:109E3000006840698007002848D5FFE70698B0F819
:109E40006200042815D3FFE70698C06B412810D3A1
:109E5000FFE706980168C06D006808620699C86D42
:109E60000430C8650699B1F862000438A1F86200B0
:109E70002BE00698B0F86200022814D3FFE706989A
:109E8000C06B80B1FFE70698C06D0088029908801A
:109E90000699C86D0230C8650699B1F862000238AB
:109EA000A1F8620010E006980168C06D007881F8A2
:109EB00020000699C86D0130C8650699B1F86200A6
:109EC0000138A1F86200FFE7FFE727E0FCF7A8FEF2
:109ED0000199401A0399884204D3FFE7039801309F
:109EE00018B9FFE70398C0B9FFE7069805F0CCF969
:109EF0000699D1F8840040F48070C1F88400069976
:109F0000012081F88100FFE70699002081F8800098
:109F1000FFE703208DF81F0030E0FFE781E7FFE750
:109F2000FFE70698039B01996A4611600821002209
:109F300005F04EFA40B1FFE70699D1F8840040F0F1
:109F40002000C1F88400FFE7069805F09DF9069906
:109F5000012081F88100FFE70699002081F8800048
:109F6000FFE70698D0F8840020B1FFE701208DF8C4
:109F70001F0003E000208DF81F00FFE79DF81F0081
:109F800008B080BD0000000082B00190009140F256
:109F90000441C5F600010868019A9043009A1043F5
:109FA000086002B07047000081B0009001B07047B7
:109FB00081B0009001B0704781B0009001B070474F
:109FC00084B00290019100200090FFE7029890F881
:109FD0003C00012804D1FFE702208DF80F0082E049
:109FE0000299012081F83C00FFE7FFE7009820F08C
:109FF000FF000199C96808430090009820F4407060
:10A000000199896808430090009820F480600199C4
:10A01000496808430090009820F40060019909689D
:10A0200008430090009820F4805001990969084382
:10A030000090009820F4005001994969084300906D
:10A04000009820F480400199096B08430090009823
:10A0500020F470200199896940EA0140009000983D
:10A0600020F080500199C969084300900298006867
:10A070000021C4F20101884209D0FFE7029800687C
:10A0800040F20041C4F2010188421ED1FFE700986E
:10A0900020F470000199896A40EA0150009000980C
:10A0A00020F080700199096A08430090009820F020
:10A0B00000700199496A08430090009820F0005010
:10A0C0000199C96A08430090FFE70098029909685E
:10A0D0004864FFE70299002081F83C00FFE7002078
:10A0E0008DF80F00FFE79DF80F0004B070470000E7
:10A0F00085B003900291FFE7039890F83C00012897
:10A1000004D1FFE702208DF81300ABE00399012092
:10A1100081F83C00FFE7FFE70399022081F83D004A
:10A120000398006840680190039800688068009078
:10A13000039800680021C4F20101884209D0FFE7BA
:10A140000398006840F20041C4F2010188420AD13C
:10A15000FFE7019820F4700001900298416801988F
:10A1600008430190FFE7019820F0700001900298E9
:10A1700001680198084301900198039909684860B3
:10A18000039800680021C4F2010188424ED0FFE725
:10A1900003980068B0F1804F48D0FFE7039800684B
:10A1A00040F20041C4F2000188423FD0FFE703982B
:10A1B000006840F60001C4F20001884236D0FFE793
:10A1C0000398006840F60041C4F2000188422DD097
:10A1D000FFE70398006840F20041C4F201018842A1
:10A1E00024D0FFE70398006841F60001C4F20001A3
:10A1F00088421BD0FFE70398006844F20001C4F2D4
:10A200000101884212D0FFE7039800684EF2000176
:10A21000C4F20001884209D0FFE7039800684EF2BB
:10A220000041C4F2000188420ED1FFE7009820F0FF
:10A230008000009002988168009808430090009880
:10A24000039909688860FFE70399012081F83D00C0
:10A25000FFE70399002081F83C00FFE700208DF81C
:10A260001300FFE79DF8130005B0704700000000E1
:10A2700080B582B00090009820B9FFE701208DF8EA
:10A28000070045E0009890F83D0040B9FFE70099CD
:10A29000002081F83C00009800F03EF8FFE70099AC
:10A2A000022081F83D00009951F8040B05F054FCA0
:10A2B0000099012081F84800FFE70099012081F80A
:10A2C0003E00009981F83F00009981F84000009914
:10A2D00081F84100009981F84200009981F843001B
:10A2E000FFE7FFE70099012081F84400009981F819
:10A2F0004500009981F84600009981F84700FFE782
:10A300000099012081F83D0000208DF80700FFE74B
:10A310009DF8070002B080BD81B0009001B0704789
:10A3200083B00190019890F83D00012804D0FFE728
:10A3300001208DF80B0083E00199022081F83D0097
:10A3400001980168C86840F00100C8600198006881
:10A350000021C4F2010188424ED0FFE70198006855
:10A36000B0F1804F48D0FFE70198006840F200410B
:10A37000C4F2000188423FD0FFE70198006840F630
:10A380000001C4F20001884236D0FFE7019800685E
:10A3900040F60041C4F2000188422DD0FFE7019849
:10A3A000006840F20041C4F20101884224D0FFE776
:10A3B0000198006841F60001C4F2000188421BD0F8
:10A3C000FFE70198006844F20001C4F201018842ED
:10A3D00012D0FFE7019800684EF20001C4F20001BC
:10A3E000884209D0FFE7019800684EF20041C4F2AC
:10A3F0000001884219D1FFE70198006880680721B1
:10A40000C0F2010108400090009806280CD0FFE738
:10A410000098B0F5803F07D0FFE701980168086811
:10A4200040F001000860FFE706E001980168086855
:10A4300040F001000860FFE700208DF80B00FFE707
:10A440009DF80B0003B0704781B0009001B07047D9
:10A4500080B584B0039003980068C06802900398A8
:10A460000068006901909DF804008007002824D549
:10A47000FFE79DF80800800700281DD5FFE7039837
:10A4800001686FF0020008610399012008770398C2
:10A4900000688069800720B1FFE70398FFF7D4FFC9
:10A4A00006E0039800F058F9039800F0BDFAFFE7C2
:10A4B000039900200877FFE7FFE79DF804004007B5
:10A4C000002825D5FFE79DF80800400700281ED585
:10A4D000FFE7039801686FF0040008610399022008
:10A4E000087703980068806910F4407F04D0FFE784
:10A4F0000398FFF7A9FF06E0039800F02DF90398F1
:10A5000000F092FAFFE7039900200877FFE7FFE7E2
:10A510009DF804000007002824D5FFE79DF80800F7
:10A52000000700281DD5FFE7039801686FF00800B9
:10A53000086103990420087703980068C0698007C0
:10A5400020B1FFE70398FFF77FFF06E0039800F0D4
:10A5500003F9039800F068FAFFE7039900200877F1
:10A56000FFE7FFE79DF80400C006002825D5FFE7B8
:10A570009DF80800C00600281ED5FFE70398016873
:10A580006FF01000086103990820087703980068AD
:10A59000C06910F4407F04D0FFE70398FFF754FF31
:10A5A00006E0039800F0D8F8039800F03DFAFFE7C2
:10A5B000039900200877FFE7FFE79DF80400C00734
:10A5C00078B1FFE79DF80800C00748B1FFE703989E
:10A5D00001686FF001000861039800F029FAFFE7B5
:10A5E000FFE7019800F08000802806D0FFE79DF883
:10A5F00005008006002810D5FFE79DF8080000063A
:10A60000002809D5FFE7039801686FF4025008613C
:10A610000398FFF7CDFCFFE7FFE79DF80500C007B3
:10A6200080B1FFE79DF808000006002809D5FFE784
:10A63000039801686FF4807008610398FFF7B4FC19
:10A64000FFE7FFE79DF804004006002810D5FFE76C
:10A650009DF808004006002809D5FFE70398016827
:10A660006FF040000861039800F0F2F9FFE7FFE7A0
:10A670009DF804008006002810D5FFE79DF808002B
:10A680008006002809D5FFE7039801686FF02000D5
:10A6900008610398FFF790FCFFE7FFE704B080BD77
:10A6A00080B588B007900020069005900490039034
:10A6B0000290079800680021C4F20101884221D16C
:10A6C000FFE7FFE744F2E040C5F60200016841F011
:10A6D00010010160006800F0100001900198FFE790
:10A6E0004FF408500290022003900020049005903F
:10A6F0000120069041F20000C5F6020002A9FCF715
:10A70000A3F827E00798006840F20041C4F2000176
:10A7100088421ED1FFE7FFE744F2E040C5F60200A1
:10A72000016841F002010160006800F00200009041
:10A730000098FFE702200290039000210491059108
:10A74000069040F20040C5F6020002A9FCF77CF832
:10A75000FFE7FFE708B080BD81B0009001B070470F
:10A7600080B586B004900391029200208DF8070016
:10A77000FFE7049890F83C00012804D1FFE702208D
:10A780008DF81700C0E00499012081F83C00FFE734
:10A79000FFE702980090142800F2A7800099DFE8F4
:10A7A00001F00BA4A4A424A4A4A43EA4A4A457A48C
:10A7B000A4A471A4A4A48A0004980068039905F0D5
:10A7C000AFFA04980168886940F00800886104982D
:10A7D0000168886920F00400886103980269049880
:10A7E000016888691043886183E0049800680399D0
:10A7F00005F03EFB04980168886940F400608861B8
:10A8000004980168886920F480608861039802696F
:10A8100004980168886940EA0220886169E0049828
:10A820000068039905F0DCFB04980168C86940F0F2
:10A830000800C86104980168C86920F00400C86174
:10A840000398026904980168C8691043C86150E020
:10A8500004980068039905F07BFC04980168C869B6
:10A8600040F40060C86104980168C86920F4806001
:10A87000C8610398026904980168C86940EA022027
:10A88000C86136E004980068039905F0D1FC04988B
:10A890000168486D40F00800486504980168486DFB
:10A8A00020F0040048650398026904980168486D27
:10A8B000104348651DE004980068039905F020FDE9
:10A8C00004980168486D40F4006048650498016888
:10A8D000486D20F480604865039802690498016817
:10A8E000486D40EA0220486503E001208DF807002A
:10A8F000FFE7FFE70499002081F83C00FFE79DF89F
:10A9000007008DF81700FFE79DF8170006B080BD1F
:10A9100080B582B00090009820B9FFE701208DF843
:10A92000070045E0009890F83D0040B9FFE7009926
:10A93000002081F83C00009800F03EF8FFE7009905
:10A94000022081F83D00009951F8040B05F004F94C
:10A950000099012081F84800FFE70099012081F863
:10A960003E00009981F83F00009981F8400000996D
:10A9700081F84100009981F84200009981F8430074
:10A98000FFE7FFE70099012081F84400009981F872
:10A990004500009981F84600009981F84700FFE7DB
:10A9A0000099012081F83D0000208DF80700FFE7A5
:10A9B0009DF8070002B080BD83B002900298006845
:10A9C0000021C4F20101884210D1FFE7FFE744F201
:10A9D000F040C5F60200016841F001010160006825
:10A9E00000F0010001900198FFE719E0029800686B
:10A9F00040F20041C4F20001884210D1FFE7FFE7B6
:10AA000044F2E840C5F60200016841F0020101602D
:10AA1000006800F0020000900098FFE7FFE7FFE702
:10AA200003B070470000000081B0009001B0704793
:10AA300080B582B0019001980068B0F1804F03D1D9
:10AA4000FFE7FCF711F9FFE702B080BD000000004E
:10AA500081B0009001B0704783B00190FFE701988A
:10AA600090F88400012804D1FFE702208DF80B0044
:10AA70002CE00199012081F88400FFE7FFE70199AC
:10AA80002420C1F8880001980068006800900198AF
:10AA90000168086820F001000860009820F000506C
:10AAA00000900199002048660098019909680860A3
:10AAB00001992020C1F88800FFE70199002081F862
:10AAC0008400FFE700208DF80B00FFE79DF80B00E6
:10AAD00003B070470000000080B586B00490039179
:10AAE000ADF80A200498D0F88C00202844D1FFE764
:10AAF000039820B1FFE7BDF80A0020B9FFE7012065
:10AB00008DF817003CE004990120C86604990020E4
:10AB1000086704980399BDF80A2006F0ADFC8DF88B
:10AB200009009DF8090010BBFFE70498C06E0128DA
:10AB300018D1FFE70498016810200862FFE7FFE7DB
:10AB40000498006850E8000F40F010000190FFE703
:10AB500001990498026842E800100028F0D1FFE74C
:10AB6000FFE703E001208DF80900FFE7FFE79DF80C
:10AB700009008DF8170003E002208DF81700FFE7A9
:10AB80009DF8170006B080BD80B584B00390ADF885
:10AB90000A100398006841F60041C4F2010188429E
:10ABA00006D1FFE70398BDF80A1004F0B9FA6CE08B
:10ABB00042F66C40C2F20040006890B1FFE7039893
:10ABC000006842F66C41C2F2004109680968884297
:10ABD00007D1FFE7BDF80A0003F002FF03F0BCFD58
:10ABE00053E000208DF80900FFE79DF8090042F2CC
:10ABF000B861C2F200410978884245DAFFE703985C
:10AC00009DF8092042F6F841C2F2004151F82210A5
:10AC10000968884231D1FFE79DF8091042F6F840F3
:10AC2000C2F2004050F82100D0F80801B8B1FFE7A7
:10AC30009DF8091042F6F840C2F20040019050F829
:10AC40002100D0F80801804701989DF8091050F8BC
:10AC500021000630BDF80A10F5F7D8FCFFE79DF893
:10AC6000091042F6F840C2F2004050F82120106866
:10AC7000911D9288FFF730FF07E0FFE79DF809007C
:10AC800001308DF80900B0E7FFE704B080BD000097
:10AC900081B0009001B0704780B584B002900191FE
:10ACA000FFE7029890F88400012804D1FFE7022012
:10ACB0008DF80F0032E00299012081F88400FFE74F
:10ACC000FFE702992420C1F8880002980068006814
:10ACD000009002980168086820F00100086002985E
:10ACE0000068806820F06060019908430299096853
:10ACF0008860029805F080FB009802990968086056
:10AD000002992020C1F88800FFE70299002081F80D
:10AD10008400FFE700208DF80F00FFE79DF80F008B
:10AD200004B080BD0000000080B584B002900191A5
:10AD3000FFE7029890F88400012804D1FFE7022081
:10AD40008DF80F0032E00299012081F88400FFE7BE
:10AD5000FFE702992420C1F8880002980068006883
:10AD6000009002980168086820F0010008600298CD
:10AD70000068806820F060400199084302990968E2
:10AD80008860029805F038FB00980299096808600D
:10AD900002992020C1F88800FFE70299002081F87D
:10ADA0008400FFE700208DF80F00FFE79DF80F00FB
:10ADB00004B080BD0000000081B0009001B0704779
:10ADC00081B0009001B0704780B586B00490FFE775
:10ADD000FFE70498006850E8000F20F4907003909B
:10ADE000FFE703990498026842E800100028F0D1B8
:10ADF000FFE7FFE7FFE7FFE70498006850E8020F6E
:10AE00004FF6FE71CEF6FF7108400290FFE70299FF
:10AE10000498026842E802100028EDD1FFE7FFE73E
:10AE20000498C06E012814D1FFE7FFE7FFE70498FC
:10AE3000006850E8000F20F010000190FFE7019932
:10AE40000498026842E800100028F0D1FFE7FFE70D
:10AE5000FFE70498006880684006002837D5FFE7C0
:10AE6000FFE7FFE70498006850E8020F20F0400079
:10AE70000090FFE700990498026842E80210002859
:10AE8000F0D1FFE7FFE70498D0F88000F0B1FFE7CA
:10AE90000498D0F88010002008650498D0F880004D
:10AEA000F7F7AEF988B1FFE70498D0F88000F8F71B
:10AEB000BBF9202808D1FFE704991020C1F89000C1
:10AEC00003208DF8170019E0FFE7FFE7FFE704997B
:10AED0000020A1F85E0004990A680F21116204990C
:10AEE0000A68916941F008019161049A2021C2F831
:10AEF0008C100499C8668DF81700FFE79DF81700BD
:10AF000006B080BD0000000080B584B003900398B7
:10AF1000006841F60041C4F20101884204D1FFE714
:10AF2000039804F0B1F87CE042F66C40C2F20040B5
:10AF30000068A8B1FFE70398006842F66C41C2F2CE
:10AF400000410968096888420AD1FFE7039801684F
:10AF5000082008620398FFF737FF03F0FDFB60E06D
:10AF600000208DF80B00FFE79DF80B0042F2B8615E
:10AF7000C2F20041097888422CDAFFE703989DF875
:10AF80000B2042F6F841C2F2004151F82210096844
:10AF9000884218D1FFE79DF80B1042F6F840C2F244
:10AFA0000040019050F821201068911D9288FFF711
:10AFB00093FD01989DF80B1050F82110881D898889
:10AFC000F5F724FB2DE0FFE79DF80B0001308DF82D
:10AFD0000B00C9E70398006844F20041C4F2000185
:10AFE000884210D1FFE7039801680820086242F206
:10AFF0006840C2F2004041F6F441C2F200415022E2
:10B0000000F00AFF0DE00398006847F60001C4F263
:10B010000001884204D1FFE7039806F061FDFFE7D5
:10B02000FFE704B080BD000080B592B01190119888
:10B030000068C06910901198006800680F9011981E
:10B04000006880680E90109840F60F0108400D903F
:10B050000D98E0B9FFE79DF840008006002815D55F
:10B06000FFE79DF83C008006002806D4FFE79DF826
:10B070003B00C006002809D5FFE71198406F20B1BA
:10B08000FFE71198416F8847FFE74AE3FFE70D9814
:10B09000002800F00C81FFE70E980121C1F20001A9
:10B0A000084209D1FFE70F9840F22011C0F2004199
:10B0B000084200F0FC80FFE79DF84000C00788B11F
:10B0C000FFE79DF83D00C00760B1FFE711980168F8
:10B0D000012008621199D1F8900040F00100C1F8F8
:10B0E0009000FFE79DF840008007002811D5FFE79A
:10B0F0009DF83800C00760B1FFE711980168022091
:10B1000008621199D1F8900040F00400C1F8900055
:10B11000FFE79DF840004007002811D5FFE79DF8A4
:10B120003800C00760B1FFE7119801680420086289
:10B130001199D1F8900040F00200C1F89000FFE7AB
:10B140009DF840000007002819D5FFE79DF83C0056
:10B150008006002807D4FFE70E980121C1F2000104
:10B1600008420CD0FFE71198016808200862119985
:10B17000D1F8900040F00800C1F89000FFE79DF87A
:10B1800041000007002813D5FFE79DF83F00400766
:10B1900000280DD5FFE7119801684FF400600862A0
:10B1A0001199D1F8900040F02000C1F89000FFE71D
:10B1B0001198D0F89000002878D0FFE79DF8400063
:10B1C0008006002815D5FFE79DF83C008006002882
:10B1D00006D4FFE79DF83B00C006002809D5FFE72D
:10B1E0001198406F20B1FFE71198416F8847FFE742
:10B1F000FFE71198D0F890000C90119800688068D3
:10B2000000F04000402806D0FFE79DF8300010F025
:10B21000280F42D0FFE7119805F062FB11980068F3
:10B2200080684006002833D5FFE7FFE7FFE7119865
:10B23000006850E8020F20F040000B90FFE70B99E8
:10B240001198026842E802100028F0D1FFE7FFE7FA
:10B250001198D0F88000B0B1FFE71198D0F88010B5
:10B2600040F21170C0F6010008651198D0F8800016
:10B27000F7F782FC30B1FFE71198D0F88000016D3C
:10B280008847FFE703E01198FFF73EFEFFE703E082
:10B290001198FFF739FEFFE707E01198FFF734FE3A
:10B2A00011990020C1F89000FFE7FFE739E21198FB
:10B2B000C06E012840F0D681FFE79DF84000C0062F
:10B2C000002840F1CF81FFE79DF83C00C006002830
:10B2D00040F1C881FFE711980168102008621198B9
:10B2E000006880684006002840F15A81FFE7119805
:10B2F000D0F8800000681021C4F20201884200F0FA
:10B30000A280FFE71198D0F8800000682821C4F2DD
:10B310000201884200F09780FFE71198D0F8800082
:10B3200000684021C4F20201884200F08C80FFE7EF
:10B330001198D0F8800000685821C4F202018842B8
:10B3400000F08180FFE71198D0F88000006870213C
:10B35000C4F20201884276D0FFE71198D0F880004D
:10B3600000688821C4F2020188426CD0FFE711987E
:10B37000D0F880000068A021C4F20201884262D0A7
:10B38000FFE71198D0F880000068B821C4F20201EC
:10B39000884258D0FFE71198D0F88000006840F24A
:10B3A0001041C4F2020188424DD0FFE71198D0F855
:10B3B0008000006840F22841C4F20201884242D075
:10B3C000FFE71198D0F88000006840F24041C4F2D5
:10B3D0000201884237D0FFE71198D0F8800000685A
:10B3E00040F25841C4F2020188422CD0FFE7119884
:10B3F000D0F88000006840F27041C4F20201884237
:10B4000021D0FFE71198D0F88000006840F2884111
:10B41000C4F20201884216D0FFE71198D0F88000EC
:10B42000006840F2A041C4F2020188420BD0FFE75D
:10B430001198D0F88000006840F2B841C4F20201CF
:10B44000884207D1FFE71198D0F880000068406873
:10B45000019006E01198D0F88000006840680190E3
:10B46000FFE70198ADF82A00BDF82A0000287BD03C
:10B47000FFE7BDF82A001199B1F85C10884273DA31
:10B48000FFE7BDF82A001199A1F85E001198D0F8E5
:10B490008000C069B0F5807F59D0FFE7FFE7FFE784
:10B4A0001198006850E8000F20F480700990FFE7C1
:10B4B00009991198026842E800100028F0D1FFE7CE
:10B4C000FFE7FFE7FFE71198006850E8020F20F060
:10B4D00001000890FFE708991198026842E80210FD
:10B4E0000028F0D1FFE7FFE7FFE7FFE711980068CA
:10B4F00050E8020F20F040000790FFE707991198ED
:10B50000026842E802100028F0D1FFE7FFE7119936
:10B510002020C1F88C0011990020C866FFE7FFE7E2
:10B520001198006850E8000F20F010000690FFE727
:10B5300006991198026842E800100028F0D1FFE750
:10B54000FFE71198D0F88000F6F75AFEFFE711994F
:10B55000022008671198B0F85C10B0F85E20891AD4
:10B5600089B2FFF711FB1AE0BDF82A001199B1F872
:10B570005C10884212D1FFE71198D0F88000C069B2
:10B58000B0F5807F09D1FFE7119902200867119873
:10B59000B0F85C10FFF7F8FAFFE7FFE7FFE7C0E05D
:10B5A0001199B1F85C00B1F85E10401AADF81600C0
:10B5B0001198B0F85E00002853D0FFE7BDF81600E0
:10B5C00000284ED0FFE7FFE7FFE71198006850E83A
:10B5D000000F20F490700490FFE70499119802681E
:10B5E00042E800100028F0D1FFE7FFE7FFE7FFE7A0
:10B5F0001198006850E8020F4FF6FE71CEF6FF7109
:10B6000008400390FFE703991198026842E802108E
:10B610000028EDD1FFE7FFE711992020C1F88C0049
:10B6200011990020C86611994867FFE7FFE7119854
:10B63000006850E8000F20F010000290FFE7029928
:10B640001198026842E800100028F0D1FFE7FFE7F8
:10B650001199022008671198BDF81610FFF794FAA7
:10B66000FFE75EE09DF84200C00600280FD5FFE727
:10B670009DF83A004006002809D5FFE711980168B7
:10B680004FF4801008621198FFF79AFB49E09DF88B
:10B6900040000006002815D5FFE79DF83C00000695
:10B6A000002806D4FFE79DF83A000006002809D5D7
:10B6B000FFE71198806F20B1FFE71198816F8847ED
:10B6C000FFE72EE09DF84000400600280AD5FFE77E
:10B6D0009DF83C004006002804D5FFE7119805F0CE
:10B6E0004FF91EE09DF84200000600280AD5FFE74A
:10B6F0009DF83F004006002804D5FFE71198FFF7AA
:10B700005BFB0EE09DF84300C00750B1FFE79DF8DA
:10B710003F000006002804D5FFE71198FFF7B8FAAC
:10B72000FFE712B080BD000080B582B000900098A5
:10B7300020B9FFE701208DF8070046E000988069F6
:10B7400008B1FFE700E0FFE70098D0F8880040B9B3
:10B75000FFE70099002081F88400009800F03CF891
:10B76000FFE700992420C1F8880000980168086864
:10B7700020F0010008600098806A20B1FFE700987F
:10B7800004F07EFEFFE7009805F04EF9012804D191
:10B79000FFE701208DF8070017E00098016848686E
:10B7A00020F49040486000980168886820F02A00E2
:10B7B000886000980168086840F0010008600098FF
:10B7C00004F002FF8DF80700FFE79DF8070002B0C4
:10B7D00080BD00000000000080B5E0B05F90002058
:10B7E0005E905D905C905B905A902CA8B821F4F725
:10B7F0002FFF5F98006845F20001C4F20001884203
:10B8000040F09680FFE700202D9002212C91499076
:10B810002CA8FBF745FE18B1FFE7F6F729F9FFE77B
:10B82000FFE744F2E840C5F60200016841F48011E8
:10B830000160006800F480102B902B98FFE7FFE771
:10B8400044F2E040C5F60200016841F004010160E5
:10B85000006800F004002A902A98FFE7FFE744F20E
:10B86000E040C5F60200016841F00801016000688F
:10B8700000F0080029902998FFE74FF480505A9073
:10B8800002201B905B9000201E905C905D90082031
:10B890001C905E9040F60000C5F602005AA91D916A
:10B8A000FAF7D2FF1B9B1C981D991E9A4FF0040CAF
:10B8B000CDF868C15B935C925D925E9040F600406B
:10B8C000C5F60200FAF7C0FF1E9941F6B850C2F261
:10B8D00000401F902822C4F202020260412242600E
:10B8E0008160C1604FF48062026141618161C16128
:10B8F0004FF4403202624162F8F77EFD18B1FFE773
:10B90000F6F7B6F8FFE7FFE75F9841F6B851C2F2E5
:10B910000041C0F880105F988863FFE735201A90D7
:10B9200005210022FBF784FA1A98FBF775FA70E2FA
:10B930005F98006847F60001C4F20001884240F0B9
:10B94000A180FFE700202D9002212C9149902CA886
:10B95000FBF7A6FD18B1FFE7F6F78AF8FFE7FFE768
:10B9600044F2E840C5F60200016841F08041016000
:10B97000006800F0804028902898FFE7FFE744F235
:10B98000E040C5F60200016841F010010160006866
:10B9900000F0100027902798FFE74FF4C0705A90EE
:10B9A00002205B90002018905C9003205D9007209F
:10B9B0005E9041F20000C5F602005AA9FAF744FF72
:10B9C000189941F63060C2F20040199040F24042AE
:10B9D000C4F2020202604F2242608160C1604FF4F3
:10B9E00080620261416181614FF48072C2614FF4F3
:10B9F000403202624162F8F7FFFC18B1FFE7F6F748
:10BA000037F8FFE7FFE75F9841F63061C2F2004187
:10BA1000C0F880105F988863FFE741F6A860C2F223
:10BA20000040179040F22841C4F202010160502109
:10BA30004160402181600021C1604FF48062026159
:10BA400041618161C1614FF4403202624162F8F7A5
:10BA5000D3FC18B1FFE7F6F70BF8FFE7FFE75F98B5
:10BA600041F6A861C2F20041C1675F988863FFE7B1
:10BA70005220169005210022FBF7DAF91698FBF701
:10BA8000CBF9C5E15F98006844F20041C4F20001BF
:10BA9000884240F08D80FFE700202D9002212C91FC
:10BAA00049902CA8FBF7FCFC18B1FFE7F5F7E0FF85
:10BAB000FFE7FFE744F2E840C5F60200016841F401
:10BAC00000310160006800F4003026902698FFE7FE
:10BAD000FFE744F2E040C5F60200016841F00801CA
:10BAE0000160006800F0080025902598FFE710200D
:10BAF0005A9002200F905B905C90032010905D9014
:10BB0000072011905E9040F60040C5F602001290AA
:10BB10005AA91391FAF798FEDDF83CC0109B119AD0
:10BB2000129813994FF0600ECDF868E1CDF86CC112
:10BB30004FF0000CCDF850C0CDF870C15D935E920F
:10BB4000FAF782FE149942F21000C2F200401590FA
:10BB50001022C4F2020202602B2242608160C160A6
:10BB60004FF480620261416181614FF48072C26171
:10BB70004FF4403202624162F8F73EFC18B1FFE731
:10BB8000F5F776FFFFE7FFE75F9842F21001C2F298
:10BB90000041C0F880105F988863FFE726200E9070
:10BBA00005210022FBF744F90E98FBF735F92EE149
:10BBB0005F98006844F60001C4F2000188426DD12C
:10BBC000FFE700202D9002212C9149902CA8FBF733
:10BBD00067FC18B1FFE7F5F74BFFFFE7FFE744F21B
:10BBE000E840C5F60200016841F480210160006868
:10BBF00000F4802024902498FFE7FFE744F2E0401F
:10BC0000C5F60200016841F002010160006800F021
:10BC1000020023902398FFE7FFE744F2E040C5F6D7
:10BC20000200016841F008010160006800F00800AE
:10BC300022902298FFE74FF480405A90022008900B
:10BC40005B905C90032009905D9007200A905E90C5
:10BC500040F20040C5F602005AA90B91FAF7F4FD34
:10BC6000089B099A0A980B994FF4407CCDF868C15B
:10BC70005B9300230C935C935D925E9040F60040D2
:10BC8000C5F60200FAF7E0FD0C9A27200D90052179
:10BC9000FBF7CEF80D98FBF7BFF8B7E05F980068A8
:10BCA00041F60041C4F20101884240F0AE80FFE756
:10BCB00000202D9001212C914A902CA8FBF7F0FB3D
:10BCC00018B1FFE7F5F7D4FEFFE7FFE744F2F040D5
:10BCD000C5F60200016841F080010160006800F0D3
:10BCE000800021902198FFE7FFE744F2E040C5F68D
:10BCF0000200016841F010010160006800F01000CE
:10BD000020902098FFE704205A90022103915B9134
:10BD1000002106915C915D915E9041F20000C5F6B4
:10BD2000020004905AA90591FAF78EFD039B04982E
:10BD30000599069A4FF0080CCDF868C15B935C92A8
:10BD40005D920B225E92FAF77FFD069941F6207014
:10BD5000C2F20040079040F25842C4F20202026070
:10BD6000762242608160C1604FF48062026141616D
:10BD70008161C1614FF4403202624162F8F73CFBDD
:10BD800018B1FFE7F5F774FEFFE7FFE75F9841F6AC
:10BD90002071C2F20041C0F880105F988863FFE70D
:10BDA00041F69870C2F20040029040F27041C4F235
:10BDB0000201016077214160402181600021C16062
:10BDC0004FF48062026141618161C1614FF4403290
:10BDD00002624162F8F710FB18B1FFE7F5F748FE81
:10BDE000FFE7FFE75F9841F69871C2F20041C16733
:10BDF0005F988863FFE79C20019005210022FBF7F4
:10BE000017F80198FBF708F8FFE7FFE7FFE7FFE700
:10BE1000FFE760B080BD000080B586B0049003915C
:10BE2000ADF80A200498D0F88C0020283CD1FFE718
:10BE3000039820B1FFE7BDF80A0020B9FFE7012011
:10BE40008DF8170034E004990020C8660498006853
:10BE500040F60041C5F6000188421CD0FFE7049877
:10BE6000006840680002002814D5FFE7FFE7FFE7FD
:10BE70000498006850E8000F40F080600190FFE7F0
:10BE800001990498026842E800100028F0D1FFE709
:10BE9000FFE7FFE7FFE704980399BDF80A2005F0E4
:10BEA000EBFA8DF8170003E002208DF81700FFE78A
:10BEB0009DF8170006B080BD80B582B00190019852
:10BEC000006842F22461C2F200410968884240F0F1
:10BED000F780FFE740F6C100C2F20040007838BBAF
:10BEE000FFE740F6C200C2F200400078FD281ED1F4
:10BEF000FFE740F61420C2F200400078FC2816D17B
:10BF0000FFE740F6C101C2F200410120087040F68F
:10BF1000C001C2F20041002008700A78501C08706D
:10BF200040F6D411C2F20041FC208854FFE7B5E08E
:10BF300040F6C000C2F2004000783F2812DCFFE764
:10BF400040F61420C2F20040007840F6C003C2F26E
:10BF500000431A78511C197040F6D411C2F2004106
:10BF600088542CE040F6C101C2F200410020087064
:10BF700040F6C200C2F200400078FD281ED1FFE763
:10BF800040F61420C2F200400078FC2816D1FFE7EA
:10BF900040F6C101C2F200410120087040F6C00124
:10BFA000C2F20041002008700A78501C087040F668
:10BFB000D411C2F20041FC208854FFE7FFE740F6AD
:10BFC000D410C2F2004040788DF8030000208DF8B4
:10BFD00002009DF80300402827D1FFE740F6C0008B
:10BFE000C2F20040007840281FD1FFE740F6D4108D
:10BFF000C2F2004090F83F00FD2812D1FFE740F662
:10C000009410C2F2004040F6D411C2F20041402226
:10C01000F4F77DFA40F6C801C2F200410120086041
:10C02000FFE701208DF802002CE09DF80300412875
:10C0300027D1FFE740F6C000C2F200400078382860
:10C040001FD1FFE740F6D410C2F2004090F837004D
:10C05000FD2812D1FFE740F65C10C2F2004040F626
:10C06000D411C2F200413822F4F751FA40F6C4016B
:10C07000C2F2004101200860FFE701208DF80200B4
:10C08000FFE7FFE79DF8020038B1FFE740F6C10186
:10C09000C2F2004100200870FFE7FFE740F61421DC
:10C0A000C2F20041087840F6C202C2F200421070AB
:10C0B00042F22460C2F200400122FFF7ADFEFFE72A
:10C0C0000198006842F26841C2F200410968884262
:10C0D00007D1FFE741F6F440C2F2004018F040F803
:10C0E000FFE702B080BD000081B0009001B0704752
:10C0F00080B58AB008900791ADF81A20059308988A
:10C10000D0F88800202840F08780FFE7079820B10A
:10C11000FFE7BDF81A0020B9FFE701208DF82700DE
:10C120007EE008990020C1F8900008992120C1F80C
:10C130008800FAF775FD0290BDF81A000899A1F879
:10C140005400BDF81A000899A1F8560008988068B4
:10C15000B0F5805F09D1FFE70898006928B9FFE7CB
:10C16000002004900798039004E0079804900020B2
:10C170000390FFE7FFE70898B0F8560088B3FFE7A1
:10C180000898029B05996A4611608021002205F0FB
:10C190006BFB40B1FFE708992020C1F8880003201D
:10C1A0008DF827003CE0049858B9FFE70398008811
:10C1B0006FF35F2008990968886203980230039042
:10C1C00008E00498007808990968886204980130AA
:10C1D0000490FFE70899B1F856000138A1F856001D
:10C1E000C9E70898029B05996A4611604021002220
:10C1F00005F03AFB40B1FFE708992020C1F888001C
:10C2000003208DF827000BE008992020C1F8880052
:10C2100000208DF8270003E002208DF82700FFE7BB
:10C220009DF827000AB080BD86B004900391ADF858
:10C230000A200498D0F88800202840F08580FFE785
:10C24000039820B1FFE7BDF80A0020B9FFE70120FD
:10C250008DF817007CE0039804990865BDF80A0082
:10C260000499A1F85400BDF80A000499A1F85600F9
:10C270000499002088670499C1F89000049921204E
:10C28000C1F888000498406EB0F1005F2CD1FFE740
:10C2900004988068B0F5805F0BD1FFE704980069CF
:10C2A00038B9FFE7049941F24160C0F601008867A0
:10C2B00006E0049941F2A170C0F601008867FFE72B
:10C2C000FFE7FFE70498006850E8020F40F4000021
:10C2D0000190FFE701990498026842E802100028E3
:10C2E000F0D1FFE7FFE72BE004988068B0F5805FAE
:10C2F0000BD1FFE70498006938B9FFE7049941F2D0
:10C30000A950C0F60100886706E0049941F2117057
:10C31000C0F601008867FFE7FFE7FFE704980068C1
:10C3200050E8000F40F080000090FFE7009904986B
:10C33000026842E800100028F0D1FFE7FFE7FFE7BE
:10C3400000208DF8170003E002208DF81700FFE7AA
:10C350009DF8170006B0704780B582B00190019833
:10C36000006847F60001C4F20001884204D1FFE7EB
:10C37000019805F0F1FBFFE702B080BD000000006E
:10C38000FFE7FEE70000000080B517F079FF80BDF1
:10C3900080B590B00BA802904EF24810C4F21C1069
:10C3A0000F90002006900E900D9040F65410C2F2AF
:10C3B0000040F5F745FA40F69C20C2F2004080EDBF
:10C3C000000A90ED001A40F69820C2F2004090ED6D
:10C3D000000A30EE010A80ED000A41F64451C2F233
:10C3E000004103910A6840F6CC00C2F2004005907B
:10C3F000C2614A6802628A684262CA6802610A6966
:10C40000426191ED050A80ED060A80ED1F0A4A6A35
:10C4100002608A6A4260CA6A8260096BC16006F083
:10C420000FFC059A02F1400149F26420C0F60200B7
:10C4300006F0B2F8059A02F14C0149F27020C0F6FC
:10C44000020006F0A9F8059A02F1580149F27C2091
:10C45000C0F6020006F0A0F80299039A059892ED42
:10C46000060A9FED491A8DED041A20EE010A81EDAE
:10C47000010A92ED070A20EE010A81ED000A0C9AEA
:10C48000C26691ED000AD0ED1F0A9FED401A06F03A
:10C490008BF903989DED041A059A82ED1C0A90ED24
:10C4A000080A20EE010A82ED1D0A0DA808A906F06F
:10C4B000F7F806988DF81F00FFE79DF81F00022887
:10C4C0002ADCFFE79DF81F1040F6CC00C2F20040C6
:10C4D00008AA02EB810292ED002A00EB810090EDA8
:10C4E000071A90ED0A0A31EE421AB7EEC11AB7EEFA
:10C4F000C00A9FED212B20EE020B9FED212BA1EE18
:10C50000020BB7EEC00B80ED0A0AFFE79DF81F0093
:10C5100001308DF81F00D0E740F6CC02C2F2004295
:10C52000019202F1280002F1340106F035F8019879
:10C5300090ED200A9FED161AB4EE410AF1EE10FAC2
:10C5400009DDFFE740F6CC01C2F200414FF07E501A
:10C55000C1F884000CE040F6CC00C2F2004090ED3F
:10C56000200AB7EE001A30EE010A80ED200AFFE73C
:10C5700010B080BD00BF00BF9A9999999999B93FB1
:10C58000CDCCCCCCCCCCEC3F35FA8E3CCDCC4C3E9B
:10C5900000803B450000000080B58AB009908DF80E
:10C5A00023108DF822208DF8213042F6F441C2F29A
:10C5B000004106910420088042F6F241C2F2004197
:10C5C000082008809DF82300099908739DF822002F
:10C5D000099948739DF821000999887309990020E9
:10C5E00008749DF82100F3F7E7FE0999486109985E
:10C5F00040699DF82110F4F709F8069800889DF825
:10C6000021104843F3F7D8FE0699099A90610998DA
:10C61000806909889DF821205143F4F719F806989C
:10C6200000889DF821104843F3F7C6FE0699099A41
:10C63000D0610998C06909889DF821205143F4F719
:10C6400007F8069800889DF823104843F3F7B4FED6
:10C650000699099A10620998006A09889DF82320B2
:10C660005143F3F7F5FF9DF82100F3F7A5FE099973
:10C6700048620998406A9DF82110F3F7C7FF0698B1
:10C6800000889DF823104843F3F796FE0699099A0F
:10C6900010600998006809889DF823205143F3F73A
:10C6A000D7FF069800889DF821104843F3F784FED1
:10C6B0000699099A50600998406809889DF82120D8
:10C6C0005143F3F7C5FF069800889DF822104843B0
:10C6D000F3F772FE0699099A9060099880680988B4
:10C6E0009DF822205143F3F7B3FF069800889DF888
:10C6F00023104843F3F760FE0699099AC2F8E80050
:10C700000998D0F8E80009889DF823205143F3F7F1
:10C710009FFF099A02F13000117BD2F8E830012224
:10C72000079217F010FA069800889DF823104843E6
:10C73000F3F742FE0699099AC2F8EC000998D0F87E
:10C74000EC0009889DF823205143F3F781FF079AF5
:10C75000099B03F13800197BD3F8EC3017F0F3F99B
:10C760009DF8220010B3FFE742F6F440C2F2004009
:10C77000059000889DF822104843F3F71DFE0599A7
:10C78000099AC2F8F0000998D0F8F00009889DF8DD
:10C7900022205143F3F75CFF099A02F14000517BDC
:10C7A000D2F8F030012217F0CEF9FFE742F6F4405C
:10C7B000C2F20040049000889DF821104843F3F72E
:10C7C000FBFD0499099AC2F8F4000998D0F8F40026
:10C7D00009889DF821205143F3F73AFF099A02F1A5
:10C7E0004800917BD2F8F430012217F0ACF904989C
:10C7F00000889DF8231048434843F3F7DDFD049972
:10C80000099AC2F8F8000998D0F8F80009889DF84C
:10C81000232051435143F3F71BFF099901F15000C5
:10C820000A7BD1F8F830114617F08DF9049800888A
:10C830009DF8231048434843F3F7BEFD0499099A35
:10C84000C2F8FC000998D0F8FC0009889DF8232064
:10C8500051435143F3F7FCFE099901F158000A7B5B
:10C86000D1F8FC30114617F06EF9049800889DF855
:10C87000231048434843F3F79FFD01460498099A63
:10C88000C2F8001100889DF8231048434843F3F78D
:10C8900093FD0499099AC2F804010998D0F800019F
:10C8A00009889DF8232051435143F3F7D1FE0499A1
:10C8B0000998D0F8040109889DF823205143514379
:10C8C000F3F7C6FE099901F160000A7BD1F8003147
:10C8D000114617F038F9099901F168000A7BD1F87F
:10C8E0000431114617F02FF99DF8220040B3FFE7FD
:10C8F00042F6F440C2F20040039000889DF82310F5
:10C9000048439DF822104843F3F756FD0399099ACE
:10C91000C2F808010998D0F8080109889DF8232079
:10C9200051439DF822205143F3F792FE099B03F1F6
:10C930007000197B5A7BD3F8083117F004F9FFE730
:10C9400042F6F440C2F20040019000889DF82110A8
:10C9500048439DF823104843F3F72EFD0146019804
:10C96000099AC2F80C1100889DF8231048439DF8DD
:10C9700021104843F3F720FD0199099AC2F81001EC
:10C980000998D0F80C0109889DF8212051439DF8A1
:10C9900023205143F3F75CFE01990998D0F8100168
:10C9A00009889DF8232051439DF821205143F3F736
:10C9B0004FFE099B03F178001A7B997BD3F80C3169
:10C9C00017F0C1F8099B03F18000197B9A7BD3F81B
:10C9D000103117F0B8F8019800889DF823104843EB
:10C9E0004843F3F7E9FC0199099AC2F81401099840
:10C9F000D0F8140109889DF8232051435143F3F7DF
:10CA000027FE099901F188000A7BD1F814311146FB
:10CA100017F099F8019800889DF821104843484381
:10CA2000F3F7CAFC0199099AC2F818010998D0F8DD
:10CA3000180109889DF8212051435143F3F708FE5E
:10CA4000099901F190008A7BD1F81831114617F04D
:10CA50007AF8019800889DF8231048439DF821102A
:10CA60004843F3F7A9FC0199099AC2F81C010998F7
:10CA7000D0F81C0109889DF8232051439DF82120FE
:10CA80005143F3F7E5FD099B03F19800197B9A7B6D
:10CA9000D3F81C3117F057F8019800880999097BE1
:10CAA00048434843F3F788FC01460198099AC2F8C5
:10CAB000201100880999097B48434843F3F77CFC1F
:10CAC00001460198099AC2F8241100880999097B46
:10CAD00048434843F3F770FC01460198099AC2F8AD
:10CAE000281100880999097B4843F3F765FC014642
:10CAF0000198099AC2F82C1100880999097B4843CA
:10CB0000F3F75AFC0999C1F83001099901F1A00025
:10CB10000A7BD1F82031114617F015F8099901F177
:10CB2000A8000A7BD1F82431114617F00CF80999B6
:10CB300001F1B0000A7BD1F82831114617F003F853
:10CB4000099A02F1B800117BD2F82C31012202922D
:10CB500016F0F9FF029A099B03F1C000197BD3F884
:10CB6000303116F0F0FF0999002081F8280009996A
:10CB700081F82900099981F82A00099981F82B0088
:10CB8000099981F82C000AB080BD00000000000067
:10CB900080B582B001900198C07B20B1FFE7019879
:10CBA00005F062FF16E0019BD3F8F400596842F6E5
:10CBB000F442C2F20042009212889B7B5A43F3F780
:10CBC000EBFC0099019A50680988927B5143F3F776
:10CBD0003FFDFFE7019BD3F8F000996842F6F4426D
:10CBE000C2F2004212885B7B5A43F3F7D5FC02B0D5
:10CBF00080BD00000000000080B582B00190019867
:10CC000090F82C00B0BBFFE70199B1F89800A1F8AB
:10CC1000A8000199B1F87A00A1F8AA000199B1F829
:10CC2000A800A1F8B0000199B1F85A00A1F8B2002B
:10CC3000019A02F1980002F17801A83217F0EEF89B
:10CC4000019981F8C800019A02F1A80002F1580187
:10CC5000B03217F0E3F8019981F8C800019A02F1A7
:10CC6000580002F1B001503217F070F9019981F8C3
:10CC7000C800FFE702B080BD80B582B00190019886
:10CC800090F82900A8BBFFE7019901F16000683125
:10CC900017F0BCF9019981F8C800019A02F160000F
:10CCA00002F15001583217F0B9F8019981F8C80023
:10CCB0000199B1F85800A1F8A8000199B1F86A00EB
:10CCC000A1F8AA00019A02F1580002F16801A83205
:10CCD00017F0A4F8019981F8C800019A02F1A800A0
:10CCE00002F18801583216F0CFFE019981F8C80090
:10CCF000FFE702B080BD000080B582B001900198CE
:10CD000090F82A00002872D1FFE7019901F178001C
:10CD1000803117F07BF9019981F8C8000199B1F8C9
:10CD20007800A1F8A8000199B1F85A00A1F8AA006A
:10CD3000019A02F1780002F15801A83217F06EF85A
:10CD4000019981F8C8000199B1F8A800A1F8B000D4
:10CD50000199B1F88200A1F8B200019A02F1A8008D
:10CD600002F18001B03217F059F8019981F8C8003A
:10CD70000199B1F89000A1F8A0000199B1F89200D2
:10CD8000A1F8A200019A02F1B00002F19001A032D4
:10CD900016F07AFE019981F8C800019901F1A0000E
:10CDA000B03116F0D5FE019981F8C8000199B1F8AB
:10CDB0005800A1F8A8000199B1F88200A1F8AA00D2
:10CDC000019A02F1580002F18001A83217F026F80A
:10CDD000019981F8C800019A02F1A80002F1B0019E
:10CDE000983217F01BF8019981F8C800FFE702B0EC
:10CDF00080BD00000000000080B584B0039003985F
:10CE0000FFF7C6FE0398D0F8CC0028B1FFE70398DF
:10CE1000D0F8CC108847FFE7039800F0B5F80398E6
:10CE2000D0F8D00028B1FFE70398D0F8D010884799
:10CE3000FFE70398FFF720FF0398D0F8D40028B14C
:10CE4000FFE70398D0F8D4108847FFE70398007CE9
:10CE500020B9FFE70398C07BF0B9FFE70398FFF71D
:10CE60004BFF0398D0F8D80028B1FFE70398D0F81B
:10CE7000D8108847FFE7039800F0DAF80398D0F855
:10CE8000DC0028B1FFE70398D0F8DC108847FFE703
:10CE90000398FFF7B1FE1BE0039BD3F8E800D3F83B
:10CEA000EC1042F6F442C2F20042019212881B7B5F
:10CEB0005A43F3F771FB019A039BD3F8F800D3F8B8
:10CEC000FC1012881B7B5A435A43F3F765FBFFE7BC
:10CED0000398D0F8E00028B1FFE70398D0F8E010FD
:10CEE0008847FFE700208DF80B00FFE79DF80B0057
:10CEF0000399097B88422CDAFFE70398D0F8F820E1
:10CF00009DF80B10037B11FB031302EB830292EDE0
:10CF1000000A006A00EB810090ED001AB4EE410AAD
:10CF2000F1EE10FA0EDAFFE7039B186A9DF80B206A
:10CF300050F82200D3F8F8101B7B12FB032241F8B3
:10CF40002200FFE7FFE79DF80B0001308DF80B0092
:10CF5000CCE7039B1868D3F8E81042F6F442C2F21B
:10CF6000004212881B7B5A43F3F716FB0398D0F854
:10CF7000E40028B1FFE70398D0F8E4108847FFE702
:10CF80000398006804B080BD80B582B0019001981C
:10CF900090F82800002846D1FFE70198407B01283F
:10CFA00034DBFFE70199087BA1F8B8000199012063
:10CFB0000090A1F8BA00019A02F1600002F130017C
:10CFC000B83216F02BFF01460098019A82F8C8107B
:10CFD000019A117BA2F8C0100199A1F8C200019A30
:10CFE00002F1700002F14001C03216F017FF019902
:10CFF00081F8C800019A02F1B80002F1C00138328C
:10D0000016F042FD019981F8C8000BE0019A02F187
:10D01000600002F13001383216F000FF019981F80A
:10D02000C800FFE7FFE702B080BD0000000000007D
:10D0300080B582B00190019890F82B0000284BD168
:10D04000FFE70199B1F87800A1F8B8000199012033
:10D050000090A1F8BA00019A02F1780002F13801BB
:10D06000B83216F0DBFE01460098019A82F8C8102B
:10D07000019AB2F84810A2F8C0100199A1F8C200B4
:10D08000019A02F1480002F1B801C03216F05EFFC9
:10D0900001460098019A82F8C810019AB2F89810D7
:10D0A000A2F8B8100199A1F8BA00019A02F198000B
:10D0B00002F1C001B83216F0B1FE019981F8C80042
:10D0C000019A02F1380002F1B801303216F0DCFCAE
:10D0D000019981F8C800FFE702B080BD00000000A0
:10D0E00085B004908DED030ACDED020A01919DED0E
:10D0F000030A9DED021A30EE410A8DED000A9DED06
:10D10000030AB0EE081A20EE010A049890ED032AF3
:10D1100090ED043A32EE432A80EE020A019880ED47
:10D12000000A9DED000A20EE010A049890ED031A12
:10D1300090ED042A31EE421A80EE010A019880ED4A
:10D14000010A05B07047000080B582B041F69450E6
:10D15000C2F20040019044F60041C5F602010160B0
:10D16000012101710022427141F6B753C0F2C1435F
:10D170008360C260426182610162F4F7B9FF18B155
:10D18000FFE7F4F775FCFFE702B080BD0000000088
:10D1900080B58AB0FFE744F2D840C5F602000168C6
:10D1A00041F001010160006800F001000990099858
:10D1B000FFE7FFE744F2D840C5F60200016841F0FE
:10D1C00002010160006800F0020008900898FFE783
:10D1D0000B2000900521059100220692F9F728FE08
:10D1E0000098F9F719FE0599069A0C200190F9F7B5
:10D1F0001FFE0198F9F710FE0599069A3920029052
:10D20000F9F716FE0298F9F707FE0599069A3A20F3
:10D210000390F9F70DFE0398F9F7FEFD0599069ABC
:10D220003B200490F9F704FE0498F9F7F5FD059901
:10D23000069A3C200790F9F7FBFD0798F9F7ECFDFB
:10D240000AB080BD0000000080B582B042F28800C4
:10D25000C2F2004000904AF20001C4F200010160F5
:10D26000002201928260C2600121017442748274C2
:10D270004FF0030EC0F814E00A2383614FF01D0C39
:10D28000C0F81CC00362C0F824E08362C0F82CC060
:10D29000036342638163C263042101644164826465
:10D2A000C164026541658265C26501664266816648
:10D2B000F8F702FF18B1FFE7F4F7DAFBFFE702B077
:10D2C00080BD00000000000080B582B042F228104E
:10D2D000C2F2004000904AF20041C4F20001016035
:10D2E000002201928260C260012101744274827442
:10D2F0004FF0030EC0F814E00A2383614FF01D0CB9
:10D30000C0F81CC00362C0F824E08362C0F82CC0DF
:10D31000036340F2563343638163C26304210164B3
:10D3200041648264C164026541658265C2650166CB
:10D3300042668166F8F7C0FE18B1FFE7F4F798FB84
:10D34000FFE702B080BD000080B582B042F2C81095
:10D35000C2F2004000904DF20041C4F200010160B1
:10D36000002201928260C2600121017442748274C1
:10D370004FF0030EC0F814E00A2383614FF01D0C38
:10D38000C0F81CC00362C0F824E08362C0F82CC05F
:10D39000036340F2AC6343638163C26304210164AD
:10D3A00041648264C164026541658265C26501664B
:10D3B00042668166F8F780FE18B1FFE7F4F758FB84
:10D3C000FFE702B080BD000080B582B04FF2795017
:10D3D000C0F6000049F28822C0F602020021019145
:10D3E00017F016FA019941F6F042C2F200421060BD
:10D3F0004FF27940C0F6000048F23872C0F60202DF
:10D4000017F006FA019940F2F802C2F200421060E9
:10D410004FF2F950C0F6000048F69872C0F60202CA
:10D4200017F0F6F9019940F69422C2F2004210601A
:10D430004FF2A950C0F6000048F2CC72C0F60202CA
:10D4400017F0E6F9019940F6B802C2F20042106006
:10D450004FF2D140C0F6000048F25C72C0F6020202
:10D4600017F0D6F9019940F66002C2F2004210604E
:10D470004FF21950C0F6000048F28072C0F6020266
:10D4800017F0C6F940F66401C2F20041086002B02C
:10D4900080BD00000000000080B590B000200F901B
:10D4A0000E900D900C900B90FFE744F2E040C5F613
:10D4B0000200016841F010010160006800F01000F6
:10D4C0000A900A98FFE7FFE744F2E040C5F6020041
:10D4D000016841F004010160006800F00400099057
:10D4E0000998FFE7FFE744F2E040C5F60200016853
:10D4F00041F080010160006800F080000890089809
:10D50000FFE7FFE744F2E040C5F60200016841F0A2
:10D5100001010160006800F0010007900798FFE733
:10D52000FFE744F2E040C5F60200016841F0020165
:10D530000160006800F0020006900698FFE7FFE730
:10D5400044F2E040C5F60200016841F008010160C4
:10D55000006800F0080005900598FFE740F600001D
:10D56000C5F6020002904EF2090101220192F9F77C
:10D570003FFB019902984FF460420B920C910021FD
:10D5800004910D910E910BA90391F9F75DF9019B9F
:10D5900002980399049A4FF0090CCDF82CC00C9313
:10D5A0000D9203220E92F9F74FF9039904984FF464
:10D5B000A0520B924FF488120C920D9041F2000091
:10D5C000C5F60200F9F740F9039904984FF40052A8
:10D5D0000B9202220C920D900E9005200F9040F2BB
:10D5E0000040C5F60200F9F72FF904994FF00060EA
:10D5F000FCF7CAFC10B080BD80B582B042F2682052
:10D60000C2F20040009041F20041C5F60001016005
:10D610004FF4800141604FF4003181600321C1600B
:10D6200000210191016141614FF080628261C1611D
:10D63000016241628162C1624FF080424263816354
:10D64000C163016441648164C164016541658165B0
:10D65000FCF702F918B1FFE7F4F70AFAFFE702B0A6
:10D6600080BD00000000000080B59AB0002001904D
:10D67000199018901790169015901490139012907E
:10D680001190109003A83421F2F7E2FF019942F2C1
:10D69000F020C2F2004002900022C4F201020260B7
:10D6A000416081604FF6FF72C2600161416181613A
:10D6B000FDF72EF918B1FFE7F4F7DAF9FFE70020DC
:10D6C00017901890199042F2F020C2F2004017A96A
:10D6D000FCF70EFD18B1FFE7F4F7CAF9FFE7602089
:10D6E0001090002211921292139214921592169297
:10D6F00042F2F020C2F2004010A9FDF731F818B153
:10D70000FFE7F4F7B5F9FFE742F2F020C2F200407C
:10D7100010A90822FDF724F818B1FFE7F4F7A8F9DB
:10D72000FFE700200090039004900590069007907A
:10D730004FF40051089109900B904FF000710C913B
:10D740000D900F9042F2F020C2F2004003A9FCF7C6
:10D7500037FC18B1FFE7F4F78BF9FFE742F2F0204E
:10D76000C2F20040FCF79CFF1AB080BD0000000030
:10D7700080B58CB0002101910B910A91099108911B
:10D7800007910691059104910391029142F288302C
:10D79000C2F2004040F20042C4F200020260532292
:10D7A0004260816040F2CF72C26001618161FDF729
:10D7B000AFF818B1FFE7F4F75BF9FFE70020099035
:10D7C0000B9042F28830C2F2004009A9FCF790FCAD
:10D7D00018B1FFE7F4F74CF9FFE760200290002052
:10D7E00003900490069042F28830C2F2004002A9F1
:10D7F0000C22FCF7B5FF18B1FFE7F4F739F9FFE7A2
:10D8000042F28830C2F20040FCF74AFF0CB080BD03
:10D8100080B582B042F29050C2F20040019045F2D1
:10D820000001C4F20001016048F2A061C0F20101F0
:10D8300041604FF4805181604FF40051C1604FF45A
:10D84000806101610C21416100218161C16101623E
:10D8500041628162FDF768FF18B1FFE7F4F708F94C
:10D86000FFE742F29050C2F200400021FDF75CFA5F
:10D8700018B1FFE7F4F7FCF8FFE742F29050C2F26C
:10D8800000400021FDF708FA18B1FFE7F4F7F0F8BF
:10D89000FFE742F29050C2F20040FDF7DDF818B108
:10D8A000FFE7F4F7E5F8FFE702B080BD00000000F5
:10D8B00080B582B042F22460C2F20040009047F688
:10D8C0000001C4F2000101604FF4E1314160002128
:10D8D00001918160C1600161082242618161C16181
:10D8E000016241628162FDF71FFF18B1FFE7F4F7A3
:10D8F000BFF8FFE742F22460C2F200400021FDF7CA
:10D9000013FA18B1FFE7F4F7B3F8FFE742F2246027
:10D91000C2F200400021FDF7BFF918B1FFE7F4F7AC
:10D92000A7F8FFE742F22460C2F20040FDF794F846
:10D9300018B1FFE7F4F79CF8FFE702B080BD0000E4
:10D9400080B582B042F2D430C2F20040009041F67D
:10D950000041C4F2010101604FF4E1314160002156
:10D9600001918160C16001610C2242618161C161EC
:10D97000016241628162FDF7D7FE18B1FFE7F4F75B
:10D9800077F8FFE742F2D430C2F200400021FDF701
:10D99000CBF918B1FFE7F4F76BF8FFE742F2D430A8
:10D9A000C2F200400021FDF777F918B1FFE7F4F764
:10D9B0005FF8FFE742F2D430C2F20040FDF74CF8C6
:10D9C00018B1FFE7F4F754F8FFE702B080BD00009C
:10D9D00080B582B042F26840C2F20040009044F24A
:10D9E0000041C4F20001016040F60011C0F23D01A7
:10D9F0004160002301938360C36003610C21416196
:10DA000083614FF40041C16103624362836219463E
:10DA10001A46FBF7B9FE18B1FFE7F4F729F8FFE75C
:10DA200042F26840C2F200400021FDF77DF918B1D2
:10DA3000FFE7F4F71DF8FFE742F26840C2F200404A
:10DA40000021FDF729F918B1FFE7F4F711F8FFE716
:10DA500042F26840C2F20040FCF7FEFF18B1FFE757
:10DA6000F4F706F8FFE702B080BD000000000000F8
:10DA700080B582B042F2FC40C2F20040009044F611
:10DA80000001C4F20001016043F60061C0F24901E7
:10DA90004160002301938360C36003610C214161F5
:10DAA0008361C36103624362836219461A46FBF7CE
:10DAB0006BFE18B1FFE7F3F7DBFFFFE742F2FC4034
:10DAC000C2F200400021FDF72FF918B1FFE7F3F78C
:10DAD000CFFFFFE742F2FC40C2F200400021FDF719
:10DAE000DBF818B1FFE7F3F7C3FFFFE742F2FC40B2
:10DAF000C2F20040FCF7B0FF18B1FFE7F3F7B8FF40
:10DB0000FFE702B080BD0000FFE7FEE70000000075
:10DB100083B002908DED010A00919DED010AB8EEEF
:10DB2000081AB4EE410AF1EE10FA23DBFFE79DED8F
:10DB3000010AB8EE001AB4EE410AF1EE10FA19DA51
:10DB4000FFE70099002008600099012048609DEDE2
:10DB5000011AB8EE000A30EE410A029880ED000A80
:10DB60009DED010AB0EE081A30EE010A029880ED30
:10DB7000010ADBE09DED010AB8EE001AB4EE410A9D
:10DB8000F1EE10FA23DBFFE79DED010ABFEE001A6C
:10DB9000B4EE410AF1EE10FA19DAFFE7009901201C
:10DBA00008600099022048609DED011ABFEE000A4E
:10DBB00030EE410A029880ED000A9DED010AB0EEB8
:10DBC000001A30EE010A029880ED010AADE09DEDE9
:10DBD000010ABFEE001AB4EE410AF1EE10FA21DBA1
:10DBE000FFE79DED010AB5EE400AF1EE10FA19DAF1
:10DBF000FFE70099022008600099032048609DED2E
:10DC0000011A9FED4B0A30EE410A029880ED000A9E
:10DC10009DED010AB7EE001A30EE010A029880ED80
:10DC2000010A81E09DED010AB5EE400AF1EE10FA1D
:10DC30001DDBFFE79DED010AB7EE001AB4EE410AC5
:10DC4000F1EE10FA13DAFFE700990320086000995B
:10DC5000042048609DED011AB7EE000A30EE410A3B
:10DC6000029880ED000A0198029948605BE09DED02
:10DC7000010AB7EE001AB4EE410AF1EE10FA23DB06
:10DC8000FFE79DED010AB0EE001AB4EE410AF1EE95
:10DC900010FA19DAFFE700990420086000990520BE
:10DCA00048609DED011AB0EE000A30EE410A02987C
:10DCB00080ED000A9DED010ABFEE001A30EE010A68
:10DCC000029880ED010A2DE09DED010AB0EE001AE8
:10DCD000B4EE410AF1EE10FA23DBFFE79DED010AF5
:10DCE000B0EE081AB4EE410AF1EE10FA19DCFFE7C3
:10DCF0000099052008600099062048609DED011AF2
:10DD0000B0EE080A30EE410A029880ED000A9DED5F
:10DD1000010AB8EE001A30EE010A029880ED010AFD
:10DD2000FFE7FFE7FFE7FFE7FFE7FFE703B0704725
:10DD30000000008000000000FFE7FEE70000000098
:10DD400088B0079006910592079800F007000490AC
:10DD50000498C0F10700052803D3FFE704200190D1
:10DD600004E00498C0F107000190FFE701980390D8
:10DD700004980430062803D8FFE70020009003E051
:10DD8000049803380090FFE70098029006980399E2
:10DD9000012202FA01F101390840029B98400599DD
:10DDA0009A40013A1140084308B070470000000053
:10DDB00080B540F6A820C2F200400FF0F9FC80BD0B
:10DDC00080B540F6A820C2F200400CF069FE80BD8C
:10DDD000EFF30980BFF36F8F154B1A681EF0100F19
:10DDE00008BF20ED108A20E9F04F10602DE90900EE
:10DDF0004FF0500080F31188BFF34F8FBFF36F8F48
:10DE000018F02EFB4FF0000080F31188BDE80900E8
:10DE100019680868B0E8F04F1EF0100F08BFB0ECAA
:10DE2000108A80F30988BFF36F8F704700BF00BF6F
:10DE3000B02700240000000080B586B00490039154
:10DE400000208DF8070044F22840C5F60200006863
:10DE500000F00300032804D1FFE701208DF817002C
:10DE6000CBE044F20041C5F60201086820F0806072
:10DE70000860F8F7D5FE0290FFE744F20040C5F6CF
:10DE80000200006800F000610020B0EBD16F0CD000
:10DE9000FFE7F8F7C5FE0299401A032804D3FFE70D
:10DEA00003208DF81700A8E0E7E7FFE744F22841D8
:10DEB000C5F60201086820F47C30049A126840EA32
:10DEC0000230086004994868D1F808C0CB680A6934
:10DED00001386FF35F204FF60061CFF6FF7101EB61
:10DEE0004C2189B208440021CFF6FF7101EB0341B8
:10DEF00001F4FE0108444FF07F4101EB026101F0A3
:10DF0000FE41084444F23841C5F602010860FFE7CB
:10DF100044F22C41C5F602010091086820F0C000CF
:10DF2000049A526910430860086820F02000049A9F
:10DF3000926910430860086820F01000086044F2FD
:10DF40003C42C5F6020210684FF6F8739843049BF2
:10DF5000DB6940EAC3001060086840F01000086008
:10DF6000039848B9FFE744F22C41C5F6020108685E
:10DF700040F40020086016E00398012809D1FFE76B
:10DF800044F22C41C5F60201086840F48010086094
:10DF900008E044F22C41C5F60201086840F4001084
:10DFA0000860FFE7FFE744F20041C5F60201086898
:10DFB00040F080600860F8F733FE0290FFE744F21B
:10DFC0000040C5F60200006800F000610020B0EBE0
:10DFD000D16F0CD1FFE7F8F723FE0299401A03280E
:10DFE00004D3FFE703208DF8170006E0E7E7FFE71B
:10DFF0009DF807008DF81700FFE79DF8170006B0A1
:10E0000080BD00000000000080B586B00490039140
:10E0100000208DF8070044F22840C5F60200006891
:10E0200000F00300032804D1FFE701208DF817005A
:10E03000CBE044F20041C5F60201086820F08050B0
:10E040000860F8F7EDFD0290FFE744F20040C5F6E6
:10E050000200006800F000510020B0EB517F0CD0AE
:10E06000FFE7F8F7DDFD0299401A032804D3FFE724
:10E0700003208DF81700A8E0E7E7FFE744F2284106
:10E08000C5F60201086820F07C70049A126840EA24
:10E090000250086004994868D1F808C0CB680A6942
:10E0A00001386FF35F204FF60061CFF6FF7101EB8F
:10E0B0004C2189B208440021CFF6FF7101EB0341E6
:10E0C00001F4FE0108444FF07F4101EB026101F0D1
:10E0D000FE41084444F24041C5F602010860FFE7F2
:10E0E00044F22C41C5F602010091086820F440601A
:10E0F000049A526910430860086820F40070049A7A
:10E10000926910430860086820F48070086044F247
:10E110004442C5F6020210684FF6F8739843049B18
:10E12000DB6940EAC3001060086840F48070086052
:10E13000039848B9FFE744F22C41C5F6020108688C
:10E1400040F48000086016E00398012809D1FFE739
:10E1500044F22C41C5F60201086840F40000086052
:10E1600008E044F22C41C5F60201086840F08070D6
:10E170000860FFE7FFE744F20041C5F602010868C6
:10E1800040F080500860F8F74BFD0290FFE744F242
:10E190000040C5F60200006800F000510020B0EB1E
:10E1A000517F0CD1FFE7F8F73BFD0299401A032895
:10E1B00004D3FFE703208DF8170006E0E7E7FFE749
:10E1C0009DF807008DF81700FFE79DF8170006B0CF
:10E1D00080BD00000000000087B08DED050ACDED88
:10E1E000040A8DED031ACDED021A9DED030A9DED93
:10E1F000021A20EE010A8DED010A9DED040A9DED43
:10E20000051A30EE410A8DED000A9DED000A9DEDE4
:10E21000011AB4EE410AF1EE10FA09DDFFE79DEDB7
:10E22000050A9DED011A30EE010A8DED060A17E090
:10E230009DED000A9DED011AB1EE411AB4EE410ABE
:10E24000F1EE10FA09DAFFE79DED050A9DED011ADE
:10E2500030EE410A8DED060A02E004980690FFE7D1
:10E260009DED060A07B0704780B58EB00CA80A90E5
:10E2700042F69440C2F200400078002800F030825C
:10E28000FFE742F69441C2F2004100200870F8F71F
:10E29000C7FC01460A980D910D9940F61822C2F26A
:10E2A00000421268891A00EE101AB8EE400A9FED7B
:10E2B000F01A80EE010A80ED000A90ED000AB5EE3A
:10E2C000400AF1EE10FA0BDDFFE70A9890ED000A24
:10E2D0009FEDE81AB4EE410AF1EE10FA06DDFFE711
:10E2E0004DF20A70C3F6A3400C90FFE70D9840F67C
:10E2F0001821C2F20041086042F65040C2F20040CC
:10E30000017E8DF82F1000780F2840F0E881FFE79C
:10E310009DF82F0040B1FFE79DF82F0000F00F009F
:10E32000042840F0DC81FFE742F65042C2F200428E
:10E3300003925078917840EA01216FF3DF2142F691
:10E340007440C2F20040099001809178D378C908E6
:10E3500041EA43116FF3DF214180D17892F804C084
:10E360005379890941EA8C0141EA83216FF3DF2166
:10E37000818051799379490841EAC3116FF3DF2114
:10E38000C1809179D379090941EA03116FF3DF2143
:10E390000181D17992F808C0537AC90941EA4C0148
:10E3A00041EA43216FF3DF214181517A937A890851
:10E3B00041EA83116FF3DF218181917AD37A490990
:10E3C00041EAC301C181117B537B41EA03216FF311
:10E3D000DF210182517B937BC90841EA43116FF32E
:10E3E000DF214182917B92F80FC0137C890941EAB9
:10E3F0008C0141EA83216FF3DF218182117C537C00
:10E40000490841EAC3116FF3DF21C182517C937C3B
:10E41000090941EA03116FF3DF210183917C92F82E
:10E4200013C0137DC90941EA4C0141EA43216FF34E
:10E43000DF214183117D537D890841EA83116FF308
:10E44000DF218183517D927D490941EAC201C18367
:10E450004088B8EE040AF0EE040A15F079FF099836
:10E4600042F62841C2F20041079181ED000AC088BE
:10E47000B8EE000A8DED050AF0EE000ACDED040AB3
:10E4800015F066FF0799099881ED010A008B9FED51
:10E49000960ADFED940A15F05BFF07990998B0EE34
:10E4A000401A9FED920A30EE410A81ED030A00887E
:10E4B000B9EE080AF1EE080A15F04AFFDDED040A8C
:10E4C00007990998B0EE401A9DED050AB1EE411A80
:10E4D00081ED021A808815F03BFF0A98079981EDBB
:10E4E000040AD1ED000A91ED050AD0ED001AB7EE4D
:10E4F0000C1AFFF771FE0A98079981ED050AD1ED14
:10E50000010A91ED060AD0ED001AB0EE081AFFF7E5
:10E5100063FE0A98079981ED060AD1ED030A91ED91
:10E52000080AD0ED001A9FED721A8DED061AFFF75A
:10E5300053FE9DED061A0A98079981ED080AD1ED60
:10E54000020A91ED070AD0ED001AFFF745FE0A987E
:10E55000079981ED070AD1ED040A91ED090AD0ED82
:10E56000001AB7EE001AFFF737FE0799099881EDF8
:10E57000090A4B6942F69842C2F2004208921360BF
:10E580008B6953600B6A9360CB69D3608B681361AE
:10E59000496A5162B0F9120015F056FF08990998BE
:10E5A00081ED050AB0F9080015F06EFFBCEEC00A57
:10E5B00010EE100A8DF82E009DF82E0060B9FFE7CE
:10E5C00042F6F641C2F200410020087042F6F741DF
:10E5D000C2F20041087069E09DF82E0042F69841B1
:10E5E000C2F2004191ED060ABCEEC00A10EE101A0C
:10E5F00088420CD1FFE742F6F641C2F2004100200A
:10E60000087042F6F741C2F2004108704DE042F650
:10E61000F640C2F2004000789DF82E10884211D1D9
:10E62000FFE742F6F740C2F200400078012808DC1C
:10E63000FFE742F6F741C2F2004108780130087066
:10E64000FFE70DE09DF82E0042F6F641C2F20041D0
:10E65000087042F6F741C2F2004101200870FFE75E
:10E6600042F6F740C2F20040007802281CDB03E0CB
:10E6700000007A44CDCCCC3D9DF82E0000EE100A6F
:10E68000B8EE400A42F69840C2F2004080ED060A19
:10E6900042F6F641C2F200410020087042F6F7410E
:10E6A000C2F200410870FFE7FFE7FFE742F674405F
:10E6B000C2F200400190B0F9160015F0C5FE0198B5
:10E6C00042F69841C2F20041029181ED080AB0F988
:10E6D000140015F0B9FE029880ED070AFFE7FFE786
:10E6E0000EB080BDCDCCCC3DCDCCCCBDC3F5A83ECD
:10E6F000CDCC4C3E0000000080B582B00190019866
:10E7000042F66C41C2F200410860F8F789FA42F61D
:10E710007041C2F20041086042F6F641C2F2004187
:10E720000020087042F6F741C2F20041087000F084
:10E7300013F802B080BD000080B5F8F771FA42F618
:10E740007041C2F200410968411A0020642988BF63
:10E75000012080BD0000000080B582B042F66C4010
:10E76000C2F20040006808B9FFE734E142F66C40AD
:10E77000C2F20040006841F67851C2F2004119220D
:10E78000FCF7AAF990B1FFE742F66C40C2F20040F4
:10E7900001900068FCF718FB0198006841F6785179
:10E7A000C2F200411922FCF797F9FFE742F66C40EC
:10E7B000C2F200400068D0F88000002800F00B8111
:10E7C000FFE742F66C40C2F200400068D0F88000DB
:10E7D00000681021C4F20201884200F0E180FFE7E6
:10E7E00042F66C40C2F200400068D0F88000006839
:10E7F0002821C4F20201884200F0D280FFE742F6ED
:10E800006C40C2F200400068D0F8800000684021EF
:10E81000C4F20201884200F0C380FFE742F66C4078
:10E82000C2F200400068D0F8800000685821C4F2AD
:10E830000201884200F0B480FFE742F66C40C2F269
:10E8400000400068D0F8800000687021C4F2020126
:10E85000884200F0A580FFE742F66C40C2F200401B
:10E860000068D0F8800000688821C4F20201884264
:10E8700000F09680FFE742F66C40C2F2004000686C
:10E88000D0F880000068A021C4F20201884200F0A4
:10E890008780FFE742F66C40C2F200400068D0F883
:10E8A00080000068B821C4F20201884278D0FFE7F6
:10E8B00042F66C40C2F200400068D0F88000006868
:10E8C00040F21041C4F20201884269D0FFE742F6EB
:10E8D0006C40C2F200400068D0F88000006840F24E
:10E8E0002841C4F2020188425AD0FFE742F66C4048
:10E8F000C2F200400068D0F88000006840F2404159
:10E90000C4F2020188424BD0FFE742F66C40C2F2EB
:10E9100000400068D0F88000006840F25841C4F21E
:10E92000020188423CD0FFE742F66C40C2F2004050
:10E930000068D0F88000006840F27041C4F2020123
:10E9400088422DD0FFE742F66C40C2F200400068DA
:10E95000D0F88000006840F28841C4F20201884289
:10E960001ED0FFE742F66C40C2F200400068D0F8CB
:10E970008000006840F2A041C4F2020188420FD03A
:10E98000FFE742F66C40C2F200400068D0F8800019
:10E99000006840F2B841C4F2020188420DD1FFE79D
:10E9A00042F66C40C2F200400068D0F88000016876
:10E9B000086820F0080008600CE042F66C40C2F2E3
:10E9C00000400068D0F880000168086820F004006A
:10E9D0000860FFE7FFE702B080BD00000000000014
:10E9E00080B584B0ADF80E00BDF80E00192801D036
:10E9F000FFE74EE041F67850C2F20040017E8DF80C
:10EA00000D10C07D8DF80C009DF80D1001200190B7
:10EA100051B1FFE79DF80D0000F00F000438B0FA87
:10EA200080F040090190FFE7019800F001008DF8A7
:10EA30000B009DF80C0000F00C008DF80A0041F668
:10EA40007850C2F2004000780F2808D1FFE79DF807
:10EA50000B0020B1FFE79DF80A0008B1FFE718E0BE
:10EA600042F65040C2F2004041F67851C2F20041F5
:10EA70001922F1F74CFDF8F7D3F842F67041C2F2D3
:10EA80000041086042F69441C2F200410120087042
:10EA9000FFE704B080BD000080B582B040F6A8203A
:10EAA000C2F200400CF0B0F80146002003290090AB
:10EAB0000CD1FFE740F6A820C2F200400CF074FE33
:10EAC0000138B0FA80F040090090FFE7009800F0AC
:10EAD00001008DF807009DF8070000F0010000F02C
:10EAE00073FB02B080BD000083B00290ADF8061049
:10EAF00000208DF80500ADF80200FFE7BDF8020028
:10EB0000BDF80610884210DAFFE79DF8050002996B
:10EB1000BDF80220895C08448DF80500FFE7BDF8C8
:10EB200002000130ADF80200E8E79DF8050080F032
:10EB3000FF0003B07047000080B584B08DF80F006F
:10EB400042F6C540C2F200400078A0B9FFE79DF848
:10EB50000F005C280ED1FFE79DF80F0042F6C1417F
:10EB6000C2F20041087042F6C541C2F200410120E4
:10EB70000870FFE764E09DF80F1042F6C540C2F24E
:10EB8000004003785A1C027042F6C142C2F20042B1
:10EB9000D1540078032801D8FFE751E042F6C14084
:10EBA000C2F20040029001300221FFF79DFF02995E
:10EBB000C978884222D1FFE742F6C141C2F2004142
:10EBC0004878897840EA0120ADF80C00BDF80C00C7
:10EBD00040F61C21C2F2004101910880BDF80C20D2
:10EBE0000020B2F5FA6F98BF01208870F8F718F886
:10EBF0000199486148680130486007E040F61C21EF
:10EC0000C2F20041886801308860FFE79DF80F007C
:10EC10005C280ED1FFE79DF80F0042F6C141C2F219
:10EC20000041087042F6C541C2F20041012008705F
:10EC300006E042F6C541C2F2004100200870FFE73D
:10EC400004B080BD0000000080B584B040F61C21F7
:10EC5000C2F200410020019048610861C8608860EC
:10EC60004860086042F6D141C2F200410291C86199
:10EC7000886148610861C86088604860086042F641
:10EC8000C141C2F20041086042F6C541C2F20041F2
:10EC9000087042F6D041C2F20041087042F6C0410D
:10ECA000C2F20041087042F6CC41C2F20041086055
:10ECB00042F6C841C2F20041086042F6C641C2F2C3
:10ECC00000410120087000F0B7F88DF80E0042F204
:10ECD000D430C2F200404AF25641C0F60201062288
:10ECE0000523FDF705FA8DF80D009DF80D0040B1E4
:10ECF000FFE740F61C21C2F20041086901300861BB
:10ED000006E042F6C041C2F2004101200870FFE770
:10ED10009DF80E0060B1FFE740F61C21C2F20041F1
:10ED2000C8680130C8609DF80E008DF80F0004E03F
:10ED30009DF80D008DF80F00FFE79DF80F0004B05F
:10ED400080BD00000000000080B584B08DF80E008A
:10ED50009DF80E00002818BF01208DF80D0042F626
:10ED6000C640C2F20040007820B9FFE701208DF8CC
:10ED70000F005CE042F6C040C2F20040007870B183
:10ED8000FFE79DF80D0040F61C21C2F20041C97852
:10ED9000884204D1FFE700208DF80F0047E09DF87E
:10EDA0000D204AF25041C0F602014AF25640C0F628
:10EDB0000200002A18BF08460290029942F2D4309D
:10EDC000C2F200400622FDF72FFA8DF807009DF8E9
:10EDD0000700C8B9FFE79DF80D0040F61C21C2F2FC
:10EDE0000041C87042F6C041C2F2004101200870E3
:10EDF0009DF80D0038B9FFE740F61C21C2F2004132
:10EE000000208870FFE70DE09DF80700022808D079
:10EE1000FFE740F61C21C2F2004108690130086199
:10EE2000FFE7FFE79DF807008DF80F00FFE79DF86B
:10EE30000F0004B080BD000080B582B042F2D43033
:10EE4000C2F2004042F6D141C2F200412022FBF75B
:10EE500043FE8DF807009DF80700002840F0098167
:10EE6000FFE742F6D041C2F200410120087042F2B1
:10EE7000D430C2F20040D0F88000002800F0F880C2
:10EE8000FFE742F2D430C2F20040D0F880000068C0
:10EE90001021C4F20201884200F0D180FFE742F263
:10EEA000D430C2F20040D0F8800000682821C4F2BB
:10EEB0000201884200F0C380FFE742F2D430C2F280
:10EEC0000040D0F8800000684021C4F2020188426E
:10EED00000F0B580FFE742F2D430C2F20040D0F833
:10EEE000800000685821C4F20201884200F0A78027
:10EEF000FFE742F2D430C2F20040D0F88000006850
:10EF00007021C4F20201884200F09980FFE742F2CA
:10EF1000D430C2F20040D0F8800000688821C4F2EA
:10EF20000201884200F08B80FFE742F2D430C2F247
:10EF30000040D0F880000068A021C4F2020188429D
:10EF40007DD0FFE742F2D430C2F20040D0F880001A
:10EF50000068B821C4F20201884270D0FFE742F293
:10EF6000D430C2F20040D0F88000006840F2104176
:10EF7000C4F20201884262D0FFE742F2D430C2F20A
:10EF80000040D0F88000006840F22841C4F202013D
:10EF9000884254D0FFE742F2D430C2F20040D0F8A9
:10EFA0008000006840F24041C4F20201884246D02D
:10EFB000FFE742F2D430C2F20040D0F8800000688F
:10EFC00040F25841C4F20201884238D0FFE742F2D1
:10EFD000D430C2F20040D0F88000006840F27041A6
:10EFE000C4F2020188422AD0FFE742F2D430C2F2D2
:10EFF0000040D0F88000006840F28841C4F202016D
:10F0000088421CD0FFE742F2D430C2F20040D0F870
:10F010008000006840F2A041C4F2020188420ED094
:10F02000FFE742F2D430C2F20040D0F8800000681E
:10F0300040F2B841C4F2020188420CD1FFE742F22B
:10F04000D430C2F20040D0F880000168086820F097
:10F05000080008600BE042F2D430C2F20040D0F861
:10F0600080000168086820F004000860FFE7FFE7FF
:10F0700006E042F6D041C2F2004100200870FFE7EE
:10F080009DF8070002B080BD80B582B00190019864
:10F0900048B1FFE70198006841F60041C4F2010160
:10F0A000884201D0FFE736E040F61C21C2F2004161
:10F0B000C8680130C8600020887042F6D041C2F2B2
:10F0C0000041087042F6C041C2F20041087042F6A9
:10F0D000C541C2F200410870019801680820086229
:10F0E0000198016802200862019801680420086202
:10F0F00001980168012008620198FBF765FEFFF79F
:10F100009BFE40B1FFE740F61C21C2F20041C868F7
:10F110000130C860FFE702B080BD000000000000C1
:10F1200080B582B00190ADF80210019880B1FFE780
:10F130000198006841F60041C4F20101884207D1FC
:10F14000FFE742F6C640C2F20040007808B9FFE788
:10F1500035E042F6D041C2F2004100200870BDF80F
:10F160000200212804D3FFE72020ADF80200FFE7CA
:10F170000020ADF80000FFE7BDF80000BDF8021068
:10F18000884210DAFFE7BDF8001042F6D140C2F223
:10F190000040405CFFF7D0FCFFE7BDF80000013005
:10F1A000ADF80000E8E7FFF747FE40B1FFE740F6A3
:10F1B0001C21C2F20041C8680130C860FFE702B0FC
:10F1C00080BD00000000000080B582B08DF807000F
:10F1D000F7F726FD009042F6C640C2F200400078E4
:10F1E00008B9FFE74CE042F6D040C2F20040007898
:10F1F000E8B9FFE7009842F6CC41C2F20041096845
:10F20000401A142813D3FFE7009842F6CC41C2F20B
:10F2100000410860FFF710FE40B1FFE740F61C21F7
:10F22000C2F20041C8680130C860FFE7FFE742F65C
:10F23000C040C2F20040007868B1FFE79DF80700C7
:10F24000002818BF012040F61C21C2F20041C978F5
:10F25000884215D0FFE7009842F6C841C2F200414B
:10F260000968401A14280BD3FFE7009842F6C841FA
:10F27000C2F2004108609DF80700FFF765FDFFE757
:10F2800002B080BD0000000082B0019001980068CB
:10F290004069009001980168886940F00800886121
:10F2A00001980168886940F0100088610198016840
:10F2B000086820F00100086001980168086940F2C0
:10F2C0006F329043086101980168886820F44040DB
:10F2D0008860019890F88100042815D0FFE79DF818
:10F2E0000000800600280ED5FFE70199D1F88400C0
:10F2F00040F08000C1F8840001980168886940F0FE
:10F3000020008861FFE7FFE7019890F8810003285B
:10F3100015D0FFE79DF80000400600280ED5FFE756
:10F320000199D1F8840040F00400C1F884000198EC
:10F330000168886940F040008861FFE7FFE79DF8B9
:10F340000100800700280ED5FFE70199D1F884005D
:10F3500040F00100C1F8840001980168886940F418
:10F3600000708861FFE79DF80100C00770B1FFE7FA
:10F370000199D1F8840040F00800C1F88400019898
:10F380000168886940F480708861FFE70199002076
:10F39000A1F862000199A1F86A0002B0704700006C
:10F3A00083B002900298C16B012000EB51100190D4
:10F3B0000298C0680130009000980730C0080090A3
:10F3C00000980199484303B0704700000000000016
:10F3D00080B586B0DDF820C0049003918DF80B2035
:10F3E0000193FFE704980068406903990840401AB8
:10F3F000B0FA80F040099DF80B10884214D1FFE765
:10F40000F7F70EFC0899401A0199884204D3FFE7E8
:10F410000198013018B9FFE7019820B9FFE70320F0
:10F420008DF8170004E0DDE700208DF81700FFE7F6
:10F430009DF8170006B080BD00000000000000002D
:10F44000074B19680868B0E8F04F80F30988BFF3EC
:10F450006F8F4FF0000080F31188704700BF00BF2E
:10F46000B02700240000000080B56FF004000021E8
:10F4700014F06EFA80BD000080B582B0019040F2B9
:10F480000000C2F20040C16842F22810C2F20040FF
:10F490008847FFE7F2F7FCF940F63820C2F2004057
:10F4A000009080ED000A14F053FEF2F7F1F9009895
:10F4B00090ED001A30EE410A40F63420C2F20040CE
:10F4C00080ED000A012015F013F8E3E700000000CA
:10F4D00080B582B00190F1F7D7FBFFE7F2F7D8F9DA
:10F4E00040F64020C2F20040009080ED000AF1F7A3
:10F4F000DBFBF2F7CDF9009890ED001A30EE410AEF
:10F5000040F63C20C2F2004080ED000A012014F0D9
:10F51000EFFFE3E70000000080B586B00590FCF740
:10F5200033FFFEF74DFCF1F793FB0120039018F039
:10F530002FF80490FFE7F2F7ABF9BCEEC00A8DEDAF
:10F54000020AFCF725FFFEF733FCF1F795FBF2F713
:10F5500023F902F089FBFFF79FFAF2F799F99DED85
:10F56000021AB8EE411A30EE410A8DED010A04A8E4
:10F57000012116F069FDDEE780B584B00390FFE756
:10F58000322001900022114602F0FAFA4FF4FA708C
:10F59000029014F0ADFF019A0A21084602F0F0FA39
:10F5A000029814F0A5FFEBE780B582B0019042F21B
:10F5B0009050C2F20040FFF79FF8FFE7F2F768F9BA
:10F5C00040F64820C2F20040009080ED000AFEF7AD
:10F5D0004BFEF2F75DF9009890ED001A30EE410A0B
:10F5E00040F64420C2F2004080ED000A012014F0F1
:10F5F0007FFFE3E70000000080B582B00190FFE7E5
:10F6000016F092FF40F65420C2F200400C300D215B
:10F6100002F0CEF9052014F06BFFF1E700000000C6
:10F6200080B54EF21000CEF20000006817F094FF93
:10F63000012803D0FFE717F0B7F8FFE780BD00000F
:10F6400080B59EB00BA84C21F1F702F80020019084
:10F650000A900990089007900690059004900390F6
:10F660000220F7F705FCFFE70020029044F618009F
:10F67000C5F60200016821F440410160006800F411
:10F68000404002900298FFE7FFE744F61800C5F6F5
:10F690000200006800F40050B0F5005F01D0FFE701
:10F6A000F3E701210B914FF480300C90022014906D
:10F6B00015901690282217921891042119911A90EA
:10F6C0000C201B9000201C901D900BA8F9F74CFB00
:10F6D00018B1FFE7F2F7CCF9FFE73F2003900321D1
:10F6E0000491002005900820069040200790089083
:10F6F0004FF4806209920A9003A8F8F7C9FE18B186
:10F70000FFE7F2F7B5F9FFE71EB080BD000000008B
:10F710008BB044F21040C5F60200006800F03800DB
:10F7200001460191182800F233810199DFE811F0B8
:10F730001900300130013001300130013001300159
:10F74000270030013001300130013001300130013B
:10F750002D00300130013001300130013001300125
:10F76000330044F20040C5F602000068C0F3C10156
:10F7700049F20000C0F2D030C840049016E140F6D3
:10F780000010C0F23D00049010E143F20060C0F2AE
:10F790006E1004900AE144F22840C5F602000168A8
:10F7A00001F0030109910068C0F30510089044F2CC
:10F7B0002C40C5F60200006800F001000790079891
:10F7C00044F23441C5F60201096889B2C9084843C8
:10F7D00000EE100AB8EE400A8DED030A08980028E2
:10F7E00000F0D280FFE70998009040B1FFE7009851
:10F7F000012837D0FFE70098022857D07AE044F27A
:10F800000040C5F602000068C0F3C10149F20000E3
:10F81000C0F2D030C84006909DED060AB8EE400A0E
:10F820009DED081AB8EE411A80EE010A44F230400C
:10F83000C5F6020000686FF35F2001EE100AB8EE13
:10F84000411A9DED032A9FED6D3A82EE032A31EEB7
:10F85000021AB7EE002A31EE021A20EE010A8DEDEF
:10F86000020A7AE09DED080AB8EE401A9FED640A9C
:10F8700080EE010A44F23040C5F6020000686FF3E2
:10F880005F2001EE100AB8EE411A9DED032A9FEDAC
:10F890005B3A82EE032A31EE021AB7EE002A31EE0D
:10F8A000021A20EE010A8DED020A56E09DED080ACB
:10F8B000B8EE401A9FED500A80EE010A44F2304043
:10F8C000C5F6020000686FF35F2001EE100AB8EE83
:10F8D000411A9DED032A9FED493A82EE032A31EE4B
:10F8E000021AB7EE002A31EE021A20EE010A8DED5F
:10F8F000020A32E044F20040C5F602000068C0F39C
:10F90000C10149F20000C0F2D030C84006909DED20
:10F91000060AB8EE400A9DED081AB8EE411A80EECC
:10F92000010A44F23040C5F6020000686FF35F2020
:10F9300001EE100AB8EE411A9DED032A9FED2F3A11
:10F9400082EE032A31EE021AB7EE002A31EE021AD5
:10F9500020EE010A8DED020AFFE744F23040C5F6C1
:10F960000200006881B2012000EB51200A909DED59
:10F97000020A9DED0A1AB8EE411A80EE010ABCEEA9
:10F98000C00A8DED040A02E000200490FFE70DE0BC
:10F9900044F20040C5F602000068C0F3C10149F21C
:10F9A0000000C0F2D030C8400490FFE744F2184293
:10F9B000C5F602021068C0F3032048F2A471C0F635
:10F9C0000201085C0590059B0498D84004900498B7
:10F9D000126802F00F02895C01F01F01C84040F27A
:10F9E0004801C2F200410860049840F24401C2F2AA
:10F9F000004108600BB07047001BB74B0000004689
:10FA00000024744A000000004EF68851CEF2000136
:10FA1000086840F47000086042F20000C5F200205F
:10FA2000006800F00F0006280AD8FFE742F2000144
:10FA3000C5F200210868072262F303000860FFE7AF
:10FA400044F20041C5F60201086840F00100086078
:10FA500044F21042C5F602020020106008684EF61B
:10FA60007F52CEF6F6221040086042F20000C5F246
:10FA70000020006800F00F0008280AD3FFE742F2D8
:10FA80000001C5F200210868072262F30300086044
:10FA9000FFE744F21841C5F602010020086044F275
:10FAA0001C41C5F60201086044F22041C5F602017E
:10FAB000086044F22842C5F6020240F20021C0F27A
:10FAC0000221116044F22C42C5F602020021C0F26C
:10FAD000FF11116044F23042C5F6020240F280216B
:10FAE000C0F20111116044F23442C5F60202106006
:10FAF00044F23842C5F60202116044F23C42C5F6B7
:10FB00000202106044F24042C5F60202116044F263
:10FB10004441C5F60201086044F20042C5F6020203
:10FB2000116821F48021116044F26041C5F60201A0
:10FB3000086044F20001C5F2002143F2D2000860DF
:10FB4000704700000000000080B542F23C30C2F275
:10FB50000040FAF77DFC80BD83B0029001910298CD
:10FB60000068009002980021C4F20101884225D06B
:10FB7000FFE70298B0F1804F20D0FFE7029840F2F3
:10FB80000041C4F20001884218D0FFE7029840F615
:10FB90000001C4F20001884210D0FFE7029840F64D
:10FBA0000041C4F20001884208D0FFE7029840F209
:10FBB0000041C4F2010188420AD1FFE7009820F019
:10FBC0007000009001984168009808430090FFE79A
:10FBD00002980021C4F2010188424DD0FFE702984B
:10FBE000B0F1804F48D0FFE7029840F20041C4F2E4
:10FBF0000001884240D0FFE7029840F60001C4F2BD
:10FC00000001884238D0FFE7029840F60041C4F274
:10FC10000001884230D0FFE7029840F20041C4F270
:10FC20000101884228D0FFE7029844F20001C4F2A3
:10FC30000101884220D0FFE7029844F20041C4F25B
:10FC40000101884218D0FFE7029844F60001C4F28F
:10FC50000101884210D0FFE702984EF20001C4F281
:10FC60000001884208D0FFE702984EF20041C4F23A
:10FC7000000188420AD1FFE7009820F4407000900C
:10FC80000198C168009808430090FFE7009820F0B1
:10FC900080000199496908430090019880680299A1
:10FCA000C862019800680299886202980021C4F233
:10FCB0000101884220D0FFE7029840F20041C4F2DF
:10FCC0000101884218D0FFE7029844F20001C4F213
:10FCD0000101884210D0FFE7029844F20041C4F2CB
:10FCE0000101884208D0FFE7029844F60001C4F2FF
:10FCF0000101884205D1FFE7019800690299086374
:10FD0000FFE70299086840F00400086002990120AA
:10FD1000486100980299086003B070470000000035
:10FD200085B0049003910498006A01900499086AD0
:10FD300020F00100086204984068009004988069EF
:10FD4000029002984FF68F71CFF6FE710840029034
:10FD5000029820F00300029003980168029808437B
:10FD60000290019820F002000190039881680198A8
:10FD70000843019004980021C4F20101884220D078
:10FD8000FFE7049840F20041C4F20101884218D014
:10FD9000FFE7049844F20001C4F20101884210D048
:10FDA000FFE7049844F20041C4F20101884208D000
:10FDB000FFE7049844F60001C4F2010188420ED125
:10FDC000FFE7019820F0080001900398C1680198AE
:10FDD00008430190019820F004000190FFE7049887
:10FDE0000021C4F20101884220D0FFE7049840F2CC
:10FDF0000041C4F20101884218D0FFE7049844F2A0
:10FE00000001C4F20101884210D0FFE7049844F2D7
:10FE10000041C4F20101884208D0FFE7049844F68B
:10FE20000001C4F20101884213D1FFE7009820F4D9
:10FE300080700090009820F4007000900398416951
:10FE40000098084300900398816900980843009047
:10FE5000FFE7009804994860029804998861039824
:10FE600040680499486301980499086205B0704796
:10FE700085B0049003910498006A01900499086A7F
:10FE800020F010000862049840680090049880698F
:10FE90000290029848F6FF71CFF6FF610840029089
:10FEA000029820F44070029003980168029840EA9A
:10FEB00001200290019820F02000019003988168B1
:10FEC000019840EA0110019004980021C4F2010158
:10FED000884229D0FFE7049840F20041C4F20101B2
:10FEE000884221D0FFE7049844F20001C4F20101E6
:10FEF000884203D1FFE70020B0B9FFE7049844F23D
:10FF00000041C4F20101884203D1FFE7002058B943
:10FF1000FFE7049844F60001C4F20101884212D1BF
:10FF2000FFE7012078B9FFE7019820F080000190F9
:10FF30000398C168019840EA01100190019820F0EF
:10FF400040000190FFE704980021C4F201018842BB
:10FF500020D0FFE7049840F20041C4F2010188423A
:10FF600018D0FFE7049844F20001C4F2010188426E
:10FF700010D0FFE7049844F20041C4F20101884226
:10FF800008D0FFE7049844F60001C4F2010188425A
:10FF900015D1FFE7009820F480600090009820F4CD
:10FFA0000060009003984169009840EA8100009049
:10FFB00003988169009840EA81000090FFE700986B
:10FFC00004994860029804998861039840680499EC
:10FFD000886301980499086205B07047000000002A
:10FFE00085B0049003910498006A01900499086A0E
:10FFF00020F4807008620498406800900498C069FA
:020000040801F1
:10000000029002984FF68F71CFF6FE710840029071
:10001000029820F0030002900398016802980843B8
:100020000290019820F40070019003988168019873
:1000300040EA0120019004980021C4F201018842A5
:1000400029D0FFE7049840F20041C4F20101884240
:1000500021D0FFE7049844F20001C4F20101884274
:1000600003D1FFE70020B0B9FFE7049844F2004154
:10007000C4F20101884203D1FFE7002058B9FFE72D
:10008000049844F60001C4F20101884212D1FFE74E
:10009000012078B9FFE7019820F4006001900398EF
:1000A000C168019840EA01200190019820F4806025
:1000B0000190FFE704980021C4F20101884220D09A
:1000C000FFE7049840F20041C4F20101884218D0D1
:1000D000FFE7049844F20001C4F20101884210D005
:1000E000FFE7049844F20041C4F20101884208D0BD
:1000F000FFE7049844F60001C4F20101884215D1DB
:10010000FFE7009820F480500090009820F4005001
:10011000009003984169009840EA0110009003980C
:100120008169009840EA01100090FFE70098049967
:10013000486002980499C861039840680499C863AC
:1001400001980499086205B07047000000000000A3
:1001500085B0049003910498006A01900499086A9C
:1001600020F4805008620498406800900498C069A8
:100170000290029848F6FF71CFF6FF6108400290A6
:10018000029820F44070029003980168029840EAB7
:1001900001200290019820F400500190039881689A
:1001A000019840EA0130019004980021C4F2010155
:1001B000884220D0FFE7049840F20041C4F20101D8
:1001C000884218D0FFE7049844F20001C4F201010C
:1001D000884210D0FFE7049844F20041C4F20101C4
:1001E000884208D0FFE7049844F60001C4F20101F8
:1001F00088420BD1FFE7009820F4804000900398DC
:100200004169009840EA81100090FFE70098049946
:10021000486002980499C86103984068049908648A
:1002200001980499086205B07047000000000000C2
:1002300085B0049003910498006A01900499086ABB
:1002400020F4803008620498406800900498406D63
:10025000029002984FF68F71CFF6FE71084002901F
:1002600003980168029808430290019820F4003036
:10027000019003988168019840EA01400190049838
:100280000021C4F20101884220D0FFE7049840F227
:100290000041C4F20101884218D0FFE7049844F2FB
:1002A0000001C4F20101884210D0FFE7049844F233
:1002B0000041C4F20101884208D0FFE7049844F6E7
:1002C0000001C4F2010188420BD1FFE7009820F43D
:1002D0008030009003984169009840EA0120009026
:1002E000FFE70098049948600298049948650398CC
:1002F00040680499886501980499086205B07047C0
:1003000085B0049003910498006A01900499086AEA
:1003100020F4801008620498406800900498406DB2
:100320000290029848F6FF71CFF6FF6108400290F4
:1003300003980168029840EA01200290019820F495
:100340000010019003988168019840EA01500190E3
:1003500004980021C4F20101884220D0FFE70498EC
:1003600040F20041C4F20101884218D0FFE704982E
:1003700044F20001C4F20101884210D0FFE7049862
:1003800044F20041C4F20101884208D0FFE704981A
:1003900044F60001C4F2010188420BD1FFE7009846
:1003A00020F48020009003984169009840EA812061
:1003B0000090FFE700980499486002980499486506
:1003C000039840680499C86501980499086205B0CB
:1003D000704700000000000080B542F29050C2F269
:1003E0000040FAF721FE80BD80B542F22460C2F2DF
:1003F0000040FAF719FE80BD82B001900198406E6E
:1004000040B9FFE701990120A1F86A000199A1F81C
:10041000680032E010208DF803008DF8020001988A
:1004200000688068C0F342608DF8010001980068A0
:100430008068400F8DF800009DF802009DF80020B4
:1004400048F67873C0F60203995C484348F6707129
:10045000C0F602018A5CB0FBF2F0019AA2F86A00D1
:100460009DF803009DF801209B5C5843895CB0FB1C
:10047000F1F00199A1F86800FFE702B070470000B1
:1004800081B00090009890F82800000700280BD554
:10049000FFE700980068406820F40040009A116867
:1004A000926B10434860FFE7009890F82800C0075F
:1004B00058B1FFE700980068406820F40030009AC7
:1004C0001168D26A10434860FFE7009890F828004E
:1004D000800700280BD5FFE700980068406820F4EB
:1004E0008030009A1168126B10434860FFE7009853
:1004F00090F82800400700280BD5FFE70098006817
:10050000406820F48020009A1168526B10434860C4
:10051000FFE7009890F82800C00600280BD5FFE7F9
:1005200000980068806820F48050009A1168D26BAF
:1005300010438860FFE7009890F8280080060028A4
:100540000BD5FFE700980068806820F40050009AFF
:100550001168126C10438860FFE7009890F828003B
:10056000400600281CD5FFE700980068406820F48A
:100570008010009A1168526C104348600098406CDB
:10058000B0F5801F0BD1FFE700980068406820F4A9
:10059000C000009A1168926C10434860FFE7FFE7C3
:1005A000009890F82800000600280BD5FFE7009877
:1005B0000068406820F40020009A1168D26C104353
:1005C0004860FFE701B0704780B588B00690069993
:1005D0000020C1F89000F6F723FB0590069800680C
:1005E0000068000700282FD5FFE70698059B6A469C
:1005F0006FF07E4111604FF40011002201F034F9D8
:1006000008B3FFE7FFE7FFE70698006850E8000F30
:1006100020F080000490FFE704990698026842E801
:1006200000100028F0D1FFE7FFE706992020C1F86D
:100630008800FFE70699002081F88400FFE7032087
:100640008DF81F005FE0FFE706980068006840072C
:10065000002842D5FFE70698059B6A466FF07E4169
:1006600011604FF48001002201F0FEF8A0B3FFE713
:10067000FFE7FFE70698006850E8000F20F490704D
:100680000390FFE703990698026842E800100028EB
:10069000F0D1FFE7FFE7FFE7FFE70698006850E8C3
:1006A000020F20F001000290FFE70299069802680D
:1006B00042E802100028F0D1FFE7FFE7069920206A
:1006C000C1F88C00FFE70699002081F88400FFE75D
:1006D00003208DF81F0016E0FFE706992020C1F8DF
:1006E00088000699C1F88C0006990020C866069912
:1006F0000867FFE70699002081F88400FFE70020E3
:100700008DF81F00FFE79DF81F0008B080BD0000B6
:1007100080B582B001900198806B00900099002014
:10072000A1F85E000098FAF7EFFB02B080BD000070
:1007300080B584B003900398806B02900298D0F843
:10074000880001900298D0F88C0000900298006810
:100750008068000600280CD5FFE70198212808D101
:10076000FFE702990020A1F85600029800F02CF94A
:10077000FFE7029800688068400600280CD5FFE774
:100780000098222808D1FFE702990020A1F85E0016
:10079000029800F0A5F8FFE70299D1F8900040F028
:1007A0001000C1F890000298FAF7AEFB04B080BDCB
:1007B00080B586B005900598806B04900598C06957
:1007C000B0F5807F5BD0FFE704990020A1F85E00C0
:1007D000FFE7FFE70498006850E8000F20F48070FE
:1007E0000390FFE703990498026842E8001000288C
:1007F000F0D1FFE7FFE7FFE7FFE70498006850E864
:10080000020F20F001000290FFE7029904980268AD
:1008100042E802100028F0D1FFE7FFE7FFE7FFE71B
:100820000498006850E8020F20F040000190FFE7B4
:1008300001990498026842E802100028F0D1FFE70D
:10084000FFE704992020C1F88C000498C06E0128AD
:1008500014D1FFE7FFE7FFE70498006850E8000FB6
:1008600020F010000090FFE700990498026842E829
:1008700000100028F0D1FFE7FFE7FFE7FFE704994A
:10088000002008670498C06E012806D1FFE704988D
:10089000B0F85C10FAF778F903E00498FBF70CFB6A
:1008A000FFE706B080BD000080B582B001900198DE
:1008B000806B00900099012008670098C06E0128A5
:1008C00007D1FFE70098B0F85C104908FAF75CF927
:1008D00003E00098FBF708FCFFE702B080BD0000D2
:1008E00084B00390FFE7FFE70398006850E8000F2B
:1008F00020F490700290FFE702990398026842E8A2
:1009000000100028F0D1FFE7FFE7FFE7FFE70398BB
:10091000006850E8020F4FF6FE71CEF6FF710840F6
:100920000190FFE701990398026842E8021000284D
:10093000EDD1FFE7FFE70398C06E012814D1FFE770
:10094000FFE7FFE70398006850E8000F20F0100071
:100950000090FFE700990398026842E80010002821
:10096000F0D1FFE7FFE7FFE703992020C1F88C00F3
:1009700003990020C8660399486704B070470000D7
:1009800080B582B00190FFE7FFE70198006850E86A
:10099000000F20F040000090FFE7009901980268E6
:1009A00042E800100028F0D1FFE7FFE7019920207E
:1009B000C1F888000199002088670198FBF7CCFCFA
:1009C00002B080BD0000000083B00290FFE7FFE7A7
:1009D0000298006850E8000F20F0C0000190FFE787
:1009E00001990298026842E800100028F0D1FFE760
:1009F000FFE7FFE7FFE70298006850E8020F20F4E6
:100A000000000090FFE700990298026842E8021097
:100A10000028F0D1FFE7FFE702992020C1F8880005
:100A200003B070470000000080B59EB01D9000200C
:100A30008DF867001D98006840F60041C5F600017A
:100A4000884201D1FFE700E0FFE71D9988680B6944
:100A50004A69C9691843104308431C901D980068EF
:100A6000006846F6F311CCF6FF7108401C99084364
:100A70001D99096808601D980068406820F440507E
:100A80001D9A1168D268104348601D9880691C90B7
:100A90001D98006840F60041C5F60001884206D066
:100AA000FFE71D98016A1C9808431C90FFE71D98FA
:100AB000006880684FF2FF41C1F2FF1108401C99A5
:100AC00008431D99096888601D980068C06A20F075
:100AD0000F001D9A1168526A1043C862FFE71D9803
:100AE000006841F20001C4F20101884240F04180F7
:100AF000FFE744F25440C5F60200006800F03800F9
:100B00000146109128282FD81099DFE801F0152D03
:100B10002D2D2D2D2D2D192D2D2D2D2D2D2D1D2D29
:100B20002D2D2D2D2D2D212D2D2D2D2D2D2D252D09
:100B30002D2D2D2D2D2D290001208DF86D0017E074
:100B400004208DF86D0013E008208DF86D000FE093
:100B500010208DF86D000BE020208DF86D0007E06F
:100B600040208DF86D0003E080208DF86D00FFE7D8
:100B70006CE21D98006844F20041C4F20001884212
:100B80002ED1FFE744F25440C5F60200006800F0A1
:100B9000070001460F9105281DD80F99DFE801F0E5
:100BA00003070B0F131700208DF86D0017E00420CA
:100BB0008DF86D0013E008208DF86D000FE0102017
:100BC0008DF86D000BE020208DF86D0007E04020CF
:100BD0008DF86D0003E080208DF86D00FFE734E2B2
:100BE0001D98006844F60001C4F2000188422ED12D
:100BF000FFE744F25440C5F60200006800F0070029
:100C000001460E9105281DD80E99DFE801F0030773
:100C10000B0F131700208DF86D0017E004208DF8DE
:100C20006D0013E008208DF86D000FE010208DF8A6
:100C30006D000BE020208DF86D0007E040208DF85E
:100C40006D0003E080208DF86D00FFE7FCE11D984A
:100C5000006844F60041C4F2000188422ED1FFE74B
:100C600044F25440C5F60200006800F00700014657
:100C70000D9105281DD80D99DFE801F003070B0F32
:100C8000131700208DF86D0017E004208DF86D001B
:100C900013E008208DF86D000FE010208DF86D0036
:100CA0000BE020208DF86D0007E040208DF86D00EE
:100CB00003E080208DF86D00FFE7C4E11D98006817
:100CC00045F20001C4F2000188422ED1FFE744F250
:100CD0005440C5F60200006800F0070001460C9180
:100CE00005281DD80C99DFE801F003070B0F131737
:100CF00000208DF86D0017E004208DF86D0013E0E2
:100D000008208DF86D000FE010208DF86D000BE0CD
:100D100020208DF86D0007E040208DF86D0003E085
:100D200080208DF86D00FFE78CE11D98006841F28E
:100D30000041C4F20101884240F04180FFE744F2E3
:100D40005440C5F60200006800F0380001460B91DF
:100D500028282FD80B99DFE801F0152D2D2D2D2DEA
:100D60002D2D192D2D2D2D2D2D2D1D2D2D2D2D2DD7
:100D70002D2D212D2D2D2D2D2D2D252D2D2D2D2DB7
:100D80002D2D290001208DF86D0017E004208DF82D
:100D90006D0013E008208DF86D000FE010208DF835
:100DA0006D000BE020208DF86D0007E040208DF8ED
:100DB0006D0003E080208DF86D00FFE741E11D9894
:100DC000006847F60001C4F2000188422ED1FFE717
:100DD00044F25440C5F60200006800F007000146E6
:100DE0000A9105281DD80A99DFE801F003070B0FC7
:100DF000131700208DF86D0017E004208DF86D00AA
:100E000013E008208DF86D000FE010208DF86D00C4
:100E10000BE020208DF86D0007E040208DF86D007C
:100E200003E080208DF86D00FFE709E11D98006860
:100E300047F60041C4F2000188422ED1FFE744F298
:100E40005440C5F60200006800F007000146099111
:100E500005281DD80999DFE801F003070B0F1317C8
:100E600000208DF86D0017E004208DF86D0013E070
:100E700008208DF86D000FE010208DF86D000BE05C
:100E800020208DF86D0007E040208DF86D0003E014
:100E900080208DF86D00FFE7D1E01D98006841F6D5
:100EA0000001C4F20101884240F04180FFE744F2B2
:100EB0005440C5F60200006800F038000146089171
:100EC00028282FD80899DFE801F0152D2D2D2D2D7C
:100ED0002D2D192D2D2D2D2D2D2D1D2D2D2D2D2D66
:100EE0002D2D212D2D2D2D2D2D2D252D2D2D2D2D46
:100EF0002D2D290001208DF86D0017E004208DF8BC
:100F00006D0013E008208DF86D000FE010208DF8C3
:100F10006D000BE020208DF86D0007E040208DF87B
:100F20006D0003E080208DF86D00FFE786E01D98DE
:100F3000006841F60041C4F20101884240F041805E
:100F4000FFE744F25440C5F60200006800F03800A4
:100F50000146079128282FD80799DFE801F0152DC1
:100F60002D2D2D2D2D2D192D2D2D2D2D2D2D1D2DD5
:100F70002D2D2D2D2D2D212D2D2D2D2D2D2D252DB5
:100F80002D2D2D2D2D2D290001208DF86D0017E020
:100F900004208DF86D0013E008208DF86D000FE03F
:100FA00010208DF86D000BE020208DF86D0007E01B
:100FB00040208DF86D0003E080208DF86D00FFE784
:100FC0003BE01D98006840F60041C5F600018842EC
:100FD0002ED1FFE744F25840C5F60200006800F049
:100FE00007000146069105281DD80699DFE801F0A3
:100FF00003070B0F131702208DF86D0017E0042074
:101000008DF86D0013E008208DF86D000FE01020C2
:101010008DF86D000BE020208DF86D0007E040207A
:101020008DF86D0003E080208DF86D00FFE703E090
:1010300080208DF86D00FFE7FFE7FFE7FFE7FFE7A0
:10104000FFE7FFE7FFE7FFE7FFE7FFE7FFE71D98A1
:10105000006840F60041C5F60001884240F0B480C7
:10106000FFE79DF86D0001460591022814D0FFE7C7
:101070000598042814D0FFE70598082816D0FFE744
:101080000598102818D0FFE70598202835D0FFE7ED
:101090000598402837D03AE0F5F73EFF11903CE044
:1010A00015A8F5F74DFF1698119036E012A8F6F73F
:1010B0009FF81398119030E044F20040C5F602000A
:1010C000006800F020010020B0EB511F0ED0FFE7B8
:1010D00044F20040C5F602000068C0F3C10149F2C5
:1010E0000000C0F2D030C840119005E049F2000085
:1010F000C0F2D0301190FFE70FE040F60010C0F2D0
:101100003D00119009E04FF40040119005E00020EF
:10111000119001208DF86700FFE71198002852D048
:10112000FFE711981D994A6A48F68071C0F60201DE
:1011300031F81210B0FBF1F0189018981D99496819
:1011400001EB4101884207D3FFE718981D994968D0
:10115000B0EB013F04D9FFE701208DF8670031E0D3
:1011600011981D994A6803924A6A48F68071C0F640
:10117000020131F81220002304931946EFF74BF9CE
:10118000039A049B090241EA1061000210EB52002D
:1011900041F10001EFF73FF91A901A98B0F5407F3E
:1011A0000BD3FFE71A990020B0EB115F05D1FFE7E1
:1011B0001A981D990968C86003E001208DF867003E
:1011C000FFE7FFE7FFE746E11D98C069B0F5004F74
:1011D00040F0A880FFE79DF86D000146029140288D
:1011E00000F263800299DFE801F021256060296048
:1011F00060602F606060606060603560606060604B
:1012000060606060606060606060566060606060E8
:1012100060606060606060606060606060606060CE
:10122000606060606060606060605C00F7F7ECFBCD
:10123000119040E0F7F7FCFB11903CE015A8F5F7A2
:101240007FFE1698119036E012A8F5F7D1FF13989B
:10125000119030E044F20040C5F60200006800F052
:1012600020010020B0EB511F0ED0FFE744F20040F8
:10127000C5F602000068C0F3C10149F20000C0F2E7
:10128000D030C840119005E049F20000C0F2D030E3
:101290001190FFE70FE040F60010C0F23D00119002
:1012A00009E04FF40040119005E00020119001206A
:1012B0008DF86700FFE7119898B3FFE711981D9A22
:1012C0005168536A48F68072C0F6020232F8132061
:1012D000B0FBF2F0400000EB5100B0FBF1F01A90CF
:1012E0001A98102818D3FFE7BDF86A00A0B9FFE7E5
:1012F0001A9820F00F00ADF86E001A9800F00E0159
:10130000BDF86E0040EA5100ADF86E00BDF86E0009
:101310001D990968C86003E001208DF86700FFE7A8
:10132000FFE797E09DF86D0001460191402800F22B
:1013300063800199DFE801F0212560602960606029
:101340002F606060606060603560606060606060F9
:101350006060606060606060566060606060606097
:10136000606060606060606060606060606060607D
:1013700060606060606060605C00F7F745FB119042
:1013800040E0F7F755FB11903CE015A8F5F7D8FDC4
:101390001698119036E012A8F5F72AFF13981190CD
:1013A00030E044F20040C5F60200006800F0200181
:1013B0000020B0EB511F0ED0FFE744F20040C5F60D
:1013C00002000068C0F3C10149F20000C0F2D03051
:1013D000C840119005E049F20000C0F2D0301190F1
:1013E000FFE70FE040F60010C0F23D00119009E069
:1013F0004FF40040119005E00020119001208DF87D
:101400006700FFE7119820B3FFE711981D9A516814
:10141000536A48F68072C0F6020232F81320B0FB1D
:10142000F2F000EB5100B0FBF1F01A901A9810287E
:101430000AD3FFE7BDF86A0030B9FFE7BDF86800DE
:101440001D990968C86003E001208DF86700FFE777
:10145000FFE7FFE7FFE71D990120A1F86A001D994A
:10146000A1F868001D99002048671D9988679DF8BC
:1014700067001EB080BD000080B588B00690059161
:10148000ADF81220059806998865BDF812000699F6
:10149000A1F85C0006990020C1F89000069922206E
:1014A000C1F88C000698D0F88000B0B3FFE706982A
:1014B000D0F8801040F2B170C0F60100C863069801
:1014C000D0F8801040F6A900C0F601000864069824
:1014D000D0F8801040F23170C0F60100C864069860
:1014E000D0F880100020086506980168826DD0F859
:1014F00080002431BDF81230F3F72EFC60B1FFE715
:1015000006991020C1F8900006992020C1F88C009F
:1015100001208DF81F0042E0FFE706980069A0B1A6
:10152000FFE7FFE7FFE70698006850E8000F40F488
:1015300080700390FFE703990698026842E8001064
:101540000028F0D1FFE7FFE7FFE7FFE7FFE7069896
:10155000006850E8020F40F001000290FFE7029996
:101560000698026842E802100028F0D1FFE7FFE782
:10157000FFE7FFE70698006850E8020F40F04000E0
:101580000190FFE701990698026842E802100028DE
:10159000F0D1FFE7FFE700208DF81F00FFE79DF87F
:1015A0001F0008B080BD000084B003900398D0F8FD
:1015B0008800212842D1FFE70398B0F8560038BBD5
:1015C000FFE7FFE7FFE70398006850E8000F20F00F
:1015D00080000190FFE701990398026842E800103B
:1015E0000028F0D1FFE7FFE7FFE7FFE70398006877
:1015F00050E8000F40F040000090FFE7009903988A
:10160000026842E800100028F0D1FFE7FFE714E08D
:101610000398006D0290029800886FF35F20039991
:10162000096888620399086D023008650399B1F86A
:1016300056000138A1F85600FFE7FFE704B07047F5
:1016400085B004900498D0F8880021285DD1FFE788
:101650000498B0F86A00ADF80A00FFE7BDF80A0088
:10166000002851D0FFE70498B0F8560038BBFFE7D8
:10167000FFE7FFE70498006850E8020F20F400003D
:101680000190FFE701990498026842E802100028DF
:10169000F0D1FFE7FFE7FFE7FFE70498006850E8B5
:1016A000000F40F040000090FFE7009904980268A6
:1016B00042E800100028F0D1FFE7FFE724E004989B
:1016C0000068C0690006002815D5FFE70498006D82
:1016D0000390039800886FF35F200499096888627B
:1016E0000499086D023008650499B1F85600013874
:1016F000A1F8560000E0FFE7FFE7FFE7BDF80A00AA
:101700000138ADF80A00A9E7FFE705B0704700000F
:1017100083B002900298D0F8880021283DD1FFE7DD
:101720000298B0F8560038BBFFE7FFE7FFE70298E2
:10173000006850E8000F20F080000190FFE7019959
:101740000298026842E800100028F0D1FFE7FFE7A6
:10175000FFE7FFE70298006850E8000F40F0400004
:101760000090FFE700990298026842E80010002804
:10177000F0D1FFE7FFE70FE002980168006D007805
:1017800088620299086D013008650299B1F8560027
:101790000138A1F85600FFE7FFE703B070470000EB
:1017A00084B003900398D0F88800212858D1FFE72F
:1017B0000398B0F86A00ADF80A00FFE7BDF80A0028
:1017C00000284CD0FFE70398B0F8560038BBFFE77D
:1017D000FFE7FFE70398006850E8020F20F40000DD
:1017E0000190FFE701990398026842E8021000287F
:1017F000F0D1FFE7FFE7FFE7FFE70398006850E855
:10180000000F40F040000090FFE700990398026845
:1018100042E800100028F0D1FFE7FFE71FE003983F
:101820000068C0690006002810D5FFE7039801682A
:10183000006D007888620399086D0130086503998E
:10184000B1F856000138A1F8560000E0FFE7FFE7C5
:10185000FFE7BDF80A000138ADF80A00AEE7FFE780
:1018600004B070470000000080B586B0DDF820C0ED
:10187000049003918DF80B200193FFE70498006812
:10188000C06903990840401AB0FA80F040099DF8F9
:101890000B10884266D1FFE708980130002860D01D
:1018A000FFE7F5F7BDF90199401A0899884203D876
:1018B000FFE7089820B9FFE703208DF8170055E0EF
:1018C0000498006800684007002849D5FFE703989E
:1018D000802845D0FFE70398402841D0FFE70498CF
:1018E0000068C06900F008010120B0EBD10F16D1EB
:1018F000FFE7049801680820009008620498FEF74A
:10190000EFFF00980499C1F89000FFE704990020C8
:1019100081F88400FFE701208DF8170026E0049885
:101920000068C06900F400610120B0EBD12F16D12E
:10193000FFE7049801684FF4006008620498FEF71E
:10194000CFFF04992020C1F89000FFE70499002000
:1019500081F88400FFE703208DF8170006E0FFE719
:10196000FFE78BE700208DF81700FFE79DF81700D1
:1019700006B080BD0000000080B542F2D430C2F253
:101980000040F9F751FB80BD80B542F26840C2F2D9
:101990000040F9F749FB80BD80B542F2FC40C2F23D
:1019A0000040F9F741FB80BDFFE7FEE700000000C3
:1019B00080B586B005908DF813100F208DF81200B9
:1019C000059848B1FFE79DF8130028B1FFE79DF89F
:1019D0001300102801DBFFE734E000F035F880B396
:1019E000FFE705999DF81300820047F2E430C2F248
:1019F00000400190EEF78BFD01994FF0FF400390FE
:101A00009DF81320039841F822009DF8132004202C
:101A100000EB8200ADF80A00BDF80A2042F2246013
:101A2000C2F200400F23FAF763FB38B1FFE742F23E
:101A30002460C2F2004000F053F8FFE700F03CF8E9
:101A4000FFE7FFE706B080BD80B582B000F01CF86C
:101A500047F22840C2F2004001680020019071B1B5
:101A6000FFE747F22840C2F2004000684FF0FF3124
:101A700012F0AAFDB0FA80F040090190FFE701984A
:101A800000F0010002B080BD80B547F22840C2F2EC
:101A90000040006860B9FFE74AF6C840C0F602009F
:101AA00012F0E2FD47F22841C2F200410860FFE770
:101AB00080BD00000000000080B547F22840C2F25F
:101AC0000040006840B1FFE747F22840C2F2004002
:101AD000006812F05DFEFFE780BD0000000000001E
:101AE00081B000900098006847F60001C4F2000140
:101AF00088422ED1FFE747F22441C2F20041002084
:101B0000087000990A68116821F04001116000997D
:101B10000A68916821F080019160009A2021C2F842
:101B200088100099C1F89000009801684020086270
:101B30000098016808200862009801680120086286
:101B40000098016802200862009801680420086279
:101B5000FFE701B07047000081B000900098006876
:101B600047F60001C4F20001884207D1FFE747F2BF
:101B70002441C2F2004100200870FFE701B0704725
:101B800080B58AB08DF827008DF826108DF82520B5
:101B900000208DF80C000290FFE70298072828DC4F
:101BA000FFE79DF82600029BD840C107602000296E
:101BB000024618BF78220DF10D01CB1ADA719DF89B
:101BC0002720029BDA40D207002A024618BF78225B
:101BD000CB1ADA739DF82530029AD340DB07002B2D
:101BE00018BF7820891AC875FFE702980130029063
:101BF000D3E742F26820C2F2004003A900224FF668
:101C0000FF73F7F7CDFFFFE742F26820C2F2004012
:101C100090F88100012801D0FFE7F5E742F2682043
:101C2000C2F200400DF10D0118224FF6FF73F7F7D5
:101C3000B7FF00200190FFE7019863280FDCFFE762
:101C400042F26820C2F2004003A901224FF6FF735E
:101C5000F7F7A6FFFFE7019801300190ECE70AB023
:101C600080BD00000000000080B582B040F6A820D2
:101C7000C2F20040019000F500700EF091FF019853
:101C800000F52E700EF08CFF0EF0FEFD02B080BD50
:101C900080B511F0A9FE80BD80B511F09DFE80BD1C
:101CA00080B586B000F0A0FE42F28800C2F200408B
:101CB00003900121019100220292F3F7D1FB0199D7
:101CC000029A42F22810C2F200400490F3F7C8FBD7
:101CD0000199029A42F2C810C2F200400590F3F74F
:101CE000BFFB0398F4F744FD0498F4F741FD059811
:101CF000F4F73EFD06B080BD2DE9F04FADF5117D46
:101D00008F9000208DF80B028F9883AA02F1280390
:101D10004021F3F75DFD20B1FFE700208DF843027D
:101D200024E3BDF81A028DF80B028F9842F2880165
:101D3000C2F20041884240F06381FFE783988190BE
:101D4000819840F6A821C2F20041098E88424CD108
:101D5000FFE783988499859A869BDDF81CC2DDF89D
:101D600020E2CDF8E8E1CDF8E4C17893779276915E
:101D7000759089988A998B9A8C9BDDF834C2DDF82E
:101D800038E2CDF800E2CDF8FCC17E937D927C91E3
:101D90007B907599769A779B7898DDF8E4E17A9C48
:101DA0007B9D7C9E7D9FDDF8F881DDF8FC91DDF860
:101DB00000A2EC46CDF84CC0CCF820A0CCF81C908A
:101DC000CCF81880CCF81470CCF81060CCF80C501B
:101DD000CCF80840CCF804E0CCF8000040F6A8208D
:101DE000C2F200400FF0CCF809E1819840F6A8213A
:101DF000C2F20041B1F8B01088424DD1FFE783989C
:101E00008499859A869BDDF81CC2DDF820E2CDF826
:101E1000B8E1CDF8B4C16C936B926A9169908998DE
:101E20008A998B9A8C9BDDF834C2DDF838E2CDF8C4
:101E3000D0E1CDF8CCC17293719270916F90699995
:101E40006A9A6B9B6C98DDF8B4E16E9C6F9D709EF6
:101E5000719FDDF8C881DDF8CC91DDF8D0A1EC46AA
:101E6000CDF848C0CCF820A0CCF81C90CCF8188055
:101E7000CCF81470CCF81060CCF80C50CCF80840BA
:101E8000CCF804E0CCF8000040F6A820C2F20040F4
:101E900080300FF075F8B1E0819840F6A821C2F2C9
:101EA0000041B1F8301188424ED1FFE78398849900
:101EB000859A869BDDF81CC2DDF820E2CDF888E12A
:101EC000CDF884C160935F925E915D9089988A9904
:101ED0008B9A8C9BDDF834C2DDF838E2CDF8A0E1B6
:101EE000CDF89CC166936592649163905D995E9A0A
:101EF0005F9B6098DDF884E1629C639D649E659FB2
:101F0000DDF89881DDF89C91DDF8A0A1EC46CDF8D4
:101F100044C0CCF820A0CCF81C90CCF81880CCF8A9
:101F20001470CCF81060CCF80C50CCF80840CCF809
:101F300004E0CCF8000040F6A820C2F2004000F512
:101F400080700FF01DF858E0819840F6A821C2F289
:101F50000041B1F8B01188424ED1FFE783988499CF
:101F6000859A869BDDF81CC2DDF820E2CDF858E1A9
:101F7000CDF854C1549353925291519089988A99B3
:101F80008B9A8C9BDDF834C2DDF838E2CDF870E135
:101F9000CDF86CC15A935992589157905199529AD1
:101FA000539B5498DDF854E1569C579D589E599F79
:101FB000DDF86881DDF86C91DDF870A1EC46CDF8B4
:101FC00040C0CCF820A0CCF81C90CCF81880CCF8FD
:101FD0001470CCF81060CCF80C50CCF80840CCF859
:101FE00004E0CCF8000040F6A820C2F2004000F562
:101FF000C0700EF0C5FFFFE7FFE7FFE7FFE7B0E1C6
:102000008F9842F2C811C2F20041884240F0978096
:10201000FFE783980F9040F20F11884206D0FFE748
:102020000F9840F21F11884244D087E040F2000030
:10203000C2F20040D0F800C083988499859A869BAC
:10204000DDF81CE2889C4A94CDF824E1489347923D
:102050004691459089988A998B9A8C9BDDF834E259
:102060008E9C5094CDF83CE14E934D924C914B9008
:1020700045984699479A489BDDF824E14A9D4B9E36
:102080004C9FDDF83481DDF83891DDF83CA1DDF8B6
:1020900040B16C460E94C4F81CB0C4F818A0C4F843
:1020A0001490C4F81080E760A6606560C4F800E092
:1020B000E04743E040F20000C2F20040D0F804C024
:1020C00083988499859A869BDDF81CE2889C3E94CF
:1020D000CDF8F4E03C933B923A91399089988A99F3
:1020E0008B9A8C9BDDF834E28E9C4494CDF80CE105
:1020F0004293419240913F9039983A993B9A3C9B48
:10210000DDF8F4E03E9D3F9E409FDDF80481DDF860
:102110000891DDF80CA1DDF810B16C460D94C4F8FF
:102120001CB0C4F818A0C4F81490C4F81080E7607C
:10213000A6606560C4F800E0E047FFE710E18F9813
:1021400042F22811C2F20041884240F00881FFE7C4
:102150008398B0F5007F40F20181FFE78398B0F5E6
:10216000017F00F2FB80FFE78398A0F20120389006
:1021700038980C9048B1FFE70C98012853D0FFE73E
:102180000C98042800F09D80E7E083988499859A54
:10219000869BDDF81CC2DDF820E2CDF8C4E0CDF866
:1021A000C0C02F932E922D912C9089988A998B9A4A
:1021B0008C9BDDF834C2DDF838E2CDF8DCE0CDF8F8
:1021C000D8C035933492339132902C992D9A2E9B0E
:1021D0002F98DDF8C0E0319C329D339E349FDDF8AE
:1021E000D480DDF8D890DDF8DCA0EC46CDF82CC02A
:1021F000CCF820A0CCF81C90CCF81880CCF8147047
:10220000CCF81060CCF80C50CCF80840CCF804E0C6
:10221000CCF8000040F6A820C2F2004000F50070A3
:102220000EF0DAFB99E083988499859A869BDDF815
:102230001CC2DDF820E2CDF894E0CDF890C02393E5
:1022400022922191209089988A998B9A8C9BDDF813
:1022500034C2DDF838E2CDF8ACE0CDF8A8C029935F
:102260002892279126902099219A229B2398DDF885
:1022700090E0259C269D279E289FDDF8A480DDF810
:10228000A890DDF8ACA0EC46CDF828C0CCF820A092
:10229000CCF81C90CCF81880CCF81470CCF81060F6
:1022A000CCF80C50CCF80840CCF804E0CCF8000096
:1022B00040F6A820C2F2004000F52E700EF08CFB14
:1022C0004BE083988499859A869BDDF81CC2DDF8E3
:1022D00020E2CDF864E0CDF860C017931692159116
:1022E000149089988A998B9A8C9BDDF834C2DDF81A
:1022F00038E2CDF87CE0CDF878C01D931C921B919C
:102300001A901499159A169B1798DDF860E0199C9D
:102310001A9D1B9E1C9FDDF87480DDF87890DDF817
:102320007CA0EC46CDF824C0CCF820A0CCF81C90C2
:10233000CCF81880CCF81470CCF81060CCF80C50A5
:10234000CCF80840CCF804E0CCF8000040F248108B
:10235000C2F2004001F0ACF9FFE7FFE7FFE7FFE75B
:10236000FFE79DF80B028DF84302FFE79DF843025B
:102370000DF5117DBDE8F08F85B004908DF80F103C
:1023800000200290049842F28801C2F20041884283
:102390005CD1FFE79DF80F000138014601910A2842
:1023A00052D80199DFE801F0060C131A21272E35C7
:1023B0003C42490040F20410C2F20040029044E066
:1023C00040F20410C2F20040023002903DE040F2C0
:1023D0000410C2F200400430029036E040F20410D3
:1023E000C2F20040063002902FE040F2FC00C2F240
:1023F0000040029029E040F2FC00C2F200400230AE
:10240000029022E040F2FC00C2F200400430029050
:102410001BE040F2FC00C2F200400630029014E0E3
:1024200040F20C10C2F2004002900EE040F20C109C
:10243000C2F200400230029007E040F20C10C2F2FB
:1024400000400430029000E0FFE764E0049842F2AC
:102450002811C2F2004188425CD1FFE79DF80F00CD
:102460000138014600910A2852D80099DFE801F0AE
:10247000060C131A21272E353C42490040F21C104D
:10248000C2F20040029044E040F21C10C2F2004050
:10249000023002903DE040F21C10C2F200400430D5
:1024A000029036E040F21C10C2F20040063002906A
:1024B0002FE040F21410C2F20040029029E040F2F6
:1024C0001410C2F200400230029022E040F21410D8
:1024D000C2F20040043002901BE040F21410C2F23D
:1024E00000400630029014E040F22410C2F2004096
:1024F00002900EE040F22410C2F20040023002903E
:1025000007E040F22410C2F200400430029000E0E4
:10251000FFE7FFE7FFE7029805B070470000000003
:1025200080B58EB00C90ADF82E100A920993BDF8CC
:102530002E00009000200190029008210391049049
:1025400005900690079008900C980A9A6946F3F750
:1025500007F820B1FFE701208DF8370003E00020E5
:102560008DF83700FFE79DF837000EB080BD000002
:1025700081B08DED000A9DED000AB0EEC00A9FED1E
:10258000051A0020B4EE410AF1EE10FA18BF01203E
:1025900001B070470000807F83B0029001910092EB
:1025A000009890ED002A90ED014A90ED026A90EDBE
:1025B000035AB6EE001AB0EE417AA6EE467AA5EEC0
:1025C000457A029822EE050A94EE060AD0ED000A3A
:1025D000D0ED011A90ED023A20EE210AA7EE200A72
:1025E00022EE062AA4EE052AA2EE030A30EE000A25
:1025F000019880ED000A009890ED002A90ED016AA4
:1026000090ED024A90ED035A22EE057AA6EE047A86
:102610000298B0EE410AA6EE460AA5EE450AD0EDB4
:10262000000AD0ED011A90ED023A20EE210AA7EE41
:10263000200A22EE062A94EE052AA2EE030A30EEC4
:10264000000A019880ED010A009890ED000A90EDD3
:10265000014A90ED023A90ED032A20EE035A94EEDF
:10266000025A029820EE040AA3EE020A90ED006AD4
:1026700090ED017A90ED022A20EE070AA5EE060AF7
:10268000A4EE441AA3EE431AA1EE020A30EE000AA9
:10269000019880ED020A03B07047000000000000BE
:1026A00083B0029001910092009890ED002A90ED85
:1026B000014A90ED026A90ED035AB6EE001AB0EEB0
:1026C000417AA6EE467AA5EE457A029822EE050AF0
:1026D000A4EE060AD0ED000AD0ED011A90ED023A00
:1026E00020EE210AA7EE200A22EE062A94EE052A01
:1026F000A2EE030A30EE000A019880ED000A00986D
:1027000090ED002A90ED016A90ED024A90ED035A97
:1027100022EE057A96EE047A0298B0EE410AA6EE11
:10272000460AA5EE450AD0ED000AD0ED011A90ED5B
:10273000023A20EE210AA7EE200A22EE062AA4EE93
:10274000052AA2EE030A30EE000A019880ED010A84
:10275000009890ED000A90ED014A90ED023A90ED5C
:10276000032A20EE035AA4EE025A029820EE040A2D
:1027700093EE020A90ED006A90ED017A90ED022A44
:1027800020EE070AA5EE060AA4EE441AA3EE431AA9
:10279000A1EE020A30EE000A019880ED020A03B0B1
:1027A000704700000000000080B588B08DED060A7B
:1027B000CDED050A8DED041A9DED060A00F034F802
:1027C00030B1FFE79DED040A00F02EF818B9FFE7DD
:1027D0000698079020E09DED050A00F085FA8DED42
:1027E000030A9DED040A9DED031A20EE010A20EE76
:1027F000010A8DED020A9DED020ADFED090A15F0CE
:102800009BFA8DED010A9DED060A9DED011A30EE51
:10281000410A8DED070AFFE79DED070A08B080BD6C
:102820000AE81C410000000080B582B08DED010A6D
:102830009DED010AFFF79CFE02B080BD0000000084
:1028400089B007900691059204939DED040AB8EEB5
:10285000400A0598013801EE100AB8EE411A80EEE0
:10286000010A8DED030A9DED030A0698013801EE79
:10287000100AB8EE411A20EE010A8DED020A9DED14
:10288000020ABDEEC00A8DED010A0198B0F1FF3FCA
:1028900003DCFFE700200190FFE70198069901396A
:1028A000884208DBFFE70798069900EB810050F8A3
:1028B000040C08901EE09DED020A9DED011AB8EE91
:1028C000C11A30EE410A8DED000A0798019900EB1C
:1028D00081009DED003AB7EE000A30EE432A90EDFC
:1028E000001A90ED010A20EE030AA1EE020A8DED16
:1028F000080AFFE79DED080A09B0704700000000D4
:1029000086B08DED050ACDED040A8DED031A029017
:102910009DED050A9DED041AB4EE410AF1EE10FAA0
:1029200003DAFFE704980590FFE79DED050A9DEDAA
:10293000031AB4EE410AF1EE10FA03DDFFE7039843
:102940000590FFE79DED030A9DED041A30EE410A64
:102950008DED010A049800909DED050A9DED001A89
:1029600030EE410A029901208840013801EE100A38
:10297000B8EEC11A20EE010A9DED011A80EE010A9F
:10298000BDEEC00A10EE100A06B07047000000004D
:1029900086B005908DED040ACDED030A02919DED00
:1029A000030A9DED041A30EE410A8DED010A0498E8
:1029B00000909DED050AB8EEC00A9DED011A20EECB
:1029C000010A029901208840013801EE100AB8EE90
:1029D000C11A80EE010A9DED001A30EE010A06B020
:1029E000704700000000000080B590B00020069005
:1029F00008900990022105910A9101210B910C90F8
:102A00000D9042F28800C2F20040039008A90291A2
:102A1000F2F716FE029942F22810C2F2004004902A
:102A2000F2F70EFE029942F2C810C2F2004007907F
:102A3000F2F706FE059A069B039869460B6011465D
:102A4000F2F78AFE059A069B049869460B601146C8
:102A5000F2F782FE059A069B079869460B601146BD
:102A6000F2F77AFE10B080BD80B584B00390039970
:102A7000002001900874039BD3F8F400596842F6D3
:102A8000F442C2F20042009212889B7B5A43EDF757
:102A900083FD0099039A50680988927B5143EDF7B2
:102AA000D7FD0099039AD2F818010988927B514307
:102AB0005143EDF7CDFD0099039AD2F80C01098836
:102AC000137B927B59435143EDF7C2FD01988DF87A
:102AD0000B00FFE79DF80B000399897B884243DADE
:102AE000FFE70398D0F8F4009DF80B1000EB81008D
:102AF00090ED000AB5EE400AF1EE10FA2DD0FFE796
:102B0000039AD2F8F4109DF80B0051F82000127CC3
:102B100041F822009DF80B00039A516A127C8854F8
:102B2000DDF80CC0DCF818009DF80BE050F82E0022
:102B3000DCF80C119CF80C209CF81030DCF814C068
:102B40001CF80EC012FB03C201EB820141F8040C19
:102B50000399087C01300874FFE7FFE79DF80B003C
:102B600001308DF80B00B5E700208DF80A00FFE773
:102B70009DF80A000399097C884216DAFFE7039B57
:102B8000D869596A9DF80A20895C50F82100D3F869
:102B900018111B7C12FB032241F82200FFE79DF86D
:102BA0000A0001308DF80A00E2E70399087CA1F8D9
:102BB00078000399087BA1F87A000399087BA1F8B3
:102BC00080000399087CA1F882000399087CA1F891
:102BD00090000399087CA1F892000399087BA1F862
:102BE00098000399087CA1F89A000399087CA1F841
:102BF000480004B080BD000080B540F21000C2F271
:102C00000040816842F28800C2F20040884780BDDF
:102C100080B540F21000C2F20040816842F22810F4
:102C2000C2F20040884780BD80B540F21000C2F279
:102C30000040816842F2C810C2F20040884780BD5F
:102C400080B584B00390039890ED003A90ED010AAE
:102C500090ED022A90ED031A20EE000AA3EE030A7B
:102C6000A2EE020AA1EE010A15F084FB8DED020A24
:102C70009DED020A9FED1B1AB4EE410AF1EE10FA27
:102C80002DDDFFE79DED021AB7EE000A80EE010A86
:102C90008DED010A9DED011A039890ED000A20EEDA
:102CA000010A80ED000A9DED011A039890ED010ADA
:102CB00020EE010A80ED010A9DED011A039890EDC6
:102CC000020A20EE010A80ED020A9DED011A039826
:102CD00090ED030A20EE010A80ED030AFFE704B03D
:102CE00080BD00BFBD37863580B582B08DED000A4E
:102CF0009DED000AFFF798FD18B9FFE7002001904D
:102D000022E09DED000A9FED121AB4EE410AF1EEA9
:102D100010FA06DDFFE746F26660C4F22600019075
:102D200012E09DED000A9FED0B1AB4EE410AF1EEA0
:102D300010FA06DAFFE746F26660CCF22600019050
:102D400002E000980190FFE79DED010A02B080BD0E
:102D500066662640666626C080B584B08DED030A9F
:102D600040F6DB70C4F2C90002909DED030A9FEDAE
:102D7000111A30EE010ADFED100A15F0DBF98DEDC6
:102D8000010A9DED010AB5EE400AF1EE10FA09DAEA
:102D9000FFE79DED010A9FED081A30EE010A8DED67
:102DA000010AFFE79DED010A9FED041A30EE010ACA
:102DB00004B080BDDB0F4940DB0FC940DB0F49C0C9
:102DC00080B584B08DED030A40F6DB70C4F2C90013
:102DD00002909DED030ADFED0D0A15F0ABF98DEDC4
:102DE000010A9DED010AB5EE400AF1EE10FA09DA8A
:102DF000FFE79DED010A9FED051A30EE010A8DED0A
:102E0000010AFFE79DED010A04B080BDDB0FC94058
:102E100082B001908DED000A019890ED000A9DEDC1
:102E2000001AB4EE410AF1EE10FA04DDFFE7009853
:102E300001990860FFE7019890ED000A9DED001AE6
:102E4000B1EE411AB4EE410AF1EE10FA08DAFFE7EA
:102E50009DED000AB1EE400A019880ED000AFFE7FF
:102E600002B070470000000080B58EB00D900D9844
:102E7000079000F5A1609FED8A0ADFED8A0A9FEDB9
:102E80008A1ADFED8A1ACDED031A9FED892A8DED9E
:102E9000042ADFED882ACDED012A9FED873A8DEDDA
:102EA000023ADFED863A00F057FEDDED012ADDED56
:102EB000023ADDED031A9DED042A079800F5B6608D
:102EC0009FED7F0ADFED7F0ACDED000AB0EE611ABB
:102ED000B0EE633A00F040FEDDED012ADDED023A8E
:102EE0009DED042A079800F204609FED770ADFED5C
:102EF000770A9FED771ADFED771AB0EE633A00F0AC
:102F00002BFEDDED000ADDED012ADDED023ADDEDFF
:102F1000031A9DED042A079800F5CB609FED6E0A19
:102F2000B7EE001AB0EE633A00F016FE9DED031AFC
:102F3000DDED041A079800F2AC60B3EE040ADFED91
:102F4000670A4FF4804141F2707200F0C5FE0798A5
:102F5000018900EE101AB8EEC00B40F6CC01C2F2A7
:102F6000004191ED1D1AB7EEC11A9FED492B81EE7C
:102F7000021B9FED492BA1EE020BB7EEC00B00F533
:102F8000E06181ED000A4FF07E510C910B9100221F
:102F9000C4F220120A9245F20002C4F2C3720992EE
:102FA0000891383000220592012306931946F9F75B
:102FB000F3FA059A069B079800F5B6701946F9F7DB
:102FC000EBFA059A069B079800F528701946F9F761
:102FD000E3FA059A069B079800F575701946F9F70C
:102FE000DBFA0798D0F838210C991160D0F84C2101
:102FF0000B991160D0F850210A991160D0F8302156
:1030000009991160D0F8442108991160D0F86C2218
:103010000C991160D0F880220B991160D0F88422AD
:103020000A991160D0F8642209991160D0F87822C9
:10303000089911600021C4F2C0010A91D0F8A023C0
:103040000C991160D0F8B4230B991160D0F8B82313
:103050000A991160D0F8982309991160D0F8AC232F
:1030600008991160D0F8D4240C991160D0F8E824A4
:103070000B991160D0F8EC240A991160D0F8CC2497
:1030800009991160D0F8E014089808600EB080BD6E
:103090004AD8124DFB211940000000000000C0403A
:1030A000004083448FC2F53D00007A4400000000D8
:1030B000000000460060EA4600401C460080BB4518
:1030C000E7FBA93DACC5273700808944000070426A
:1030D00000806D440000C8427D3F0540AE47613E20
:1030E00080B582B001900198052102229FED030A6C
:1030F000DFED030A00F050FB02B080BD2CA0994127
:103100000060EA460000000080B586B00590059892
:10311000019040F66800C2F200404078012804D1D6
:10312000FFE70199002048825CE00198007C0128BB
:1031300004D1FFE7019800F063F800E052E0FFE7F8
:10314000019800210491039100F0A6FA01988DEDF9
:10315000020A00F0A1FA40F24000C2F2004090EDF5
:10316000001A30EE010A8DED020A9DED020A9FED74
:103170001E1AB4EE410AF1EE10FA09DDFFE79DEDEB
:10318000020A9FED1C1A30EE010A8DED020A13E0CF
:103190009DED020A9FED151AB4EE410AF1EE10FA08
:1031A00009DAFFE79DED020A9FED111A30EE010AE0
:1031B0008DED020AFFE7FFE79DED020A9FED0D1A74
:1031C00080EE010A9FED0C1A20EE010A40F6A820BD
:1031D000C2F200400CF0A0FE019800F005FB00F0E8
:1031E00043FAFFE706B080BD00008045000080C5BF
:1031F00000000046000000C60000B44300000000CC
:1032000080B58AB0099009980590408A1E281DDC77
:10321000FFE7059840F2C801C2F2004191ED050AAE
:10322000B7EEC00A9FEDCC1B80EE011B018900EEBA
:10323000101AB8EEC00B9FEDCA2BA1EE020BB7EE31
:10324000C00B00F5E06080ED000AFFE7059800F58F
:10325000E06090ED000A9FEDC41AB4EE410AF1EE71
:1032600010FA0CDDFFE7059800F5E06090ED000A2C
:103270009FEDBE1A30EE010A80ED000A19E00598B4
:1032800000F5E06090ED000A9FEDB81AB4EE410A37
:10329000F1EE10FA0CDAFFE7059800F5E06090ED2A
:1032A000000A9FEDE51A30EE010A80ED000AFFE703
:1032B000FFE7059840F6CC01C2F2004191ED1D0AEE
:1032C000B7EEC00A9FEDD81B80EE010B9FEDD81B17
:1032D00020EE010BB7EEC00B8DED080A008900EE61
:1032E000100AB8EEC00A9DED081A30EE010A8DED05
:1032F000070A9DED070A9FEDD21AB4EE410AF1EEDE
:1033000010FA09DDFFE79DED070A9FEDCC1A30EEBC
:10331000010A8DED070A13E09DED070A9FEDC91A1A
:10332000B4EE410AF1EE10FA09DAFFE79DED070A63
:103330009FEDC11A30EE010A8DED070AFFE7FFE7A6
:1033400005989DED070ABDEEC00A10EE101A40F672
:103350006802C2F2004211859DED070A00F5E060A7
:1033600090ED001A30EE410A40F23C00C2F20040FB
:1033700090ED001A40F6CC00C2F2004090ED1F2AFA
:10338000A1EE020A8DED060A9DED060A9FEDAD1A2B
:10339000B4EE410AF1EE10FA09DCFFE79DED060AF2
:1033A0009FEDA51A30EE010A8DED060A13E09DEDA2
:1033B000060A9FEDA31AB4EE410AF1EE10FA09DBFA
:1033C000FFE79DED060A9FED9D1A30EE010A8DED97
:1033D000060AFFE7FFE740F66800C2F2004090F8F7
:1033E0002500002840F09980FFE79DED060AB1EE28
:1033F000041AB4EE410AF1EE10FA0DDAFFE79DED82
:10340000060AB9EE041AB4EE410AF1EE10FA03DD31
:10341000FFE700200690FFE70599069A01F13800C2
:10342000CB6B1A60D1F838214FF07E511160F9F75B
:10343000E3FC0598D0F820010068069040F25400A3
:10344000C2F20040007840F25C01C2F2004109780B
:1034500088421DDBFFE7059800F5B66004909FEDFC
:103460007A0A00F071FC04989DED060A00F000FB5A
:10347000049800F009FB049800F05EFC059880EDCC
:10348000000A40F25401C2F2004100200870FFE738
:10349000059901F5A160039091ED000A00F054FC3C
:1034A0000398059991ED030AB8EEC00A00F0E0FA1E
:1034B000039840F21C01C2F2004100F07DFB03982A
:1034C00000F03AFC0599BDEEC00A10EE100A4881E2
:1034D000B1F90A0000EE100AB8EEC00AD1F8D8031C
:1034E00080ED000A01F13800D1F838214FF07E510B
:1034F0001160F9F781FC0599D1F8200190ED000ADF
:10350000BDEEC00A10EE100A488140F25401C2F22A
:10351000004108780130087081E040F66800C2F28E
:10352000004090F82500012878D1FFE79DED060ABC
:10353000B2EE041AB4EE410AF1EE10FA1BDAFFE71C
:103540009DED060ABAEE041AB4EE410AF1EE10FA45
:1035500011DD0DE000BF00BF4AD8124DFB2119401C
:10356000000000000000C04000000046000000C64F
:1035700000200690FFE7059800F5CB6001909FEDD5
:10358000320A00F0E1FB01989DED060A00F070FAA6
:10359000019800F079FA019800F0CEFB059981EDD1
:1035A000000A01F20460029091ED000A00F0CCFBE9
:1035B0000298059991ED030AB8EEC00A00F058FA96
:1035C000029840F21C01C2F2004100F0F5FA0298A4
:1035D00000F0B2FB0599BDEEC00A10EE100A48815A
:1035E000B1F90A0000EE100AB8EEC00AD1F8D8030B
:1035F00080ED000A01F13800D1F838214FF07E51FA
:103600001160F9F7F9FB0599D1F8200190ED000A56
:10361000BDEEC00A10EE100A4881FFE7FFE70AB0CE
:1036200080BD00BF00BF00BF4AD8124DFB2119402A
:10363000000000000000C04000000046000000C67E
:1036400000008045000080C5000000000000000070
:1036500080B582B001900198009000F0D1F80098F8
:1036600002B080BD0000000080B540F21000C2F240
:103670000040D0F804C040F24C00C2F200400068A4
:1036800040F21412C2F2004240F2FF110823E04758
:1036900080BD00000000000081B00090009800890B
:1036A00000EE100AB8EE400A01B0704700000000BA
:1036B0002DE9F04F8EB0DDF87CA0DDF87890DDF8D4
:1036C00074801C9F1B9E1A9D199CDDF860E0DDF83C
:1036D0005CC0CDF834A0CDF83090CDF82C800A979E
:1036E000099608950794CDF818E0CDF814C0049316
:1036F00003920291019001990091088988839DF8B5
:1037000030209DF8310040EA022008819DF83220E7
:103710009DF8330040EA022000B2C8609DF83420D2
:103720009DF8350040EA022008839DF8360088762F
:103730000889898B401A4EF29B61CFF6FF7188424F
:1037400005DCFFE70099C88B0130C883FFE70099CB
:10375000888B0989401A4EF29B61CFF6FF7188422F
:1037600005DCFFE70099C88B0138C883FFE70099A3
:103770000889B1F91E2000EB423000EE100AB8EEC5
:10378000C00A81ED080A488A013048820120087485
:103790000EB0BDE8F08F000080B586B005908DF8C2
:1037A00013108DF812208DED030ACDED020A059954
:1037B00001919DF8130081F82C009DF8120081F80A
:1037C0003000039848630298886240F24C00C2F2CD
:1037D000004000689DF81310FEF7CEFD0199486186
:1037E00006B080BD0000000081B000900099C87A4A
:1037F0004A691070887A4969487001B070470000C2
:1038000081B00090009846F20001C4F2EA61816242
:103810004FF40051C185032180F830104AF22C0189
:10382000C4F29911416301B070470000000000002C
:1038300084B08DED020ACDED010A8DED001A9DEDEB
:10384000020A9DED001AB4EE410AF1EE10FA03DD12
:10385000FFE7009803900FE09DED020A9DED011A2D
:10386000B4EE410AF1EE10FA03DAFFE70198039093
:1038700002E002980390FFE79DED030A04B0704751
:1038800084B08DED020ACDED010A8DED001A9DED9B
:10389000020A9DED001AB4EE410AF1EE10FA03DDC2
:1038A000FFE7009803900FE09DED020A9DED011ADD
:1038B000B4EE410AF1EE10FA03DAFFE70198039043
:1038C00002E002980390FFE79DED030A04B0704701
:1038D00084B08DED020ACDED010A8DED001A9DED4B
:1038E000010A9DED021A9DED002A31EE021AB4EE96
:1038F000410AF1EE10FA09DDFFE79DED020A9DEDA8
:10390000001A30EE010A8DED030A19E09DED010A5F
:103910009DED021A9DED002A31EE421AB4EE410AE5
:10392000F1EE10FA09DAFFE79DED020A9DED001AAB
:1039300030EE410A8DED030A02E001980390FFE7A3
:103940009DED030A04B0704780B58EB08DED0D0A71
:10395000CDED0C0A8DED0B1ACDED0A1A8DED092A6D
:10396000CDED082A8DED073ACDED063A8DED054AED
:10397000CDED044A8DED035A8DF80B009DED090A3B
:103980009DED0D2A9DED0C1A31EE422A9DED081A8F
:103990009DED0B3A21EE031AA0EE021A9DED0A0AE4
:1039A00030EE410A8DED010A9DF80B00C00748B3C7
:1039B000FFE79DED0C0A9DED051AB4EE410AF1EE0C
:1039C00010FA1FDAFFE79DED0B0AB5EE400AF1EEA3
:1039D00010FA17DAFFE79DED040A9DED052A9DED2B
:1039E0000C1A31EE422A9DED031A9DED0B3A21EEA1
:1039F000031AA0EE021A9DED010A30EE410A8DED88
:103A0000010AFFE79DED010ADDED070A9DED061AAB
:103A1000FFF70EFF0EB080BD83B08DED010ACDED36
:103A2000000A9DED010A9DED001AB4EE410AF1EE87
:103A300010FA03DDFFE70098029015E09DED010A02
:103A40009DED001AB1EE411AB4EE410AF1EE10FA02
:103A500007DAFFE79DED000AB1EE400A8DED020A9C
:103A600002E001980290FFE79DED020A03B0704763
:103A700082B001908DED000A01990098486002B073
:103A8000704700000000000080B582B001900199ED
:103A9000009191ED000A91ED011A30EE410A81ED9D
:103AA000020A91ED010A91ED031A30EE410A81ED0F
:103AB000040A91ED000A91ED071A30EE410A81EDFA
:103AC000050A91ED021A91ED080A20EE010A81ED36
:103AD0000C0A01F1340091ED022A91ED091A91EDE1
:103AE0000D0AA1EE020A81ED0D0A91ED021A91ED87
:103AF000032A91ED0A0A31EE421A20EE010A81ED05
:103B00000E0A91ED051A91ED0B0A20EE010A81EDE6
:103B10000F0A91ED130AFFF77BF9009991ED0C0A5A
:103B200091ED0D3A91ED0E2A91ED0F1A30EE030A48
:103B300030EE020A30EE010A01F1400081ED100A78
:103B400091ED110AFFF764F900998868C860086868
:103B5000C86102B080BD000089B008908DED070AF1
:103B6000CDED060A8DED051ACDED041A8DED032A73
:103B7000CDED022A8DED013ACDED003A0899079876
:103B8000086206984862059888620498C86203989B
:103B9000086502984864019888640098C864002009
:103BA0000863886348638860C86008614861086486
:103BB0004860086009B0704780B584B003900291F6
:103BC00003990191029891ED020AD1ED030AEEF7F3
:103BD0002FF9019890ED000A90ED011A30EE410A9C
:103BE00080ED020A90ED020A90ED031A30EE410AD0
:103BF00080ED040A90ED000A90ED071A30EE410ABC
:103C000080ED050A90ED021A90ED080A029991EDF7
:103C1000002A30EE020A20EE010A80ED0C0A029919
:103C200091ED013A90ED022A90ED091A90ED0D0AFE
:103C300031EE031AA1EE020A80ED0D0A90ED011A91
:103C400090ED032A90ED0A0A029991ED023A30EEC6
:103C5000030A31EE421A20EE010A80ED0E0A90EDC1
:103C6000051A90ED0B0A20EE010A80ED0F0A90ED87
:103C7000020A90ED121AB4EE410AF1EE10FA04DBDA
:103C8000FFE701990020486307E0019901F1340042
:103C900091ED130AFFF7BCF8FFE7019991ED0C0ACB
:103CA00091ED0D3A91ED0E2A91ED0F1A30EE030AC7
:103CB00030EE020A30EE010A01F1400081ED100AF7
:103CC00091ED110AFFF7A4F801994868C8600868E7
:103CD000C86104B080BD000087B006908DED050A74
:103CE000CDED040A8DED031ACDED021A019100927B
:103CF00006990598086203984862049888620298B9
:103D000008659DED010AB8EE400A81ED110A9DEDAE
:103D1000000AB8EE400A81ED130A002008638863A8
:103D200048638860C860886108644860086007B0BC
:103D3000704700000000000081B00090009890EDF6
:103D4000100A01B07047000082B001908DED000AAA
:103D500001990098086002B0704700000000000060
:103D600080B582B00190019800900CF0C9F80098DD
:103D700007F052FA009802F0B7FE02B080BD0000D2
:103D800080B588B007908DED060ACDED050A8DED62
:103D9000041ACDED031A0798029000F532610091E4
:103DA00000F55C700FF018F800980DF035FE0298E1
:103DB00000F53A61019100F2AC400FF00DF8019866
:103DC0000DF02AFE00989DED060A0EF039F80198D4
:103DD0009DED050A0EF034F800980EF03DF80198BC
:103DE00002999DED041A30EE010A01F6387181ED59
:103DF000000A0EF031F802989DED031A30EE010A28
:103E000000F63C7080ED000A08B080BD00000000A4
:103E100080B5ADF57C7D7CA97891FB90FB9879907D
:103E200041F2DC114058002818BF01208DF8EB0347
:103E30009DF8EB130120C9077A9039B9FFE779980B
:103E400006F022FE80F001007A90FFE779987A99D7
:103E500001F001018DF8EA1306F016FE00285DD08E
:103E6000FFE7799841F21C11405CC007002855D14A
:103E7000FFE7799841F21D11405CC00700284DD141
:103E8000FFE779984FF48F51405CC00718BBFFE7FC
:103E9000799841F2D801415841F2F812815000F569
:103EA0005C700EF02DFE79988DED770A00F2AC4033
:103EB0000EF026FE7998B0EE401A9DED770A30EEAE
:103EC000010AB6EE001A20EE010A41F2FC11084484
:103ED00080ED000AFFE7799941F21C120120885415
:103EE00041F21E120020885441F21F1288544FF4F0
:103EF0008952885241F22212885241F2241288508B
:103F000041F22812885041F22C124CF6CD40C3F6F3
:103F1000CC60885041F230128850FFE7799841F226
:103F20001C11405CC00748B9FFE7799841F21D11A8
:103F3000405CC007002800F0D781FFE7799800F5C2
:103F40005C700EF0A9FA7998B3EE0E1A8DED751A21
:103F500000217691B4EE410AF1EE10FAC8BF0121BA
:103F60008DF8E91300F2AC400EF096FA9DED751A4B
:103F700076997998B4EE410AF1EE10FAC8BF0121A2
:103F80008DF8E81341F21E11405CC00790BBFFE7BB
:103F90009DF8E903C00730B3FFE779984FF48951E2
:103FA000405A022807D8FFE779994FF48952885A76
:103FB00001308852FFE779984FF48951405A03281D
:103FC00010D3FFE7799841F21E120121815400F5C8
:103FD0005C700EF001FF799841F22C11084480EDDD
:103FE000000AFFE705E079994FF4895200208852D2
:103FF000FFE7FFE7799841F21F11405CC00790BBD3
:10400000FFE79DF8E803C00730B3FFE7799841F276
:104010002211405A022807D8FFE7799941F222126B
:10402000885A01308852FFE7799841F22211405AAC
:10403000032810D3FFE7799841F21F120121815420
:1040400000F2AC400EF0C8FE799841F230110844FD
:1040500080ED000AFFE705E0799941F22212002085
:104060008852FFE7FFE7799841F21D11405CC007D5
:1040700020BBFFE7799841F21E11405CC00738B9B8
:10408000FFE7799841F21F11405CC007B0B1FFE72C
:10409000799841F21D120121815441F2241200212C
:1040A000815041F22812815000F532600DF0A8FED7
:1040B000799800F53A600DF0A3FEFFE7799841F298
:1040C0001D11405CC007002800F00D81FFE77998C2
:1040D00041F224114058C0084A2807D8FFE77999CF
:1040E00041F22412885801308850FFE7799841F254
:1040F0001E11415C0020C907749031B1FFE7799827
:1041000041F21F11405C7490FFE7749800F00100C9
:104110008DF8E7039DF8E7130020C9070029739085
:1041200065D0FFE7799800F55C700EF055FE002031
:10413000B5EE001AB4EE410AF1EE10FA739056DDB6
:10414000FFE7799800F2AC400EF046FE0020B5EE95
:10415000001AB4EE410AF1EE10FA739047DDFFE762
:10416000799800F55C700DF06FFFB0EEC00A00208A
:104170009FEDD91AB4EE410AF1EE10FA739036DAD7
:10418000FFE7799800F2AC400DF05EFFB0EEC00A98
:1041900000209FEDD11AB4EE410AF1EE10FA7390AF
:1041A00025DAFFE740F6CC00C2F2004090ED040AA9
:1041B000B0EEC00A00209FEDC91AB4EE410AF1EE3C
:1041C00010FA739013DAFFE740F6CC00C2F2004019
:1041D00090ED050AB0EEC00A9FEDC01A0020B4EEC3
:1041E000410AF1EE10FAB8BF01207390FFE7799809
:1041F000739901F001018DF8E61341F22411405842
:10420000962814D3FFE79DF8E603C00778B1FFE7CF
:10421000799841F228114058632807D8FFE7799927
:1042200041F22812885801308850FFE705E079995B
:1042300041F2281200208850FFE7799841F22811B6
:10424000415800206329014688BF01218DF8E513FC
:104250009DF8E713C907729059B1FFE7799841F2C9
:1042600024114058C10800204A2988BF01207290BB
:10427000FFE7729800F001008DF8E4039DF8E50374
:10428000C00728B9FFE79DF8E403C00750B3FFE774
:10429000799841F21D120021815441F21C1281547F
:1042A00041F205020121815400F55C700EF094FD8D
:1042B000799841F20411014481ED000A00F2AC400A
:1042C0000EF08AFD799841F20811014481ED000A4F
:1042D00000F532600DF094FD799800F53A600DF02C
:1042E0008FFDFFE7FFE7FFE74FF07E50F8909DF866
:1042F000EB03C00750B3FFE77999789841F2DC12DD
:1043000071928958C1F1FA01F79190ED7B0AB8EEEC
:10431000400A9FED731A80EE010ADFED720AB7EED4
:10432000001AFFF785FA7898719A799980ED7A0AE0
:1043300090ED7A1A9FED6C2A9FED6C0AA1EE020AAD
:1043400080ED7C0A885801388850FFE77998D0F8CA
:104350007C1FF591D0F87C1FF4910021F391F2912C
:1043600041F20501405CC007002862D0FFE7799860
:1043700041F204116B9101446D9191ED000A00F638
:104380007C706E90D0ED000A9FED591A8DED6F1A7A
:10439000FFF79EFA79996D9A6E989DED6F1A82EDEE
:1043A000000A41F208126C921144709191ED000ADA
:1043B000D0ED000AFFF78CFADDF8ACC16C9B799A5E
:1043C0006D996E989DED6F1ADDF8C0E18EED000AD3
:1043D00052F80CC0CDF8D4C3D258F49291ED000A33
:1043E00090ED002A30EE420AB0EEC00AB4EE410A67
:1043F000F1EE10FA1CDAFFE7799841F20811014456
:1044000091ED000A00F67C7090ED001A30EE410A42
:10441000B0EEC00A9FED361AB4EE410AF1EE10FA82
:1044200006DAFFE7799941F2050200208854FFE798
:10443000FFE7799901F65C7090ED000AB0EEC00AD2
:104440009FED2C1A0020B4EE410AF1EE10FA02465C
:10445000D8BF01228DF8C72301F6587191ED000AEB
:10446000B0EEC00A9FED241AB4EE410AF1EE10FA44
:104470000146C8BF01218DF8C6139DF8C713C907AF
:104480006A9021B1FFE79DF8C6036A90FFE778982C
:1044900079996A9A02F001028DF8C52300228DF8FD
:1044A000C42341F2B8028958F09140F6CC01C2F21F
:1044B000004191ED1C0A90ED741A30EE410A80ED36
:1044C000730A9DF8C703C00730B3FFE79FED050AE5
:1044D0008DED690A28E000BFCDCC4C3DCDCCCC3E63
:1044E0000000C84200000000CDCC0C3F6666E63EEE
:1044F00017B751380AD7A33D0AD7A33C6F12833AA6
:10450000000010429A99993F0AD7233C8FC2753D0B
:10451000AE47613D9A99193E799800F65C7090ED2E
:10452000000A8DED690AFFE7799878999DED690A8F
:1045300081ED720A41F23C01084490ED000AB5EEAB
:10454000400AF1EE10FA17DDFFE7799841F23C01DD
:10455000084490ED000A1FED181AB4EE410AF1EE7E
:1045600010FA09DAFFE7799841F23C01084490ED2E
:10457000000A8DED680A04E01FED200A8DED680A3F
:10458000FFE7789879999DED680A80ED710A90EDC2
:10459000720A41F2D0020A44669292ED001A30EE9D
:1045A000410A80ED700A0022C4F2C002EB9290ED45
:1045B000701A41F2D4021144659191ED000ABAEEED
:1045C0000E2A20EE020A1FED322AA1EE020A80ED29
:1045D0006E0A90ED6E0AF0EE080AFFF71DFA659A72
:1045E0007899669881ED6D0A91ED6D1A91ED712AB9
:1045F00092ED000AA1EE020A82ED000A91ED720A24
:1046000090ED001A20EE010A0020B5EE400AF1EE0E
:1046100010FA679016DBFFE77998789991ED720AA6
:10462000B0EEC00A41F2D001084490ED001AB0EE9D
:10463000C11A0020B4EE410AF1EE10FAC8BF012001
:104640006790FFE778987999679A02F001028DF8F0
:10465000A3239DF8A323D2071FED561AB7EE080A2D
:10466000002A00FE010A80ED6B0A41F2D4021144D7
:10467000649191ED000AD0ED6B0AFFF7CDF9649AD1
:104680007999789882ED000AEC9BE69392ED001AF6
:1046900090ED712A41F2D002114491ED000AA1EE91
:1046A000020A81ED000A90ED720A91ED001A30EED7
:1046B000410A80ED690A90ED6A0A90ED691A20EED0
:1046C000010AB5EE400AF1EE10FA15DCFFE7789822
:1046D00090ED6A0AB0EEC00AB5EE400AF1EE10FAAB
:1046E0000ADDFFE77999EE9841F2D002885041F255
:1046F000D4020020885027E0789890ED690AB0EE47
:10470000C00A1FED821AB4EE410AF1EE10FA1ADA6D
:10471000FFE7799841F2D401084490ED000AB0EE29
:10472000C00A1FED871AB4EE410AF1EE10FA0ADA58
:10473000FFE77999EE9841F2D002885041F2D40215
:1047400000208850FFE7FFE70020E4909DF8C703B2
:10475000C007E0B1FFE7799841F2D001084490ED3D
:10476000000AB0EEC01A1FED970A30EE410A1FEDA5
:10477000981A80EE010A5FEDA50AB7EE001AFFF75E
:1047800057F8789880ED670AE398E490FFE7799806
:1047900041F2D0010844619090ED000AB0EEC00AE9
:1047A000B5EE001A80EE010A5FEDB20AB7EE001A0C
:1047B000FFF73EF8619A7899799881ED660A91ED54
:1047C000660AB4EE001A20EE010A81ED650A92ED48
:1047D000000A91ED651A30EE010A81ED640AE09954
:1047E0004FF487528150E09941F2E402815000F584
:1047F00000700CF0D5F8789979981FEDBC1A8DED02
:10480000621A20EE410A81ED630A00F52E700CF069
:10481000C7F89DED621A7899799820EE010A81ED2A
:10482000620A91ED630A91ED621A30EE010AB6EE6A
:10483000001A20EE010A81ED610A91ED620A91ED04
:10484000632A30EE420A20EE010A81ED600A4DF241
:104850000A72C3F6A352DB9291ED611A41F2D802BB
:10486000024492ED000A31EE401A1FEDDE2AA1EE5D
:10487000020A82ED000A91ED601A41F2DC0108445F
:1048800090ED000A31EE401AA1EE020A80ED000A16
:104890009DF8C6130120C907639079BBFFE740F676
:1048A000CC00C2F2004090ED1F0AB0EEC00A012019
:1048B0001FEDE81AB4EE410AF1EE10FA63901DDC28
:1048C000FFE79DF8C7130020C907609099B1FFE783
:1048D000799841F2DC01084490ED000AB0EEC00A7C
:1048E0009FEDE61A0020B4EE410AF1EE10FAC8BFBF
:1048F00001206090FFE760986390FFE7639800F005
:1049000001008DF86B039DF8EA03C007002800F052
:104910007884FFE7799842F60231C4F2CD01D9914B
:1049200000F55C705B900EF0EBF80FF065F879988D
:1049300078999FEDD31A8DED5A1A20EE010A81ED78
:104940005C0A00F2AC405C900EF0DAF80FF054F81C
:104950009DED5A1A5B98789920EE010A81ED5B0A69
:104960000021D6910EF038FA5B988DED5E0A0EF0BC
:10497000C7F80FF041F85C988DED5D0A0EF02CFA47
:104980005C988DED5F0A0EF0BBF80FF035F89DEDE9
:104990005D2A9DED5E1A7898B0EE403A9DED5F0A73
:1049A00020EE030AA1EE020AB6EE001A20EE010A7A
:1049B00080ED590A9DF8C703C007E8B9FFE778986A
:1049C000799990ED590A9FEDAF1A80EE010A9FED9B
:1049D000AE1A20EE010A01F6647191ED001A20EE84
:1049E000010A40F6CC01C2F2004191ED061A20EE18
:1049F000010A80ED5A0AFFE778990020D49040F62A
:104A0000CC02C2F2004292ED1B1A9FEDA00A30EEDA
:104A1000410A81ED570A9DF8EA13C9070029599008
:104A200062D0FFE7799841F21C11415C0020C90770
:104A30000029599058D1FFE7799841F21D11415C46
:104A40000020C907002959904ED1FFE7799841F21B
:104A50000501415C0020C9070029599044D1FFE7B6
:104A60009DF8EB130020C9075990E9BBFFE79DF8BB
:104A7000C5130020C9075990B1BBFFE7799841F2EF
:104A80003C01084490ED000A0020B5EE400AF1EE2A
:104A900010FA599028DDFFE7799841F23C0108446B
:104AA00090ED000A00209FED7A1AB4EE410AF1EE73
:104AB00010FA599018DAFFE779980EF0A5FD014633
:104AC0000020599081B9FFE779980EF0DDFD01468D
:104AD0000020599041B9FFE779980EF015FEB0FA21
:104AE00080F040095990FFE7599800F001008DF8D7
:104AF0004B030020D1909DF84B03C007002861D0E4
:104B0000FFE7799800F55C7055900EF065F95598BF
:104B10008DED560A0DF0F4FF0EF06EFF799878993E
:104B2000B0EE401A9DED560A20EE010A81ED540ABE
:104B300000F2AC4057900EF04FF957988DED580A9F
:104B40000DF0DEFF0EF058FF7898B0EE401A9DEDA4
:104B5000580A20EE010A80ED530A40F6CC00C2F25A
:104B6000004090ED1B0A0FF0ABFA7898B0EE401AB7
:104B700090ED542A90ED530A30EE420A9FED452AFB
:104B8000A1EE020A80ED520A90ED520AB0EEC00A80
:104B90009FED411AB4EE410AF1EE10FA03DAFFE795
:104BA0000020CE90FFE7789890ED520AB6EE001AFA
:104BB00020EE010ADFED390AFEF72EFF789880ED2E
:104BC000550AFFE7799841F23C01084490ED000A4C
:104BD000B5EE400AF1EE10FA17DDFFE7799841F2E1
:104BE0003C01084490ED000A9FED291AB4EE410AF9
:104BF000F1EE10FA09DAFFE7799841F23C01084436
:104C000090ED000A8DED540A04E09FED230A8DED2E
:104C1000540AFFE7789879999DED540A80ED510A7E
:104C200090ED510A9FED1E1A30EE011A80EE010A36
:104C300080ED500A90ED550A41F25002114491ED79
:104C4000001A30EE410A80ED4F0A9DF84B13C90758
:104C50009FED141A9FED0D0A002900FE010A80ED58
:104C60004E0A0021C99190ED4F0A90ED4E1AB4EE14
:104C7000410AF1EE10FA33DD28E000BF0AD7233DE8
:104C800058807B42CDCC4C3F022BCD400000000031
:104C90000AD7A33CCDCCCC3E6F12833ACDCCCC3DD1
:104CA0006F12833BA69BC43A1F856B3EF628DC3E01
:104CB0000000484200000C42A69B443B0AD7233C1C
:104CC00040FA8EBE0000824200002042789890EDAB
:104CD0004F0A90ED4E1A30EE410A80ED4D0A17E072
:104CE000789890ED4F0A90ED4E1AB1EE411AB4EE5D
:104CF000410AF1EE10FA0ADAFFE7789890ED4F0AD0
:104D000090ED4E1A30EE010A80ED4D0AFFE7FFE705
:104D10007898799A41F25003D118539191ED000A95
:104D200090ED501A90ED4D2AA1EE020A80ED4C0A4A
:104D3000D258C79291ED000AD0ED4C0A90ED511A6D
:104D4000B6EE002A21EE021AFEF7C2FD53997898BA
:104D500081ED000AF599C691F499C591C699C4915F
:104D6000C599C39190ED4B0AB5EE400AF1EE10FAE9
:104D70000ADDFFE7789890ED4B0AB8EE001A20EEB6
:104D8000010A8DED520A04E01FED400A8DED520A32
:104D9000FFE778989DED520A80ED460A90ED4B0AA8
:104DA000B5EE400AF1EE10FA08DAFFE7789890EDD8
:104DB0004B0A30EE000A8DED510A04E01FED4D0A5A
:104DC0008DED510AFFE778989DED510A80ED450A77
:104DD00090ED4A0A90ED461A30EE010A5FED4E0A58
:104DE000CDED4F0A1FED4F1A8DED501AFEF720FD45
:104DF000DDED4F0A9DED501A789890ED4A2A30EE7D
:104E0000420A80ED440A90ED490A90ED452A30EEC1
:104E1000020AFEF70DFD7899799891ED491A30EE66
:104E2000410A81ED430A0021BE91BD9141F250013A
:104E3000084490ED000AB5EE400AF1EE10FA16DDD6
:104E4000FFE77898799941F25002114491ED000AF8
:104E5000B8EE001A20EE010A80ED420A90ED790AC0
:104E600090ED421A30EE010A80ED480A20E0799870
:104E700041F25001084490ED000AB5EE400AF1EE0F
:104E800010FA14DAFFE77898799941F25002114448
:104E900091ED000A30EE000A80ED410A90ED780AAB
:104EA00090ED411A30EE010A80ED470AFFE7FFE777
:104EB000789890ED480A5FED840ACDED4A0A1FED1F
:104EC000851A8DED4B1AFEF7B3FCDDED4A0A9DED18
:104ED0004B1A789880ED790A90ED470AFEF7A8FC06
:104EE000789880ED780A90ED790A90ED4A1A30EEC4
:104EF000410A80ED420A90ED780A90ED491A30EEB1
:104F0000410A80ED410A90ED420A90ED441A30EEDC
:104F1000410A90ED511A80EE010A80ED400A90EDB1
:104F2000410A90ED431A30EE410A90ED511A80EE9D
:104F3000010A80ED3F0A90ED400A1FEDA31A8DEDA6
:104F40004C1A20EE010A5FEDA50ACDED4D0AFEF7E1
:104F500063FD9DED4C1ADDED4D0A789880ED3E0A1B
:104F600090ED3F0A20EE010AFEF756FD79987899F8
:104F700081ED3D0A91ED790A91ED781A30EE410A02
:104F800081ED3C0A00F55C700DF026FF79988DEDFF
:104F90004E0A00F2AC400DF01FFF799A7898B0EEFF
:104FA000401A9DED4E0A30EE410A80ED3B0A90ED2D
:104FB0003B0A90ED3C1A30EE410A80ED3A0A00219E
:104FC000C4F28221B5914FF64021C3F68E61B491AF
:104FD0000021C4F22021B3914FF07E51B29141F2F1
:104FE0004C030021D15041F27403D15090ED570A87
:104FF000B0EEC00A1FEDD01AB4EE410AF1EE10FA7D
:1050000010DCFFE740F6CC00C2F2004090ED040A4D
:10501000B0EEC00A1FEDD71AB4EE410AF1EE10FA55
:105020001CDDFFE7789890ED571A40F6CC00C2F2ED
:10503000004090ED040A1FEDDE2A20EE020A1FED6B
:10504000DF2AA1EE020A5FEDE00AFEF7E5FC79989F
:1050500041F27401084480ED000AFFE79DF8EA136D
:105060000020C907002949905AD0FFE7799841F2FA
:105070001C11415C0020C9070029499050D1FFE76D
:10508000799841F21D11415C0020C907002949901F
:1050900046D1FFE7799841F20501415C0020C9073C
:1050A0004990E9BBFFE79DF8EB130020C907499041
:1050B000B1BBFFE7799841F23C01084490ED000A4A
:1050C0000020B5EE400AF1EE10FA499028DDFFE726
:1050D000799841F23C01084490ED000A00209FEDD0
:1050E000DA1AB4EE410AF1EE10FA499018DAFFE745
:1050F00079980EF089FA01460020499081B9FFE7BE
:1051000079980EF0C1FA01460020499041B9FFE7B5
:1051100079980EF0F9FAB0FA80F040094990FFE76B
:105120007998499901F001018DF8C71240F6CC0138
:10513000C2F20041D1ED040A91ED1B0A9DF8C7129D
:1051400001F0010105F0C8FE7999789880ED340AE4
:1051500041F27402114491ED001A90ED340A30EEE0
:10516000010ADFEDBA0ACDED460AFEF755FCDDED8A
:10517000460A7998789981ED330A41F248014891BD
:105180000844479090ED000AFEF746FC479B489A7A
:105190007999789883ED000A4CF28F2CC3F6F55C70
:1051A000CDF8B8C290ED331A93ED000A31EE401AF3
:1051B0009FEDA72AA1EE020A83ED000A8958AD915E
:1051C00090ED5C0A90ED311A30EE010A90ED5A1A1A
:1051D00030EE410A90ED3E1A30EE010A80ED770A7A
:1051E00090ED5B0A90ED311A30EE410A90ED5A1ABB
:1051F00030EE010A90ED3D1A30EE010A80ED760A9C
:1052000016E0799841F248020021815041F24C02A7
:10521000815041F25002815041F27402815005F0F8
:10522000C7FC4CF6CD40C3F6CC60F590F490FFE798
:10523000799841F21D11405CC007A8B3FFE7799847
:1052400041F21E11405CC00748B1FFE7799841F276
:105250002C11084490ED000A8DED450A04E09FED05
:105260007D0A8DED450AFFE7799878999DED450A0D
:1052700081ED790A41F21F11405CC00748B1FFE798
:10528000799841F23011084490ED000A8DED440AFE
:1052900004E09FED700A8DED440AFFE778989DEDDC
:1052A000440A80ED780AFFE79DF8C7130020C9077C
:1052B000439061B3FFE79DF8EA130020C9074390CC
:1052C00029B3FFE7799841F21D11415C0020C9071D
:1052D0004390E1B9FFE7799841F20501415C002074
:1052E000C907439099B9FFE7799841F2D001084482
:1052F00090ED000AB0EEC00A9FED571A0020B4EE00
:10530000410AF1EE10FAD8BF01204390FFE743981D
:1053100000F001008DF8B3029DF8B302C007002829
:1053200000F0AA80FFE7799841F23C01084490ED33
:10533000000AB5EE400AF1EE10FA40F39D80FFE757
:10534000799841F23C01084490ED000A9FED3E1A25
:10535000B4EE410AF1EE10FA80F28E80FFE7799800
:1053600041F2C401405880084A2807D8FFE77999DC
:1053700041F2C402885801308850FFE7799841F221
:10538000C4014058B0F5967F56D3FFE7799843F2B1
:10539000BE71C3F28671AB9100F5865191ED000AA2
:1053A00041F2D801084490ED001A20EE010A9FED69
:1053B0002B1AB4EE410AF1EE10FA0DDAFFE77998F4
:1053C00041F2BC01084490ED000A9FED251A20EE41
:1053D000010A80ED000AFFE7799841F2D8010844FC
:1053E00090ED000AB0EEC00A9FED1E1AB4EE410A1D
:1053F000F1EE10FA1FDDFFE7799841F2BC0101449C
:10540000429191ED000A41F2D801014491ED001A58
:105410009FED152A21EE021A41F23C01084490ED5D
:10542000002AA1EE020AF5EE000AFEF7F5FA42980C
:1054300080ED000AFFE7FFE7799941F2D8000858AC
:105440004FF48652885023E00AD7A33C0000204244
:105450008FC2F53DCDCCCC3E0AD7A33BBE3786B735
:10546000CDCC4C3E6F12833BCDCCCCBD39FA8E3DBA
:1054700000000C4235FA0EBE799941F2BC020020C0
:1054800088504FF48652885041F2C4028850FFE79A
:10549000799841F2AC0200214191815041F2B00271
:1054A000815007F099FD799806F0B2F97999419801
:1054B00001F6447292ED000A01F6487292ED001A6C
:1054C00030EE010AB6EE001A20EE010A41F2CC02DB
:1054D0000A4482ED000A41F2C80288509DF8EA03AE
:1054E000C00700285DD0FFE7799841F23C010844ED
:1054F00090ED000AB5EE400AF1EE10FA51DDFFE73B
:10550000799841F23C01084490ED000A1FED321AEF
:10551000B4EE410AF1EE10FA43DAFFE77898799A8F
:1055200041F2F8030021D15090ED731A40F6CC00FF
:10553000C2F2004090ED050A1FED342A20EE020A67
:105540001FED352AA1EE020AF3EE000AFEF764FA17
:105550007999789880ED2E0A01F64C713E9191ED83
:10556000000A90ED2E1A30EE010A5FED480ACDEDEB
:105570003F0AFEF751FA3E9A79997898DDED3F0A95
:1055800082ED000A01F57561409191ED000A90ED00
:105590002E1A30EE010AFEF73FFA409880ED000A1D
:1055A00005E0799941F2F80200208850FFE79DF864
:1055B000EA03C00700286AD0FFE77899799800F6D7
:1055C0004C723B9292ED000A00F575623D9292EDAD
:1055D000001A30EE010AB6EE001A20EE010A81ED43
:1055E0002D0A00F55C7037900DF08AFA79988DEDF0
:1055F000380A00F2AC4039900DF082FA3798789969
:10560000B0EE401A9DED380A30EE410A81ED2C0AC9
:105610000CF012FD39988DED3A0A0CF00DFD7898DA
:10562000B0EE401A9DED3A0A30EE410A80ED2B0AA9
:1056300090ED2C1A90ED2B0A30EE000AB3EE022A00
:10564000A1EE020AF1EE080AFEF7E6F9789880ED7D
:105650002A0A90ED2D0A90ED2A1A30EE410A5FEDEC
:10566000850ACDED3C0AFEF7D7F93B997898DDED38
:105670003C0A81ED000A90ED2D0A90ED2A1A30EED9
:10568000010AFEF7C9F93D9880ED000AFFE7789816
:10569000799A02F6447191ED000A02F6487292ED91
:1056A000001A30EE010AB6EE001A20EE010A80ED73
:1056B000290A92ED000A91ED002A30EE420A20EE0E
:1056C000010A80ED280A9DF8EA130020C907002985
:1056D00036906AD0FFE79DF8C7130020C90700295C
:1056E000369062D1FFE79DF86B130020C9070029AF
:1056F00036905AD1FFE7799841F21C11415C0020A5
:10570000C9070029369050D1FFE7799841F21D1161
:10571000415C0020C9070029369046D1FFE77998FF
:1057200041F20501415C0020C9073690E9BBFFE763
:105730009DF8EB130020C9073690B1BBFFE77998BD
:1057400041F23C01084490ED000A0020B5EE400A09
:10575000F1EE10FA369028DDFFE7799841F23C012E
:10576000084490ED000A00201FEDC91AB4EE410A6A
:10577000F1EE10FA369018DAFFE779980DF044FF51
:1057800001460020369081B9FFE779980DF07CFF43
:1057900001460020369041B9FFE779980DF0B4FF3B
:1057A000B0FA80F040093690FFE77898369901F01A
:1057B00001018DF88F1240F6CC01C2F2004191ED4B
:1057C0001C0AB0EEC00A1FEDD51A80EE010AB7EE32
:1057D000001A30EE010A80ED260A4FF07C51A191AB
:1057E00090ED260AF6EE000AFEF722F8789880ED92
:1057F000260A90ED680AB5EE400AF1EE10FA33DDA4
:10580000FFE77899799891ED680A91ED261A20EED4
:10581000010A8DED350A41F2D801014491ED001ADB
:1058200041F2BC01084490ED000AB1EE002AA1EE5D
:10583000020AF0EE0C0AFEF7EFF8799A7898B0EECB
:10584000401A9DED350A20EE010A80ED240AA09948
:1058500041F2C803D15090ED241A90ED290A30EEA0
:10586000010A80ED290AFFE79DF86B03C0070028B5
:1058700000F0E380FFE77899799800F6587090ED92
:10588000000A9FEDD91A20EE010A81ED230A91ED5D
:10589000230A90ED001A40F6CC00C2F2004034908A
:1058A00090ED1F2A31EE421A9FEDD02AA1EE020A96
:1058B000DFEDCF0AFEF7B0F8799A3498789981ED48
:1058C000220AE09B9D9391ED210A91ED221A30EE80
:1058D000410A81ED200A91ED210A91ED221A30EE64
:1058E000010A81ED1F0A9C9B4FF4875C42F80C3043
:1058F0009B9B41F2E40C42F80C3091ED220A41F2FC
:10590000DC031A4492ED001A30EE410A81ED1E0AC2
:1059100090ED1C0AB0EEC01A9FEDB60A30EE410AB7
:105920009FEDB51A80EE010ADFEDB40AB7EE001A5A
:10593000FDF77EFF7998789981ED1D0A00F55C707E
:105940000DF0DEF87998349A789992ED1C1A30EEC1
:10595000410AB0EEC00A81ED1C0A00F2AC400DF025
:10596000CFF83499789891ED1C1A30EE410AB0EED8
:10597000C00A80ED1B0A90ED1C0A90ED1B1AB4EED4
:10598000410AF1EE10FA06DDFFE7789890ED1C0A67
:105990008DED330A05E0789890ED1B0A8DED330A02
:1059A000FFE778989DED330A80ED1A0A90ED1A1AF8
:1059B0009FED930A30EE410A9FED921A80EE010AA4
:1059C000DFED8E0AB7EE001AFDF732FF7898799A6C
:1059D00080ED190A90ED1D0A90ED191A20EE010ACA
:1059E00080ED180A41F2F0030021D15041F2F40396
:1059F000D15090ED1E0AB0EE081A20EE010A90ED8B
:105A0000181A20EE010AF1EE080AFEF705F8789957
:105A1000799881ED170A91ED171A41F2A401421805
:105A200092ED000A31EE401A9FED772AA1EE020AAC
:105A300082ED000A4058A49051E0799941F2A40205
:105A40000020885041F2F002885041F2F402885060
:105A50009DF88F02C007D0B3FFE77999789841F29B
:105A6000D8020A4492ED000A41F2DC03194491ED98
:105A7000001A30EE410A80ED160A92ED000A91ED0F
:105A8000001A30EE010A80ED150A90ED160A90ED2D
:105A9000151A30EE410A30EE000AF0EE000AFDF76A
:105AA000BBFF7899799881ED140A91ED141A41F2AF
:105AB000A801421892ED000A31EE401A9FED532AD8
:105AC000A1EE020A82ED000A4058A49006E07999FE
:105AD00041F2A80200208850A490FFE7FFE79DF85C
:105AE0006B03C007B8B3FFE7789890ED290AF2EE90
:105AF000040ACDED320AFDF78FFF7898B0EE401A18
:105B00009DED320A80ED291A90ED291AB0EEC11AE6
:105B100030EE410A80ED130A90ED280AD0ED130A09
:105B2000FDF77AFF7899799881ED280A91ED290A95
:105B300091ED281A30EE410A00F6447282ED000A17
:105B400091ED290A91ED281A30EE010A00F648700D
:105B500080ED000A9AE09DF88F02C00718B3FFE7B6
:105B6000789890ED290A90ED281A30EE410AF2EE6D
:105B7000040ACDED310AFDF74FFF7898DDED310ACB
:105B8000799901F6447181ED000A90ED290A90EDB2
:105B9000281A30EE010AFDF73FFF799800F64870A9
:105BA00080ED000A71E0789890ED290AF2EE040A7F
:105BB000CDED300AFDF730FF7898B0EE401A9DED3C
:105BC000300A80ED291A90ED291AB0EEC11A30EE94
:105BD000410A80ED120A90ED120AB5EE400AF1EE8C
:105BE00010FA32DA2EE000BFCDCC4C3ECDCCCC3D0D
:105BF0009A99993FDD357A3EC2B8323E00000000E6
:105C00007CD9A03E9756683ECDCC4C3D0AD7233D6B
:105C1000CDCCCC3E00000CC20000614400003443F7
:105C2000218151420000A0430000DC4200005C439F
:105C3000713D8A3E0080BB4400008C4200008243DC
:105C40000000204300208E90FFE7789890ED280A0E
:105C5000D0ED120AFDF7E0FE7899799881ED280AD7
:105C600091ED290A91ED281A30EE410A00F64472AE
:105C700082ED000A91ED290A91ED281A30EE010A11
:105C800000F6487080ED000AFFE7FFE77998789901
:105C9000F59A41F2D013C250F49A41F2D413C25093
:105CA00091ED790AD1ED780A91ED771AD1ED761A56
:105CB000FEF766F89DF8EA03C00740B1FFE7799860
:105CC00041F21C11405CC00700285DD0FFE77998C5
:105CD00041F21E11405CC00738BBFFE7799800F520
:105CE0005C702E900DF078F82E98B0EE401A1FEDF3
:105CF000380A30EE410A8DED2F0A0CF0A5F99DED22
:105D00002F1A1FED3C2A20EE020A1FED3D2AA1EEBC
:105D1000020AFBEE0E0A1FED3F1AFDF789FD799886
:105D200000F6387080ED000AFFE7799841F21F1104
:105D3000405CC00738BBFFE7799800F2AC402C907C
:105D40000DF04AF82C98B0EE401A1FED4F0A30EED5
:105D5000410A8DED2D0A0CF077F99DED2D1A1FEDFE
:105D6000532A20EE020A1FED542AA1EE020AFBEE8E
:105D70000E0A1FED561AFDF75BFD799800F63C7090
:105D800080ED000AFFE7FFE7799841F21D11405CC2
:105D9000C007002800F0AC80FFE7799800F55C7040
:105DA0001B900CF051F97899799881ED110A00F265
:105DB000AC401F900CF048F91B98789981ED100ABF
:105DC00091ED790A8DED1E0A0DF006F81B98789971
:105DD0008DED1C0A91ED110A8DED1D0A0CF090FE5F
:105DE0000DF00AFEDDED1C0A9DED1D1A7998B0EE4E
:105DF000402A9DED1E0A1FED763A8DED203A62EEA7
:105E0000031A41F21E112B91405C00F001001FEDBE
:105E10007B2A8DED232A5FED7C2ACDED242ABBEE73
:105E20000E3A8DED253A5FED7F3ACDED263A1FED26
:105E3000804A8DED274A5FED814ACDED284A1FED5E
:105E4000825A8DED295AFDF77FFD1F98789981EDD3
:105E50000F0A91ED780A8DED2A0A0CF0BDFF1F980C
:105E600078998DED210A91ED100A8DED220A0CF042
:105E700047FE0DF0C1FD9DED207ADDED210A9DED7F
:105E8000221A9DED232ADDED242A9DED253ADDED34
:105E9000263A9DED274ADDED284A9DED295A79984D
:105EA000B0EE406A9DED2A0A66EE071A41F21F1114
:105EB000405C00F00100FDF747FD789A2B99799836
:105EC00082ED0E0A405CC00728B1FFE779998B98F4
:105ED000C1F8380FFFE7799841F21F11405CC00705
:105EE00028B1FFE779998A98C1F83C0FFFE7FFE7EF
:105EF0009DF8EA03C007002800F0AE80FFE779981C
:105F000041F21D11405CC007002840F0A580FFE76A
:105F1000799878999DF8C523D2071FEDB81A1FED1F
:105F2000B80A002A00FE010A81ED0D0A9DF8C5237A
:105F3000D207B2EE081A8DED191AB2EE000A002A45
:105F400000FE010A81ED0C0A0021C4F24011879184
:105F500000F55C7012900CF03FFF79988DED130AFC
:105F600000F2AC4014900CF037FF12987899799BAE
:105F7000B0EE401A9DED130A30EE410A81ED0A0A97
:105F800091ED790A91ED781A30EE410A81ED090A16
:105F900091ED0A0A91ED091A30EE410A81ED080AE5
:105FA00041F2EC0C03EB0C021892002243F80C2097
:105FB00091ED0D0A8DED170A91ED080A8DED160A87
:105FC00091ED0C0A8DED1A0A0CF03EF814988DED47
:105FD000150A0CF039F89DED153A9DED162A9DED48
:105FE000171A1898DDED190AB0EE404A9DED1A0A0D
:105FF00033EE443A20EE030AA1EE020A90ED001AB5
:1060000030EE010AFDF708FD7899799881ED070ACD
:1060100091ED071A41F2E801014491ED000A31EED9
:10602000401A9FEDE62AA1EE020A81ED000A91EDE9
:10603000001A00F6387292ED000A30EE410A82ED45
:10604000000A91ED001A00F63C7090ED000A30EE67
:10605000010A80ED000A08E0799941F2E802002087
:10606000885041F2EC028850FFE7799841F25401E0
:10607000405CC007A8B1FFE7799800F6387191ED50
:10608000000A00F63C7191ED001A30EE410AB6EEBE
:10609000001A20EE010A41F26401084480ED000A72
:1060A000FFE7799804F0F0FC002874D0FFE77998B6
:1060B00041F2F811084490ED000A9FEDC11A20EE5C
:1060C000010ADFEDC00AFDF7A7FC7898799980ED09
:1060D000060A41F2FC1211440B9191ED000AD0ED39
:1060E000060A9FEDB91AFDF7F3FB0B99799881ED3C
:1060F000000A91ED000A8DED080A00F55C70099028
:106100000CF0FEFC9DED081A099830EE410A8DED69
:106110000A0A0BF091FF9DED0A1AB2EE0C2A8DEDE2
:106120000E2A20EE020A9FEDA92A8DED0F2A91EE8C
:10613000420AF3EE080ACDED110AFDF76DFC0B994A
:10614000799800F64C7282ED000A91ED000A8DED0F
:106150000C0A00F2AC400D900CF0D2FC9DED0C1A34
:106160000D9830EE410A8DED100A0BF065FF9DEDA4
:106170000E3A9DED0F2A9DED101ADDED110A20EE6D
:10618000030A91EE420AFDF747FC799800F5756025
:1061900080ED000A05E0799941F2FC120020885058
:1061A000FFE779984FF48F51405CC007002800F05A
:1061B000E980FFE7799804F067FC002800F0E280AE
:1061C000FFE77898799941F23C028958819190EDE6
:1061D000050AB5EE400AF1EE10FA0BDDFFE77898FC
:1061E00090ED050A9FEDBC1AB4EE410AF1EE10FAEB
:1061F00006DDFFE741F26F20C3F683208190FFE7C1
:106200007999789841F2F4121144029191ED000AC3
:1062100040F6CC01C2F20041019191ED1C1A9FEDB4
:10622000B12A21EE021A90ED052AA1EE020AF3EE40
:10623000040AFDF7F1FB0199029880ED000A91ED47
:10624000051A91ED1C0A9FEDA82A21EE021A9FED76
:10625000A72AA0EE021A90ED000A30EE010ADFED47
:10626000A00AFDF7D9FB7899799881ED040A41F2EB
:10627000E412024492ED000A91ED041A30EE010A94
:1062800081ED030A41F2E812024492ED000A91ED19
:10629000041A30EE010A81ED020A00F500700AF0DE
:1062A0007FFB7899799891ED031A30EE410A81EDE0
:1062B000010A00F52E700AF073FB7898799990ED39
:1062C000021A30EE410A80ED000A41F2EC1211444C
:1062D000059191ED000A90ED011A9FED802A8DED58
:1062E000032A21EE021A90ED052AA1EE020AF0EE31
:1062F000040ACDED040AFDF78FFB9DED032ADDEDC9
:10630000040A059A7898799982ED000A41F2F01210
:106310001144069191ED000A90ED001A21EE021A47
:1063200090ED052AA1EE420AFDF776FB05987899D3
:10633000069A82ED000A91ED011A90ED000A9FED98
:106340006C2AA1EE020ADFED6B0ACDED070AFDF71C
:1063500063FB78990698DDED070A799A02F6447294
:1063600082ED000A91ED001A90ED000A9FED622A7D
:10637000A1EE020AFDF750FB799800F6487080ED17
:10638000000A16E079984FF48F51405CC00778B14D
:10639000FFE779994FF48F520020885441F2EC12B4
:1063A000885041F2F012885041F2F4128850FFE711
:1063B000FFE79DF8EB03C00708B309E0EC51383E56
:1063C0008FC2753D8FC2F53DA69B443B0000A042A5
:1063D0007998789991ED7C1A00F6447292ED000A52
:1063E00020EE010A82ED000A91ED7C1A00F6487059
:1063F00090ED000A20EE010A80ED000AFFE779988F
:1064000004F042FB014600200029009052D1FFE732
:10641000799841F21C11415C0020C90700290090C5
:1064200048D1FFE7799841F21D11415C0020C9076E
:10643000002900903ED1FFE7799841F2DC114158E4
:1064400000200090B1BBFFE7799841F23C0108447D
:1064500090ED000A0020B5EE400AF1EE10FA00902F
:1064600028DDFFE7799841F23C01084490ED000AED
:1064700000209FED191AB4EE410AF1EE10FA0090D7
:1064800018DAFFE779980DF0BFF801460020009078
:1064900081B9FFE779980DF0F7F8014600200090E8
:1064A00041B9FFE779980DF02FF9B0FA80F0400973
:1064B0000090FFE77998009901F001018DF8EF1144
:1064C0009DF8EF1101F0010106F056F9799807F0F7
:1064D00057FA0DF57C7D80BD0AD7A33C00000C4225
:1064E000000020420000FAC3C7B832BE00005CC200
:1064F000CDCC8C3F9A999940CDCC8CBF0000000048
:1065000080B582B001900198009009F081FD00985B
:1065100004F04EFB009804F0BFFC00990020C1F885
:106520006C0FC1F8680FC1F8600FC1F8740FC1F8A3
:10653000540F41F29802885041F29C02885441F273
:106540009D02885441F29E0288544FF4855288502F
:1065500041F2A402885041F2A802885041F2AC02F4
:10656000885041F2B002885041F2BC0288504FF48A
:106570008652885041F2C402885041F2C8028850C5
:1065800041F2CC02885041F2D002885041F2D4024C
:10659000885041F2D802885041F2DC02885041F222
:1065A000E802885041F2EC02885041F2F002885033
:1065B00041F2F402885041F2F802885041F2FC02A4
:1065C000885041F24122885441F24222885441F2DB
:1065D0004322885481F8F00FC1F8F40F41F24802C9
:1065E000885041F24C02885041F25002885041F2EA
:1065F0001412885041F21812885041F21C1288542B
:1066000041F21D12885441F21E12885441F21F12A9
:1066100088544FF48952885241F22212885241F232
:106620002412885041F22812885041F22C134CF663
:10663000CD42C3F6CC62CA5041F23013CA5041F287
:1066400044034FF07A52CA5041F20C130122CA544B
:1066500041F20D13C85481F8E80F81F8EA0F41F2B6
:106660003413C85041F23813C85041F23C13C8509B
:106670004FF48A53C85041F24813C85041F25013A6
:10668000C85041F25413C85041F25813C85041F257
:106690005C13C8504FF48B53C85241F26213C85276
:1066A00041F26413C85441F26513C85441F26613B1
:1066B000C85441F26713C85441F2DC13C8504FF478
:1066C0008F53C85441F2E413C85041F2E813C85044
:1066D00041F2EC13C85041F2F013C85041F2F413E8
:1066E000C85041F2F813C85041F2FC13C85041F2AF
:1066F0006813C85041F26C13C85041F27013C8506F
:1067000041F27413C85041F27813C85041F27C131F
:10671000C8504FF48C53C85041F28413C85041F212
:106720008813C85041F28C1C4FF07E5341F80C3056
:1067300041F29013C85041F29413C85041F298139B
:10674000C85041F29C13C8504FF48D5C48F21F535F
:10675000C3F66B6341F80C3041F2A41C4DF20A738E
:10676000C3F6A36341F80C3041F2A81C41F80C3089
:1067700041F2AE13C85241F2AC13C85241F2B21307
:10678000C85241F2B013C85241F2B613C85241F296
:10679000B413C85241F2B813C85241F2BA13C852E6
:1067A00041F2BC13C85441F2BD13C85441F2BF13A7
:1067B000C85441F2BE13C85441F2C113C8544FF437
:1067C0008E53C85441F2C213C85441F2C313C85483
:1067D00041F2C413C85441F2C513C85441F2C61360
:1067E000C85441F2C813C85041F2CC13C85041F20A
:1067F000D813C85441F21423C85041F21823C8508A
:1068000041F20203C85441F20303C85441F20403A5
:10681000C85441F20E13C85441F22423C85041F227
:106820002823C85041F22C23C85041F23023C850CD
:1068300041F23423C85041F23823C85041F23C237E
:10684000C8504FF49253C85441F22C03C85041F23F
:106850003003C85041F22403C85041F22803C85005
:106860004FF48853C85041F20603CA5441F207025C
:10687000885441F20802885402B080BD0000000034
:1068800080B598B0179017980B9041F20F11405CAB
:106890008DF85B009DF85B008DF85A000020159084
:1068A00014909DF85B0001460C91012836D0FFE75B
:1068B0000C98022804D0FFE70C9805282ED02EE073
:1068C0000B984FF490510A91435849F21010C0F6BA
:1068D0000200552108914FF4D2620992FBF7B0FFF4
:1068E0000899099A0A9B0B988DED150AC35848F62A
:1068F000BC70C0F60200FBF7A3FF0A990B988DED60
:10690000140A4258013242504058B0F5D26F04D3B5
:10691000FFE705208DF85A00FFE701E0FFE7FFE7FA
:106920000B980021139112911191109100F55C7157
:1069300006919DED150ADDED140A13AA12AB05F0C0
:1069400067F80B9800F2AC4107919DED150ADDED5B
:10695000140A11AA10AB05F05BF806989DED130A16
:10696000DDED120A0BF008FF07989DED110ADDED31
:10697000100A0BF001FF0B9841F20A21405CC0079E
:1069800080B9FFE79DED150A9FED531AB4EE410A59
:10699000F1EE10FA06DDFFE70B9941F20A22012021
:1069A0008854FFE70B9841F20A21405CC007B8B158
:1069B000FFE70B9841F20B21405CC00780B9FFE76D
:1069C0009DED140A9FED451AB4EE410AF1EE10FA5E
:1069D00006DAFFE70B9941F20B2201208854FFE70A
:1069E0000B9841F20A21415C0120C907059031B1A1
:1069F000FFE70B9841F20B21405C0590FFE70598FB
:106A000000F001008DF83F009DF83F00C00700280E
:106A100047D0FFE70B9800F5007009F0C1FF0B9815
:106A20009FED2F1A8DED011A20EE410A8DED0E0A11
:106A300000F52E7009F0B4FF9DED011A20EE010A59
:106A40008DED0D0A9DED0E1AB6EE000A8DED040ACD
:106A500030EE410AB1EE001A8DED021A20EE010A65
:106A6000F0EE0C0ACDED030AFCF7D6FF9DED021AFD
:106A7000DDED030A0B98B0EE402A9DED040A00F606
:106A8000447080ED002A9DED0D2A30EE420A20EE82
:106A9000010AFCF7C1FF0B9800F6487080ED000A70
:106AA00006E00B990020C1F8440FC1F8480FFFE73A
:106AB0009DF85A009DF85B1088420BD0FFE70B99B8
:106AC0009DF85A0041F20F1288544FF49052002062
:106AD0008850FFE718B080BDE17A1440A4703D3EB5
:106AE0008FC2753D0000000080B582B00190019812
:106AF000009041F20C11405C052801D1FFE70EE047
:106B0000009841F20C11405C042804D1FFE7009882
:106B100004F0FAFF03E0009803F046FFFFE702B03D
:106B200080BD00000000000080B594B00EAA0B925A
:106B300013908DF84B1013980C9041F20C11405C9F
:106B40009DF84B10884201D1FFE764E30C9809F0EF
:106B50005FFA0C9804F02CF80C9804F09DF90C994D
:106B600041F250020020885041F2A802885041F2C0
:106B70000C12895C8DF84A109DF84A1003290A907E
:106B80001AD1FFE70C9841F26611415C0120C90758
:106B9000099071B9FFE70C9841F2D811415C0120CE
:106BA000C907099029B9FFE70C9803F06DFF099018
:106BB000FFE709980A90FFE70C980A9901F0010194
:106BC0008DF8491000F5007009F0EAFE0B990C9859
:106BD00081ED030A00F52E7009F0E2FE0B990C9886
:106BE00081ED020A41F2841141580F9141F288115E
:106BF00041580E9141F20C11405C032804D1FFE78B
:106C00000C9804F0B1F8FFE70C9841F20C11405CCD
:106C1000062804D1FFE70C9804F0E6FDFFE70C9985
:106C20009DF84B0041F20C12885441F238120020BA
:106C300088509DF84B0002286BD1FFE79DF84A1061
:106C400000200529089024D1FFE70C9890F8F01F48
:106C50000020C9070890E1B1FFE70C9841F24121FB
:106C6000415C0120079089B9FFE70C9841F242216D
:106C7000415C0120079049B9FFE70C9841F243219C
:106C8000405C002818BF01200790FFE70798089094
:106C9000FFE7089800F001008DF837009DF83700F5
:106CA000C00730B9FFE70C994FF492520020885486
:106CB000FFE70C9841F204020121815404F0F8FD31
:106CC0009DF83700C00720B1FFE70C9805F0C8FC1D
:106CD000FFE70C989DF8371001F0010180F8EF1FD5
:106CE00000210691C0F8F41F80F8F01F00F54A60FB
:106CF0000BF086F80C99069841F24802885041F250
:106D00005002885041F20602885441F2070288542A
:106D1000DAE09DF84B0005280ED1FFE70C99002022
:106D200081F8F00FC1F8F40F41F21422885041F2BB
:106D3000060201208854C6E09DF84B00032840F06D
:106D40009F80FFE70C994FF49252002005908854E1
:106D500041F20D130122CA5441F25012885041F2FF
:106D60005412885041F25812885041F25C128850F7
:106D70004FF48B52885241F26212885241F26412EF
:106D8000885441F26512885441F26612885441F2E7
:106D90006712885441F26812885041F26C12885090
:106DA00041F27012885041F27412885041F2781208
:106DB000885041F27C1288504FF48C52885041F236
:106DC0008412885041F28812885041F28C134FF09F
:106DD0007E52CA5041F29012885041F2941288506B
:106DE00041F29812885041F29C1288504FF48D5312
:106DF00048F21F52C3F66B62CA5041F2A4134DF21F
:106E00000A72C3F6A362CA5041F2A813CA5041F2F3
:106E1000AE12885241F2AC12885241F2B21288523C
:106E200041F2B012885241F2B612885241F2B412C5
:106E3000885241F2BF12885441F2BE12885441F286
:106E4000C11288544FF48E52885441F2C2128854B1
:106E500041F2C312885441F2C412885441F2C5125F
:106E6000885441F2C612885441F2C812885041F247
:106E7000CC12885041F2D812885481F8E80F21E0F2
:106E80009DF84B0006281CD1FFE70C9941F20F1228
:106E9000022088544FF490520020885041F204227E
:106EA000885041F20822885441F20A22885441F263
:106EB0000B22885441F2D00288504FF485528850FA
:106EC000FFE7FFE7FFE7FFE79DF84B00012840F0F1
:106ED0002081FFE79DF84A0002280BD0FFE79DF8CC
:106EE0004A00032806D0FFE79DF84A00062840F034
:106EF0001081FFE70C984FF49252002104918154C5
:106F000041F21C12815441F21D12815441F21E12B1
:106F1000815441F21F1281544FF48952815241F23F
:106F20002212815241F22412815041F228128150E2
:106F300041F205020121815400F55C700BF04CFF19
:106F40000C9841F20411014481ED000A00F2AC40BA
:106F50000BF042FF0C9841F20811014481ED000A48
:106F600000F532600AF04CFF0C9800F53A600AF028
:106F700047FF0C9800F54A600AF042FF0C9904980C
:106F8000C1F8680FC1F86C0FC1F8600F41F24802F8
:106F9000885041F24C02885041F25002885041F230
:106FA0009C02885441F29D02885441F29E0288540A
:106FB0004FF48552885041F2A402885041F2AC024D
:106FC000885041F2B002885041F2BC0288504FF420
:106FD0008652885041F2C402885041F2C80288505B
:106FE00041F2CC02885041F2D002885041F2D402E2
:106FF000885041F2D802885041F2DC02885041F2B8
:10700000E802885041F2EC02885041F2F0028850C8
:1070100041F2F402885041F2F802885041F2B8027D
:10702000885041F2FC0340F2DC52CA509DF84920DE
:1070300002F001024FF48F53CA54119A41F2E41343
:10704000CA50109A41F2E813CA5041F2EC1288502B
:1070500041F2F012885041F2F41288509DF8490034
:10706000C00730B1FFE70B9890ED010A8DED030AE0
:1070700004E09FED6A0A8DED030AFFE70C989DED91
:10708000030A41F2F811084480ED000A9DF8490016
:10709000C00730B1FFE70B9890ED000A8DED020AB2
:1070A00004E09FED5E0A8DED020AFFE70C989DED6E
:1070B000020A41F2FC11084480ED000A9DF84900E3
:1070C000C00780B1FFE70C9941F2101201208854EB
:1070D00041F214120020885041F21812885041F2F7
:1070E000DC12885014E00C999DF84A200020032AF5
:1070F000024608BFFA2241F2DC13CA5041F21012D4
:10710000885441F21412885041F218128850FFE757
:1071100081E09DF84B0001287CD0FFE70C9941F2FB
:107120001C1200200190885441F21D12885441F233
:107130001E12885441F21F1288544FF4895288520B
:1071400041F22212885241F22412885041F2281250
:10715000885041F20502885441F29C02885441F261
:107160009D02885441F29E0288544FF48552885003
:1071700041F2A402885041F2AC02885041F2B002C0
:10718000885041F2BC0288504FF48652885041F238
:10719000C402885041F2C802885041F2CC028850A3
:1071A00041F2D002885041F2D402885041F2D80214
:1071B000885041F2DC02885041F2E802885041F2E6
:1071C000EC02885041F2F002885041F2F4028850FB
:1071D00041F2F802885041F2B802885041F2FC02B4
:1071E000885041F2DC1288504FF48F52885441F29B
:1071F000EC12885041F2F012885041F2F41288509B
:1072000041F2F812885041F2FC12885041F24C02CF
:107210008850FFE7FFE714B080BD00BF000000000A
:1072200080B5ADF5936DBAA9B591CDF89404DDF8AC
:107230009404B6904FF488520021B79181500CF01D
:10724000A3FA0146B798B890D1B1FFE7B69880305D
:107250000CF09AFA01460020B89089B1FFE7B69881
:1072600000F580700CF090FA01460020B89039B11A
:10727000FFE7B69800F5C0700CF086FAB890FFE70B
:10728000B698B89901F001018DF8931441F23411C8
:10729000405846F2A711884207D8FFE7B69941F255
:1072A0003412885801308850FFE7B69841F2242103
:1072B000405846F2A711884207D8FFE7B69941F235
:1072C0002422885801308850FFE7B69841F23411E3
:1072D000405846F2A811884211D3FFE7B69841F210
:1072E0000302012181544FF492520321815405215C
:1072F000FFF71AFCB69808F0F7FF03F047BBB69803
:1073000090F8EF0FC007F8B1FFE79DF89304C007AE
:1073100098B9FFE7B699D1F8F40F0130C1F8F40F2E
:10732000FA2805D3FFE7B6980521FFF7FDFBFFE735
:10733000B69808F0D9FF03F029BBB699002081F870
:10734000EF0FC1F8F40FFFE7B59840F6CC01C2F299
:1073500000418A6CCDF88C244A6DCDF88824096EE2
:10736000CDF8841490ED690AB0EEC00A90ED681A69
:10737000B0EEC11A30EE010A90ED671AB0EEC11AF4
:1073800030EE010AB6EE001AB4EE410AF1EE10FA40
:1073900039DAFFE740F6CC00C2F20040B39090ED3E
:1073A0001C0A10F01FFFB398B599B1EE400A81EDA9
:1073B000690A90ED1B0A10F015FFB3988DEDB20A23
:1073C00090ED1C0A10F00EFEB398B599B0EE401A7D
:1073D0009DEDB20A20EE010A81ED680A90ED1B0ACC
:1073E00010F000FEB3988DEDB40A90ED1C0A10F079
:1073F000F9FDB598B0EE401A9DEDB40A20EE010AF1
:1074000080ED670AFFE7B59890ED670A00209FEDD1
:10741000B71AB4EE410AF1EE10FAB19025DDFFE79C
:1074200040F6CC00C2F2004090ED1B0AB0EEC00A5C
:1074300000209FEDAF1AB4EE410AF1EE10FAB190C0
:1074400013DAFFE740F6CC00C2F2004090ED1C0AD0
:10745000B0EEC00A9FEDA61A0020B4EE410AF1EE8C
:1074600010FAB8BF0120B190FFE7B698B19901F0CA
:1074700001018DF883140021C0F8441FC0F8481F93
:10748000C0F86C1FC0F8601F41F20E11405C01464D
:10749000B091042803F27A82B099DFE811F0050078
:1074A0003400FE02ED055613B6980021C0F83C1FCB
:1074B000C0F8381FC0F8501FC0F84C1F06F060FA23
:1074C000B69841F224214058C8281AD3FFE79DF806
:1074D0008304C00730B1FFE7B69941F20E120320D2
:1074E000885405E0B69941F20E1201208854FFE756
:1074F000B69941F224220020885041F22822885077
:10750000FFE703F043BAB69841F22421405801281E
:1075100063D1FFE7B69800F2AC400BF05DF9B59887
:1075200080ED650AFFE7B698B59991ED650A8DED96
:10753000AF0A00F55C700BF04FF9B0EE401A9DED0C
:10754000AF0A30EE410A9FED6B1AB4EE410AF1EE3C
:1075500010FA0ADDFFE7B59890ED650A9FED661A0F
:1075600030EE010A80ED650ADDE7FFE7B698B599D0
:1075700091ED650A8DEDAE0A00F55C700BF02CF90B
:10758000B0EE401A9DEDAE0A30EE410A9FED5B1A57
:10759000B4EE410AF1EE10FA0ADAFFE7B59890ED81
:1075A000650A9FED571A30EE010A80ED650ADDE7A6
:1075B000B69800F55C700BF00FF9B599B69891ED9F
:1075C000651A30EE010AB6EE001A20EE010A41F209
:1075D0002C01084480ED000AFFE7B69800F55C70C6
:1075E0000BF0FAF8B698B59981ED640A00F2AC4058
:1075F0000BF0F2F8B59880ED630AFFE7B698B599FD
:1076000091ED640A41F22C01084490ED001A30EE2D
:10761000410A9FED381AB4EE410AF1EE10FA0ADD84
:10762000FFE7B59890ED640A9FED331A30EE010A3A
:1076300080ED640AE2E7FFE7B698B59991ED640A38
:1076400041F22C01084490ED001A30EE410A9FED02
:107650002B1AB4EE410AF1EE10FA0ADAFFE7B598F8
:1076600090ED640A9FED261A30EE010A80ED640A5F
:10767000E2E7FFE7B698B59991ED630A41F22C0174
:10768000084490ED001A30EE410A9FED1A1AB4EE4C
:10769000410AF1EE10FA0ADDFFE7B59890ED630AB2
:1076A0009FED151A30EE010A80ED630AE2E7FFE76D
:1076B000B698B59991ED630A41F22C01084490ED1A
:1076C000001A30EE410A9FED0D1AB4EE410AF1EEB8
:1076D00010FA33DAFFE7B59890ED630A9FED081AC8
:1076E00030EE010A80ED630AE2E700BFCA03683F9B
:1076F000DB0F493FDB0F4940DB0FC9C0DB0F49C03F
:10770000DB0FC940000070420AD7A33D8FC2753E0F
:107710000000964300000C4300005CC200008C4255
:1077200035FA0E3EF366DF3E4CBE8C40E4CB96400D
:10773000CDCC4CBE3333B33E920A863EB599B69853
:1077400041F22C0202449C9292ED001A91ED640ADF
:1077500030EE410A8DED9B0A00F55C70A3900AF0B3
:1077600033FE9DED9B1AB2EE042A8DED9D2A20EE8C
:10777000020A1FED1C2A8DED9E2A91EE420AF3EEBD
:107780000E0ACDEDA80AFCF747F99C9AB698B59970
:1077900081ED620A92ED001A91ED630A30EE410A22
:1077A0008DED9F0A00F2AC40A7900AF00DFE9DED12
:1077B0009D3A9DED9E2A9DED9F1ADDEDA80A20EED3
:1077C000030A91EE420AFCF727F9B699B59880EDC5
:1077D000610A01F64C71A09191ED000AD0ED620AA8
:1077E0001FED371A8DEDA11AFCF772F8A09A9DEDE6
:1077F000A11AB699B59882ED000A01F57561A291BA
:1078000091ED000AD0ED610AFCF762F8A299A39805
:1078100081ED000A0BF0E0FAA798B599B0EE401A96
:107820001FED460A8DEDA40A30EE410A81ED600A93
:107830000BF0D2FAA398B599B0EE401A9DEDA40AC8
:1078400030EE410A81ED5F0A91ED602A1FED501A7A
:107850001FED500AB5EE402AF1EE10FAB0EE402AC4
:10786000B8BFB0EE412A81ED5E2A91ED5F2AB5EEF8
:10787000402AF1EE10FAB8BFB0EE410A81ED5D0A80
:1078800091ED5E0A8DEDA60A91ED600A8DEDA50AD7
:107890000AF0DAFB9DEDA52A9DEDA61A9DEDA83A0A
:1078A00020EE030A91EE020A5FED650ACDEDAB0A08
:1078B0001FED661A8DEDAC1AFBF7BAFFA798B69AC2
:1078C000B59902F6387282ED000A91ED5D0A8DEDF0
:1078D000AA0A91ED5F0A8DEDA90A0AF0B5FB9DEDAC
:1078E000A84A9DEDA93A9DEDAA2ADDEDAB0A9DEDD2
:1078F000AC1A20EE040A92EE030AFBF799FFB69841
:1079000000F63C7181ED000A41F244024CF28F21F5
:10791000C3F67561815006F033F8B59890ED640AAE
:1079200090ED631A30EE410AB0EEC00A00201FED60
:10793000841AB4EE410AF1EE10FAAD9023DAFFE7B3
:10794000B69800F55C700AF03FFDB0EEC00A00206A
:107950001FED8C1AB4EE410AF1EE10FAAD9012DA76
:10796000FFE7B69800F2AC400AF02EFDB0EEC00A78
:107970001FED941A0020B4EE410AF1EE10FAB8BFE0
:107980000120AD90FFE7AD9800F001008DF85B0499
:107990009DF85B04C00778B1FFE7B69841F2282153
:1079A0004058C72807D8FFE7B69941F228228858DF
:1079B00001308850FFE705E0B69941F22822002007
:1079C0008850FFE7B69841F228214058502862D3EA
:1079D000FFE7B69800F532600AF012FAB69800F5A3
:1079E0003A600AF00DFAB69800F552600AF008FA0B
:1079F000B69800F55A600AF003FAB598B69990ED7A
:107A0000640A90ED631A30EE010AB6EE001A20EE19
:107A1000010A41F22C020A4482ED000A90ED670A45
:107A2000AFF2FC20021D1FEDBE1AB4EE410AF1EECA
:107A300010FAB8BF1046006841F230028850FFE7E4
:107A4000B69841F23001014491ED000A41F22C0157
:107A5000084490ED001AB4EE410AF1EE10FA0DDC84
:107A6000FFE7B69841F23001084490ED000A1FED9F
:107A7000DC1A30EE010A80ED000AE1E7B69941F226
:107A80000E120220885441F224220020885041F234
:107A900028228850FFE702F079BF9DF88314002068
:107AA000C9079A90A1B3FFE7B59890ED680AB0EEC8
:107AB000C00A00201FEDE11AB4EE410AF1EE10FAFF
:107AC0009A9025DAFFE740F6CC00C2F2004090ED34
:107AD000040AB0EEC00A00201FEDE91AB4EE410A14
:107AE000F1EE10FA9A9013DAFFE740F6CC00C2F2FA
:107AF000004090ED050AB0EEC00A9FED901A0020FC
:107B0000B4EE410AF1EE10FAB8BF01209A90FFE7F7
:107B1000B6989A9901F001018DF85A1400F55C703D
:107B20000AF05AFEB698B59981ED5B0A00F2AC40B6
:107B30000AF052FEB59880ED5A0AFFE7B698B5995B
:107B400091ED5B0A41F22C01084490ED001A30EEF1
:107B5000410A9FED7B1AB4EE410AF1EE10FA0ADDFC
:107B6000FFE7B59890ED5B0A9FED761A30EE010ABB
:107B700080ED5B0AE2E7FFE7B698B59991ED5B0A05
:107B800041F22C01084490ED001A30EE410A9FEDBD
:107B90006E1AB4EE410AF1EE10FA0ADAFFE7B59870
:107BA00090ED5B0A9FED691A30EE010A80ED5B0AE9
:107BB000E2E7FFE7B698B59991ED5A0A41F22C0138
:107BC000084490ED001A30EE410A9FED5D1AB4EEC4
:107BD000410AF1EE10FA0ADDFFE7B59890ED5A0A76
:107BE0009FED581A30EE010A80ED5A0AE2E7FFE7EE
:107BF000B698B59991ED5A0A41F22C01084490EDDE
:107C0000001A30EE410A9FED501AB4EE410AF1EE2F
:107C100010FA0ADAFFE7B59890ED5A0A9FED4B1A71
:107C200030EE010A80ED5A0AE2E7B598B69941F2C2
:107C30002C02114491ED001A90ED5B0A31EE400ADE
:107C4000B0EEC00A90ED5A2A31EE421AB0EEC11AD7
:107C500080FE010A80ED590A90ED591A9FED3C0A09
:107C600030EE410A9FED3B1A80EE010A80ED580A82
:107C700090ED580AB5EE400AF1EE10FA04DAFFE78B
:107C80000020CDF84804FFE7B59890ED580AB7EE0C
:107C9000001AB4EE410AF1EE10FA05DDFFE74FF0ED
:107CA0007E50CDF84804FFE79DF85A04C00770BB2A
:107CB000FFE7B59890ED580AB5EE400AF1EE10FADC
:107CC00025DDFFE7B698B59991ED581A41F22C01E0
:107CD000014491ED000A9FED202AA1EE020A81EDF8
:107CE000000A91ED000A41F23001084490ED001ABB
:107CF000B4EE410AF1EE10FA08DDFFE7B69941F261
:107D00003000085841F22C028850FFE7FFE7B69890
:107D100041F22C01014491ED000A41F23001084486
:107D200090ED001AB4EE410AF1EE10FA33DBFFE7F2
:107D30009DF85A04C00770BB20E000BF920A863E3F
:107D4000DB0F4940DB0FC9C0DB0F49C0DB0FC94067
:107D50007CD9A03EC3B8323ED402B739000070428D
:107D60000AD7A33DEC51B83E0000964300000C43F7
:107D700000005CC200008C42920A063FB69841F2B5
:107D80003001084490ED000A1FED101A30EE010A90
:107D900080ED000AFFE7B698B59991ED5A0A91ED8A
:107DA0005B1A30EE410A81ED570A00F2AC40949024
:107DB0000AF00AFBB6988DED870A00F55C7090908A
:107DC0000AF002FB9098B599B69AB0EE401A9DED74
:107DD000870A30EE410A81ED560A91ED571A91ED6E
:107DE000560AB1EE002A20EE020AB3EE092AA1EEED
:107DF000020A81ED550A41F22C031A44899292ED50
:107E0000001A91ED5B0A30EE410A8DED880A0AF006
:107E1000DBFAB598B0EE401A9DED880AB2EE042A5E
:107E20008DED8A2A21EE021A1FED342A8DED8B2A60
:107E3000A0EE021A90ED550A30EE410AF3EE0E0A5A
:107E4000CDED950AFBF7E8FD899AB599949881EDF7
:107E5000540A92ED001A91ED5A0A30EE410A8DED66
:107E60008C0A0AF0B1FA9DED8A3A9DED8B2A9DEDC0
:107E70008C1AB598DDED950A20EE030A91EE420AC0
:107E800090ED551A30EE410AFBF7C6FDB598B6994C
:107E900080ED530A01F64C718D9191ED000AD0ED01
:107EA000540A1FED511A8DED8E1AFBF711FD8D9AB4
:107EB0009DED8E1AB598B69982ED000A01F57561AF
:107EC0008F9191ED000AD0ED530AFBF701FD8F99D8
:107ED000909881ED000A0AF07FFFB5999498B0EE72
:107EE000401A1FED600A8DED910A30EE410A81EDD6
:107EF000520A0AF071FF9098B599B0EE401A9DEDC4
:107F0000910A30EE410A81ED510A91ED522A1FED9E
:107F10006A1A1FED6A0AB5EE402AF1EE10FAB0EEC9
:107F2000402AB8BFB0EE412A81ED502A91ED512A86
:107F3000B5EE402AF1EE10FAB8BFB0EE410A81ED7D
:107F40004F0A91ED500A8DED930A91ED520A8DED95
:107F5000920A0AF079F89DED922A9DED931A9DED13
:107F6000953A20EE030A91EE020A5FED7F0ACDED0D
:107F7000980A1FED801A8DED991AFBF759FCB599F7
:107F80009498B69A02F6387282ED000A91ED4F0A83
:107F90008DED970A91ED510A8DED960A0AF054F88D
:107FA0009DED954A9DED963A9DED972ADDED980A57
:107FB0009DED991A20EE040A92EE030AFBF738FCB5
:107FC000B69800F63C7181ED000A41F2440245F298
:107FD000EC11C3F6B861815005F0D2FC9DF85A044B
:107FE000C00780B1FFE7B69841F2282140588008C9
:107FF0004A2807D8FFE7B69941F22822885801306D
:108000008850FFE705E0B69941F228220020885009
:10801000FFE7B69841F228214058B0F5967F29D362
:10802000FFE7B69800F5526009F0EAFEB69800F551
:108030005A6009F0E5FEB69941F20E1200208690D2
:10804000885441F22422885041F22822885041F27B
:108050003822885041F22C22885041F23022885038
:1080600041F22402885041F22802885041F2341231
:108070008850FFE702F08ABCB59890ED670A0120AE
:10808000B6EE081AB4EE410AF1EE10FA859025DB3F
:10809000FFE740F6CC00C2F2004090ED1B0AB0EEC4
:1080A000C00A01201FEDCC1AB4EE410AF1EE10FA1D
:1080B000859013DCFFE740F6CC00C2F2004090ED63
:1080C0001C0AB0EEC00A1FEDD41A0020B4EE410A1B
:1080D000F1EE10FAC8BF01208590FFE7859800F007
:1080E00001008DF823049DF82304C00778B1FFE751
:1080F000B69841F238214058C72807D8FFE7B6990B
:1081000041F23822885801308850FFE705E0B699DF
:1081100041F2382200208850FFE7B69841F238211A
:108120004058C8282FD3FFE7B69800218491C0F8A3
:10813000481FC0F8441FC0F83C1FC0F8381FC0F8E3
:10814000501FC0F84C1F41F22C22815041F23022C6
:10815000815041F23422815041F22402815041F297
:108160002802815041F23822815041F20E1301223F
:10817000C25441F22422815041F22822815005F05C
:10818000FFFB02F003BCB59840F6CC01C2F20041FF
:1081900091ED1C0A9FEDE71A20EE010A80ED4D0AD1
:1081A00090ED4D0A9FEDE41AB4EE410AF1EE10FA9B
:1081B00007DDFFE747F25070C3F6D650CDF81C0438
:1081C000FFE7B59890ED4D0A9FEDDC1AB4EE410A39
:1081D000F1EE10FA07DAFFE747F25070CBF6D6500F
:1081E000CDF81C04FFE7B698B59991ED4D1A9FEDB7
:1081F000D40A30EE410A81ED4C0A41F22421405864
:10820000012821D1FFE7B69800F55C700AF0E4FD83
:10821000B6988DED830A00F2AC400AF0DDFDB69809
:10822000B0EE401A9DED830A30EE010AB6EE001A58
:1082300020EE010A9FEDC31A80FE410A41F244017B
:10824000084480ED000AFFE7B598B69941F22C2268
:108250008B580022272B88BF01228DF817249DF808
:108260001724D2079FEDB81A9FEDB80A002A00FE26
:10827000010A80ED4A0A9DF81724D2079FEDB41A2F
:108280009FEDB40A002A00FE010A80ED490A41F27E
:108290004402114491ED000A90ED4A1AB4EE410AED
:1082A000F1EE10FA1FDAFFE7B598B69990ED491A8A
:1082B00041F24402114491ED000A30EE010A81EDD1
:1082C000000A91ED000A90ED4A1AB4EE410AF1EE6F
:1082D00010FA07DDFFE7B699DDF8100441F2440219
:1082E0008850FFE72EE0B598B69941F24402114458
:1082F00091ED000A90ED4A1AB4EE410AF1EE10FA3F
:108300001FDDFFE7B598B69990ED491A41F2440296
:10831000114491ED000A30EE410A81ED000A91ED21
:10832000000A90ED4A1AB4EE410AF1EE10FA07DAAB
:10833000FFE7B699DDF8100441F244028850FFE7E8
:10834000FFE7FFE7B59890ED670A00209FED821ADE
:10835000B4EE410AF1EE10FA829040F39180FFE70B
:10836000B69800F55C700AF037FD0020B4EE001AF4
:10837000B4EE410AF1EE10FA829040F38180FFE7FB
:10838000B69800F2AC400AF027FD0020B4EE001AC7
:10839000B4EE410AF1EE10FA829071DDFFE7B69873
:1083A00000F55C700AF018FAB59890ED4C1A30EEB2
:1083B000410AB0EEC00A00209FED681AB4EE410AEF
:1083C000F1EE10FA82905BDAFFE7B69800F2AC406B
:1083D0000AF002FAB59890ED4C1A30EE410AB0EE70
:1083E000C00A00209FED5D1AB4EE410AF1EE10FACA
:1083F000829045DAFFE7B69800F55C7009F024FE3C
:10840000B0EEC00A00209FED561AB4EE410AF1EE1C
:1084100010FA829034DAFFE7B69800F2AC4009F027
:1084200013FEB0EEC00A00209FED4D1AB4EE410AD3
:10843000F1EE10FA829023DAFFE7B69800F55C704F
:1084400009F0C2FFB0EEC00A00209FED461AB4EE5C
:10845000410AF1EE10FA829012DAFFE7B69800F2C4
:10846000AC4009F0B1FFB0EEC00A9FED3E1A00200B
:10847000B4EE410AF1EE10FAB8BF01208290FFE796
:10848000B599B698829A02F001028DF80B2441F258
:108490002C2282580020272A024688BF01228DF80C
:1084A0000A2491ED670AB6EE081AB4EE410AF1EE1D
:1084B00010FA819040F39380FFE7B69800F55C7066
:1084C0000AF08AFC00209FED281AB4EE410AF1EE72
:1084D00010FA819040F38380FFE7B69800F55C7056
:1084E0000AF07AFC00209FED211AB4EE410AF1EE69
:1084F00010FA819073DAFFE7B69800F2AC400AF008
:108500006BFC00209FED181AB4EE410AF1EE10FA50
:10851000819064DDFFE7B69800F2AC400AF05CFCA5
:1085200000209FED121AB4EE410AF1EE10FA81908C
:1085300055DA27E03333B33E5077D63D5077D6BD7A
:10854000DB0FC93FCDCC4C3E3D0A573E3333333E63
:1085500052491D3917B75138CDCC4C3FF366DF3E39
:108560009A99193EDB0F493F8FC2F53DF628DC3E54
:10857000AA611C3F0000AA433D0A57BE8FC2753C4A
:1085800000009643B69800F55C700AF025F9B5989E
:1085900090ED4C1A30EE410AB0EEC00A00201FEDFB
:1085A0000C1AB4EE410AF1EE10FA819017DAFFE7E7
:1085B000B69800F2AC400AF00FF9B59890ED4C1A5D
:1085C00030EE410AB0EEC00A1FED171A0020B4EEDB
:1085D000410AF1EE10FAB8BF01208190FFE78198BF
:1085E00000F001008DF809049DF80A04C00728B1C5
:1085F000FFE79DF80904C00750B9FFE79DF80A049A
:10860000C007E8B9FFE79DF80B04C007C0B1FFE75A
:10861000B69841F22C21084490ED000AB8EE400AC9
:108620001FED2C1AB4EE410AF1EE10FA07DAFFE75B
:10863000B69941F22C22885801308850FFE705E0B6
:10864000B69941F22C2200208850FFE7B69841F2FB
:108650002C2141580020272988BF01208DF80804CB
:108660009DF80804C00748B9FFE7B69941F23022E7
:108670000020885041F234228850FFE79DF808140A
:108680000020C907002980904DD0FFE7B69800F57B
:108690005C700AF0A1FB1FED481A30EE010AB0EE43
:1086A000C00A00201FED4B1AB4EE410AF1EE10FA99
:1086B000809038DAFFE7B69800F2AC400AF08CFB05
:1086C0001FED531A30EE010AB0EEC00A00201FED74
:1086D000551AB4EE410AF1EE10FA809023DAFFE762
:1086E000B69800F55C7009F0AFFCB0EEC00A00204F
:1086F0001FED631AB4EE410AF1EE10FA809012DA1F
:10870000FFE7B69800F2AC4009F09EFCB0EEC00A5C
:108710001FED6B1A0020B4EE410AF1EE10FAB8BF5B
:1087200001208090FFE7B698809901F001018DF853
:10873000071441F23021405808BBFFE79DF80704B9
:10874000C007D8B1FFE7B69841F23022012181502D
:1087500040F6CC01C2F2004191ED1C2ABFEE001A96
:10876000B7EE000AB5EE402AF1EE10FA20FE010A3B
:1087700041F23421084480ED000AFFE70EE0B6988C
:1087800041F230214058DC2807D8FFE7B69941F282
:108790003022885801308850FFE7FFE7B69841F251
:1087A0003021405838B1FFE7B69841F230214058A7
:1087B00001387F9002E000207F90FFE7B6987F9914
:1087C000CDF8001441F23021415800207E9029B3A9
:1087D000FFE7B69841F23421084490ED000A40F6D4
:1087E000CC00C2F2004090ED1C1A20EE010A0020DD
:1087F000B5EE400AF1EE10FA7E900FDDFFE7DDF8EE
:1088000000140020A0297E9008D3FFE7DDF80014B3
:108810000020DC2938BF01207E90FFE7B6987E99C2
:1088200001F001018DF8FF1341F22C214058282856
:10883000C0F08C82FFE7B69804F0CEFBB699B598ED
:1088400041F22C228958283900EE101AB8EE400A5D
:108850001FEDB51A80EE010A80ED440A90ED440A3E
:10886000B7EE001AB4EE410AF1EE10FA04DDFFE7AC
:108870004FF07E50FE90FFE7B599B69891ED440A0F
:108880008DED7B0A00F684107A9008F0E5FDF7EE96
:10889000080ACDED7C0AFBF7BFF87A98B599B0EEDF
:1088A000401A9DED7B0A20EE010A81ED430A91ED0D
:1088B000440A8DED7D0A08F0D7FDDDED7C0AFBF75B
:1088C000ABF8B699B598B0EE401A9DED7D0A20EE52
:1088D000010A80ED420A90ED430A90ED421A30EE13
:1088E000010AB6EE001A20EE010A80ED410A01F6F7
:1088F000647191ED000AB0EEC00A9FEDC81A30EE27
:10890000010A9FEDC71A80EE010A80ED400A90ED42
:10891000400AB5EE400AF1EE10FA03DAFFE7002054
:10892000FA90FFE7B59890ED400AB7EE001AB4EE62
:10893000410AF1EE10FA04DDFFE74FF07E50FA90A5
:10894000FFE7B69800F66470799090ED000AB9EEF2
:10895000001A20EE010AF7EE080AFBF75DF8B59958
:10896000799881ED3F0A91ED400AB7EE001A31EE99
:10897000402A91ED433A91ED3F4A20EE040AA2EEDF
:10898000030A81ED430A91ED400A31EE401A91ED60
:10899000422A91ED3F3A20EE030AA1EE020A81ED50
:1089A000420A90ED000AB0EEC01AB5EE000A30EEB1
:1089B000410A9FED9C1A80EE010A81ED3E0A90ED7E
:1089C000000AB0EEC00A9FED981AB4EE410AF1EE2B
:1089D00010FA04DCFFE74FF07E50F890FFE7B598FF
:1089E00090ED3E0AB5EE400AF1EE10FA03DAFFE729
:1089F0000020F890FFE7B59890ED3E0AB7EE001A18
:108A0000B4EE410AF1EE10FA04DDFFE74FF07E50BC
:108A1000F890FFE7B59840F6CC01C2F2004191ED25
:108A20001C0AB0EEC00A9FED811A30EE010A9FEDDC
:108A3000801A80EE010A80ED3D0A90ED3D0AB5EE08
:108A4000400AF1EE10FA03DAFFE70020F790FFE7A3
:108A5000B59890ED3D0AB7EE001AB4EE410AF1EE7A
:108A600010FA04DDFFE74FF07E50F790FFE7B5986E
:108A700090ED3D1A90ED3E0A20EE010A80ED3E0A8F
:108A80009DF8FF03C007002800F08480FFE7B59839
:108A900090ED410AB0EEC00A9FED661AB4EE410AAD
:108AA000F1EE10FA76DDFFE7B59890ED3E0AB5EEEF
:108AB000400AF1EE10FA6DDDFFE7B59890ED410A3E
:108AC0005DA10A1DB5EE400AF1EE10FAC8BF1146CD
:108AD00091ED000A90ED3E1A20EE010A80ED3C0A6D
:108AE00090ED430A90ED421A30EE010AB6EE001AFC
:108AF00020EE010A80ED3B0A90ED3C0AB5EE400AFB
:108B0000F1EE10FA0BDDFFE7B59890ED3B0A90ED22
:108B10003C1AB4EE410AF1EE10FA14DBFFE7B59807
:108B200090ED3C0AB5EE400AF1EE10FA31DAFFE7BB
:108B3000B59890ED3B0A90ED3C1AB4EE410AF1EE87
:108B400010FA26DDFFE7B59890ED3C0A90ED3B1A50
:108B500030EE410A80ED3A0A90ED430A90ED3A1A60
:108B600030EE010AF7EE080ACDED780AFAF754FF65
:108B7000DDED780AB59880ED430A90ED420A90ED5C
:108B80003A1A30EE010AFAF747FFB59880ED420A2B
:108B9000FFE7FFE7B598B69941F22402114491ED41
:108BA000000A90ED431A20EE010A0020B5EE400ABB
:108BB000F1EE10FA779012DAFFE7B69800F66470DB
:108BC00090ED000AB0EEC00A9FED1A1A0020B4EE34
:108BD000410AF1EE10FAC8BF01207790FFE7B5987F
:108BE000B699779AD2079FED161A9FED160A002ABA
:108BF00000FE010A80ED390A41F22802114491ED8C
:108C0000000A90ED421A20EE010A0020B5EE400A5B
:108C1000F1EE10FA769039DA26E000BFCDCCCCBD6B
:108C20009A99193ECCCC4C3DCDCC4C3EC2B8B2BD8D
:108C3000DE35FA3DCDCC4C3DCDCC4CBECDCC4C3E02
:108C40008FC2753D8FC2753C9A99993E21815142E0
:108C50003D0A573E285C0F3D3333333E8FC2F53C0F
:108C60000000AA4200007042B69800F6647090EDD1
:108C7000000AB0EEC00A1FED111A0020B4EE410A3E
:108C8000F1EE10FAC8BF01207690FFE7B698B599CB
:108C9000769AD2071FED161A1FED160A002A00FE5B
:108CA000010A81ED380A91ED391A91ED432A41F21A
:108CB0002402831893ED000A32EE402AA1EE020A44
:108CC00083ED000A91ED381A91ED422A41F2280114
:108CD000431893ED000A32EE402AA1EE020A83ED1A
:108CE000000A8258C0F8442F4158C0F8481F00F6C7
:108CF000647090ED000AB0EEC00A1FED2D1AB4EEBC
:108D0000410AF1EE10FA20DDFFE7B69800F6647034
:108D100090ED000ABAEE001A20EE010AF0EE080A01
:108D2000FAF77AFEB598B69980ED370AF198C1F84E
:108D3000440FF198C1F8480FF19841F2240288508D
:108D4000F19841F228028850FFE708E0B69941F215
:108D500024020020885041F228028850FFE7B6988C
:108D600000F55C7009F0CCFE0AF046FEB698B599A5
:108D70001FED4A1A8DED741A20EE010A81ED360AB4
:108D800000F2AC4009F0BCFE0AF036FE9DED741A0C
:108D9000B59820EE010A80ED350A9DF8080400F030
:108DA00001008DF8BB039DF8BB130020C907759027
:108DB00049B9FFE7B69841F230214058B0FA80F047
:108DC00040097590FFE7B698759901F001018DF89B
:108DD000BA1300F55C7009F0FFFFB6988DED730AC9
:108DE00000F2AC4009F0F8FFB598B0EE401A9DEDE6
:108DF000730A30EE011ABEEE002A1FED6B0AA1EED7
:108E0000020A1FED6C1A80EE010A80ED330A9DF80C
:108E1000BB03C00718B9FFE70020ED90FFE7B59846
:108E200090ED330AB5EE400AF1EE10FA03DAFFE7EF
:108E30000020ED90FFE7B59890ED330AB7EE001AE9
:108E4000B4EE410AF1EE10FA04DDFFE74FF07E5078
:108E5000ED90FFE7B69800F55C7009F0BDFFB6989D
:108E6000B599B0EE401A1FED840A8DED720A30EE0E
:108E7000410A1FED861A8DED711A80EE010A81ED0F
:108E8000320A00F2AC4009F0A7FF9DED711AB598C7
:108E9000B0EE402A9DED720A30EE420A80EE010AE1
:108EA00080ED310A9DF8BA03C00720B9FFE7002022
:108EB000EC90EB90FFE7B59890ED320AB5EE400AE2
:108EC000F1EE10FA03DAFFE70020EC90FFE7B59827
:108ED00090ED320AB7EE001AB4EE410AF1EE10FA44
:108EE00004DDFFE74FF07E50EC90FFE7B59890ED82
:108EF000310AB5EE400AF1EE10FA03DAFFE700207E
:108F0000EB90FFE7B59890ED310AB7EE001AB4EE9A
:108F1000410AF1EE10FA04DDFFE74FF07E50EB90CE
:108F2000FFE79DF8BB03C00728B1FFE7B3EE080ACF
:108F30008DED700A0BE0B59890ED321ABAEE002A6A
:108F4000B3EE0C0AA1EE020A8DED700AFFE7B598A8
:108F50009DED700A80ED300A9DF8BB03C00728B173
:108F6000FFE7B3EE080A8DED6F0A0BE0B59890EDC0
:108F7000311ABAEE002AB3EE0C0AA1EE020A8DED08
:108F80006F0AFFE7B5989DED6F0A80ED2F0A9DF8F7
:108F9000BB03C00728B1FFE71FEDCF0A8DED6E0AB6
:108FA0000BE0B59890ED321AB3EE042A1FEDD30A08
:108FB000A1EE020A8DED6E0AFFE7B5989DED6E0AEF
:108FC00080ED2E0A9DF8BB03C00728B1FFE71FED17
:108FD000DC0A8DED6D0A0BE0B59890ED311AB3EE19
:108FE000042A1FEDE00AA1EE020A8DED6D0AFFE7EB
:108FF000B599B6989DED6D0A81ED2D0A41F24401B7
:109000000144669191ED000A8DED670A00F55C70F0
:10901000689009F0E1FE6699B698B59AB0EE401AEC
:109020009DED670A30EE410A82ED2C0A91ED000AAF
:109030008DED690A00F2AC406A9009F0CDFE6898A7
:10904000B59AB0EE401A9DED690A30EE410A82ED04
:109050002B0A92ED2C0A9FED5E1A00216C91B4EE62
:10906000410AF1EE10FA0B46B8BF01238DF8933395
:1090700092ED2B0AB4EE410AF1EE10FAB8BF0121CD
:109080008DF8921309F0A8FB6A98B59A6C9992ED45
:109090004C1A30EE410A9FED4F1A8DED6B1AB4EE6B
:1090A000410AF1EE10FAC8BF01218DF8911309F0C1
:1090B00093FBB5999DED6B1A6C9891ED4C2A30EEAF
:1090C000420AB4EE410AF1EE10FAC8BF01208DF851
:1090D00090039DF89303C00768B1FFE79DF89103E3
:1090E000C0079FED3D1A9FED3D0A002800FE010AD2
:1090F0008DED650A04E09FED3A0A8DED650AFFE704
:10910000B5989DED650A80ED290A9DF89203C00788
:1091100068B1FFE79DF89003C0079FED2F1A9FED00
:109120002F0A002800FE010A8DED640A04E09FED7D
:109130002C0A8DED640AFFE7B5989DED640A80ED79
:10914000280A9DF89303C007C8B1FFE79DF8910373
:10915000C00728B1FFE79FED230A8DED630A09E000
:10916000B59890ED360A9FED201A20EE010A8DED9C
:10917000630AFFE79DED630A8DED620A05E0B5988D
:1091800090ED360A8DED620AFFE7B5989DED620A13
:1091900080ED270A9DF89203C007D8B3FFE79DF83A
:1091A0009003C00728B1FFE79FED0E0A8DED610A1D
:1091B00009E0B59890ED350A9FED0B1A20EE010AF3
:1091C0008DED610AFFE79DED610A8DED600A27E0F4
:1091D0000AD7A3BCF366DF3E0000A04300005C4357
:1091E0000000C84200000000CDCC4C3E000082C20E
:1091F000000034C24F77D6BE00005CC3CDCC4C3DDE
:109200000000704200003442000010423D0A573E08
:1092100088C2F53CB59890ED350A8DED600AFFE700
:10922000B599B6989DED600A81ED260A91ED290A5F
:109230008DED410A91ED2C0A8DED400A91ED300A39
:109240008DED420A00F55C705C9008F0FDFE9DED2E
:10925000402A9DED411AB598B0EE403A9DED420A84
:1092600020EE030A91EE020A90ED271A30EE010A71
:1092700090ED321AB2EE042A8DED452AA1EE020AD3
:1092800090ED331AB2EE0E2A8DED462AA1EE020AB7
:109290009DF89113C9071FED2B2A8DED472A1FED6D
:1092A0002C1A8DED4D1A002941FE020A90ED2E1A5E
:1092B000FAF7BEFAB698B59900F638724B9282ED7D
:1092C000000A91ED280A8DED440A91ED2B0A8DEDEF
:1092D000430A91ED2F0A8DED480A00F2AC405D90F3
:1092E00008F0B2FE9DED436A9DED443A9DED455A6E
:1092F0009DED464A9DED472A9DED4D1AB598B0EE7D
:10930000407A9DED480A20EE070A93EE060A90ED9A
:10931000263A30EE030A90ED313AA3EE050A90EDBD
:10932000333AA3EE040A9DF89013C907002941FEC1
:10933000020A90ED2D1AFAF77BFAB69800F63C7106
:109340004E9181ED000A00F54A6049901FED5B0ADD
:1093500008F076FD499840F6CC01C2F200414A91EE
:1093600091ED1B0A08F058FB4A9890ED040A90ED25
:109370001B1A1FED602A20EE020A1FED612AA1EEE2
:10938000020AF3EE0E0AFAF747FB4B9ADDED4D0A9F
:10939000B699B59880ED250A90ED251A41F248035B
:1093A00019444C9191ED000A31EE401A1FED6D2ADF
:1093B000A1EE020A81ED000A92ED000A91ED001A79
:1093C00030EE010A90ED2E1AFAF732FA4B9B4C99C7
:1093D000DDED4D0A4E9AB59883ED000A92ED000A34
:1093E00091ED001A30EE410A90ED2D1AFAF720FAAD
:1093F0004E9A5C98B59982ED000A9DF89123D207A8
:109400001FED811A8DED531A1FED820A8DED590A59
:10941000002A00FE010A8DED510A91ED4C0A8DEDF6
:109420004F0A09F0D9F99DED4F1A5C9830EE410AC8
:109430008DED500A9DF89113C907B2EE001A8DED1B
:10944000551AB1EE000A8DED560A002900FE010AF8
:109450008DED520A08F0B8FF9DED503A9DED511A7E
:109460009DED592AB0EE404A9DED520A20EE040AC5
:1094700091EE430A9DF89103C0071FED9D1A8DEDF3
:109480005A1A002841FE020AFAF7C6FA9DED531A4D
:10949000B69A5D98B599B0EE402A9DED590A02F64C
:1094A0004C7282ED002A9DF89023D207002A00FE1C
:1094B000010A8DED580A91ED4C0A8DED540A09F020
:1094C0008BF99DED543A9DED551A5D98B0EE402A0A
:1094D0009DED560A32EE432A8DED572A9DF89013E2
:1094E000C907002900FE010A8DED5B0A08F06CFF38
:1094F0009DED574A9DED583A9DED592A9DED5A1A1A
:10950000B0EE405A9DED5B0A20EE050A93EE440A48
:109510009DF89003C007002841FE020AFAF77CFA82
:10952000B69800F5756181ED000A04F029FA5C989F
:109530004CF28821C3F6F541DE9109F04DFC5D98AF
:10954000B599B0EE401A1FEDCF0A8DED5F0A30EEEF
:10955000410A1FEDD11A8DED5E1A80EE010A81EDF0
:10956000230A09F039FC9DED5E1AB598B0EE402A49
:109570009DED5F0A30EE420A80EE010A80ED220A7C
:1095800090ED230AB5EE400AF1EE10FA03DAFFE798
:109590000020DD90FFE7B59890ED230AB7EE001AA2
:1095A000B4EE410AF1EE10FA04DDFFE74FF07E5011
:1095B000DD90FFE7B59890ED220AB5EE400AF1EE96
:1095C00010FA03DAFFE70020DC90FFE7B59890ED92
:1095D000220AB7EE001AB4EE410AF1EE10FA04DDE9
:1095E000FFE74FF07E50DC90FFE7B59890ED230A3F
:1095F000B5EE400AF1EE10FA0ADCFFE7B59890EDFF
:10960000220AB5EE400AF1EE10FA40F3FB80FFE7C4
:10961000B698B59A0021DB91DA91D991D89100F5ED
:109620005C71399192ED4C0A41F244020244359248
:10963000D2ED000ADBAADAAB02F0EAF9359AB59B63
:10964000B69800F2AC413D9193ED4C0AD2ED000A80
:10965000D9AAD8AB02F0DCF9B59890ED210AF3EE67
:10966000020ACDED360AFAF7D7F9DDED360AB598DC
:1096700080ED210A90ED200AFAF7CEF9DDED360AE9
:10968000B59880ED200A90ED1F0AFAF7C5F9DDEDD7
:10969000360AB59880ED1F0A90ED1E0AFAF7BCF95C
:1096A0003998B599B69A81ED1E0A91ED231A91ED7C
:1096B000210AB0EEC00A91ED202AB0EEC22A30EEA7
:1096C000022A91ED220A91ED1F3AB0EEC33A91EDD4
:1096D0001E4AB0EEC44A33EE043A20EE030AA1EE6D
:1096E000020AB5EE001A20EE010A02F5885282ED58
:1096F000000A91ED231AB7EE000A8DED3F0A30EE15
:10970000410A8DED370A09F047F89DED373A39984F
:10971000B599B0EE404A9DED3F0A91ED231A91EDC7
:10972000212A21EE022AA3EE042A8DED3A2A30EEF8
:10973000410A8DED380A09F037F89DED381A39984D
:10974000B599B0EE402A9DED3A0A91ED233A91ED9C
:10975000204A63EE040AE1EE020A09F00DF83D9892
:10976000B5999DED3F0A91ED221A30EE410A8DED3B
:109770003B0A09F011F89DED3B3A3D98B599B0EEE2
:10978000404A9DED3F0A91ED221A91ED1F2A21EEEC
:10979000022AA3EE042A8DED3E2A30EE410A8DED19
:1097A0003C0A09F001F89DED3C1A3D98B599B0EEE0
:1097B000402A9DED3E0A91ED223A91ED1E4A63EE5C
:1097C000040AE1EE020A08F0D7FFB5999DED3F0AC1
:1097D000B69891ED231A30EE412A00F6387292EDD8
:1097E000001A21EE021A82ED001A91ED221A30EED3
:1097F000411A00F63C7090ED000A20EE010A80ED5F
:10980000000AFFE7B69800F55C7009F0E5FA9FEDF5
:10981000D71A30EE010AB0EEC00A00209FEDD41A2C
:10982000B4EE410AF1EE10FA349080F28780FFE73F
:10983000B69800F2AC4009F0CFFA9FEDCC1A30EEAA
:10984000010AB0EEC00A00209FEDC91AB4EE410A29
:10985000F1EE10FA349071DAFFE7B69800F55C701B
:1098600008F0BAFFB59890ED4C1A30EE410AB0EE10
:10987000C00A00209FEDBF1AB4EE410AF1EE10FAC3
:1098800034905BDAFFE7B69800F2AC4008F0A4FF32
:10989000B59890ED4C1A30EE410AB0EEC00A0020A7
:1098A0009FEDB41AB4EE410AF1EE10FA349045DAA5
:1098B000FFE7B69800F55C7008F0C6FBB0EEC00A92
:1098C00000209FEDAD1AB4EE410AF1EE10FA34908B
:1098D00034DAFFE7B69800F2AC4008F0B5FBB0EE22
:1098E000C00A00209FEDA41AB4EE410AF1EE10FA6E
:1098F000349023DAFFE7B69800F55C7008F064FD59
:10990000B0EEC00A00209FED9D1AB4EE410AF1EEC0
:1099100010FA349012DAFFE7B69800F2AC4008F083
:1099200053FDB0EEC00A9FED951A0020B4EE410A37
:10993000F1EE10FAB8BF01203490FFE7B6983499E1
:1099400001F001018DF85F1302F0AEFE0146002028
:109950000029339076D0FFE79DF883140020C907D3
:10996000002933906ED0FFE7B69800F55C7009F0DF
:1099700033FA00209FED821AB4EE410AF1EE10FA9C
:1099800033905FDDFFE7B69800F2AC4009F024FAAF
:1099900000209FED7B1AB4EE410AF1EE10FA3390ED
:1099A00050DDFFE740F6CC00C2F2004090ED1C0A0B
:1099B000B0EEC00A00209FED731AB4EE410AF1EE3A
:1099C00010FA33903EDAFFE7B69800F6647090ED37
:1099D000000AB0EEC00A00209FED6B1AB4EE410AF7
:1099E000F1EE10FA33902DDAFFE7B69800F55C70CF
:1099F00008F0F2FEB59890ED4C1A30EE410AB0EE48
:109A0000C00A00209FED611AB4EE410AF1EE10FA8F
:109A1000339017DAFFE7B69800F2AC4008F0DCFEAE
:109A2000B59890ED4C1A30EE410AB0EEC00A9FEDA9
:109A3000571A0020B4EE410AF1EE10FAB8BF012027
:109A40003390FFE7339800F001008DF85E039DF836
:109A50008304C007C8B1FFE79DF85F03C00728B9BA
:109A6000FFE79DF85E03C00778B1FFE7B69841F2C3
:109A700028214058C72807D8FFE7B69941F2282285
:109A8000885801308850FFE705E0B69941F2282256
:109A900000208850FFE79DF85F130020C90732902F
:109AA00051B1FFE7B69841F2282141580020C7295B
:109AB00088BF01203290FFE7329800F001008DF856
:109AC0005D039DF85E130020C907319051B1FFE797
:109AD000B69841F2282141580020132988BF01205F
:109AE0003190FFE7319800F001008DF85C039DF89C
:109AF0005D03C00728B9FFE79DF85C03C00710B3FA
:109B0000FFE7B69941F202020120885440F6CC00EA
:109B1000C2F20040406F41F21C22885041F20E1206
:109B20000420885441F224220020885041F2282247
:109B3000885041F2182288504FF49152885041F2D7
:109B400034128850FFE700F021BFB69803F044FAC2
:109B5000B69841F24401084490ED000A9FED0C1ABA
:109B6000B4EE410AF1EE10FA54DA33E01F856BBE11
:109B70000AD7A33CC2B8323E0AD7233DCDCC4C3DD8
:109B80009A99193E5077563EAE47613EDB0F493FEA
:109B90001F856B3E17B7513817B751B82181514215
:109BA000000048C30080BB44000070430000F04246
:109BB00000008C4200000CC2000000004F77D6BEAF
:109BC00000005CC3000096449A99993F0AD7A3BC51
:109BD000CCCCCC3DB69841F24401084490ED000A4B
:109BE0001FED141A30EE010A80ED000A90ED000A14
:109BF0001FED191AB4EE410AF1EE10FA09DDFFE784
:109C0000B69941F2440248F21F50C3F66B60885087
:109C1000FFE72EE0B69841F24401084490ED000AB7
:109C20001FED251AB4EE410AF1EE10FA20DDFFE730
:109C3000B69841F24401084490ED000A1FED2A1A3B
:109C400030EE010A80ED000A90ED000A1FED301A97
:109C5000B4EE410AF1EE10FA09DAFFE7B69941F2E3
:109C6000440248F21F50C3F66B608850FFE7FFE7DD
:109C7000FFE7B69800F55C7008F042FF09F0BCFE03
:109C8000B698B5991FED3B1A8DED301A20EE010AFA
:109C900081ED1C0A00F2AC4008F032FF09F0ACFE86
:109CA0009DED301AB698B59920EE010A81ED1B0A98
:109CB00001F0AEFDB699B59841F22422114491ED20
:109CC000000AB8EE400A1FED4A1A30EE010A1FEDF5
:109CD0004B1A80EE010A80ED1A0A90ED1A0AB5EED1
:109CE000400AF1EE10FA03DAFFE70020D490FFE714
:109CF000B59890ED1A0AB7EE001AB4EE410AF1EEEB
:109D000010FA04DDFFE74FF07E50D490FFE7B599DD
:109D1000B69891ED1A1A1FED5C2A1FED5C0AA1EEB0
:109D2000020A81ED190A91ED1A1AB3EE092A1FED04
:109D3000600AA1EE020A81ED180A91ED190A8DED73
:109D4000230A41F244010144249191ED000A8DED72
:109D5000200A00F55C70219009F03EF89DED201A74
:109D6000219830EE410A8DED220A08F06DF99DED43
:109D7000222AB598B0EE401A9DED230AB3EE0C3AB4
:109D80008DED273A21EE031AA0EE021A90ED1C0A7F
:109D900030EE410A90ED181A5FED7A0ACDED2E0AE9
:109DA000F9F746FD2499B698B59A00F638732C93C6
:109DB00083ED000A92ED190A8DED290A91ED000A52
:109DC0008DED250A00F2AC40269009F005F89DEDD6
:109DD000251A269830EE410A8DED280A08F034F94C
:109DE0009DED273A9DED282ADDED2E0AB598B0EEBF
:109DF000401A9DED290A21EE031AA0EE021A90EDF9
:109E00001B0A30EE410A90ED181AF9F711FDB698C9
:109E100000F63C712F9181ED000A00F54A602A900E
:109E20001FED9B0A08F00CF82A9840F6CC01C2F20C
:109E300000412B9191ED1B0A07F0EEFD2B9890ED60
:109E4000040A90ED1B1A1FEDA32A20EE020A1FED53
:109E5000A42AA1EE020AF3EE0E0AF9F7DDFD2C9A10
:109E6000DDED2E0AB699B59880ED170A90ED171A18
:109E700041F2480319442D9191ED000A31EE401A48
:109E80001FEDC22AA1EE020A81ED000A92ED000A3E
:109E900091ED001A30EE010A90ED181AF9F7C8FC9E
:109EA0002C9B2D99DDED2E0A2F9AB59883ED000A93
:109EB00092ED000A91ED001A30EE410A90ED181A69
:109EC000F9F7B6FC2F9AB699B59882ED000A41F2DF
:109ED0002422114491ED000AB8EE400A1FEDC71A82
:109EE00080EE010A80ED160A90ED160AB7EE001A10
:109EF000B4EE410AF1EE10FA04DDFFE74FF07E50B8
:109F0000D090FFE7B69800F6447090ED000A5FED40
:109F1000D20ACDED1F0AF9F77FFDDDED1F0AB698D5
:109F2000B59981ED150A00F6487090ED000AF9F731
:109F300073FDB699B59880ED140A90ED160AB7EE48
:109F4000001A31EE402A41F224020A4492ED003A0E
:109F500090ED154A20EE040AA2EE030A80ED130AE2
:109F600090ED160A31EE401A41F228020A4492EDB1
:109F7000002A90ED143A20EE030AA1EE020A80EDC9
:109F8000120A01F6647191ED000AB0EEC00A1FEDED
:109F9000F11A30EE010A1FEDF21A80EE010A80ED8F
:109FA000110A90ED110AB5EE400AF1EE10FA03DA4B
:109FB000FFE70020CB90FFE7B59890ED110AB7EED0
:109FC000001AB4EE410AF1EE10FA04DDFFE74FF09B
:109FD0007E50CB90FFE7B69800F6647090ED000AD3
:109FE000B9EE0C1A20EE010ADFEDEF0AF9F714FDC5
:109FF000B699B59880ED100A90ED110AB7EE001AE7
:10A0000031EE402A90ED133A90ED104A20EE040A0A
:10A01000A2EE030A80ED130A90ED110A31EE401A08
:10A0200090ED122A90ED103A20EE030AA1EE020AFA
:10A0300080ED120A41F22402114491ED000A90EDE4
:10A04000131A20EE010A0020B5EE400AF1EE10FAD4
:10A050001E9012DAFFE7B69800F6647090ED000AE1
:10A06000B0EEC00A9FEDD11A0020B4EE410AF1EE25
:10A0700010FAC8BF01201E90FFE7B598B6991E9A46
:10A08000D2079FEDCB1A9FEDCB0A002A00FE010AF2
:10A0900080ED0F0A41F22802114491ED000A90ED83
:10A0A000121A20EE010A0020B5EE400AF1EE10FA75
:10A0B0001D9012DAFFE7B69800F6647090ED000A82
:10A0C000B0EEC00A9FEDB91A0020B4EE410AF1EEDD
:10A0D00010FAC8BF01201D90FFE7B698B5991D9AE8
:10A0E000D2079FEDB31A9FEDB30A002A00FE010AC2
:10A0F00081ED0E0A91ED0F1A91ED132A41F224021F
:10A10000831893ED000A32EE402AA1EE020A83ED95
:10A11000000A91ED0E1A91ED122A41F2280143181E
:10A1200093ED000A32EE402AA1EE020A83ED000A06
:10A130008258C0F8442F4158C0F8481F00F6647098
:10A1400090ED000AB0EEC00A9FED9B1AB4EE410AF2
:10A15000F1EE10FA20DDFFE7B69800F6647090ED9E
:10A16000000ABAEE001A20EE010AF0EE080AF9F72A
:10A1700053FCB598B69980ED0D0AC798C1F8440F05
:10A18000C798C1F8480FC79841F224028850C79871
:10A1900041F228028850FFE7B59840F6CC01C2F2A0
:10A1A000004191ED1C0A9FED851A20EE010A80ED19
:10A1B0000C0A90ED0C0A9FED821AB4EE410AF1EE02
:10A1C00010FA06DDFFE747F25070C3F6D650C6908E
:10A1D000FFE7B59890ED0C0A9FED7A1AB4EE410AAC
:10A1E000F1EE10FA06DAFFE747F25070CBF6D650E0
:10A1F000C690FFE7B698B59991ED0C1A9FED720ADB
:10A2000030EE410A81ED0B0A91ED0B0A8DED140A37
:10A2100000F55C70159008F0DFFA9DED141A1598A2
:10A2200030EE410A8DED160A08F0CEF89DED161AB3
:10A23000B1EE002A8DED192A20EE020A9FED632A65
:10A240008DED1A2A91EE420ADFED610ACDED1C0A6E
:10A25000F9F7E2FBB599B69800F64C7282ED000A68
:10A2600091ED0B0A8DED170A00F2AC40189008F042
:10A27000B3FA9DED171A189830EE410A8DED1B0ABE
:10A2800008F0A2F89DED193A9DED1A2A9DED1B1AD2
:10A29000DDED1C0A20EE030A91EE420AF9F7BCFB41
:10A2A000B69800F5756181ED000A41F2242140580D
:10A2B000B0F5967F0AD8FFE7B69940F6CC00C2F217
:10A2C0000040406F41F21C228850FFE7B598B699D4
:10A2D00040F6CC02C2F2004292ED1D0A41F21C226D
:10A2E000114491ED001A30EE410A80ED0A0A90ED1A
:10A2F0000A0A9FED381AB4EE410AF1EE10FA0ADDAF
:10A30000FFE7B59890ED0A0A9FED331A30EE010A87
:10A3100080ED0A0AFFE7B59890ED0A0A9FED2F1A23
:10A32000B4EE410AF1EE10FA0ADAFFE7B59890EDC3
:10A330000A0A9FED2B1A30EE010A80ED0A0AFFE7A8
:10A34000B59890ED0A0A9FED271A20EE010AF0EE6B
:10A35000040AF9F761FBB699B59880ED090A41F254
:10A3600024228958A1F5967100EE101AB8EE400A21
:10A370009FED1D1A80EE010A80ED080A90ED080A93
:10A38000B5EE400AF1EE10FA03DAFFE70020C290C2
:10A39000FFE7B59890ED080AB7EE001AB4EE410A4F
:10A3A000F1EE10FA2CDD27E09A99993F0AD7A33CE9
:10A3B000EC51383E8FC2753C9A99993E3333B33E87
:10A3C0005077D63D5077D6BDDB0FC93F00003442F1
:10A3D00000001042DB0F4940DB0FC9C0DB0F49C052
:10A3E000DB0FC940711B8F400000FA432063CA4055
:10A3F0003D0A573E88C2F53C4FF07E50C290FFE7C1
:10A40000B59890ED080A8DED0D0A40F6CC01C2F228
:10A41000004191ED1F0A90ED091A30EE010A1FED7F
:10A420000D1A20EE010A5FED1B0AF9F7F5FAB6994D
:10A43000B598B0EE401A9DED0D0A20EE010A80EDB0
:10A44000070A01F644710E9191ED000A90ED161A7B
:10A45000B6EE002A8DED0F2A21EE021A90ED072AA2
:10A46000A1EE020A5FED300ACDED100AF9F7D4FA39
:10A470000E9A9DED0F2ADDED100AB699B59882ED82
:10A48000000A01F64871119191ED000A90ED161A3B
:10A4900021EE021A90ED072AA1EE020AF9F7BCFAA2
:10A4A0001199B69881ED000A03F06AFAB6984CF259
:10A4B0008821C3F6F541C09100F55C7008F08CFC72
:10A4C000B698B599B0EE401A1FED370A8DED130A14
:10A4D00030EE410A1FED391A8DED121A80EE010A95
:10A4E00081ED050A00F2AC4008F076FC9DED121AF1
:10A4F000B598B0EE402A9DED130A30EE420A80EE88
:10A50000010A80ED040A90ED050AB5EE400AF1EE6D
:10A5100010FA03DAFFE70020BF90FFE7B59890ED4F
:10A52000050AB7EE001AB4EE410AF1EE10FA04DDA6
:10A53000FFE74FF07E50BF90FFE7B59890ED040A1B
:10A54000B5EE400AF1EE10FA03DAFFE70020BE9004
:10A55000FFE7B59890ED040AB7EE001AB4EE410A91
:10A56000F1EE10FA04DDFFE74FF07E50BE90FFE7FA
:10A57000B59890ED050AB5EE400AF1EE10FA0ADC46
:10A58000FFE7B59890ED040AB5EE400AF1EE10FA37
:10A5900040F3FB80FFE7B698B59A0021BD91BC91CE
:10A5A000BB91BA9100F55C71069192ED0B0A41F2F4
:10A5B000440202440292D2ED000ABDAABCAB01F0F3
:10A5C00027FA029AB59BB69800F2AC410A9193ED36
:10A5D0000B0AD2ED000ABBAABAAB01F019FAB59882
:10A5E00090ED030AF3EE020ACDED030AF9F714FA2F
:10A5F000DDED030AB59880ED030A90ED020AF9F744
:10A600000BFADDED030AB59880ED020A90ED010A20
:10A61000F9F702FADDED030AB59880ED010A90ED35
:10A62000000AF9F7F9F90698B599B69A81ED000A8A
:10A6300091ED051A91ED030AB0EEC00A91ED022AE0
:10A64000B0EEC22A30EE022A91ED040A91ED013AF1
:10A65000B0EEC33A91ED004AB0EEC44A33EE043A8C
:10A6600020EE030AA1EE020AB5EE001A20EE010A5E
:10A6700002F5885282ED000A91ED051AB7EE000A44
:10A680008DED0C0A30EE410A8DED040A08F084F8D5
:10A690009DED043A0698B599B0EE404A9DED0C0A3E
:10A6A00091ED051A91ED032A21EE022AA3EE042A68
:10A6B0008DED072A30EE410A8DED050A08F074F899
:10A6C0009DED051A0698B599B0EE402A9DED070A52
:10A6D00091ED053A91ED024A63EE040AE1EE020AB9
:10A6E00008F04AF80A98B5999DED0C0A91ED041A04
:10A6F00030EE410A8DED080A08F04EF89DED083A5B
:10A700000A98B599B0EE404A9DED0C0A91ED041AF5
:10A7100091ED012A21EE022AA3EE042A8DED0B2AE7
:10A7200030EE410A8DED090A08F03EF89DED091A58
:10A730000A98B599B0EE402A9DED0B0A91ED043AC6
:10A7400091ED004A63EE040AE1EE020A08F014F803
:10A75000B5999DED0C0AB69891ED051A30EE412A97
:10A7600000F6387292ED001A21EE021A82ED001AFC
:10A7700091ED041A30EE411A00F63C7090ED000A9B
:10A7800020EE010A80ED000AFFE7B698012180F86B
:10A79000EB1F00F55C7008F01FFB00209FED7D1A99
:10A7A000B4EE410AF1EE10FA019032DBFFE7B69801
:10A7B00000F2AC4008F010FB00209FED761AB4EEDA
:10A7C000410AF1EE10FA019023DBFFE7B69800F59D
:10A7D0005C7007F039FCB0EEC00A00209FED6E1AE5
:10A7E000B4EE410AF1EE10FA019012DAFFE7B698E2
:10A7F00000F2AC4007F028FCB0EEC00A9FED661AEC
:10A800000020B4EE410AF1EE10FAB8BF0120019029
:10A81000FFE7019800F001008DF8E7029DF883142E
:10A820000020C9070029009055D0FFE740F6CC0072
:10A83000C2F2004090ED040AB0EEC00A00209FED85
:10A84000571AB4EE410AF1EE10FA009043DAFFE72E
:10A8500040F6CC00C2F2004090ED050AB0EEC00A0E
:10A8600000209FED4E1AB4EE410AF1EE10FA00906E
:10A8700031DAFFE740F6CC00C2F2004090ED1F0A4B
:10A88000B0EEC00A00209FED451AB4EE410AF1EE89
:10A8900010FA00901FDAFFE7B69800F6647090EDAA
:10A8A000000AB0EEC00A00209FED3D1AB4EE410A46
:10A8B000F1EE10FA00900EDAFFE79DF8E7120020A3
:10A8C000C907009039B1FFE7B69800F0DDF880F0D5
:10A8D00001000090FFE7009800F001008DF8E6020B
:10A8E0009DF8E602C00780B1FFE7B69841F2182153
:10A8F000405880087C2807D8FFE7B69941F2182213
:10A90000885801308850FFE708E0B69941F21822D4
:10A91000002088504FF491528850FFE7B69841F2DA
:10A9200018214058B0F5FA7F20D3FFE740F6CC005D
:10A93000C2F2004090ED1F0AB0EEC00A9FED171A58
:10A94000B4EE410AF1EE10FA10DAFFE7B6984FF4D0
:10A950009151405880087C2807D8FFE7B6994FF4FA
:10A960009152885801308850FFE70EE0B69841F2C6
:10A9700018214058B0F5FA7F06D3FFE7B6994FF497
:10A98000915200208850FFE7FFE7FFE70DF5936D38
:10A9900080BD00BFEC51383E0AD7A33DC2B8B23EDD
:10A9A0008FC2F53D0000000080B588B00790079980
:10A9B000039101F5007001F6447191ED000AB1EECA
:10A9C000400A05F0FDFF039901F52E7001F648716C
:10A9D00091ED000A05F0F4FF039800F18001009169
:10A9E00000F55C70019007F0DFFE0098B0EE402AA1
:10A9F000DFED231ACDED061AB0EE610AF0EE610A22
:10AA0000B0EE611A06F090FC019807F0C5FE0398BD
:10AA1000DDED061AB0EE402AB0EE610AF0EE610AF2
:10AA2000B0EE611A06F080FC039800F5C071029147
:10AA300000F2AC40049007F0B7FE0298DDED061A74
:10AA4000B1EE402AB0EE610AF0EE610AB0EE611A92
:10AA500006F06AFC0399049801F58071059107F0EE
:10AA60009BFE0598DDED061AB1EE402AB0EE610AB4
:10AA7000F0EE610AB0EE611A06F056FC08B080BD37
:10AA8000000000000000000081B00090009841F23A
:10AA90001011405C00F0010001B0704700000000A0
:10AAA00080B598B017901798029000F5BD6000220D
:10AAB000019202231946F1F76FFD019A02984FF0B7
:10AAC0007E511691159241F26F23C3F6033314930E
:10AAD00013910023C4F220131293119210920F933A
:10AAE00044F20003C4F21C630E930D920C920023F7
:10AAF000C4F27A430B930A91099208920791069146
:10AB0000059204920391D0F8E8261399149BDDF87E
:10AB100054C0DDF858E0C2F80CE0C2F808C0536039
:10AB20001160D0F8FC260F99109BDDF844C0DDF8C9
:10AB300048E0C2F80CE0C2F808C053601160D0F8D9
:10AB400000270B990C9BDDF834C0DDF838E0C2F823
:10AB50000CE0C2F808C053601160D0F8E0260799F5
:10AB6000089BDDF824C0DDF828E0C2F80CE0C2F84C
:10AB700008C053601160D0F8F4160398049A059B3E
:10AB8000DDF818C0C1F80CC08B604A60086018B0CE
:10AB900080BD00000000000081B00090009800F629
:10ABA0004C7090ED000A01B07047000000000000FA
:10ABB00081B00090009941F254020020885441F283
:10ABC0005802885041F25C0288504FF483528850FA
:10ABD00041F26402885041F26802885041F26C02EE
:10ABE000885041F27002885001B0704700000000A8
:10ABF00081B00090009800F5756090ED000A01B0FA
:10AC0000704700000000000081B00090009841F201
:10AC10000C11405C01B0704780B590B00F900F9858
:10AC200004900021039180F8E91FC0F8E41FC0F8E8
:10AC3000D41FC0F8D81FC0F8DC1FC0F8E01FC0F850
:10AC4000441FC0F8481F4FF2C351C3F6C8710E919C
:10AC50004CF6CD41C3F64C610D9100F55C70089047
:10AC60009FED3F0A8DED050ADFED3E0ACDED060AA8
:10AC700007F072FD04989DED050ADDED060A00F26D
:10AC8000AC40079007F068FD089807F00DFC0798A6
:10AC900007F00AFC089807F0A3F938B1FFE7049819
:10ACA00000F2AC4007F09CF908B9FFE756E00498C1
:10ACB00000F55C70019008F09FF801988DED0C0A8A
:10ACC00008F092F804988DED0B0A00F2AC40029067
:10ACD00008F092F80298B1EE400A8DED0A0A08F0E9
:10ACE00083F80499B1EE400A8DED090A0B98C1F87A
:10ACF000D40F0C98C1F8D80F0998C1F8DC0F0A9846
:10AD0000C1F8E00F4FF07C50C1F8E40F012081F84A
:10AD1000E90F42F69840C2F2004090ED060AB7EE05
:10AD2000001AB4EE410AF1EE10FA17D1FFE70498C9
:10AD300002F052F9049800F68410009006F08CFBA3
:10AD40000098049901F6447181ED000A06F08CFB2D
:10AD5000049800F6487080ED000AFFE710B080BD4F
:10AD6000C3F5C83FCDCC4C3E81B00090009941F274
:10AD70000D120020885441F25012885041F25412B2
:10AD8000885041F25812885041F25C1288504FF4BA
:10AD90008B52885241F26212885241F264128854F6
:10ADA00041F26512885441F26612885441F26712EA
:10ADB000885441F26812885041F26C12885041F276
:10ADC0007012885041F27C1288504FF48C52885097
:10ADD00041F28412885041F28812885041F28C135B
:10ADE0004FF07E52CA5041F29012885041F29412B4
:10ADF000885041F29812885041F29C1288504FF4CA
:10AE00008D5348F21F52C3F66B62CA5041F2A4132D
:10AE10004DF20A72C3F6A362CA5041F2A813CA5097
:10AE200041F2AE12885241F2AC12885241F2B21293
:10AE3000885241F2B012885241F2B612885241F261
:10AE4000B412885241F2BF12885441F2BE128854A3
:10AE500041F2C11288544FF48E52885441F2C2120A
:10AE6000885441F2C312885441F2C412885441F20A
:10AE7000C512885441F2C612885441F2C812885053
:10AE800041F2CC12885041F2D812885481F8E80F70
:10AE900001B070470000000081B00090009941F2BD
:10AEA00078020020885441F27C0288504FF484528A
:10AEB000885041F28402885041F28802885041F261
:10AEC0008C02885041F29002885041F294028850DE
:10AED00001B070470000000080B596B014908DF866
:10AEE0004F108DED120ACDED110A149805909DF8C2
:10AEF0004F00C00730B9FFE70598FFF759FE002063
:10AF0000159070E1059841F25401405CC007C8B942
:10AF1000FFE7059A129841F258015050119841F2FA
:10AF20005C0150504FF483510020505041F24801D1
:10AF3000515841F26403D15041F254030121D154DC
:10AF4000159050E1059840F6DB71C4F2C9111091DB
:10AF50004CF6E431C4F296210F914DF6DA61C4F259
:10AF6000EC410E9140F6DC41C4F278610D919DED0B
:10AF7000120A41F258014318039393ED001A30EE80
:10AF8000410A8DED0C0A41F25C01421892ED000A73
:10AF90009DED0C1A9FED962AA1EE020A8DED0B0A8B
:10AFA00000F58351029191ED000A41F2640C844452
:10AFB0009CED001A9FED8F2AA1EE020A9DED0C1A5E
:10AFC0009FED8D2AA1EE020A8DED0A0A9DED0C0A75
:10AFD0009FED8A1A20EE010A8DED090A41F23C0C20
:10AFE000604490ED001A9DED0B2A93ED000AA1EE4E
:10AFF000020A83ED000A90ED001A9DED0A2A92EDF7
:10B00000000AA1EE020A82ED000A91ED000A90ED1D
:10B01000001A9DED092AA1EE020ADFED790AF8F780
:10B02000FBFC0299039881ED000A90ED000A0020D4
:10B03000B4EE400AF1EE10FA049051D1FFE7059802
:10B0400041F25C01084490ED000A0020B4EE400A91
:10B05000F1EE10FA049043D1FFE7059800F5835014
:10B0600090ED000A0020B4EE400AF1EE10FA0490D0
:10B0700036D1FFE7059841F25801084490ED000AE7
:10B08000B0EEC00A00209FED5F1AB4EE410AF1EE67
:10B0900010FA049024DAFFE7059841F25C010844B5
:10B0A00090ED000AB0EEC00A0020B3EE0E1AB4EE26
:10B0B000410AF1EE10FA049012DAFFE7059800F564
:10B0C000835090ED000AB0EEC00A9FED4D1A0020AB
:10B0D000B4EE410AF1EE10FAD8BF01200490FFE768
:10B0E000049800F001008DF823009DF82300C007AC
:10B0F00030B9FFE70598FFF75BFD0020159072E07F
:10B10000059841F23C01014491ED000A9FED3E1A81
:10B1100030EE011A80EE010A8DED070A9DED071A47
:10B1200000F5835292ED002A41F26802024492ED4A
:10B13000000A32EE402AA1EE020A82ED000A91EDE9
:10B14000001A41F26C01084490ED000A9FED2F2A8D
:10B15000A1EE020A80ED000A90ED000A9FED2C1A84
:10B16000B4EE410AF1EE10FA09DDFFE7059941F26C
:10B170006C0246F26660C3F6E6608850FFE7059809
:10B1800041F26C01014491ED000A41F2680108446A
:10B1900090ED001A20EE010A9FED1E1A80EE010AC2
:10B1A000F1EE040AF8F738FC05988DED060A41F235
:10B1B000700101910144009191ED000ADDED060A54
:10B1C00041F23C01084490ED001AB3EE022A21EE50
:10B1D000021AF8F77DFB009A0199059882ED000AA2
:10B1E00040581590FFE79DED150A16B080BD00BFD1
:10B1F000E4CB96426666663FDADEEC44DC0C7846C9
:10B2000000009042CDCCCC3FCDCC4C3DCDCC4C3E83
:10B210006666E63E666666BF80B584B003900398B6
:10B22000019041F20C11405C013801460291052861
:10B230001DD80299DFE801F0030B0F1707130198DF
:10B24000F8F7E6FD14E0019801F0EEF910E001983E
:10B25000FBF7E6FF0CE0019802F0BAFB08E001986A
:10B26000FBF70EFB04E00198FFF7D6FC00E0FFE7D8
:10B2700004B080BD0000000080B588B005A902912F
:10B2800007900798039042F69840C2F2004090ED74
:10B29000060AB0EE081AB4EE410AF1EE10FA0CD02C
:10B2A000FFE742F69840C2F2004090ED060AB5EE84
:10B2B000400AF1EE10FA0CD1FFE7039941F21012A7
:10B2C0000020885441F21412885041F2181288501C
:10B2D000B7E0039800F55C7007F0DEF80299039878
:10B2E00081ED010A00F2AC4007F0D6F8029903980C
:10B2F00081ED000A41F21011405CC007002850D1D6
:10B30000FFE70299039A41F218130020D05091ED03
:10B31000010AB2EE041AB4EE410AF1EE10FA0190FD
:10B320000EDAFFE7029890ED000AB2EE041A002050
:10B33000B4EE410AF1EE10FAB8BF01200190FFE728
:10B34000019800F001008DF813009DF81300C0076C
:10B3500000B3FFE7039841F2141140581D2807D8A5
:10B36000FFE7039941F21412885801308850FFE733
:10B37000039841F2141140581E280AD3FFE703999D
:10B3800041F210120120885441F21412002088501A
:10B39000FFE705E0039941F2141200208850FFE70F
:10B3A0004FE00298039A41F214130021D15090ED1E
:10B3B000010A0120B3EE0E1AB4EE410AF1EE10FAC2
:10B3C00000900EDCFFE7029890ED000AB3EE0E1A33
:10B3D0000020B4EE410AF1EE10FAC8BF012000903F
:10B3E000FFE7009800F001008DF812009DF81200B0
:10B3F000C007F8B1FFE7039841F218114058092837
:10B4000007D8FFE7039941F2181288580130885095
:10B41000FFE7039841F2181140580A2809D3FFE7C3
:10B42000039941F210120020885441F218128850FA
:10B43000FFE705E0039941F2181200208850FFE76A
:10B44000FFE708B080BD000080B59CB01A908DF871
:10B4500067108DED180ACDED170A1A9809909DF81E
:10B460006700C00730B9FFE70998FFF715FD002016
:10B470001B907CE1099841F27801405CC00730BB29
:10B48000FFE7099A189841F27C01505017984FF441
:10B490008451505041F284010020505002F6447112
:10B4A00091ED000A02F6487191ED001A30EE010AA2
:10B4B000B6EE001A20EE010A41F28801114481ED36
:10B4C000000A41F278030121D1541B904FE1099801
:10B4D00040F6DB71C4F2C91116914CF6E431C4F2A6
:10B4E000962115914DF6DA61C4F2EC41149140F6C3
:10B4F000DC41C4F2786113919DED180A41F27C01A0
:10B500004318079393ED001A30EE410A8DED120AAD
:10B5100000F5845292ED000A9DED121A9FED962AD5
:10B52000A1EE020A8DED110A41F284010144069157
:10B5300091ED000A41F2880C84449CED001A9FEDC5
:10B540008F2AA1EE020A9DED121A9FED8D2AA1EE1F
:10B55000020A8DED100A9DED120A9FED8A1A20EE67
:10B56000010A8DED0F0A41F23C0C604490ED001A87
:10B570009DED112A93ED000AA1EE020A83ED000A67
:10B5800090ED001A9DED102A92ED000AA1EE020A3C
:10B5900082ED000A91ED000A90ED001A9DED0F2A50
:10B5A000A1EE020ADFED780AF8F736FA0699079855
:10B5B00081ED000A90ED000A0020B4EE400AF1EEA1
:10B5C00010FA089051D1FFE7099800F5845090EDEA
:10B5D000000A0020B4EE400AF1EE10FA089044D1BF
:10B5E000FFE7099841F28401084490ED000A002029
:10B5F000B4EE400AF1EE10FA089036D1FFE7099850
:10B6000041F27C01084490ED000AB0EEC00A00202F
:10B610009FED5E1AB4EE410AF1EE10FA089024DABA
:10B62000FFE7099800F5845090ED000AB0EEC00ADB
:10B630000020B3EE0E1AB4EE410AF1EE10FA0890B3
:10B6400013DAFFE7099841F28401084490ED000AFB
:10B65000B0EEC00A9FED4C1A0020B4EE410AF1EEA4
:10B6600010FAD8BF01200890FFE7089800F0010009
:10B670008DF83B009DF83B00C00730B9FFE7099803
:10B68000FFF70AFC00201B9071E0099941F23C0091
:10B690000844039090ED000A9FED3D1A30EE011A28
:10B6A00080EE010A8DED0D0A9DED0D1A41F2840226
:10B6B0000A4492ED002A41F28C020A44029292ED71
:10B6C000000A32EE402AA1EE020A82ED000A4CF690
:10B6D000CD42C3F64C520C9241F2900211440191BA
:10B6E00091ED002ADFED2B0AB5EE001A9FED2A0A34
:10B6F000F4EE420AF1EE10FA20FE010A8DED0B0A7B
:10B7000091ED000A9DED0B1A90ED002A21EE021A30
:10B71000F8F7DEF80199029881ED000A91ED000A30
:10B7200090ED001A20EE010A9FED1C1A80EE010A2E
:10B73000DFED1B0AF8F770F9039809998DED0A0AF5
:10B7400041F2940205921144049191ED000ADDED5D
:10B750000A0A90ED001A31EE011AF8F7B9F8049AC6
:10B760000599099882ED000A40581B90FFE79DED6E
:10B770001B0A1CB080BD00BFE4CB9642666656C073
:10B78000DADEEC44DC0C784600002042CDCCCC3F25
:10B790000AD7A33DCDCC4C3DCDCCCC3D66665640C2
:10B7A000CDCC4C3E0000000081B00090009841F2EA
:10B7B0000D11405C01B0704781B00090009800F618
:10B7C000587090ED000A01B07047000000000000C2
:10B7D00081B00090009841F20F11405C0538B0FA3A
:10B7E00080F0400901B0704781B00090009941F2AB
:10B7F0000F12002088544FF49052885041F20422D6
:10B80000885041F20822885401B0704700000000BF
:10B8100080B584B003900398029000F684100190E4
:10B8200005F01AFE0198029901F6447181ED000AB3
:10B8300005F01AFE0198029901F6487181ED000A9F
:10B8400005F0C2FD0198029901F64C7181ED000AE4
:10B8500005F0C2FD029800F5756080ED000A04B0A5
:10B8600080BD00000000000083B0029002980090AC
:10B8700090F8EB1F0020C9070190A1B1FFE70098E5
:10B8800041F20201415C0020C907019059B1FFE774
:10B89000009841F218214058810800207C2988BF77
:10B8A00001200190FFE7019800F0010003B070470C
:10B8B00080B582B001900198009041F234120021CD
:10B8C000815041F23C1281504FF48A52815041F232
:10B8D0004412815041F24812815041F24C12815081
:10B8E00080F8EB1F80F8EC1F80F8ED1F80F8EE1F4A
:10B8F00041F20C02815041F21002815041F21402D7
:10B90000815041F21802815041F21C0281504FF4E3
:10B910008152815041F23402815041F2380281500B
:10B9200080F8EF1F80F8F81F80F8F91F80F8FA1FE1
:10B9300080F8FB1F80F8FC1F80F8FD1F80F8FE1FB9
:10B9400080F8FF1F4FF48052815441F2010281546C
:10B9500041F20202815441F20302815441F2182261
:10B9600081504FF49152815041F20E12815441F2B4
:10B970002422815041F22822815041F22C22815010
:10B9800041F23022815041F23422815041F238227A
:10B99000815041F23C22815041F22C02815041F20F
:10B9A0003002815041F22402815041F2280281503C
:10B9B00040F6CC01C2F20041496F41F21C22815095
:10B9C00000F5326006F01CFA009800F53A6006F0C7
:10B9D00017FA009800F5526006F012FA009800F588
:10B9E0005A6006F00DFA009800F5626006F008FA59
:10B9F000009800F56A6006F003FA02B080BD00000E
:10BA000081B00090009841F20F11405C01B0704786
:10BA100080B58EB00D900C918DED0B0ACDED0A0A1C
:10BA2000099208930C989DED0B0ADDED0A0A06F0C9
:10BA300093FE0C9806F038FD0C9806F0D1FA30B958
:10BA4000FFE70999002008600899086050E00C9809
:10BA500007F0CAF98DED070A0C9807F0CDF98DEDC6
:10BA6000060A0C9806F0C0FE9DED071A30EE410A5A
:10BA70008DED050A0C9806F0BFFE9DED061A30EE1E
:10BA8000410A8DED040A9DED051A9FED1A2A8DEDF0
:10BA9000002A9FED190AA1EE020A8DED010A0C9809
:10BAA00007F036F89DED002AB0EE401A9DED010A30
:10BAB0009FED123A8DED023AA1EE030A099880ED4E
:10BAC000000A9DED041A9FED0E0AA1EE020A8DED0B
:10BAD000030A0C9807F024F89DED022AB0EE401AF4
:10BAE0009DED030AA1EE020A089880ED000AFFE727
:10BAF0000EB080BD7FFBFCC1CDCCAC40E86A9BBFE3
:10BB0000CDCCACC00000000080B584B00390039998
:10BB1000029101F5007001F6447191ED000AB1EE59
:10BB2000400A04F04DFF029901F52E7001F64871AC
:10BB300091ED000A04F044FF029890F8E90FC00765
:10BB400020BBFFE70298DFED2B0ACDED010AB0EE36
:10BB5000600A05F0C1F80298DDED010A8030B0EE10
:10BB6000600A05F0B9F80298DDED010A00F5807071
:10BB7000B0EE600A05F0B0F80298DDED010A00F5BC
:10BB8000C070B0EE600A05F0A7F830E0029800F649
:10BB9000D47191ED000A00F6E4710091D1ED000A34
:10BBA00005F09AF8029A009902F1800002F6D87224
:10BBB00092ED000AD1ED000A05F08EF8029A009984
:10BBC00002F5807002F6DC7292ED000AD1ED000AF7
:10BBD00005F082F8029A009902F5C07002F57E62C3
:10BBE00092ED000AD1ED000A05F076F8FFE704B007
:10BBF00080BD00BF0000000080B594B01390139882
:10BC00000D9042F69841C2F2004191ED060ABDEE58
:10BC1000C00A8DED120A91ED050ABCEEC00A10EEC5
:10BC2000101A8DF8471007F0EFFC01460D988DF8BB
:10BC3000461007F029FD01460D980E9107F064FDAE
:10BC400001460E9808438DF845009DF846000028EF
:10BC50006ED1FFE79DF84500002869D0FFE70D98F9
:10BC600041F2BD11405CC007002842D0FFE70D98AB
:10BC700041F2BC11405C022822D8FFE70D9841F246
:10BC8000B811405AE0B1FFE70D9841F2B811405A9F
:10BC90004CF6CD41CCF6CC4148434FEA700049F612
:10BCA0009911C1F6991188420AD8FFE70D9800F062
:10BCB000D7FC0D9941F2BC12885C01308854FFE733
:10BCC0000D9841F2B811405A272807D8FFE70D997F
:10BCD00041F2B812885A0130885209E00D9941F2B8
:10BCE000BD120020885441F2BA1264208852FFE746
:10BCF0001DE00D9841F2BA11405A38B1FFE70D9995
:10BD000041F2BA12885A013888520FE00D9800F0BB
:10BD1000A7FC0D9941F2BD120120885441F2B813DD
:10BD20000022CA5241F2BC128854FFE7FFE70EE03E
:10BD30000D9941F2B8120020885241F2BA1288528D
:10BD400041F2BC12885441F2BD128854FFE71298A8
:10BD5000012806D0FFE70D9941F204020020885423
:10BD6000FFE7F2F7E9FC20B3FFE70D9841F20C1171
:10BD7000405C02280FD1FFE70D9841F23C2140586A
:10BD80000009182807D8FFE70D9941F23C2288588E
:10BD9000013088500CE00D989DF8471080F8EA1F9C
:10BDA0004FF49252012181540521FAF7BDFE36E38A
:10BDB00005E00D9941F23C2200208850FFE70D98E4
:10BDC00041F20801405CC00770B1FFE712980128FA
:10BDD00004D0FFE71298022806D1FFE70D9941F23F
:10BDE000070201208854FFE7129901200C9039B115
:10BDF000FFE712980338B0FA80F040090C90FFE793
:10BE00000D990C9800F0010041F208028854129834
:10BE1000032804D0FFE7129800283FD1FFE70D98D0
:10BE20009DF8471080F8EA1F41F20C11405C05288C
:10BE300017D1FFE70D9841F24121405C60B9FFE75F
:10BE40000D9841F24221405C30B9FFE70D9841F274
:10BE50004321405C28B1FFE70D99012081F8F00FE4
:10BE6000FFE70D9841F24121405C90B9FFE70D9842
:10BE700041F24221405C60B9FFE70D9841F2432155
:10BE8000405C30B9FFE70D994FF49252022088547C
:10BE9000FFE70D980521FAF747FEC0E20D9841F241
:10BEA0000C11405C042806D1FFE70D999DF847006E
:10BEB00081F8EA0FB3E20D9841F20C11415C0020C9
:10BEC00002290B9005D1FFE70D9890F8EF0F0B902A
:10BED000FFE70B9800F001008DF844009DF8440046
:10BEE000C00718B1FFE700200A9004E00D9807F0A2
:10BEF0008BFB0A90FFE70A988DF843009DF84400F9
:10BF0000C00718B1FFE70020099004E00D9807F082
:10BF1000BBFB0990FFE709988DF842009DF84400AB
:10BF2000C00718B1FFE70020089004E00D9807F063
:10BF3000EBFB0890FFE708988DF841009DF8420060
:10BF40008DF840009DF841008DF83F009DF84300BA
:10BF500068B9FFE70D9841F2BD11405CC00730B1F0
:10BF6000FFE700208DF840008DF83F00FFE79DF8C7
:10BF7000430048B9FFE79DF8400028B9FFE79DF866
:10BF80003F0000285BD0FFE70D9841F24121415C62
:10BF90000020079089B9FFE70D9841F24221415CEA
:10BFA0000020079049B9FFE70D9841F24321405C1A
:10BFB000B0FA80F040090790FFE70D99079800F06C
:10BFC00001008DF83E009DF8433041F24122885C2B
:10BFD000184388549DF8403041F24222885C18434F
:10BFE00088549DF83F3041F24322885C18438854BE
:10BFF0009DF83E00C007A8B1FFE79DF8430018B1C7
:10C00000FFE70420069007E09DF840100620002975
:10C0100018BF05200690FFE70D9906984FF492523D
:10C020008854FFE70D9841F20C11405C052805D0BB
:10C03000FFE70D980521FAF777FDF0E1FFE70D988E
:10C0400041F20C11405C032840F08E80FFE70D9810
:10C0500041F20D11405C01286CD1FFE70D9890F87A
:10C06000EA0F022866D1FFE79DF84700012861D159
:10C07000FFE70D9800F50070039004F091FC0D9817
:10C08000B6EE081A8DED011A20EE010A41F2741184
:10C09000014481ED000A00F52E70029004F080FC4E
:10C0A0009DED011A02980D9920EE010A41F27812D5
:10C0B000114481ED000A04F073FC03988DED040A2D
:10C0C00004F06EFC0D99B0EE401A9DED040A30EEBE
:10C0D000410A9FEDCA1A20EE010A41F28410084479
:10C0E00080ED000A41F2881200200590885041F24C
:10C0F0006812885041F26C12885041F20D130222EE
:10C10000CA5441F25012885041F25412885041F200
:10C110005812885041F26412885441F265128854D2
:10C1200041F26212885241F26612885441F2D812EA
:10C130008854FFE70D989DF8471080F8EA1F41F2F8
:10C140000D11405C78B9FFE71298012805D1FFE78F
:10C150000D980221FAF7E8FC04E00D980121FAF7A6
:10C16000E3FCFFE7FFE75AE10D9841F20C11405C58
:10C1700005284ED1FFE70D989DF8471080F8EA1F7B
:10C1800041F24121405C60B9FFE70D9841F2422144
:10C19000405C30B9FFE70D9841F24321405CB8B1F3
:10C1A000FFE70D9890F8F00FC00780B1FFE71298F5
:10C1B00001280CD1FFE70D9841F20401405CC00753
:10C1C00028B9FFE70D980221FAF7AEFCFFE726E158
:10C1D000129801280CD1FFE70D9841F20401405C50
:10C1E000C00728B9FFE70D980221FAF79DFC16E178
:10C1F000129802280CD1FFE70D9841F20301405C30
:10C20000C00728B9FFE70D980121FAF78DFC06E178
:10C2100005E10D9841F20C11405C022840F092803B
:10C22000FFE70D999DF8470081F8EA0F1298022860
:10C230007DD1FFE70D9841F20E11405C042876D1C4
:10C24000FFE70D9841F224214058B0F5967F6ED358
:10C25000FFE740F6CC00C2F2004090ED1C0AB0EEC1
:10C26000C00A9FED701AB4EE410AF1EE10FA5EDAE0
:10C27000FFE740F6CC00C2F2004090ED1B0AB0EEA2
:10C28000C00A9FED681AB4EE410AF1EE10FA4EDAD8
:10C29000FFE740F6CC00C2F2004090ED040AB0EE99
:10C2A000C00A9FED611AB4EE410AF1EE10FA3EDACF
:10C2B000FFE740F6CC00C2F2004090ED050AB0EE78
:10C2C000C00A9FED591AB4EE410AF1EE10FA2EDAC7
:10C2D000FFE70D9800F6647090ED000AB0EEC00A1A
:10C2E0009FED521AB4EE410AF1EE10FA1FDAFFE7A1
:10C2F0000D9800F55C7006F06FFD9FED4D1AB4EEE1
:10C30000410AF1EE10FA12DBFFE70D9800F2AC40A3
:10C3100006F062FD9FED461AB4EE410AF1EE10FA06
:10C3200005DBFFE70D980121FAF7FEFB77E00D989A
:10C33000FFF79AFA28B1FFE70D980121FAF7F4FB0D
:10C34000FFE76CE00D9841F20C11405C06280BD120
:10C35000FFE70D98FFF73CFA28B1FFE70D980121A0
:10C36000FAF7E2FBFFE75AE00D9841F20C11405C4E
:10C37000012801D0FFE752E00D9800F069F848B1BC
:10C38000FFE70D989DF8471080F8EA1F0221FAF7A1
:10C39000CBFB44E01298012810D1FFE70D9841F241
:10C3A0000401405CC00748B9FFE70D989DF84710AD
:10C3B00080F8EA1F0221FAF7B7FB30E00D9890F8F9
:10C3C000EA0F012810D1FFE79DF8470002280BD1A2
:10C3D000FFE70D9841F20D11405C28B9FFE70D9978
:10C3E000012081F8E80FFFE70D989DF8471080F8CD
:10C3F000EA1F90F8E80FC00738B101E08FC2F53CA2
:10C400000D980321FAF790FBFFE70D9800F0C0FBB1
:10C4100028B1FFE70D980621FAF786FBFFE714B075
:10C4200080BD00BF920A063FC2B8B23E8FC2F53D42
:10C430003D0A573E0000000081B00090009841F294
:10C440001021084490ED000A01B070470000000080
:10C4500080B58CB00B900B98019040F6CC00C2F2E6
:10C46000004090ED1C0AB0EEC00A01209FED691A51
:10C47000B4EE410AF1EE10FA029013DCFFE740F649
:10C48000CC00C2F2004090ED1B0AB0EEC00A9FED56
:10C49000611A0020B4EE410AF1EE10FAC8BF012083
:10C4A0000290FFE70198029901F001018DF82B102D
:10C4B00041F2FC014258002A18BF01228DF82A20BF
:10C4C000405838B1FFE7019941F2FC028858013821
:10C4D0008850FFE700208DF829009DF82B00C00749
:10C4E00000286CD1FFE79DF82A00C007002866D11C
:10C4F000FFE7019800F55C7006F06EF901988DED8C
:10C50000090A00F2AC4006F067F98DED080A9DEDCE
:10C51000090A9FED411A30EE410AB0EEC00A8DEDD6
:10C52000070A9DED080A30EE410AB0EEC00A8DED13
:10C53000060A9DED070A9DED061AB4EE410AF1EEDA
:10C5400010FA05DDFFE79DED070A8DED000A04E016
:10C550009DED060A8DED000AFFE701989DED000AAA
:10C560008DED050A00F5776090ED000ADFED2B0AEE
:10C570000BF0E2FB8DED040A9DED050A9DED041A1A
:10C58000B0EEC11A30EE410A8DED030A9DED030AAB
:10C59000B5EE400AF1EE10FA03DAFFE7002003904F
:10C5A000FFE79DED030A9FED1E1A0020B4EE410A3D
:10C5B000F1EE10FAC8BF01208DF82900FFE79DF8C1
:10C5C0002B00C00728B9FFE79DF82900C00780B1FC
:10C5D000FFE7019841F2381140584008AE2807D8CB
:10C5E000FFE7019941F23812885801308850FFE77F
:10C5F00005E0019941F2381200208850FFE70198C8
:10C6000041F23811405841080020AE2988BF01206E
:10C610000CB080BD920A863FDB0FC93F0AE81C417F
:10C62000AA611C3F0000000080B582B00190019813
:10C6300041F214228158013181500021C0F8441F79
:10C64000C0F8481FC0F8381FC0F83C1FC0F84C1F86
:10C65000C0F8501F03F048FE02B080BD000000008B
:10C6600080B582B001900198009004F031FE0098EE
:10C67000803004F02DFE009800F5807004F028FE54
:10C68000009800F5C07004F023FE02B080BD0000E9
:10C6900081B00090009841F2D801084490ED000A62
:10C6A00001B070470000000081B00090009841F296
:10C6B0002C2141580020272988BF012001B0704754
:10C6C00080B582B001900198009041F20C11405C5D
:10C6D000012807D1FFE7009803F0CAFC009800F09A
:10C6E00073FB45E0009841F20C11405C03280BD12C
:10C6F000FFE7009841F20D11405C012804D1FFE7EB
:10C70000009800F061FB33E0009841F20C11405CAE
:10C71000032809D1FFE700990020C1F85C0FC1F898
:10C72000580FC1F8600F23E0009841F20C11405CF3
:10C73000042804D1FFE7009800F046FB18E00098B9
:10C7400041F20C11405C062809D1FFE70099002056
:10C75000C1F85C0FC1F8580FC1F8600F08E00099EC
:10C760000020C1F85C0FC1F8580FC1F8600FFFE757
:10C7700002B080BD0000000080B5A8B027908DF801
:10C780009B10279812909DF89B00C00738B9FFE7CF
:10C79000129803F03DFC1298FEF77EFBEAE1129836
:10C7A00090F8AC0FC007A0B1FFE7129841F2D80192
:10C7B000014491ED001A41F23C01014491ED002A3F
:10C7C00000F57D6090ED000AA1EE020A80ED000AFE
:10C7D000FFE71298D0F8D01F1C9141F2D8014158C0
:10C7E0001D91D0F8741F1E9140F6CC01C2F2004199
:10C7F000119189691F9100F55C700F9006F080F926
:10C800000F988DED200A05F017FC12988DED210A86
:10C8100000F2AC40109006F073F910988DED220AEA
:10C8200005F00AFC119912988DED230A0A6F2492E3
:10C830004969259190F8AC0FC007D0B9FFE712986D
:10C8400000F52E600E901CA906F02EFD0E9806F045
:10C85000EFFF20B9FFE7129803F0DAFB8AE11299A3
:10C86000012081F8AC0F0020C1F8B00FC1F8B40F5F
:10C87000FFE7129800F52E600C9007F005F80C9871
:10C88000129901F6B8710D9181ED000A06F0DCFFF6
:10C890000D9B129800F6BC7282ED000A41F23C0139
:10C8A000014491ED000A9FEDB41A30EE011A80EEBA
:10C8B000010A8DED1B0A9DED1B1A93ED002A00F570
:10C8C0007C6393ED000A32EE402AA1EE020A83ED6A
:10C8D000000A9DED1B1A92ED002A00F6C47292ED3B
:10C8E000000A32EE402AA1EE020A82ED000A91ED22
:10C8F000001A00F57B6090ED000A9FEDA02AA1EEE2
:10C90000020A80ED000A90ED000A9FED9D1AB4EE38
:10C91000410AF1EE10FA08DDFFE7129943F23330D5
:10C92000C3F6B360C1F8B00FFFE7129841F23C01C3
:10C93000014491ED001A00F6B47090ED000A9FEDED
:10C940008F2AA1EE020A80ED000A90ED000A9FED09
:10C950008A1AB4EE410AF1EE10FA08DDFFE71299E7
:10C960004CF6CD40C3F64C50C1F8B40FFFE7129817
:10C9700041F2D001084490ED000AB0EEC00A9FEDEC
:10C98000811A80EE010ADFED800AB7EE001A8DED04
:10C99000001AF6F74DFF12988DED1A0A9DED1A0A4E
:10C9A00000F57B6191ED001A20EE010A00F57C6034
:10C9B00090ED001A20EE010AF0EE080AF7F72CF8C5
:10C9C000DDED000A12988DED190A00F6B47191EDB3
:10C9D000000A00F6C47090ED001A20EE010AF7F785
:10C9E0001BF812988DED180A00F6C871029191EDAE
:10C9F000000ADDED190A41F23C010844019090ED76
:10CA0000001AB1EE082A21EE021AF6F761FF01982A
:10CA1000029A129982ED000A01F6CC71079191ED0C
:10CA2000000ADDED180A90ED001AB2EE002A21EEA0
:10CA3000021AF6F74DFF0799129881ED000A40F6A9
:10CA4000CC01C2F20041D1ED050A91ED1C0A012191
:10CA5000FEF7FAFC029812998DED170A01F644715F
:10CA6000049191ED000A90ED001A30EE410A9DED1F
:10CA7000171A30EE010AF2EE040ACDED030AF6F7BA
:10CA8000CBFF0298DDED030A049A129982ED000AA9
:10CA900001F64871059191ED000A90ED001A30EE13
:10CAA000410A9DED171A30EE010AF6F7B5FF049B17
:10CAB000059A0798129982ED000A93ED000A92ED0B
:10CAC000001A30EE010AB6EE001A20EE010A41F219
:10CAD00088020A4482ED000A01F64C71069191ED3C
:10CAE000000A90ED001A30EE410ADFED280ACDED84
:10CAF000080AF6F791FF069A0798DDED080A1299E1
:10CB000082ED000A01F57561099191ED000A90ED41
:10CB1000001A30EE410AF6F77FFF0999129881ED6D
:10CB2000000AD0F8441F1391D0F8481F1491D0F890
:10CB30004C1F1591D0F8501F169100F52E610A91E7
:10CB400000F55C7006F048F912988DED0B0A00F2C2
:10CB5000AC4006F041F90A98F0EE400A9DED0B0A50
:10CB60001CA913AA06F0A8F920B9FFE7129803F050
:10CB70004FFAFFE728B080BDCDCC4C3DCDCCCC3DAD
:10CB80003333B33ECDCC4C3E0000000000002042C9
:10CB900080B586B004900498019000F5007003F011
:10CBA000FFFE01988DED020A00F52E7003F0F8FEED
:10CBB0000199B0EE401A9DED020A30EE410AB6EE40
:10CBC000001A20EE010A9FED4C1A20EE010A8DEDAD
:10CBD000030A41F20C22881890ED000A9DED031A19
:10CBE00030EE410A41F21020084480ED000A03981B
:10CBF000885042F69840C2F2004090ED070ABCEE21
:10CC0000C00A10EE100A022807D1FFE7019841F28E
:10CC10000C11405C012808D0FFE7019941F2042281
:10CC2000002088508DF8170062E0019800F55C70D4
:10CC300006F0D2F89FED311AB4EE410AF1EE10FA87
:10CC40000DDBFFE7019800F2AC4006F0C5F89FED60
:10CC50002B1AB4EE410AF1EE10FA08DAFFE7019957
:10CC600041F20422002088508DF8170040E001981E
:10CC700000F6647090ED000A9FED211AB4EE410AAF
:10CC8000F1EE10FA08DAFFE7019941F204220020E0
:10CC900088508DF817002BE0019800F035F8B7EEBA
:10CCA000001AB4EE410AF1EE10FA19DDFFE701981F
:10CCB00041F204214058022807D8FFE7019941F2C8
:10CCC0000422885801308850FFE7019841F204217E
:10CCD00041580020022988BF01208DF8170007E085
:10CCE000019941F20422002088508DF81700FFE7D7
:10CCF0009DF8170006B080BD8FC275BD5C8FC23E27
:10CD00009A99993E0000000080B586B0059005987C
:10CD1000009040F6CC01C2F2004191ED050AB0EE60
:10CD2000C00AB7EE081A80EE010A8DED040A41F23E
:10CD30001021014491ED000A9FED171A80EE010ABF
:10CD40008DED030A00F5007003F032FE0098B0EE9E
:10CD5000C00A8DED010A00F52E7003F029FEB0EE39
:10CD6000401A9DED010AB0EEC11A30EE010AB0EE94
:10CD7000081A80EE010A8DED020A9DED041AB6EE46
:10CD8000002A9FED060AA1EE020A9DED021AA1EE0D
:10CD9000020A06B080BD00BF8FC2F53C0000000053
:10CDA00081B00090009800F6447191ED000A00F601
:10CDB000487090ED001A30EE010AB6EE001A20EE2F
:10CDC000010A01B07047000080B588B004A9019144
:10CDD00007900798029042F69841C2F2004191ED07
:10CDE000000AB1EE400A00F65C7080ED000A90ED9A
:10CDF000000AB0EEC00A9FED751AB4EE410AF1EEDA
:10CE000010FA05DCFFE702990020C1F85C0FFFE78C
:10CE10000298019942F69842C2F20042D268069204
:10CE200091ED020AB0EEC00A9FED691A0021B4EE3E
:10CE3000410AF1EE10FAC8BF01218DF8171041F236
:10CE40000C11405C01285AD1FFE70298019942F683
:10CE50009842C2F200421269069291ED020AB0EEC7
:10CE6000C00A9FED5B1A0021B4EE410AF1EE10FA00
:10CE7000C8BF01218DF8171041F26F21C3F683312D
:10CE8000049141F23C01084490ED000AB5EE400ADD
:10CE9000F1EE10FA1CDDFFE7029841F23C01084474
:10CEA00090ED000A9FED4A1AB4EE410AF1EE10FA35
:10CEB0000EDAFFE70198029941F23C02114491ED2C
:10CEC000000AB1EE001A20EE010A80ED000AFFE729
:10CED0000299019801F58551009191ED000AD0ED7C
:10CEE000020A90ED001AF6F7F3FC0098029980ED23
:10CEF000000A4FF485500858C1F8580F08E002990D
:10CF00004FF48552002088500698C1F8580FFFE76B
:10CF1000029800F65C7090ED000AB0EEC00A9FED3A
:10CF20002B1AB4EE410AF1EE10FA05DCFFE7029984
:10CF30000020C1F85C0FFFE70298D0F86C1FC0F822
:10CF4000601F41F29D02002181549DF8171001F0ED
:10CF500001018DF80F1041F20C11405C012806D13F
:10CF6000FFE70299D1F8740FC1F8540FFFE79DF85D
:10CF70000F00C00730B1FFE7029941F29E02012085
:10CF8000885420E0029841F29E01405CC007C8B17D
:10CF9000FFE7029800F5855090ED000AB0EEC00A58
:10CFA0009FED0B1AB4EE410AF1EE10FA0ADCFFE72E
:10CFB0000299D1F8740FC1F8540F41F29E0200207B
:10CFC0008854FFE7FFE708B080BD00BF0AD7A33D44
:10CFD0000AD7A33C0000000080B5B6B03590359864
:10CFE000239041F20C11425C043AB2FA82F25209E7
:10CFF0008DF8D320405C0238B0FA80F040098DF8FB
:10D00000D2009DF8D2100020C907249051B1FFE74B
:10D01000239841F20E11405C0338B0FA80F04009C9
:10D020002490FFE7249800F001008DF8D1009DF8CE
:10D03000D2100020C907229051B1FFE7239841F296
:10D040000E11405C0438B0FA80F040092290FFE7EE
:10D050002398229901F001018DF8D01041F20C11B2
:10D06000425C013AB2FA82F252098DF8CF20415C5B
:10D070000139B1FA81F149098DF8CE1000F684101A
:10D0800021909DF8CE00C00748B1FFE7239841F2F8
:10D09000D001084490ED000A8DED200A07E02398A6
:10D0A00000F65C7090ED000A8DED200AFFE72198F4
:10D0B0009DED200A04F004FC23989DF8CE10C907CA
:10D0C0009FEDDA1A9FEDDA0A002900FE010A41F20B
:10D0D000B801014481ED000A00F684101F909DF80C
:10D0E000CE00C00748B1FFE7239841F2B8010844D9
:10D0F00090ED000A8DED1E0A04E09FEDCD0A8DED46
:10D100001E0AFFE71F989DED1E0A04F0E1F99DF845
:10D11000CE00C007A8B1FFE7239841F2D001084430
:10D1200090ED000AB0EEC00AB5EE001A80EE010ADA
:10D13000DFEDBF0AB7EE001AF6F77AFB8DED1D0A98
:10D1400004E09FEDBB0A8DED1D0AFFE79DED1D0A72
:10D150008DED320A9DF8CE00C00748B1FFE79DED86
:10D16000320AB4EE001A20EE010A8DED1C0A04E02A
:10D170009FEDAF0A8DED1C0AFFE723989DED1C0A79
:10D180008DED310A00F684101A909DED310A04F0FD
:10D1900073F923991A9801F5766191ED000A04F06C
:10D1A0000FFB1A981B909DF8CF00C00728B1FFE72E
:10D1B0009FED9F0A8DED190A07E0239800F6547041
:10D1C00090ED000A8DED190AFFE71B989DED190AF5
:10D1D00004F036F9239800F6841018909DF8CF00DB
:10D1E000C00728B1FFE79FED920A8DED170A07E00F
:10D1F000239800F6587090ED000A8DED170AFFE7AE
:10D2000018989DED170A04F043F9239800F684104E
:10D210001690B7EE000A04F067F916989FED850A9C
:10D2200004F06EF99DF8D300C00748B1FFE740F65F
:10D23000CC00C2F2004090ED1C0A8DED150A07E00B
:10D24000239800F55C7005F05BFC8DED150AFFE797
:10D250009DED150A8DED300A9DF8D300C00748B149
:10D26000FFE740F6CC00C2F2004090ED1C0A8DEDC5
:10D27000140A07E0239800F2AC4005F041FC8DED64
:10D28000140AFFE79DED140A8DED2F0A9DF8D300D7
:10D29000C00748B1FFE740F6CC00C2F2004090ED75
:10D2A000050A8DED130A07E0239800F55C7004F081
:10D2B000C3FE8DED130AFFE79DED130A8DED2E0AD7
:10D2C0009DF8D300C00748B1FFE740F6CC00C2F29A
:10D2D000004090ED050A8DED120A07E0239800F258
:10D2E000AC4004F0A9FE8DED120AFFE79DED120A95
:10D2F0008DED2D0A9DF8CE00C007A0B1FFE74DF2DD
:10D300000070CBF623502C909DED300A9FEDCD1A86
:10D3100030EE410A8DED300A9DED2F0A30EE410AC4
:10D320008DED2F0AFFE79DF8D100C007D8B1FFE7C8
:10D330009DED300A9FEDC61A20EE010A8DED300AF0
:10D340009DED2F0A20EE010A8DED2F0A9DED2E0A8C
:10D3500020EE010A8DED2E0A9DED2D0A20EE010A28
:10D360008DED2D0A4DE09DF8D000C007002847D074
:10D37000FFE7239841F22421084490ED000AB8EE1B
:10D38000400A9FEDB11A80EE010A8DED2B0A9DED4A
:10D390002B0AB7EE001AB4EE410AF1EE10FA04DDE2
:10D3A000FFE74FF07E502B90FFE79DED2B1A9FED8E
:10D3B000A72A9FEDA70AA1EE020A8DED2A0A9DED8C
:10D3C0002A1A9DED300A20EE010A8DED300A9DEDFE
:10D3D0002A1A9DED2F0A20EE010A8DED2F0A9DEDF0
:10D3E0002A1A9DED2E0A20EE010A8DED2E0A9DEDE2
:10D3F0002A1A9DED2D0A20EE010A8DED2D0AFFE778
:10D40000FFE7239800F55C7005F0E6FC23988DEDAE
:10D41000290A00F2AC4005F0DFFC8DED280A9DF8EA
:10D42000D200C007002848D006E000BF96438BBD5D
:10D430000000000035FA8E3C9DED290A9FED851A0B
:10D44000B4EE410AF1EE10FA06DAFFE748F21F5097
:10D45000C3F66B602990FFE79DED290A9FED7E1AC8
:10D46000B4EE410AF1EE10FA06DDFFE742F6F600EF
:10D47000C3F6DC602990FFE79DED280A9FED751A41
:10D48000B4EE410AF1EE10FA06DAFFE748F21F5057
:10D49000C3F66B602890FFE79DED280A9FED6E1A9A
:10D4A000B4EE410AF1EE10FA06DDFFE742F6F600AF
:10D4B000C3F6DC602890FFE7FFE79DF8D200C007C5
:10D4C00028B9FFE79DF8CF00C00728B1FFE79FED1F
:10D4D0005C0A8DED110A07E0239800F6747090ED58
:10D4E000000A8DED110AFFE79DED110A8DED270A67
:10D4F0009DF8D200C00728B9FFE79DF8CF00C0070C
:10D5000028B1FFE79FED4E0A8DED100A08E040F6C6
:10D51000CC00C2F2004090ED060A8DED100AFFE744
:10D5200023989DED100A8DED260A41F20C11405C06
:10D53000012809D1FFE7239841F2D801084490ED72
:10D54000000A8DED0F0A07E0239800F6647090ED55
:10D55000000A8DED0F0AFFE723989DED0F0A8DED70
:10D56000250A00F684110E9100F66C7191ED000A07
:10D570008DED000A9DED250A8DED010A9DED270A2E
:10D580008DED020A9DED260A8DED030A9DED300A10
:10D590008DED040A9DED2E0A8DED050A9DED2F0AF5
:10D5A0008DED060A9DED2D0A8DED070A40F6CC01A2
:10D5B000C2F2004191ED050A8DED090A91ED1C0AB8
:10D5C0008DED080A9DED290A8DED0A0A00F55C70C3
:10D5D00004F062FF23988DED0B0A9DED280A8DED76
:10D5E0000C0A00F2AC4004F057FF23988DED0D0AB1
:10D5F000FDF74AFA9DED000ADDED010A9DED021AE4
:10D60000DDED031A9DED042ADDED052A9DED063AB8
:10D61000DDED073A9DED084ADDED094A9DED0A5A18
:10D62000DDED0B5A9DED0C6ADDED0D6A01460E989D
:10D6300004F07AF80E9803F06FFF36B080BD00BF9B
:10D640000000000000D723BD00009644CDCC4C3F25
:10D65000CDCC4C3E1F856B3EF628DC3E0000000022
:10D6600080B592B011901198079000F55C700F9002
:10D6700040F6CC01C2F20041009191ED051AD1EDC6
:10D680000F0A91ED1C0A04F0E7FC0099079800F2DC
:10D69000AC40109091ED051AD1ED0F0A91ED1C0AE6
:10D6A00004F0DAFC079803F06FFE07988DED060A88
:10D6B00003F072FE07988DED020A8030019003F0AE
:10D6C00063FE01988DED030A03F066FE07988DED69
:10D6D000040A03F021FE01988DED050A03F01CFEFB
:10D6E000DDED020A9DED031ADDED041A9DED052A1C
:10D6F0000F98F0EE402A9DED060A04F07DFC079895
:10D7000000F58070089003F03FFE0898B1EE400AE3
:10D710008DED0E0A03F040FE0798B1EE400A8DED44
:10D720000A0A00F5C070099003F02EFE0998B1EEC8
:10D73000400A8DED0B0A03F02FFE0898B1EE400A67
:10D740008DED0C0A03F0E8FD0998B1EE400A8DED6D
:10D750000D0A03F0E1FDDDED0A0A9DED0B1ADDED8A
:10D760000C1A9DED0D2A1098B0EE403A9DED0E0A70
:10D77000F1EE432A04F040FC0F9805F045F81098AC
:10D7800005F042F80F9804F07BFC109804F078FC48
:10D790000F9805F0CDF9109805F0CAF90F9804F02C
:10D7A0001BFE109804F018FE12B080BD00000000AF
:10D7B00080B582B001900198009002F065FC00985D
:10D7C000FFF74EFF0098FDF757FD02B080BD000047
:10D7D00080B594B0139013980F9000F53A600290C2
:10D7E0009FED590A8DED000ADFED580ACDED110AC3
:10D7F0009FED571A8DED0D1ADFED561ACDED011A7A
:10D800009FED552A8DED0E2A04F0D2FA9DED000A07
:10D81000DDED011A9DED0D1A9DED0E2A0F98DDED3F
:10D82000110A00F53260039004F0C2FA02989DEDEF
:10D83000111A522104918DF84B10DFED481ACDEDED
:10D84000051A9FED472A8DED062AB0EE410AF0EE4B
:10D85000410A04F049F903980499DDED051A9DED9C
:10D86000062A9DED111AB0EE410AF0EE410A04F0CD
:10D870003BF90F9800F55260B3EE040A8DED070AEC
:10D88000F0EE000ACDED0C0AB3EE091A8DED081A80
:10D89000DFED341ACDED101A9FED332A8DED092AF4
:10D8A00004F086FA9DED070A9DED081A9DED092A00
:10D8B000DDED0C0A0F98DDED101A00F55A6004F04A
:10D8C00077FADDED0C1A0F989DED112A00F56260D4
:10D8D0009FED260A8DED0A0A9FED251A8DED0B1A94
:10D8E000F0EE420A04F064FA9DED0A0A9DED0B1A6F
:10D8F000DDED0C1A0F989DED112A00F56A60F0EE2F
:10D90000420A04F055FADDED0D1A9DED0E2A0F982E
:10D91000DDED110A00F542609FED160AB3EE0E1A16
:10D9200004F046FA0F989DED100ADDED110A00F59E
:10D930004A60B1EE001AF2EE0E1A9FED0F2A04F0C3
:10D9400037FA14B080BD00BF0000FA4300000000A9
:10D95000000048420000C8436F12833A0AD7A33B35
:10D960008FC2753C000020420AD7A33C9A99193F08
:10D97000CDCC4C3D00007042A69B443B0000000013
:10D9800080B584B003900399009101F55C7001901B
:10D9900001F6387292ED000A01F64C71D1ED000AE1
:10D9A00004F00AFF009901F2AC40029001F63C72CB
:10D9B00092ED000A01F57561D1ED000A04F0FCFE5C
:10D9C000019805F079F8029805F076F804B080BD6A
:10D9D00080B5ADF5407DBF90BF98839041F20D11A9
:10D9E000405C8DF8FB029DF8FB028DF8FA029DF871
:10D9F000FB120120042984900FD0FFE79DF8FB1251
:10DA000001200529849008D0FFE79DF8FB02063825
:10DA1000B0FA80F040098490FFE7849800F001009C
:10DA20008DF8F9029DF8F9120020C907829031B1F2
:10DA3000FFE7839841F26611405C8290FFE782988D
:10DA400000F001008DF8F8029DF8F8120020C907D7
:10DA50008190F9B1FFE7839800F55C7004F01CFD3C
:10DA60000020B3EE021AB4EE410AF1EE10FA8190F2
:10DA700010DDFFE7839800F55C7004F0E5FA9FED98
:10DA8000CD1A0020B4EE410AF1EE10FAD8BF012001
:10DA90008190FFE7819800F001008DF8F7029DF872
:10DAA000F8120020C9078090F9B1FFE7839800F2CF
:10DAB000AC4004F0F1FC0020B3EE021AB4EE410ACF
:10DAC000F1EE10FA809010DDFFE7839800F2AC4091
:10DAD00004F0BAFA9FEDB71A0020B4EE410AF1EE55
:10DAE00010FAD8BF01208090FFE7809800F0010075
:10DAF0008DF8F6029DF8F8120020C9077F9051B109
:10DB0000FFE7839841F2501141580020072988BF50
:10DB100001207F90FFE77F9800F001008DF8F5026B
:10DB20009DF8F5120020C9077E90D1B3FFE78398D6
:10DB300000F55C7004F0B0FC0020B1EE041AB4EE05
:10DB4000410AF1EE10FA7E902BDDFFE7839800F595
:10DB50008D5191ED000A8DED7D0A00F55C7005F0A8
:10DB60003BF9B0EE401A9DED7D0A30EE410A0020EF
:10DB70009FED911AB4EE410AF1EE10FA7E9010DB9F
:10DB8000FFE7839800F55C7004F05EFA9FED8B1A56
:10DB90000020B4EE410AF1EE10FAD8BF01207E90C9
:10DBA000FFE77E9800F001008DF8F4029DF8F51271
:10DBB0000020C9077C90D1B3FFE7839800F2AC4006
:10DBC00004F06AFC0020B1EE041AB4EE410AF1EE52
:10DBD00010FA7C902BDDFFE7839800F58D5191EDD5
:10DBE000000A8DED7B0A00F2AC4005F0F5F8B0EECE
:10DBF000401A9DED7B0A30EE410A00209FED6E1A1F
:10DC0000B4EE410AF1EE10FA7C9010DBFFE7839846
:10DC100000F2AC4004F018FA9FED681A0020B4EE50
:10DC2000410AF1EE10FAD8BF01207C90FFE77C9802
:10DC300000F001008DF8F3029DF8F402C00778B1FE
:10DC4000FFE7839841F2B411405A032807D8FFE751
:10DC5000839941F2B412885A01308852FFE705E0F7
:10DC6000839941F2B41200208852FFE79DF8F30235
:10DC7000C00778B1FFE7839841F2B611405A0328F4
:10DC800007D8FFE7839941F2B612885A01308852CB
:10DC9000FFE705E0839941F2B61200208852FFE7C2
:10DCA000839841F2B411405A042806D3FFE78399C0
:10DCB0004FF48E5201208854FFE7839841F2B61149
:10DCC000405A042806D3FFE7839941F2C11201208C
:10DCD0008854FFE79DF8F902C00780B1FFE79DF87F
:10DCE000F7120120C9077A9031B9FFE783984FF402
:10DCF0008E51405C7A90FFE77A9879900FE0839894
:10DD000000F55C7004F0C8FBB3EE0E1A0020B4EE10
:10DD1000410AF1EE10FAC8BF01207990FFE7799827
:10DD200000F001008DF8F2029DF8F902C00780B101
:10DD3000FFE79DF8F6120120C907789031B9FFE797
:10DD4000839841F2C111405C7890FFE77898779012
:10DD50000FE0839800F2AC4004F09EFBB3EE0E1A85
:10DD60000020B4EE410AF1EE10FAC8BF012077900E
:10DD7000FFE7779800F001008DF8F1029DF8F902B5
:10DD8000C007002800F0E180FFE7839841F26611A8
:10DD9000405CC007002800F0D880FFE79DF8F20241
:10DDA000C007E8B1FFE7839841F2C311405CC007A8
:10DDB000B0B905E09A99993E8FC2F53C0AD7A33DC8
:10DDC000839841F2C3120121815400F55C7005F083
:10DDD00003F8839841F2A411084480ED000AFFE79C
:10DDE0009DF8F102C007B8B1FFE7839841F2C41172
:10DDF000405CC00780B9FFE7839841F2C41201215B
:10DE0000815400F2AC4004F0E7FF839841F2A8117E
:10DE1000084480ED000AFFE79DF8F202C00700B356
:10DE2000FFE7839841F2B0120021815241F2AC1118
:10DE3000405A092807D8FFE7839941F2AC12885A63
:10DE400001308852FFE7839841F2AC11405A0A280A
:10DE500006D3FFE7839941F2BE1201208854FFE701
:10DE600026E0839841F2AC120021815241F2BE11AA
:10DE7000405CC00770B1FFE7839841F2B011405A8F
:10DE8000132807D8FFE7839941F2B012885A01306E
:10DE90008852FFE7839841F2B011405A142806D304
:10DEA000FFE7839941F2BE1200208854FFE7FFE7A5
:10DEB0009DF8F102C00700B3FFE7839841F2B21268
:10DEC0000021815241F2AE11405A092807D8FFE7DC
:10DED000839941F2AE12885A01308852FFE7839845
:10DEE00041F2AE11405A0A2806D3FFE7839941F266
:10DEF000BF1201208854FFE726E0839841F2AE125A
:10DF00000021815241F2BF11405CC00770B1FFE7B0
:10DF1000839841F2B211405A132807D8FFE783993A
:10DF200041F2B212885A01308852FFE7839841F2D9
:10DF3000B211405A142806D3FFE7839941F2BF1269
:10DF400000208854FFE7FFE7FFE7839841F2BE1106
:10DF5000415C01F001018DF8F01241F2BF11405C0B
:10DF600000F001008DF8EF029DF8F0120120C907C2
:10DF7000769021B9FFE79DF8EF027690FFE776985B
:10DF800000F001008DF8EE029DF8F0120020C907A4
:10DF9000759021B1FFE79DF8EF027590FFE7759846
:10DFA00000F001008DF8ED029DF8ED02C00740B3CE
:10DFB000FFE7839841F2C211405CC00708BBFFE74E
:10DFC000839841F2C2120121815400F5007002F0E1
:10DFD000E7FC839841F29811014481ED000A00F5B5
:10DFE0002E7002F0DDFC839941F29C10084480ED14
:10DFF000000A41F268120020885041F26C128850E9
:10E00000FFE79DF8F902C007002862D0FFE7839878
:10E0100041F2C211405CC00700285AD0FFE7839844
:10E0200041F26711405CC007002852D1FFE740F67B
:10E03000CC00C2F2004090ED1C0AB0EEC00A0020F5
:10E040001FEDA21AB4EE410AF1EE10FA749013DC3F
:10E05000FFE740F6CC00C2F2004090ED050AB0EEBA
:10E06000C00AB6EE001A0020B4EE410AF1EE10FA32
:10E07000D8BF01207490FFE7749800F001008DF87C
:10E08000EC029DF8EC02C00778B1FFE783984FF4EB
:10E090008B51405A1D2807D8FFE783994FF48B52C4
:10E0A000885A01308852FFE705E083994FF48B527C
:10E0B00000208852FFE783984FF48B51405A1E2866
:10E0C00006D3FFE7839941F2671201208854FFE7E6
:10E0D0000DE0839841F2C211405CC00730B9FFE700
:10E0E00083994FF48B5200208852FFE7FFE748F2F4
:10E0F0001F50C3F66B60BA90B9900020B890B790EB
:10E10000B690B5908DF8D3028DF8D2028DF8D10279
:10E110009DF8FB0202280BD0FFE79DF8FB020328C5
:10E1200006D0FFE79DF8F902C00700286BD0FFE793
:10E13000839841F2501281580131815000F55C7092
:10E1400004F0AAF90020B2EE041AB4EE410AF1EE8E
:10E1500010FA739010DAFFE7839800F2AC4004F0F5
:10E160009BF9B2EE041A0020B4EE410AF1EE10FA67
:10E17000B8BF01207390FFE78398739901F0010104
:10E180008DF8D01241F26611405CC00768BBFFE712
:10E190009DF8D002C00778B1FFE7839841F2621181
:10E1A000405A092807D8FFE7839941F26212885A3A
:10E1B00001308852FFE705E0839941F262120020A6
:10E1C0008852FFE7839841F26211405A092805D826
:10E1D000FFE78398FCF758FC30B1FFE7839941F2E1
:10E1E000661201208854FFE7FFE7839841F2661129
:10E1F000405CC00730B1FFE7839941F2D81201209B
:10E200008854FFE7FFE79DF8FB020146729106285C
:10E2100000F204867299DFE811F0000607002B0077
:10E2200075003A02B802080483984CF6CD41C3F653
:10E230004C61BA91B99100F55C7004F061FC05F095
:10E24000DBFB83989FEDDC1A8DED711A20EE010A3D
:10E250008DEDB80A00F2AC4004F052FC05F0CCFBA6
:10E260009DED711A20EE010A8DEDB70A00F0D7BDC1
:10E27000839842F6F601C3F6DC61BA91B9910021A8
:10E28000C4F27A31B691B59101218DF8D3128DF88F
:10E29000D21200F55C7004F09FFD9FEDC81AB4EE39
:10E2A000410AF1EE10FA06DBFFE7839941F26412AE
:10E2B00001208854FFE7839800F2AC4004F08CFD05
:10E2C0009FEDBE1AB4EE410AF1EE10FA06DBFFE74D
:10E2D000839941F2651201208854FFE7839841F247
:10E2E0006411405CC00758B1FFE7839841F26511A3
:10E2F000405CC00720B1FFE703208DF8FA02FFE77A
:10E3000000F08DBD839848F21F51C3F66B61BA913E
:10E31000B99100F55C7004F05FFD83989FEDA81A39
:10E320008DED6E1A00216F91B4EE410AF1EE10FAF4
:10E33000D8BF01218DF8CF1200F2AC4004F04CFDA3
:10E340009DED6E1A83996F98B4EE410AF1EE10FAC2
:10E350000246D8BF01228DF8CE2241F26612895CB6
:10E36000C907709051B1FFE7839841F250114158AD
:10E370000020272988BF01207090FFE7709800F0E7
:10E3800001008DF8CD029DF8CD120020C9076D90D7
:10E3900021B1FFE79DF8F2026D90FFE76D9800F064
:10E3A00001008DF8CC029DF8CD120020C9076C90B9
:10E3B00021B1FFE79DF8F1026C90FFE76C9800F047
:10E3C00001008DF8CB029DF8CC02C007B8B1FFE781
:10E3D000839841F2C311405CC00780B9FFE783987E
:10E3E00041F2C3120121815400F55C7004F0F4FC89
:10E3F000839841F2A411084480ED000AFFE79DF8DC
:10E40000CB02C007B8B1FFE7839841F2C411405C6A
:10E41000C00780B9FFE7839841F2C41201218154FB
:10E4200000F2AC4004F0D8FC839841F2A8110844F3
:10E4300080ED000AFFE79DF8CC02C007E8B3FFE7D4
:10E44000839841F2A411014491ED000A8DED6A0A0E
:10E4500000F55C70679004F0BFFC67988DED680A6A
:10E4600003F0F2FD67988DED690A04F049FB05F0B1
:10E47000C3FADDED680A9DED691AB0EE402A9DED04
:10E480006A0A9FED4D3A62EE031A9FED4E2ADFEDC8
:10E490004E2ABBEE0E3ADFED4D3A9FED4D4ADFEDD1
:10E4A0004D4A9FED4D5A01206B90F5F74DFA6B9850
:10E4B0008DEDB60A8DF8D3021AE09DF8CF02C007A1
:10E4C000A8B9FFE7839800F55C7004F085FC43A0D1
:10E4D000011DB5EE001AB4EE410AF1EE10FAC8BF04
:10E4E00008460068B69001208DF8D302FFE7FFE7E9
:10E4F0009DF8CB02C007E8B3FFE7839841F2A8116B
:10E50000014491ED000A8DED650A00F2AC40629085
:10E5100004F062FC62988DED630A03F095FD629849
:10E520008DED640A04F0ECFA05F066FADDED630A9D
:10E530009DED641AB0EE402A9DED650A9FED1E3AEE
:10E5400062EE031A9FED1F2ADFED1F2ABBEE0E3A83
:10E55000DFED1E3A9FED1E4ADFED1E4A9FED1E5A6B
:10E5600001206690F5F7F0F966988DEDB50A8DF803
:10E57000D2021AE09DF8CE02C007A8B9FFE783983F
:10E5800000F2AC4004F028FC14A0011DB5EE001A06
:10E59000B4EE410AF1EE10FAC8BF08460068B59023
:10E5A00001208DF8D202FFE7FFE79DF8CF1201208E
:10E5B000C907619021BB1FE021815142CDCCCC3EE7
:10E5C00090C2753E000096430000B4420000344300
:10E5D000713D8A3E0000964400004842000048C356
:10E5E00000007AC30AD7A33EA69BC43A0000AF43FB
:10E5F000000034C20000C8429DF8CC026190FFE7E1
:10E60000619800F001008DF8CA029DF8CE12012039
:10E61000C907609021B9FFE79DF8CB026090FFE742
:10E62000609800F001008DF8C9029DF8CA02C00789
:10E63000A0B1FFE79DF8C902C00778B1FFE7839852
:10E6400041F254114058032807D8FFE7839941F25B
:10E650005412885801308850FFE705E0839941F251
:10E66000541200208850FFE7839841F2541140581B
:10E6700004280BD3FFE7839841F2D811405CC00710
:10E6800020B1FFE700208DF8FA02FFE7C7E3839887
:10E6900000F58D50559090ED000A5FED2E0A1FEDAC
:10E6A0002E1AF5F715F95599839881ED000A4FF464
:10E6B0008D514258BA924158B9919DEDBA0A8DEDEB
:10E6C000560A00F55C70579004F086FB9DED561AD3
:10E6D000579830EE410A8DED580A03F0B5FC9DEDD8
:10E6E000581AB3EE0C2A8DED5B2A20EE020A1FEDBC
:10E6F000412A8DED5C2A91EE420A5FED430ACDED91
:10E700005E0A1FED441A8DED5F1AF5F791F88398B4
:10E7100000F6387181ED000A9DEDB90A8DED590AB8
:10E7200000F2AC405A9004F057FB9DED591A5A98EC
:10E7300030EE410A8DED5D0A03F086FC9DED5B4AEB
:10E740009DED5C3A9DED5D2ADDED5E0A9DED5F1A63
:10E7500020EE040A92EE430AF5F76AF8839800F671
:10E760003C7080ED000A01208DF8D1029DF8F20284
:10E77000C00728B9FFE79DF8F102C00720B1FFE705
:10E7800005208DF8FA02FFE749E3839800F58D50E4
:10E79000539090ED000A5FED6D0A1FED6D1AF5F7CD
:10E7A00097F8539880ED000A9DF8F2120120C907EE
:10E7B000549021B9FFE79DF8F0025490FFE7549878
:10E7C00000F001008DF8C8029DF8F1120120C90780
:10E7D000529021B9FFE79DF8EF025290FFE752985F
:10E7E00000F001008DF8C7029DF8C802C00780B193
:10E7F000FFE7839841F2C311405CC00748B1FFE7CF
:10E80000839841F2A411084490ED000A8DED510A5D
:10E8100007E0839800F58D5090ED000A8DED510AC8
:10E82000FFE79DED510A8DEDBA0A9DF8C702C007BA
:10E8300080B1FFE7839841F2C411405CC00748B142
:10E84000FFE7839841F2A811084490ED000A8DED8E
:10E85000500A07E0839800F58D5090ED000A8DED89
:10E86000500AFFE79DED500A8DEDB90A9DF8C802E8
:10E87000C007C8B3FFE783989DEDBA0A8DED4F0A34
:10E8800000F55C704C9004F0A7FA4C988DED4D0AA1
:10E8900003F0DAFB4C988DED4E0A04F031F905F0E7
:10E8A000ABF8DDED4D0A9DED4E1AB0EE402A9DED20
:10E8B0004F0A1FEDBF3A62EE031A1FEDBE2A5FED4D
:10E8C000BE2ABBEE0E3A5FEDBF3A1FEDBF4A5FEDC9
:10E8D000BF4A1FEDBF5A0120F5F736F8839800F6BE
:10E8E000387080ED000A2AE083989DEDBA0A8DED1C
:10E8F0004A0A00F55C70499004F06EFA4998B0EE4F
:10E90000401A9DED4A0A30EE410A8DED4B0A03F0A4
:10E910009BFB9DED4B1ABBEE0C2A20EE020A1FED6D
:10E92000CD2AA1EE020A5FEDCE0A1FEDCE1AF4F752
:10E930007FFF839800F6387080ED000AFFE79DF8AE
:10E94000C702C007C8B3FFE783989DEDB90A8DEDF4
:10E95000480A00F2AC40459004F03EFA45988DED2F
:10E96000460A03F071FB45988DED470A04F0C8F89C
:10E9700005F042F8DDED460A9DED471AB0EE402A5B
:10E980009DED480A9FEDE43A62EE031A9FEDE32AFB
:10E99000DFEDE32ABBEE0E3ADFEDE23A9FEDE24A0D
:10E9A000DFEDE24A9FEDE25A0120F4F7CDFF8398B4
:10E9B00000F63C7080ED000A2AE083989DEDB90ACC
:10E9C0008DED430A00F2AC40429004F005FA429803
:10E9D000B0EE401A9DED430A30EE410A8DED440A37
:10E9E00003F032FB9DED441ABBEE0C2A20EE020A26
:10E9F0009FEDD02AA1EE020ADFEDCF0A9FEDCF1ADC
:10EA0000F4F716FF839800F63C7080ED000AFFE7EC
:10EA100001208DF8D1029DF8ED02C00720B1FFE77B
:10EA200006208DF8FA02FFE7F9E1839841F2C3115D
:10EA3000405CC00748B1FFE7839841F2A411084445
:10EA400090ED000A8DED410A07E0839800F55C70B7
:10EA500004F0C2F98DED410AFFE783989DED410A6C
:10EA60008DEDBA0A41F2C411405CC00748B1FFE71E
:10EA7000839841F2A811084490ED000A8DED400AF8
:10EA800007E0839800F2AC4004F0A6F98DED400A4F
:10EA9000FFE783989DED400A8DEDB90A9DEDBA0A16
:10EAA0008DED300A00F55C703D9004F095F93D98CD
:10EAB0008DED2E0A03F0C8FA3D988DED2F0A04F073
:10EAC0001FF804F099FFDDED2E0A9DED2F1AB0EE30
:10EAD000402A9DED300A9FED903A8DED323A62EE7C
:10EAE000031A9DF8F00200F001009FED8C2A8DEDD5
:10EAF000352ADFED8B2ACDED362ABBEE0E3A8DEDB1
:10EB0000373ADFED883ACDED383A9FED874A8DED03
:10EB1000394ADFED864ACDED3A4A9FED855A8DEDB3
:10EB20003B5AF4F711FF839800F6387181ED000A23
:10EB30009DEDB90A8DED3C0A00F2AC40319004F035
:10EB40004BF931988DED330A03F07EFA31988DED53
:10EB5000340A03F0D5FF04F04FFF9DED327ADDED6E
:10EB6000330A9DED341A9DED352ADDED362A9DEDF3
:10EB7000373ADDED383A9DED394ADDED3A4A9DED03
:10EB80003B5AB0EE406A9DED3C0A66EE071A9DF8CE
:10EB9000EF0200F00100F4F7D7FE839800F63C7115
:10EBA00081ED000A01218DF8D11200F52E7001F0DF
:10EBB000F7FE83988DED3E0A00F5007001F0F0FE3F
:10EBC0003D98B0EE401A9DED3E0A30EE410AB6EE99
:10EBD000001A20EE010A8DEDB00A04F0FDF80020C5
:10EBE000B5EE001AB4EE410AF1EE10FA3F9010DBD8
:10EBF000FFE7839800F2AC4004F0EEF8B5EE001A9F
:10EC00000020B4EE410AF1EE10FAA8BF01203F90B7
:10EC1000FFE73F9800F001008DF8BF029DF8ED126C
:10EC20000020C90700292D9000F0B780FFE79DF86C
:10EC3000BF120020C90700292D9000F0AE80FFE729
:10EC4000839800F55C7003F0FFF9B0EEC00A002075
:10EC50009FED3B1AB4EE410AF1EE10FA2D9000F34D
:10EC60009C80FFE7839800F2AC4003F0EDF9B0EE32
:10EC7000C00A00209FED321AB4EE410AF1EE10FAFC
:10EC80002D9000F38A80FFE740F6CC00C2F20040EE
:10EC900090ED1C0AB0EEC00A00209FED2A1AB4EED7
:10ECA000410AF1EE10FA2D9077DCFFE740F6CC0038
:10ECB000C2F2004090ED1B0AB0EEC00A00209FEDAA
:10ECC000211AB4EE410AF1EE10FA2D9065DCFFE74F
:10ECD00040F6CC00C2F2004090ED050AB0EEC00A4A
:10ECE00000209FED191AB4EE410AF1EE10FA2D90B2
:10ECF00053DCFFE740F6CC00C2F2004090ED040A7E
:10ED0000B0EEC00A00209FED101AB4EE410AF1EEF9
:10ED100010FA2D9041DC31E02181514200009643F0
:10ED20000000B44200003443713D8A3E0000964426
:10ED3000000048420000AF43000034C20000C84257
:10ED4000CDCC4C3DC3B8B23DCDCCCC3E0AD7A33CD4
:10ED50009A99593F00008C420000F0C200004843DD
:10ED600061A83B3FFA97C43ED6357A3E00000C427C
:10ED700000003442C7B8B2BE000034C39DEDB00AF3
:10ED8000B0EEC00AB1EE081A0020B4EE410AF1EE6E
:10ED900010FAD8BF01202D90FFE783982D9901F03C
:10EDA00001018DF8BE1241F250114058962814D33B
:10EDB000FFE79DF8BE02C00778B1FFE7839841F2F4
:10EDC0005C114058632807D8FFE7839941F25C1231
:10EDD000885801308850FFE705E0839941F25C12C2
:10EDE00000208850FFE7839841F25C1142580021CF
:10EDF000632A88BF01218DF8BD1241F2D811405C11
:10EE0000C00748B1FFE79DF8BD02C00720B1FFE78A
:10EE100000208DF8FA02FFE701E0FFE7FFE78398A3
:10EE2000BA9941F2D0128150B99941F2D41281506D
:10EE3000FEF7D2F88398FCF7EBFC9DF8D102C007EF
:10EE400060B9FFE783989DEDBA0ADDEDB90A9DED43
:10EE5000B81ADDEDB71AF4F793FFFFE79DF8D30278
:10EE6000C00728B1FFE78399B698C1F8380FFFE7CC
:10EE70009DF8D202C00728B1FFE78399B598C1F881
:10EE80003C0FFFE79DF8FB02002800F09982FFE7A6
:10EE9000839841F23C014058AE909DEDAE0AB5EE2C
:10EEA000400AF1EE10FA0ADDFFE79DEDAE0A1FED14
:10EEB000591AB4EE410AF1EE10FA06DDFFE741F20D
:10EEC0006F20C3F68320AE90FFE7839841F2D811FC
:10EED000405CC00768B1FFE7839841F2C81108445D
:10EEE00090ED000A1FED661A20EE010A80ED000A7F
:10EEF0001CE0839841F2C81108442C9090ED000A60
:10EF000040F6CC00C2F2004090ED1C1A1FED6F2AB3
:10EF100021EE021A9DEDAE2AA1EE020AF2EE000ADF
:10EF2000F4F77AFD2C9880ED000AFFE7839841F210
:10EF3000CC1108442A9090ED000A40F6CC00C2F2B1
:10EF4000004090ED1B1A1FED7C2A21EE021A9DED68
:10EF5000AE2AA1EE020AF3EE040AF4F75DFD2A9848
:10EF600080ED000A9DF8FB12012003292B9010D0A0
:10EF7000FFE79DF8FB1200200229299006D1FFE748
:10EF8000839841F2D811405C2990FFE729982B9093
:10EF9000FFE72B9800F001008DF8B7029DF8B7024B
:10EFA000C0071FED921A1FED9B0A002800FE010A00
:10EFB0008DEDAC0A9DF8B702C00728B1FFE71FED41
:10EFC000980A8DED280A0EE0839841F2D811405C32
:10EFD000C0071FED9C1A1FED9C0A002800FE010AC5
:10EFE0008DED280AFFE783989DED280A8DEDAB0A89
:10EFF0009DEDAC1A40F6CC01C2F2004191ED053A0C
:10F0000091ED1C2A9DEDAB0A20EE030AA1EE020A47
:10F0100041F2C811084490ED001A30EE010A5FED8C
:10F02000AD0AF4F7F9FC8DEDAA0A9DF8F91200205B
:10F03000C907279021B1FFE79DF8EE022790FFE76F
:10F0400083982799C907B3EE0E1A1FEDB70A002956
:10F0500000FE010A8DEDA90A40F6CC01C2F2004182
:10F0600091ED041A91ED1B0A1FEDBE2A21EE021A42
:10F070001FEDBF2AA0EE021A41F2CC11084490ED18
:10F08000000A30EE010ADDEDA90AF4F7C5FC839809
:10F090008DEDA80A9DEDA81A00F6387191ED000AD1
:10F0A00030EE010A81ED000A9DEDA81A00F63C71D0
:10F0B00091ED000A30EE410A81ED000A41F2D811CB
:10F0C000415C0120C907269021B9FFE79DF8F902AC
:10F0D0002690FFE7269800F001008DF89F029DF82A
:10F0E0009F02C007D0B3FFE7839841F28411084420
:10F0F00090ED000A9FEDD71A20EE010ADFEDD60A47
:10F10000F4F78AFC83988DEDA60A41F28811084431
:10F11000259090ED000ADDEDA60A9FEDD01AF4F7D8
:10F12000D7FB2598839980ED000A40F6CC02C2F205
:10F13000004292ED1C1A9FEDCA0A30EE410A90ED92
:10F14000001A30EE010A8DEDA50AA59841F2901241
:10F150008850A59841F29412885010E0839841F2AB
:10F1600088110844249090ED000ADFEDBE0A9FED5F
:10F17000BB1AF4F7ADFB249880ED000AFFE79DF879
:10F180009F02C00748B1FFE7839841F290110844FD
:10F1900090ED000A8DED230A04E09FEDB10A8DED9C
:10F1A000230AFFE79DED230A8DEDA40A9DF89F0237
:10F1B000C00748B1FFE7839841F29411084490EDED
:10F1C000000A8DED220A04E09FEDA50A8DED220ACA
:10F1D000FFE783989DED220A8DEDA30A9DEDA40A19
:10F1E0008DED1C0A00F55C70209003F0F5FA839811
:10F1F000B0EE401A9DED1C0A30EE410A8DEDA20AD8
:10F200009DEDA30A8DED1D0A00F2AC4003F0E4FA77
:10F21000B0EE401A9DED1D0A30EE410A8DEDA10AB7
:10F220009DEDA20A04F04CFF8DED1E0A9DEDA20A91
:10F2300004F0E2FBF0EE400A9DED1E0A08F07CFDB2
:10F240008DEDA00A9DEDA10A04F03AFF8DED1F0A95
:10F250009DEDA10A04F0D0FBF0EE400A9DED1F0ADF
:10F2600008F06AFD20988DED9F0A03F0ADF88DED52
:10F27000210A9DF89F02C00748B1FFE740F6CC0085
:10F28000C2F2004090ED050A8DED1B0A04E09FEDEF
:10F29000750A8DED1B0AFFE783989DED210A9DED10
:10F2A0001B1A30EE010A8DED9E0A00F2AC4003F00D
:10F2B0008BF88DED1A0A9DF89F02C00748B1FFE751
:10F2C00040F6CC00C2F2004090ED050A8DED190A1F
:10F2D00004E09FED640A8DED190AFFE79DED1A0A1F
:10F2E0009DED191A30EE010A8DED9D0A9DF89F02E1
:10F2F000C00728B1FFE79FED5B0A8DED180A04E017
:10F300009DEDAA0A8DED180AFFE79DED180A8DED17
:10F310009C0A9DF89F02C0079FED531A9FED530A68
:10F32000002800FE010A8DED9B0A9DF89F02C00790
:10F33000B2EE0C1AB1EE080A002800FE010A8DEDAB
:10F340009A0A9DF89F02C007B3EE081A9FED480A7B
:10F35000002800FE010A8DED990A9DED9B1A9DED96
:10F36000A02A9DED9A0A9DED9E3A20EE030A91EEA9
:10F37000020A9DED9C1A30EE010ADDED990AF4F7C0
:10F380004BFB839800F64C7080ED000A9DED9B1AB4
:10F390009DED9F2A9DED9A0A9DED9D3A20EE030A70
:10F3A00091EE020A9DED9C1A30EE010ADDED990AFC
:10F3B000F4F732FB839800F5756080ED000AFFE7F3
:10F3C0009DF8FB0202280CD0FFE79DF8FB02032802
:10F3D00007D0FFE79DF8F902C007002800F0AB84D2
:10F3E000FFE7839841F23C01405898909DED980AC0
:10F3F000B5EE400AF1EE10FA0ADDFFE79DED980A3E
:10F400009FED1C1AB4EE410AF1EE10FA06DDFFE79B
:10F4100041F26F20C3F683209890FFE7839800F5B0
:10F42000007001F0BDFA83988DED970A00F52E70FB
:10F4300001F0B6FA8DED960A9DF8FB120120032922
:10F44000179032D0FFE79DF8F9120020C9071690F7
:10F4500041B321E08FC2753D8FC2F53DA69B443B71
:10F46000DB0FC93F000000000000A0420000704216
:10F47000000020420AD7A33C00005C4200000C427E
:10F48000C7B8323E39FA8E3D0000FAC3CDCC4C3FAE
:10F490009A99993E9A99593F9DF8EE0280F00100A1
:10F4A0001690FFE716981790FFE7179800F00100F5
:10F4B0008DF857029DF85702C0071FED111A1FED76
:10F4C000110A002800FE010A8DED940A9DF85702EA
:10F4D000C0071FED151A1FED150A002800FE010ACE
:10F4E0008DED930A9DF85702C0071FED1F1AB3EE6A
:10F4F0000E0A002800FE010A8DED920A9DF85702BF
:10F50000C007E8B1FFE7839841F2701108441590F5
:10F5100090ED000A40F6CC00C2F2004090ED1C1ABB
:10F520001FED272A21EE021A9DED982AA1EE020A6C
:10F53000F3EE040AF4F770FA159880ED000A0CE077
:10F54000839841F27011084490ED000A1FED311AC2
:10F5500020EE010A80ED000AFFE783989DED940AF2
:10F5600040F6CC01C2F2004191ED053A91ED1C2A22
:10F570009DED931A21EE031AA0EE021A41F27011CA
:10F58000084490ED000A30EE410ADDED920AF4F7EE
:10F5900043FA8DED910A9DF8FB02022807D1FFE79F
:10F5A00083990020919041F270128850FFE74FF04C
:10F5B0007E50909049F69A10C4F299008F909DF871
:10F5C000F902C007002800F0B180FFE783984FF0F0
:10F5D0007E518E9149F6A631C3F644318D9141F2A8
:10F5E000C211405CC007A0B1FFE7839841F26711E8
:10F5F000405CC0071FED651A1FED5B0A002800FE86
:10F60000010A8DED8E0A4CF6CD40C3F64C408D902C
:10F6100032E09DF8EE02C00758B1FFE74CF6CD404E
:10F62000C3F60C708E9049F6A630C3F644408D9018
:10F6300021E09DF8F202C00728B9FFE79DF8F1022A
:10F64000C00758B1FFE746F26660C3F626708E9099
:10F650004DF20A70C3F623408D900BE0839841F27F
:10F6600050114058142804D3FFE74FF07D508E907E
:10F67000FFE7FFE7FFE7FFE783989DED8E0A41F282
:10F680008C1114910844139090ED001A30EE410A49
:10F690009DED8D1AF1EE410AF4F7CAF8139A149908
:10F6A0008398B0EE401A92ED000A30EE010A82ED26
:10F6B000000A405890909DF8EE02C00748B1FFE75D
:10F6C0009DED910AB6EE001A20EE010A8DED910A29
:10F6D000FFE70020C4F220008F909DF8EE02C007E3
:10F6E00018BBFFE79DF8F202C00728B9FFE79DF8B5
:10F6F000F102C007C8B1FFE783984FF07F518F91A7
:10F7000041F26811014491ED000A1FED9E1A20EEAE
:10F71000010A81ED000A41F26C11084490ED000AE3
:10F7200020EE010A80ED000AFFE7FFE783989DEDD8
:10F73000901A41F27411014491ED002A9DED910A55
:10F74000A1EE020A8DED8C0A9DED901A41F278111E
:10F75000084490ED002A9DED910AA1EE020A8DED7C
:10F760008B0A9DF8F902C007002800F0BE81FFE770
:10F77000839841F2C211405CC007002800F0B581B7
:10F78000FFE7839841F26711405CC00728B1FFE7AB
:10F790001FEDCC0A8DED120A0CE0839841F2741132
:10F7A000084490ED000A1FEDC61A20EE010A8DED07
:10F7B000120AFFE783989DED120A8DED8A0A41F245
:10F7C0006711405CC00728B1FFE71FEDDA0A8DED35
:10F7D000110A0CE0839841F27811084490ED000A78
:10F7E0001FEDD51A20EE010A8DED110AFFE783986F
:10F7F0009DED110A8DED890A41F26711405CC00749
:10F80000002840F08280FFE7839841F27411084499
:10F8100090ED000AB5EE400AF1EE10FA14DDFFE7B4
:10F82000839841F29811084490ED000A9DED8A1AE0
:10F83000B4EE410AF1EE10FA06DAFFE7839841F2DE
:10F84000981140588A90FFE7839841F27411084458
:10F8500090ED000AB5EE400AF1EE10FA14DAFFE777
:10F86000839841F29811084490ED000A9DED8A1AA0
:10F87000B4EE410AF1EE10FA06DDFFE7839841F29B
:10F88000981140588A90FFE7839841F27811084414
:10F8900090ED000AB5EE400AF1EE10FA14DDFFE734
:10F8A000839841F29C11084490ED000A9DED891A5D
:10F8B000B4EE410AF1EE10FA06DAFFE7839841F25E
:10F8C0009C1140588990FFE7839841F278110844D1
:10F8D00090ED000AB5EE400AF1EE10FA14DAFFE7F7
:10F8E000839841F29C11084490ED000A9DED891A1D
:10F8F000B4EE410AF1EE10FA06DDFFE7839841F21B
:10F900009C1140588990FFE7FFE7839841F29811D6
:10F9100008440E9090ED000ADDED8A0A9FEDCD1AA5
:10F920008DED0D1AF3F7D4FF9DED0D1A0E99839806
:10F9300081ED000A41F29C1108440F9090ED000AFD
:10F94000DDED890AF3F7C4FF0E9A0F99839881EDD4
:10F95000000A92ED000A9DED911A9FEDBF2AA1EEDB
:10F96000020A8DED8C0A91ED000A9DED911AA1EE2F
:10F97000020A8DED8B0A41F26711415C0020C90734
:10F98000109029B3FFE7839841F27411084490ED79
:10F99000000AB0EEC00A0020B0EE001AB4EE410A30
:10F9A000F1EE10FA109013DDFFE783989DED970AB2
:10F9B00041F27411084490ED001A20EE010A002073
:10F9C000B5EE400AF1EE10FAD8BF01201090FFE723
:10F9D0008398109901F001018DF8231241F267110B
:10F9E000415C0020C9070C9029B3FFE7839841F2DE
:10F9F0007811084490ED000AB0EEC00A0020B0EE85
:10FA0000001AB4EE410AF1EE10FA0C9013DDFFE794
:10FA100083989DED960A41F27811084490ED001A02
:10FA200020EE010A0020B5EE400AF1EE10FAD8BF30
:10FA300001200C90FFE783980C9901F001018DF8EB
:10FA4000221241F2C511415C0120C9070B9021B976
:10FA5000FFE79DF823020B90FFE783980B9901F0D5
:10FA6000010141F2C512815441F2C611415C0120ED
:10FA7000C9070A9021B9FFE79DF822020A90FFE723
:10FA800083980A9901F0010141F2C612815441F2B2
:10FA9000C511405CC00780B1FFE7839941F298121D
:10FAA000002088509DED970A9DED911A9FED6A2ADE
:10FAB000A1EE020A8DED8C0AFFE7839841F2C61190
:10FAC000405CC00780B1FFE7839941F29C1200209F
:10FAD00088509DED960A9DED911A9FED5F2AA1EE4B
:10FAE000020A8DED8B0AFFE7FFE79DF8F902C007D8
:10FAF00000285DD0FFE7839841F27411084490ED2F
:10FB0000000AB5EE400AF1EE10FA0BDDFFE79DEDBD
:10FB10008C0AB5EE400AF1EE10FA03DAFFE7002096
:10FB20008C90FFE7839841F27411084490ED000A2D
:10FB3000B5EE400AF1EE10FA0BDAFFE79DED8C0A04
:10FB4000B5EE400AF1EE10FA03DDFFE700208C90DD
:10FB5000FFE7839841F27811084490ED000AB5EE72
:10FB6000400AF1EE10FA0BDDFFE79DED8B0AB5EED2
:10FB7000400AF1EE10FA03DAFFE700208B90FFE76E
:10FB8000839841F27811084490ED000AB5EE400ADE
:10FB9000F1EE10FA0BDAFFE79DED8B0AB5EE400AA5
:10FBA000F1EE10FA03DDFFE700208B90FFE7FFE79F
:10FBB00083998C9841F27C1288508B984FF48C5228
:10FBC00088509DED970A9DED8C1A30EE410A8DED1F
:10FBD000870A9DED960A9DED8B1A30EE410A8DED58
:10FBE000860A9DF8F902C007C0B3FFE7839841F287
:10FBF000C211405CC00788B3FFE7839941F26812E5
:10FC00000020885041F26C12885041F270128850E6
:10FC10009DED870A9FEDB51A20EE010ADFEDB40ACB
:10FC2000CDED090AF3F7F8FEDDED090A839800F639
:10FC3000447080ED000A9DED860A9FEDAE1A20EE1D
:10FC4000010AF3F7E9FE839800F6487080ED000A98
:10FC500070E000BF3333333F3333B33E839841F218
:10FC600068110844079090ED000A9DED871A9FEDFA
:10FC70009B2A8DED052A21EE021A9DED982AA1EE10
:10FC8000020AF0EE040ACDED060AF3F7C5FE9DED7B
:10FC9000052ADDED060A0799839881ED000A41F2F5
:10FCA0006C110844089090ED000A9DED861A21EE33
:10FCB000021A9DED982AA1EE420AF3F7ADFE0798CD
:10FCC000089981ED000A9DF8FB129FED851AB0EEB0
:10FCD0000C0A022900FE010A8DED850A9DED871AA6
:10FCE00090ED000A9FED7F2AA1EE020A9DED851A94
:10FCF00030EE010ADDED8F0AF3F78EFE0898839946
:10FD000001F6447181ED000A9DED861A90ED000A1E
:10FD10009FED752AA1EE020A9DED851A30EE410A8B
:10FD2000DDED8F0AF3F778FE839800F6487080EDDA
:10FD3000000AFFE7FFE78398FDF722FE9DF8FA022D
:10FD40009DF8FB12884200F0C380FFE783999DF87D
:10FD5000FA0241F20D12885441F2501200208850EC
:10FD600041F25412885041F25812885041F25C120C
:10FD700088509DF8FA02032806D1FFE7839941F2E3
:10FD8000C81200208850FFE79DF8FA02042840F0CE
:10FD90008B80FFE7839841F2681200210191815026
:10FDA00041F26C12815041F27012815041F28C1379
:10FDB0004FF07E52C25041F2C512815441F2C61238
:10FDC00081544FF48B52815241F26712815441F2B7
:10FDD000AE12815241F2AC12815241F2B212815202
:10FDE00041F2B012815241F2B612815241F2B41284
:10FDF000815241F2BF12815441F2BE12815441F24C
:10FE0000C11281544FF48E52815441F2C212815476
:10FE100041F2C312815441F2C412815400F55C7066
:10FE2000039002F0D9FF839841F2A411014481EDBF
:10FE3000000A00F2AC40049002F0CEFF03988399D0
:10FE400041F2A812114481ED000A02F0C5FF0498A6
:10FE50008DED020A02F0C0FFB0EE401A9DED020ADD
:10FE600030EE010AB6EE001A20EE010ADFED220A9A
:10FE70009FED191AF3F7DCFC0398839901F58D5176
:10FE800081ED000A02F0A8FC0498839941F29012D7
:10FE9000114481ED000A02F09FFC839841F2941115
:10FEA000084480ED000AFFE79DF8FA0278B9FFE701
:10FEB000839941F268120020885041F26C128850F8
:10FEC00041F2C812885041F2CC128850FFE7FFE798
:10FED0000DF5407D80BD00BF0AD7A33E00000C4257
:10FEE00000000000CDCC8C3FCDCC8CBFAE47613E36
:10FEF0003333B33FAE4761BE1F856B3E0000000049
:10FF000080B582B0019001980090FBF775FE0098D3
:10FF1000FCF7D6FB02B080BD82B001908DED000AE7
:10FF2000019900984FF48252885002B07047000047
:10FF300080B58AB00990099808906A46002101911D
:10FF4000116042F28801C2F200410291012307933D
:10FF5000B2EE090A8DED030AB3EE091A8DED041A0B
:10FF6000F3EE0E1ACDED051A1A46F0EE610A01F015
:10FF70005FF9019A02999DED030A9DED041ADDEDEA
:10FF8000051A089880306B461A60022306931A46B9
:10FF9000F0EE610A01F04CF9019A02999DED030A15
:10FFA0009DED041ADDED051A089800F580706B468A
:10FFB0001A6003231A46F0EE610A01F039F9019A3A
:10FFC00002999DED030A9DED041ADDED051A0898CE
:10FFD00000F5C0706B461A6004231A46F0EE610A01
:10FFE00001F026F9079A089800F50070114600F014
:10FFF000F7FD0699079A089800F52E7000F0F0FDBD
:020000040802F0
:100000000898FCF72DFB0AB080BD0000000000003E
:1000100080B582B001900198009090F8AC0FC007B5
:1000200038B9FFE7009800F52E6003F001FC30B10D
:10003000FFE7009800F52E6003F07AF9FFE70099DA
:10004000002081F8AC0FC1F8B00FC1F8B40FC1F8AF
:10005000B80FC1F8BC0FC1F8C00FC1F8C40FC1F888
:10006000C80FC1F8CC0FC1F8D00F02B080BD00009E
:1000700081B00090009942F69840C2F2004080683A
:10008000C1F87C0F01B0704780B588B00790079821
:10009000059000F5007000F083FC05988DED010AD5
:1000A00000F55C7002F090F99DED011A059830EEB4
:1000B000411A40F6CC01C2F20041029191ED050ACD
:1000C00030EE010A00F68C71039181ED000A00F513
:1000D0002E7000F065FC05988DED040A00F2AC402E
:1000E00002F072F90299039A0598B0EE401A9DED5C
:1000F000040A30EE010A91ED051A30EE010A00F50E
:10010000796181ED000A92ED000A9FED701A20EEF0
:10011000010A00F6847282ED000A91ED000A20EED9
:10012000010A00F6887181ED000A92ED000A91ED56
:10013000001A30EE010AB0EE001A80EE010A00F556
:10014000786181ED000A00F6A870E1F779FB059867
:1001500041F23C01014481ED000A41F29C01405C06
:10016000C00798B9FFE7059940F6CC00C2F20040FD
:10017000406F41F2980288500020C1F8740FC1F816
:10018000540F41F29C020120885449E0059840F642
:10019000CC01C2F2004191ED1D0A41F298010844E0
:1001A00090ED001A30EE410A8DED060A9DED060A2B
:1001B0009FED471AB4EE410AF1EE10FA09DDFFE7B0
:1001C0009DED060A9FED431A30EE010A8DED060AF9
:1001D000FFE79DED060A9FED401AB4EE410AF1EEED
:1001E00010FA09DAFFE79DED060A9FED3C1A30EEA2
:1001F000010A8DED060AFFE705999DED061A01F645
:10020000747090ED000A30EE010A80ED000A40F6AD
:10021000CC00C2F20040406F41F298028850FFE7E4
:10022000059AD2F8801F02F5BD60D2F8EC3519604E
:1002300040F6CC01C2F20041496BD2F8EC3559606E
:1002400041F23C01531800935158D2F8E82651600E
:10025000ECF7D2FD059A0098D2F8D0160968C2F8DA
:10026000641FD2F8D0164968C2F8701F90ED000ADA
:10027000B5EE400AF1EE10FA21DDFFE7059841F2F4
:100280003C01084490ED000A9FED151AB4EE410AB6
:10029000F1EE10FA13DAFFE7059800F6647191EDBC
:1002A000001A41F23C01014491ED002A00F6687009
:1002B00090ED000AA1EE020A80ED000AFFE7059921
:1002C000D1F8680FC1F86C0F08B080BD8FC2753DC2
:1002D000DB0F4940DB0FC9C0DB0F49C0DB0FC94052
:1002E0000AD7A33C0000000080B586B005900598B1
:1002F000049000F500709FED3B0A8DED030A00F0BD
:100300005FFB9DED030A049800F52E7000F058FB8A
:10031000049841F20C11405C042824D1FFE70498B2
:10032000DFED300ACDED020AB0EE600A00F0D4FC39
:100330000498DDED020A8030B0EE600A00F0CCFCDB
:100340000498DDED020A00F58070B0EE600A00F05E
:10035000C3FC0498DDED020A00F5C070B0EE600A3F
:1003600000F0BAFC3BE004989FED1E2A8DED012AB7
:10037000B0EE420AF0EE420AB0EE421AF0EE421A35
:1003800000F0D2FF04989DED012A8030B0EE420AC1
:10039000F0EE420AB0EE421AF0EE421A00F0C4FF4C
:1003A00004989DED012A00F58070B0EE420AF0EE4F
:1003B000420AB0EE421AF0EE421A00F0B5FF04987D
:1003C0009DED012A00F5C070B0EE420AF0EE420A3F
:1003D000B0EE421AF0EE421A00F0A6FFFFE706B0B8
:1003E00080BD00BF0000000080B582B00190019880
:1003F000009000F0D9FF0098803000F0D5FF009801
:1004000000F5807000F0D0FF009800F5C07000F09B
:10041000CBFF009800F5007000F016FC009800F586
:100420002E7000F011FC009800F6841001F054FAD0
:10043000009800F52E6002F09BFF0098002180F8E4
:10044000AC1FC0F8B01FC0F8B41FC0F8B81FC0F888
:10045000BC1FC0F8C01FC0F8C41FC0F8C81FC0F838
:10046000CC1FC0F8D01FC0F8D41FC0F8D81FC0F8E8
:10047000DC1FC0F8E01FC0F8E41F80F8E81F80F818
:10048000E91F80F8EA1F80F8EB1F80F8EC1F80F866
:10049000ED1F80F8EE1F80F8EF1F80F8F01FC0F806
:1004A000F41F80F8F81F80F8F91F80F8FA1F80F811
:1004B000FB1F80F8FC1F80F8FD1F80F8FE1F80F8EE
:1004C000FF1F4FF48052815441F20102815441F2E6
:1004D0000202815441F20302815441F20402815428
:1004E00041F20502815441F206030122C25441F255
:1004F0000702815441F20802815441F20C028150FA
:1005000041F21002815041F21402815041F218026E
:10051000815041F21C0281504FF48152815041F2CE
:100520002402815041F22802815041F22C02815074
:1005300041F23002815041F23402815041F23802DE
:10054000815041F24802815041F24C02815041F207
:100550005002815041F25402815441F258028150BC
:1005600041F25C0281504FF48352815041F26402A7
:10057000815041F26802815041F26C02815041F297
:100580007002815041F27402815041F2780281542C
:1005900041F27C0281504FF48452815041F2840236
:1005A000815041F28802815041F28C02815041F227
:1005B0009002815041F29402815041F298028150A0
:1005C00041F29C02815441F29D02815441F29E020B
:1005D00081544FF48552815041F2A402815041F27E
:1005E000A802815041F2AC02815041F2B002815028
:1005F00041F2B402815041F2B802815041F2BC0292
:1006000081504FF48652815041F2C402815041F230
:10061000C802815041F2CC02815041F2D002815097
:1006200041F2D402815041F2D802815041F2DC0201
:1006300081504FF48752815041F2E402815041F2DF
:10064000E802815041F2EC02815041F2F002815007
:1006500041F2F402815041F2F802815041F2FC0271
:1006600081504FF48852815041F20412815041F27E
:100670000812815041F21012815441F2141281503B
:1006800041F21812815041F21C12815441F21D12A4
:10069000815441F21E12815441F21F1281544FF4D1
:1006A0008952815241F22212815241F22412815028
:1006B00041F22812815041F22C134CF6CD42C3F680
:1006C000CC62C25041F23013C25041F254128150F8
:1006D00041F25812815041F25C1281504FF48B521A
:1006E000815241F26212815241F26412815441F20C
:1006F0006512815441F26612815441F267128154AD
:1007000041F26812815041F26C12815041F2701234
:10071000815041F27412815041F27812815041F2BD
:100720007C1281504FF48C52815041F284128150DE
:1007300041F28812815041F28C134FF07E52C25028
:1007400041F29012815041F29412815041F298127C
:10075000815041F29C1281504FF48D5348F21F5248
:10076000C3F66B62C25041F2A4134DF20A72C3F693
:10077000A362C25041F2A813C25041F2AC1281529E
:1007800041F2AE12815241F2B012815241F2B212E4
:10079000815241F2B412815241F2B612815241F2B9
:1007A000B812815241F2BA12815241F2BC12815404
:1007B00041F2BD12815441F2BE12815441F2BF1286
:1007C00081544FF48E52815441F2C112815441F24E
:1007D000C212815441F2C312815441F2C4128154B5
:1007E00041F2C512815441F2C612815441F2C8123D
:1007F000815041F2CC12815041F2D012815041F22D
:10080000D412815041F2D812815441F2DC1281504D
:100810004FF48F52815441F2E412815041F2E812B8
:10082000815041F2EC12815041F2F012815041F2BC
:10083000F412815041F2F812815041F2FC128150C1
:100840004FF49052815041F20422815041F208222B
:10085000815441F20922815441F20A22815441F229
:100860000B22815441F20C22815041F2102281501E
:1008700041F24122815441F24222815441F2432209
:10088000815402B080BD000080B582B0002001908C
:1008900040F25000C2F20040006842F28801C2F209
:1008A0000041884206D1FFE740F20410C2F2004046
:1008B000019012E040F25000C2F20040006842F2A3
:1008C0002811C2F20041884206D1FFE740F21C1015
:1008D000C2F200400190FFE7FFE7019888B1FFE70F
:1008E00040F21000C2F20040D0F804C040F25000C4
:1008F000C2F200400068019A4FF400710823E047FB
:10090000FFE702B080BD000082B001900198009026
:1009100090ED161A90ED280A9FED1E2A21EE021A7C
:1009200080EE010A80ED2A0A90ED2A0AB3EE041A3D
:10093000B4EE410AF1EE10FA07DDFFE7009900205E
:10094000C4F2A010C1F8A800FFE7009890ED2A0AB1
:10095000BBEE041AB4EE410AF1EE10FA07DAFFE733
:1009600000990020CCF2A010C1F8A800FFE7009980
:1009700091ED2A0AB3EE041A80EE010A9FED061AE1
:1009800020EE010ABDEEC00A10EE100AA1F8A60082
:1009900002B07047499D803C000080460000000086
:1009A00081B00090009890ED220A01B070470000DD
:1009B00081B00090009890ED230A01B070470000CC
:1009C00082B001908DED000A01990098C1F8A00055
:1009D00002B07047000000002DE9F04F8FB0DDF845
:1009E00080A0DDF87C90DDF878801D9F1C9E1B9D0B
:1009F0001A9CDDF864E0DDF860C0CDF838A0CDF8D1
:100A00003490CDF830800B970A9609950894CDF86C
:100A10001CE0CDF818C0059304920391029002984F
:100A20000090416E01314166B0F86C10A0F874106E
:100A30009DF834209DF8351041EA0221A0F86C1091
:100A40009DF836209DF8371041EA0221A0F86E107B
:100A50009DF838209DF8391041EA0221A0F8701065
:100A60009DF83A10A0F87210B0F86C10B0F874202D
:100A7000891AADF80610BDF9061000EE101AB8EE8E
:100A8000C00BB0F8600001EE100AB8EEC11BBEEE5C
:100A9000002B21EE021BB4EE410BF1EE10FA05DA49
:100AA000FFE70099C86F0130C8671CE00098BDF9E6
:100AB000061000EE101AB8EEC00BB0F8600001EEA0
:100AC000100AB8EEC11BB6EE002B21EE021BB4EEED
:100AD000410BF1EE10FA05DDFFE70099C86F013810
:100AE000C867FFE7FFE70099C86FB1F86020B1F869
:100AF0006C3000FB0230886791ED161A91ED1E0AEA
:100B0000B8EEC00AB1F8600002EE100AB8EE422A50
:100B100080EE020A30EE000A9FED1D2A20EE020A46
:100B200080EE010A81ED210AB1F96E0000EE100A93
:100B3000B8EEC00A9FED171A20EE010A91ED161AC1
:100B400080EE010A81ED220AB1F9700000EE100A70
:100B5000B8EEC00A9FED101A80EE010AB3EE041A37
:100B600020EE010A81ED240A91ED161A91ED240A76
:100B70009FED0A2A20EE020A20EE010A81ED230AE7
:100B800091F8720081F894000FB0BDE8F08F00BFBB
:100B9000DB0F49405077D63D00008046499D803CA0
:100BA00080B584B003900398019090F895000146B9
:100BB000029103280ED80299DFE801F002030A0B24
:100BC00009E00198FFF7A0FE019800F029F802E083
:100BD00001E000E0FFE704B080BD0000000000007D
:100BE00080B584B003908DF80B108DF80A2003991E
:100BF00001919DF80B0081F850009DF80A0081F8E2
:100C0000950040F25000C2F20040006891F8501088
:100C1000F1F7B2FB0199486504B080BD0000000007
:100C200082B0019001980090406D08B9FFE709E09B
:100C3000009991F8A7004A6D107091F8A600496DCF
:100C40004870FFE702B0704781B00090009843F60B
:100C50003C41C4F27C1181654FF08D41C1654FF478
:100C60000051A0F860104FF48041A0F862100021FC
:100C700041668166A0F86C10A0F86E10A0F87010A4
:100C8000A0F87210A0F874108167C16780F8801016
:100C9000C0F88410C0F88810C0F88C10C0F890100C
:100CA00080F89410032280F89520C0F89810C0F8BE
:100CB0009C10C0F8A010A0F8A410A0F8A610C0F8CE
:100CC000A810A0F8AC10C0F8B010C0F8B41001B073
:100CD000704700000000000080B584B003908DEDE7
:100CE000020ACDED010A0398009090F83400012823
:100CF00001D0FFE70AE000989DED020A00F0F4F849
:100D000000989DED010A00F007F9FFE704B080BDEF
:100D100080B58CB00B900A9109920B980290816D6E
:100D20000591C06D04909DED050AFAEE090AB2EE38
:100D3000091A1020F1F7E4FDADF822009DED040A38
:100D4000FBEE0E0AB3EE0E1A0C200390F1F7D8FD5D
:100D5000029902460398ADF8202091ED180ADFEDC4
:100D60002A0ACDED010A9FED291AF1F7C9FDDDED43
:100D7000010A029902460398ADF81E2091ED190A66
:100D8000B1EE041AF1F7BCFD029902460398ADF8E2
:100D90001C2091ED1A0AFBEE090AB3EE091AF1F7CD
:100DA000AFFDADF81A009DF823000A9908709DF870
:100DB00022000A994870BDF8200000090A9988703D
:100DC000BDF820109DF81F0040EA01100A99C87074
:100DD0009DF81E000A990871BDF81C0000090A99C7
:100DE0004871BDF81C109DF81B0040EA01100A99DB
:100DF00088719DF81A000A99C8710999082008702D
:100E000001200CB080BD00BF000000000000FA43CC
:100E100080B586B005900598009000F0D9F900984B
:100E20000021049103918DF80B108DF80A1090F8B1
:100E300034000146019140B1FFE7019801280DD02F
:100E4000FFE70198022812D01AE0009803A90DF1DB
:100E50000B02FFF75DFF8DF80A0015E0009803A96B
:100E60000DF10B0200F080F98DF80A000CE00098FB
:100E700003A90DF10B0200F05BF88DF80A0003E006
:100E800000208DF80A00FFE79DF80A00C00770B146
:100E9000FFE7009940F21000C2F20040D0F804C011
:100EA000086D498E9DF80B3003AAE047FFE706B0B6
:100EB00080BD00000000000082B001908DED000AAE
:100EC00001990098486602B07047000000000000D9
:100ED00082B001908DED000A01990098086602B079
:100EE000704700000000000082B001908DED000A04
:100EF00001990098886502B070470000000000006A
:100F000082B001908DED000A01990098886602B0C8
:100F1000704700000000000082B001908DED000AD3
:100F200001990098C86502B07047000000000000F9
:100F300085B00490039102920498C06D019001A8BD
:100F40000090009800780399087000984078039901
:100F5000487000988078039988700098C078039949
:100F6000C87003990020087103994871039988712A
:100F70000399C871029904200870012005B07047D8
:100F80002DE9F04F8FB0DDF880A0DDF87C90DDF822
:100F900078801D9F1C9E1B9D1A9CDDF864E0DDF887
:100FA00060C0CDF838A0CDF83490CDF830800B97E4
:100FB0000A9609950894CDF81CE0CDF818C0059361
:100FC000049203910290029901910398098E88423C
:100FD00001D0FFE7C1E00198416F013141670399FA
:100FE000018090ED040ABCEEC00A10EE101A818454
:100FF0009DF83410090941809DF835209DF8361080
:1010000041EA022189B200EE101AB8EE400A80EDE2
:10101000010A9DF837109DF83820090141EA1211A4
:1010200000EE101AB8EE400A80ED020A9DF8382052
:101030009DF8391002F00F0241EA022100EE101A69
:10104000B8EE400A80ED030A90ED010ABDEEC00A39
:1010500010EE100ABAEE090AF2EE090A1021F1F7B1
:1010600097FC019880ED040A90ED020ABDEEC00ADB
:1010700010EE100ABBEE0E0AF3EE0E0A0C210091E0
:10108000F1F786FC0099019880ED050A90ED030ABE
:10109000BDEEC00A10EE100ABBEE090AF3EE090A13
:1010A000F1F776FC019880ED060A9DF83A1000EE03
:1010B000101AB8EE400A80ED070A9DF83B1000EECA
:1010C000101AB8EE400A80ED080A90ED040A808CF0
:1010D00001EE100AB8EEC11A30EE410A9FED201A57
:1010E000B4EE410AF1EE10FA07DDFFE70199B1F81D
:1010F00048000130A1F84800FFE7019890ED040A8C
:10110000808C01EE100AB8EEC11A30EE410A9FED54
:10111000141AB4EE410AF1EE10FA07DAFFE701996A
:10112000B1F848000138A1F84800FFE7019991EDB6
:10113000040AB1F94800400301EE100AB8EEC11AE2
:1011400030EE010A81ED130AB1F86E000130A1F80A
:101150006E00012081F86D00FFE70FB0BDE8F08F51
:101160000020CBC50000000087B0069005910492D6
:101170000698816D0391C06D029003A8019002A8AA
:1011800000900198007805990870019840780599B9
:10119000487001988078059988700198C078059901
:1011A000C8700098007805990871009840780599F2
:1011B000487100988078059988710098C0780599E1
:1011C000C871049908200870012007B0704700001A
:1011D00082B0019001990091486F896F884219D1BE
:1011E000FFE70098B0F87C00132807D8FFE70099C4
:1011F000B1F87C000130A1F87C00FFE70098B0F85E
:101200007C00142805D3FFE70099002081F86C00CA
:10121000FFE707E000990020A1F87C00012081F899
:101220006C00FFE70099486F886702B070470000C4
:1012300080B589B084460B98CDF820C007918DF811
:101240001B208DF81A308DF819008DED050ACDEDB3
:10125000040A8DED031ACDED021A08990091079842
:1012600008659DF81B0008869DF81A0048869DF8C1
:1012700019000146019140B1FFE70198012809D00A
:10128000FFE7019802280CD012E000999DF81A009F
:1012900048860DE000999DF81A0000F58070488698
:1012A00006E000999DF81A0000F500704886FFE7F7
:1012B00000999DF8190081F8340005988863049816
:1012C000C863039808640298486409B080BD0000B0
:1012D00080B584B003900399FF208DF804008DF849
:1012E00005008DF806008DF807008DF808008DF8D0
:1012F00009008DF80A00FC208DF80B0040F2100068
:10130000C2F20040D0F804C0086D498E01AA08233B
:10131000E04704B080BD000081B00090009890EDDF
:10132000060A01B07047000080B588B007908DEDC7
:10133000060ACDED050A8DED041ACDED031A8DEDEB
:10134000022A0798019090F8340008B1FFE719E0ED
:1013500001989DED060AFFF7C7FD01989DED050A6E
:10136000FFF7DAFD01989DED040AFFF7B1FD019842
:101370009DED030AFFF7A0FD01989DED020AFFF71E
:10138000BFFDFFE708B080BD81B00090009890EDF0
:10139000040A01B07047000081B00090009890ED01
:1013A000050A01B07047000081B00090009801214B
:1013B00080F86C10002141678167A0F87C1001B0B3
:1013C000704700000000000081B00090009890ED90
:1013D0004B0A01B07047000081B00090009890ED7A
:1013E0004C0A01B07047000083B002908DED010AF5
:1013F000CDED000A9DED010A9DED001AB4EE410A03
:10140000F1EE10FA03DDFFE700980190FFE79DED94
:10141000010A9DED001AB1EE411AB4EE410AF1EE57
:1014200010FA07DAFFE79DED000AB1EE400A8DEDF4
:10143000010AFFE79DED010A03B0704700000000BC
:1014400082B001908DED000A01990098C86302B046
:10145000704700000000000081B00090009890EDFF
:10146000490A01B07047000081B00090009890EDEB
:101470004A0A01B07047000082B001908DED000A69
:1014800001990098486302B0704700000000000016
:1014900082B001908DED000A01990098086402B0B5
:1014A000704700000000000080B582B001900199F3
:1014B00001F2591091ED0A0AD1ED0B0A01F15C021B
:1014C00091F8581101F0010101F0EAFF02B080BD6E
:1014D00082B001908DED000A01990098C1F83C019D
:1014E00002B070470000000082B001908DED000A4C
:1014F00001990098C1F8340102B070470000000063
:1015000082B001908DED000A01990098C1F8380170
:1015100002B070470000000080B586B005900598C5
:10152000039000F059F90398FFF7BEFF039890ED80
:10153000171A90ED180A90ED212A90ED223A31EE1B
:10154000021A90ED3F2A30EE030A90ED403A20EE69
:10155000030AA1EE020AB6EE001A20EE010A80ED9F
:10156000500A90ED1B2A90ED1D0A90ED253A90ED62
:10157000274A32EE032A90ED433A30EE040A90ED0A
:10158000454A20EE040AA2EE030A20EE010A80ED8D
:10159000520A90ED1C2A90ED1E0A90ED263A90ED2D
:1015A000284A32EE032A90ED443A30EE040A90EDD8
:1015B000464A20EE040AA2EE030A20EE010A80ED5C
:1015C000530A90ED520A90ED532A30EE020A80ED54
:1015D000510A90ED1F2A90ED200A90ED293A90EDE6
:1015E0002A4A32EE032A90ED473A30EE040A90ED93
:1015F000484A20EE040AA2EE030A20EE010A80ED1A
:10160000540A00208DF81300FFE79DF8130003280B
:101610004FDCFFE703989DF8131001EB810200EB0C
:10162000C202029292ED175A92ED180A92ED193AFF
:1016300092ED1A1A90ED3F6A90ED407A90ED414A92
:1016400090ED422A20EE070AA5EE060AA3EE040A50
:10165000A1EE020A92ED1B1A90ED432AA1EE020AB6
:1016600092ED1C1A90ED442AA1EE020A92ED1D1A89
:1016700090ED452AA1EE020A92ED1E1A90ED462A3F
:10168000A1EE020A92ED1F1A90ED472AA1EE020A7E
:1016900092ED201A90ED482AA1EE020A00EB81009B
:1016A00080ED130AFFE79DF8130001308DF8130059
:1016B000ABE7039890ED130A90ED141A30EE010A8F
:1016C000B6EE001A20EE010A80ED550A90ED130ADD
:1016D000F2EE040ACDED000AFFF786FEDDED000A0A
:1016E000039880ED490A90ED140AFFF77DFE0398F8
:1016F00080ED4A0A90ED150ADFED090ACDED010AE9
:10170000FFF772FEDDED010A039880ED4B0A90EDC4
:10171000160AFFF769FE039880ED4C0A06B080BDFB
:10172000000020420000000091B002AA0092024690
:101730000098109280ED0D0AC0ED0C0A80ED0B1A96
:10174000C0ED0A1A80ED092AC0ED082A80ED073A9B
:10175000C0ED063A80ED054AC0ED044A80ED035A1B
:10176000C0ED025A80ED016AC0ED006A8DF80710E5
:1017700010990F9808600E9848600D9888600C9832
:10178000C8600B9808610A984861099888610898B0
:10179000C8610798086206984862059888620498AC
:1017A00048640398C862029888649DF8070000F0B6
:1017B000010081F8580111B07047000000000000DE
:1017C00082B001908DED000A01990098886302B003
:1017D000704700000000000084B00390039841F2BD
:1017E0006F21C3F60341029190ED001A90ED0E0AAD
:1017F00030EE410A80ED3F0A90ED011A90ED0C0A9F
:1018000090ED0D2A30EE020A30EE410A80ED400ADA
:1018100090ED021A90ED0F0A30EE410A80ED410A78
:1018200090ED031A90ED100A30EE410A80ED420A65
:1018300090ED041A9FED200A30EE411A80ED431A14
:1018400090ED091A90ED4E2A21EE021A8DED011A43
:1018500090ED091A9DED012A31EE421A8DED001A24
:1018600090ED052A9DED001A31EE421A80ED441AE2
:1018700090ED061A30EE410A80ED450A90ED071A08
:101880009DED000A30EE410A80ED460A90ED082AEF
:1018900090ED4D1A90ED4F0A30EE420A20EE010A0B
:1018A00080ED470A9DED010A90ED4D1A20EE410AA8
:1018B00080ED480A04B0704700000080000000007E
:1018C00082B001908DED000A01990098086302B082
:1018D000704700000000000080B586B004900498B6
:1018E000029005904FF07E510191C0F8381100210F
:1018F0000091C0F83C11C0F84011C0F84411C0F884
:101900004811C0F84C11C0F85011C0F8541100F241
:10191000591001F071FE0098019A0299C860886020
:1019200048600860C861886148610861486208626F
:10193000C86288620864C8638863086345F62943FF
:10194000C3F60F634B63C1F83421C1F83821C1F8E5
:101950003C01C1F84001C1F84401C1F84801C1F897
:101960004C01C1F85001C1F85401886448648DF8F5
:101970000F00FFE79DF80F00032830DCFFE7029916
:101980009DF80F0001EB80020020D0649DF80F202D
:1019900001EB8201C1F824018DF80E00FFE79DF8EC
:1019A0000E00092814DCFFE702989DF80F1001EBE8
:1019B000810100EBC1009DF80E1000EB81010020B9
:1019C000C865FFE79DF80E0001308DF80E00E6E7D0
:1019D000FFE79DF80F0001308DF80F00CAE70020E7
:1019E0008DF80D00FFE79DF80D0009280FDCFFE7DB
:1019F00002989DF80D1000EB81010020C1F8FC0059
:101A0000FFE79DF80D0001308DF80D00EBE705981C
:101A100006B080BD0000000082B001908DED000A8C
:101A200001990098886402B070470000000000002F
:101A300082B001900198009090ED041A90ED1C0A7C
:101A4000B0EEC00A9FED252A21EE021AB4EE410A3B
:101A5000F1EE10FA0DDBFFE7009890ED110AB0EE01
:101A6000C00A9FED1F1AB4EE410AF1EE10FA01DA36
:101A7000FFE731E0009890ED111A90ED120A31EE77
:101A8000400AB0EEC00AB0EEC11A80EE010A9FED26
:101A9000151AB4EE410AF1EE10FA09DDFFE70099DC
:101AA0000A6A486A013240F100000A62486204E0B2
:101AB0000099002048620862FFE70098016A406AC6
:101AC00040F2F512891A70F1000005D3FFE7009982
:101AD000012081F82800FFE702B070476F12833AB7
:101AE00017B7D1383333733F87B006908DF817108E
:101AF0008DED040ACDED030A8DED021ACDED011A2C
:101B00008DED002A06999DF8170008760498086361
:101B100003984863029888630198C8630098086432
:101B200007B070470000000082B00190019800905B
:101B300090ED041A90ED1C0AB4EE410AF1EE10FA91
:101B400004DDFFE7009908690867FFE7009890ED5A
:101B5000041A90ED1C0AB1EE411AB4EE410AF1EEFE
:101B600010FA08DAFFE7009890ED040AB1EE400A97
:101B700080ED1C0AFFE702B0704700000000000083
:101B800081B00090009890ED0F3A90ED1C0A90ED16
:101B90001D1A90ED1F2A20EE020A33EE022A80EE73
:101BA000020A21EE031A81EE021A30EE010A80EDDC
:101BB0001C0A01B07047000084B0039003980090A5
:101BC00090ED170A90ED1A1A30EE010A8DED020A17
:101BD0009DED022A90ED160A90ED181A30EE020AD9
:101BE00030EE010A8DED010A9DED010AB0EEC00A4A
:101BF00090ED041AB4EE410AF1EE10FA12DDFFE79F
:101C0000009890ED140A90ED171A20EE010AB5EE37
:101C1000400AF1EE10FA04DDFFE700990020886623
:101C2000FFE7FFE700989DED020A90ED0C1AB4EE75
:101C3000410AF1EE10FA06DDFFE700990020886600
:101C4000086BC865FFE700989DED020A90ED0C1A3D
:101C5000B1EE411AB4EE410AF1EE10FA0ADAFFE7EA
:101C600000980021816690ED0C0AB1EE400A80EDEB
:101C7000170AFFE704B0704781B00090009890ED1C
:101C8000103A90ED180A90ED191A90ED1F2A20EEE7
:101C9000020A33EE022A80EE020A21EE031A81EED6
:101CA000021A30EE010A80ED180A01B070470000F8
:101CB00081B00090009890ED010A90ED142A90ED0B
:101CC000153A90ED1F1A32EE032AB0EE003A82EE7A
:101CD000032A20EE020A20EE010A80ED1A0A01B062
:101CE000704700000000000082B001900198009051
:101CF00090ED140A90ED171A20EE010AB5EE400A95
:101D0000F1EE10FA3ADDFFE7009890ED0E1A90ED33
:101D1000140AB0EEC00AB4EE410AF1EE10FA01DC8A
:101D2000FFE72BE0009890ED0D1A90ED0E2A90ED54
:101D3000140AB0EEC00A31EE021AB4EE410AF1EE16
:101D400010FA16DCFFE7009890ED0D2A90ED0E3AA0
:101D500090ED141A90ED1A0AB0EEC11A32EE411A43
:101D600031EE031A81EE021A20EE010A80ED1A0A02
:101D700003E0009900208866FFE7FFE702B07047A4
:101D800081B00090009890ED020A90ED123A90ED2B
:101D9000132A90ED1F1A32EE432A20EE020A80EE3B
:101DA000010A80ED180A01B0704700000000000031
:101DB00080B586B005908DED040ACDED030A8DED5A
:101DC000021ACDED011A8DED002A059804990160E3
:101DD00003994160029981600021C160019A02610A
:101DE000009A42610176016341638163C1630164CA
:101DF0004162016280F8281000F002F806B080BD50
:101E000081B000900099002048648864C864086527
:101E100048658865C865086648668866C866086754
:101E20004867C86741F20402CEF2000212688A676E
:101E30004862086281F8280001B070470000000085
:101E400082B001908DED000A01990098486402B0BB
:101E5000704700000000000080B584B00290029836
:101E60000190007E0006002804D5FFE70198FFF7E7
:101E7000DFFDFFE701987830DFF7E2FC019880EDA5
:101E80001F0A90ED1F0AB5EE400AF1EE10FA04DCCD
:101E9000FFE70198006F03909EE0019890ED110A12
:101EA00090ED121A30EE410A80ED140A90ED051AF9
:101EB00090ED140AB0EEC00AB4EE410AF1EE10FA49
:101EC00077DDFFE7019890ED000A90ED141A20EEFF
:101ED000010A80ED160A90ED010A90ED142A90EDAA
:101EE0001F1A20EE020A20EE010A80ED1A0A90ED78
:101EF000020A90ED142A90ED153A90ED1F1A32EE79
:101F0000432A20EE020A80EE010A80ED180A007EC4
:101F10004007002804D5FFE70198FFF7C9FEFFE757
:101F20000198007E8006002804D5FFE70198FFF79E
:101F3000DBFEFFE70198007E8007002804D5FFE75D
:101F40000198FFF71DFFFFE70198007E400600287B
:101F500004D5FFE70198FFF78FFEFFE70198007EA9
:101F6000C00720B1FFE70198FFF726FEFFE70198C1
:101F700090ED170A90ED1A1A30EE010A80ED170A5B
:101F800090ED160A90ED172A90ED181A30EE020A1D
:101F900030EE010A80ED1C0A007EC006002804D540
:101FA000FFE70198FFF7ECFDFFE70198FFF7BCFDA5
:101FB00004E00199002008678866FFE70198816CBA
:101FC000C164016D4165016F4167016E4166816EBB
:101FD000C166006F0390FFE79DED030A04B080BD6A
:101FE00081B00090009890F8580000F0010001B016
:101FF000704700000000000087B006908DED050AD4
:10200000CDED040A8DED031ACDED021A8DED012AF6
:10201000CDED002A06990598086104988861039817
:1020200048610298C8610198C1F89C000098C1F805
:10203000A00007B07047000081B00090009890EDBC
:10204000190A01B07047000081B00090009890ED2F
:102050001E0A01B07047000084B003908DED020AA3
:10206000CDED010A8DED001A039902988860019860
:10207000C1F888000098486204B070470000000072
:1020800080B594B01390139806900430DFF7D8FB16
:10209000069880ED000A43F2BD71C3F28651129199
:1020A00090ED3C1A90ED3D0A30EE410A02F008F83E
:1020B0008DED110A9DED110AB0EEC00A9FEDB91A1F
:1020C000B4EE410AF1EE10FA0DDAFFE79DED110AC8
:1020D000B5A0011DB5EE400AF1EE10FAA8BF084602
:1020E00000681190FFE7069890ED040A90ED062A2B
:1020F00090ED3D1A9FEDAE3A8DED033A22EE032AA4
:102100008DED012A30EE410A01F0DAFF9DED033A30
:1021100006988DED000A90ED051A90ED072A90EDD6
:102120003D0A22EE032A8DED022A30EE410A01F02B
:10213000C7FF9DED002A9DED011A0698B0EE403ACA
:102140009DED020A20EE030AA1EE020A9DED111A8E
:1021500080EE010A9FED971A8DED041A80EE010AB8
:1021600080ED1D0A90ED040A01F0AAFF06988DED9E
:10217000100A90ED040A01F03FFC06988DED0F0A5D
:1021800090ED3C0A01F09CFF06988DED0E0A90ED53
:102190003C0A01F031FC9DED031A9DED043A0698CE
:1021A0008DED0D0A90ED060A9FED832A20EE020ABE
:1021B0009DED102A20EE020A80ED4A0A90ED060AF3
:1021C00020EE010A9DED0F1A20EE010A80ED4B0A68
:1021D00090ED1D1A90ED4A0A21EE031A9DED0E2A8C
:1021E000A1EE420A9FED751A20EE010A80ED4C0A1D
:1021F00090ED1D2A90ED4B0A22EE032A9DED0D3A3B
:10220000A2EE030A20EE010A80ED4D0A90ED081AB5
:10221000B7EE000A8DED050A80EE010A8DED0C0A7D
:102220009DED0C0A20EE000A8DED0B0A90ED2F1AA1
:1022300090ED300A90ED4C3A90ED4D2A20EE030AD5
:1022400091EE020A9DED0B1A20EE010A80ED210AA3
:1022500090ED2F1A90ED300A90ED4C2A90ED4D3A0A
:1022600020EE030AA1EE020A9DED0C1A20EE010AEF
:1022700080ED1E0A90ED091A90ED210A30EE010A58
:102280008DED0A0A90ED3A1A9DED0A0A9FED4C2A4F
:10229000A1EE020A80ED190A90ED170A01F010FF75
:1022A00006988DED090A90ED170A01F0A5FB069935
:1022B000B0EE401A9DED050A8DED081A91ED081A51
:1022C00091ED194A91ED1E2A9DED083A9DED095AAE
:1022D00021EE051A21EE041A92EE031A81ED1A1A64
:1022E00040F25800C2F2004090ED002A30EE421A4F
:1022F00091ED004A91ED1E5A91ED203A91ED3B6A25
:1023000035EE465A21EE051A81EE041AA2EE031AA2
:1023100081ED201A90ED001A30EE410A91ED003A5D
:1023200091ED194A91ED1B2A91ED3A5A34EE454A46
:1023300020EE040A80EE030AA1EE020A81ED1B0AD8
:1023400091ED190A20EE000A8DED070A91ED220A9F
:1023500091ED201A9DED082AA1EE420A91ED081A8E
:1023600091ED195A91ED1B3A91ED1E4A34EE044A53
:1023700024EE055A9DED094AA5EE040A21EE033A22
:10238000A3EE040A9DED073A21EE031AA1EE020A1C
:1023900081ED1F0A486EC1F8E800886FC1F8EC00B3
:1023A00014B080BDBD378635BD3786B5BD3786359F
:1023B000423EE83D713D0A3E423EE8BD7B09ED3FAD
:1023C000000000000000000081B00090009890ED37
:1023D000210A01B07047000080B586B005900598CD
:1023E000019090ED272A90ED283A90ED461A90ED55
:1023F000480A20EE030AA1EE020A80ED290A90EDB8
:10240000272A90ED283A90ED471A90ED490A20EEE0
:10241000030AA1EE020A80ED2A0A90ED170A01F0E4
:102420004FFE01988DED040A90ED170A01F0E4FAD1
:1024300001988DED030A90ED081AB7EE000A80EEC0
:10244000010A8DED020A9DED032A90ED291A90ED07
:102450002A0A9DED043A20EE030A9DED023A20EE91
:10246000030A91EE020A80ED330A90ED1F1A90EDF7
:10247000330A9FED062A31EE021A9FED052AA1EEDE
:10248000020A80ED2B0A06B080BD00BFCDCC1C41F6
:1024900008AC1C3F0000000081B00090009890ED57
:1024A0002B0A01B07047000080B596B015901598C2
:1024B000049043F2BD71C3F28651149190ED0A0A63
:1024C000F0F77EFC8DED110A9DED110A01F0F8FD8B
:1024D0008DED130A9DED110A01F08EFA04988DED31
:1024E000120A90ED0B0A9FED961A20EE010A8DED6F
:1024F000100A9DED100A9DED121A20EE010A80EDE2
:102500000E0A9DED100A9DED131A20EE010A80EDD2
:102510000F0A90ED0F0A20EE000A8DED0F0A90EDE4
:102520000E0A9FED881A30EE010A8DED0E0A90ED2D
:102530000E0A30EE410A8DED0D0A9DED0E1A9DED4D
:102540000F0AA1EE010A9FED801A30EE410A80EDDC
:10255000100A90ED0F0A9FED7D2A20EE020A80ED11
:10256000110A9DED0D2A9DED0F0AA2EE020A30EE32
:10257000410A80ED120A90ED100A90ED111A90EDCB
:10258000122AB9EE003A20EE030A20EE020AA1EE6A
:10259000010A8DED0C0A90ED100AB0EEC00A9FED15
:1025A0006C1AB4EE410AF1EE10FA08DBFFE79DED7C
:1025B0000C0AB5EE400AF1EE10FA07DAFFE70499CB
:1025C000002081F8580008634863B6E0049890ED55
:1025D000100A30EE001AB7EE000A8DED020A80EE06
:1025E000010A8DED0B0A90ED110AB1EE400A8DED56
:1025F000030A9DED0C0A05F0BDFEDDED020AB0EE0A
:10260000401A9DED030A30EE410A9DED0B1A20EEB3
:10261000010A8DED0A0A9DED0A0A05F08DFB30EEE8
:10262000000AF0F799FB049880ED0C0A90ED0E0A71
:102630009FED441A30EE010A8DED090A90ED0E0A65
:1026400030EE410A8DED080A9DED091A9DED0F0A45
:10265000A1EE010A9FED3C1A30EE410A80ED130A0B
:1026600090ED0F0A9FED392A20EE020A80ED140A40
:102670009DED082A9DED0F0AA2EE020A30EE410AF6
:1026800080ED150A90ED130A90ED141A90ED152ABD
:10269000B9EE003A20EE030A20EE020AA1EE010A8A
:1026A0008DED070A90ED130AB0EEC00A9FED281ACF
:1026B000B4EE410AF1EE10FA08DBFFE79DED070AE0
:1026C000B5EE400AF1EE10FA07DAFFE704990020B0
:1026D00081F85800086348632FE0049890ED130ACE
:1026E00030EE001AB7EE000A8DED010A80EE010A05
:1026F0008DED060A90ED140A8DED000A9DED070A96
:1027000005F038FE9DED001ADDED010A30EE410ABC
:102710009DED061A20EE010A8DED050A9DED050AD4
:1027200005F00AFB30EE000AF0F74AFB049981ED50
:102730000D0A012081F85800FFE716B080BD00BFE8
:10274000713D0A3F423EE83D994C953C423EE8BE11
:10275000BD3786350000000083B002908DED010A80
:10276000CDED000A0299019888620098C86203B012
:10277000704700000000000083B002908DED010A58
:10278000CDED000A02990198C1F88C000098C1F8BB
:10279000900003B07047000081B00090009890ED69
:1027A000230A01B07047000081B00090009890EDBE
:1027B000240A01B07047000083B002908DED010A39
:1027C000CDED000A02990198C1F894000098C1F873
:1027D000980003B07047000081B00090009890ED21
:1027E000030A01B07047000081B00090009890ED9E
:1027F000040A01B07047000081B00090009890ED8D
:10280000050A01B07047000080B590B00F900F9896
:10281000019090ED040AF0F79FFA019880ED040A08
:1028200090ED050AF0F7CCFA019880ED050A90EDDD
:10283000040A01F045FC01988DED0E0A90ED040AA2
:1028400001F0DAF801988DED0D0A90ED050A01F01E
:1028500037FC01988DED0C0A90ED050A01F0CCF8DB
:1028600001988DED0B0A9DED0D0A9FED8A1A20EE61
:10287000010A80ED2D0A80ED340A9DED0E0A20EE4E
:10288000010A80ED2E0A80ED350A9DED0B0A20EE3F
:10289000010A80ED310A80ED380A9DED0C0A20EE28
:1028A000010A80ED320A80ED390A90ED2D1A90ED83
:1028B000310A30EE410A8DED0A0A90ED2E1A90EDA4
:1028C000320A30EE410A8DED090A9DED0A1A9DED9E
:1028D000090A20EE000AA1EE010A8DED080A9DED1D
:1028E000080A05F047FD019880ED400A9DED0A0AAF
:1028F0009FED691A20EE010A80ED3E0A9DED090A5E
:1029000020EE010A80ED3F0A9DED080A9FED631A53
:1029100030EE010A30EE410A80ED410A90ED3E2A88
:1029200090ED3F0A90ED411A20EE000AA2EE020A55
:10293000A1EE410A8DED070A9DED070AB5EE400AAA
:10294000F1EE10FA07DDFFE79DED070A05F012FD35
:102950008DED000A04E09FED520A8DED000AFFE7BD
:1029600001989DED000A8DED060A9DED063A90ED69
:102970003E1A90ED3F0A90ED412A30EE430A71EE87
:10298000020A05F0D9F90198B0EE401AB0EE002A1B
:102990009FED440AA1EE020A80ED3C0A90ED3C0A4C
:1029A00001F08EFB01988DED050A90ED3C0A01F0D7
:1029B00023F801988DED040A90ED2D0A9DED041A7F
:1029C0009FED393AA1EE030A9FED381A20EE010A75
:1029D00080ED2F0A80ED360A90ED2E0A9DED052A36
:1029E000A2EE030A20EE010A80ED300A80ED370ADC
:1029F000D0ED2F0A90ED300A05F09EF9019880ED98
:102A0000030A90ED030AF0F7DBF9019880ED030A61
:102A100090ED2F1A90ED300A20EE000AA1EE010A87
:102A200005F0A8FC019880ED080A90ED2F1A90EDB2
:102A3000300A90ED312A90ED323A30EE430A71EED1
:102A4000420A05F079F9019880ED3D0A90ED021AED
:102A500090ED030A9FED162A30EE020A30EE010ACD
:102A600080ED170A90ED170A01F02AFB01988DED11
:102A7000030A90ED170A00F0BFFF01988DED020ADE
:102A800090ED080A9DED021A20EE010A80ED180A69
:102A900010B080BD423EE83D713D8A3E994C953C68
:102AA00000000000DB0FC940713D0A3E7B09ED3F8D
:102AB000DB0FC9BF0000000081B00090009890EDCE
:102AC000252A90ED263A90ED421A90ED440A20EE28
:102AD000030AA1EE020A80ED230A90ED252A90ED6B
:102AE000263A90ED431A90ED450A20EE030AA1EE36
:102AF000020A80ED240A01B07047000000000000C7
:102B000081B00090009890ED170A01B07047000066
:102B100081B00090009890ED060A01B07047000067
:102B200081B00090009890ED070A01B07047000056
:102B300080B592B011901198009090ED3C0A90ED04
:102B40003D1A30EE410A01F0BBFA8DED100A9DED01
:102B5000100AB0EEC00A9FED981AB4EE410AF1EEE9
:102B600010FA0DDAFFE79DED100A94A0011DB5EEF5
:102B7000400AF1EE10FAA8BF084600681090FFE77F
:102B8000009890ED040A90ED3C1A30EE410A01F0F5
:102B900097FA8DED0F0A0F980E909DED0E0AB0EE8C
:102BA000C00A9FED851AB4EE410AF1EE10FA0DDA73
:102BB000FFE79DED0E0A81A0011DB5EE400AF1EE82
:102BC00010FAA8BF084600680E90FFE7009890ED45
:102BD000051A90ED3D0A30EE410A01F071FA8DEDD3
:102BE0000D0A0D980C909DED0C0AB0EEC00A9FEDF9
:102BF000721AB4EE410AF1EE10FA0DDAFFE79DED1C
:102C00000C0A6EA0011DB5EE400AF1EE10FAA8BF45
:102C1000084600680C90FFE7009890ED030A90EDDD
:102C20003D1A30EE410A01F04BFA00988DED0B0A87
:102C300090ED030A90ED3D1A30EE410A00F0DCFE03
:102C400000988DED0A0A90ED030A90ED3C1A30EEE3
:102C5000410A01F035FA00988DED090A90ED030A5A
:102C600090ED3C1A30EE410A00F0C6FE00988DED62
:102C7000080A9DED101AB7EE000A80EE011A8DEDDC
:102C8000071A9DED0E1A80EE011A8DED061A9DEDC4
:102C90000C1A80EE011A8DED051A90ED081A80EEDF
:102CA000010A8DED040A40F63D21C3F657610391F8
:102CB00046F28711C4F29801029146F28611C4F2DD
:102CC000980101919DED0B0A9FED3E1A20EE010A3D
:102CD0009DED0F2A20EE020A9DED072A20EE020A42
:102CE00080ED420A9DED090A20EE010A9DED0D2AB4
:102CF00020EE020A9DED072A20EE020A80ED430A2B
:102D00009DED0A0A20EE010A9DED0F2A20EE020A2F
:102D10009DED042A20EE020A9DED072A20EE020A0C
:102D200080ED440A9DED080A20EE010A9DED0D1A82
:102D300020EE010A9DED041A20EE010A9DED071A0E
:102D400020EE010A80ED450A9DED080A9FED1E1A4E
:102D500020EE010A9DED061A20EE010A80ED460ADA
:102D600090ED080A9FED191A20EE010A9DED091A4F
:102D700020EE010A9DED061A20EE010A80ED470AB9
:102D80009DED0A0A9FED121A20EE010A9DED052A1B
:102D900020EE020A80ED480A90ED080A9DED0B2A0C
:102DA00020EE420A20EE010A9DED051A20EE010AEE
:102DB00080ED490A12B080BDBD378635BD3786B576
:102DC000BD3786353D0A57BE876198C087619840F8
:102DD000866198400000000081B00090009890ED5E
:102DE000080A01B07047000081B00090009890ED93
:102DF0000C0A01B07047000081B00090009890ED7F
:102E00000D0A01B07047000080B584B002900191B6
:102E1000029820B9FFE700208DF80F001EE0002087
:102E20000090FFE700980199884213D2FFE70298CB
:102E3000009900EB810090ED000AEFF7F5FC20B956
:102E4000FFE700208DF80F0008E0FFE70098013051
:102E50000090E7E701208DF80F00FFE79DF80F00D5
:102E600004B080BD0000000084B0039002910020F7
:102E700001900090FFE70098052816D8FFE7039817
:102E8000009900EB810090ED001A029800EB8100A0
:102E900090ED002A9DED010AA1EE020A8DED010AD6
:102EA000FFE7009801300090E5E79DED010A04B0CE
:102EB000704700000000000080B5BAB0389037912C
:102EC00036928DED350ACDED340A38980290379858
:102ED000D8B1FFE73698C0B1FFE737980A21FFF76E
:102EE00093FF90B1FFE736980421FFF78DFF60B1A3
:102EF000FFE79DED350AEFF797FC30B1FFE79DED59
:102F0000340AEFF791FC38B9FFE7029800F010FAA5
:102F100000208DF8E70090E1029890F83800C00793
:102F200060B9FFE70298379900F0BEF9029890F86F
:102F3000380000F001008DF8E7007EE19DED350AD4
:102F4000DFEDC00ACDED000A9FEDBF1A8DED011A2D
:102F5000F0F796FCDDED000A9DED011A8DED330AC8
:102F60009DED340AF0F78CFC8DED320A9DED330AAD
:102F700049F6CC71C0F6020191ED001A30EE410A1B
:102F800049F6D070C0F6020090ED001A80EE010AFA
:102F90008DED310A9DED320A91ED001A30EE410AB5
:102FA00090ED001A80EE010A8DED300A4FF07E5050
:102FB0002A9031982B9030982C909DED310A20EE7C
:102FC000000A8DED2D0A9DED300A20EE000A8DEDF0
:102FD0002E0A9DED310A9DED301A20EE010A8DED8D
:102FE0002F0A00201F90FFE71F98092817D8FFE736
:102FF0000298379A1F9902EB810292ED000A00EBCA
:10300000810090ED001A30EE410A20A800EB81000B
:1030100080ED000AFFE71F9801301F90E4E70020D1
:103020001090FFE71098092800F29280FFE7002037
:103030000F900E90FFE70E98092826D8FFE710980A
:1030400000EB80010E9800EB41000D900D9800EB15
:10305000400149F2AC20C0F6020000EBC1002AA9F1
:10306000FFF702FF0298B0EE401A0E9900EB8100C4
:1030700090ED002A9DED0F0AA1EE020A8DED0F0AD8
:10308000FFE70E9801300E90D5E700200C90FFE787
:103090000C9803282DD8FFE710990C9800EB8100BD
:1030A0000B900B9800EB400149F60C40C0F6020073
:1030B00000EBC1002AA9FFF7D7FE02988DED0A0A9E
:1030C0009DED0A1A369A0C9902EB810292ED000AE4
:1030D00000EB810090ED0A2A30EE022A9DED0F0AE6
:1030E000A1EE020A8DED0F0AFFE70C9801300C905B
:1030F000CEE700200990FFE7099809281ED8FFE7CE
:10310000109800EB800149F6D470C0F6020000EB85
:10311000C100099900EB810090ED001A20A800EB96
:10312000810090ED002A9DED0F0AA1EE020A8DEDBF
:103130000F0AFFE7099801300990DDE70F98109A10
:1031400011A941F82200FFE710980130109069E7BB
:1031500000200890FFE70898032849D8FFE7029865
:1031600008990A310791079950F82100069000202C
:103170000590FFE7059809281ED8FFE7079800EBA0
:10318000800149F6D470C0F6020000EBC100059939
:1031900000EB810090ED001A20A800EB810090ED7B
:1031A000002A9DED060AA1EE020A8DED060AFFE750
:1031B000059801300590DDE70898B3EE041A9FEDFD
:1031C000230A022838BFB0EE410A8DED040A9DEDB6
:1031D000060ADDED040A00F03BF8079911A800EBA0
:1031E000810080ED000AFFE7089801300890B2E7FF
:1031F00011A80E21FFF708FE40B9FFE702983799A2
:1032000000F052F800208DF8E70016E0002003904F
:10321000FFE703980D280CD8FFE70299039A11A83D
:1032200050F8220041F82200FFE703980130039094
:10323000EFE701208DF8E700FFE79DF8E7003AB0DF
:1032400080BD00BF1F856B3EF628DC3E000070424B
:1032500083B08DED010ACDED000A9DED010A9DEDD3
:10326000001AB4EE410AF1EE10FA03DDFFE7009810
:10327000029015E09DED010A9DED001AB1EE411A94
:10328000B4EE410AF1EE10FA07DAFFE79DED000A0D
:10329000B1EE400A8DED020A02E001980290FFE7CC
:1032A0009DED020A03B0704780B586B00590049189
:1032B00005980190049830B1FFE704980A21FFF7C0
:1032C000A3FD20B9FFE7019800F032F82BE00020C1
:1032D0000390FFE7039809280CD8FFE701990498A9
:1032E000039A50F8220041F82200FFE703980130CA
:1032F0000390EFE70A200290FFE702980D280AD812
:10330000FFE70199029A002041F82200FFE70298A6
:1033100001300290F1E70199012081F83800C86B73
:103320000130C863FFE706B080BD00000000000068
:1033300083B002900298009000200190FFE701986E
:103340000D280AD8FFE70099019A002041F82200D1
:10335000FFE7019801300190F1E70099002081F822
:103360003800C86B0130C86303B07047000000002C
:1033700084B00290029900910391002081F83800F6
:10338000C8630190FFE701980D280AD8FFE700996C
:10339000019A002041F82200FFE7019801300190D6
:1033A000F1E7039804B070478DB00C908DF82F10A2
:1033B0008DF82E208DED0A0ACDED090A08939DF8AF
:1033C0002F0030B9FFE748F2F070C0F6020000901D
:1033D00005E048F6B030C0F602000090FFE7009824
:1033E00007909DED0A0A20EE000A8DED060A9DED7C
:1033F000090A20EE000A8DED050A9DED0A0A9DEDF1
:10340000091A20EE010A8DED040A00208DF80F0044
:10341000FFE79DF80F0009283FDCFFE79DF82E002D
:1034200000EB80019DF80F0000EB4100029007982F
:10343000029901EB410100EBC100019001989DED63
:103440000A4A90ED000A90ED013A90ED022A90EDC3
:10345000031AA3EE040A9DED093AA2EE030A9DEDBC
:10346000062AA1EE020A90ED041A9DED052AA1EEAE
:10347000020A90ED051A9DED042AA1EE020A0898B1
:103480009DF80F1000EB810080ED000AFFE79DF82A
:103490000F0001308DF80F00BBE70DB07047000042
:1034A00080B594B011AB019303460198139380ED5E
:1034B000010AC0ED000A8DF843100F921398029094
:1034C0009DF84300C00708BBFFE700208DF83B00D4
:1034D000FFE79DF83B00032817DCFFE702980199FE
:1034E0009DF83B2091ED010AD1ED000A0F9902EB06
:1034F000820301EBC3030021FFF756FFFFE79DF8AE
:103500003B0001308DF83B00E3E773E000208DF8CD
:103510003A00FFE79DF83A00032823DCFFE700208C
:103520008DF83900FFE79DF83900092813DCFFE723
:103530000F989DF83A1001EB810100EBC1019DF855
:103540003920002041F82200FFE79DF839000130C2
:103550008DF83900E7E7FFE79DF83A0001308DF874
:103560003A00D7E70298019991ED010AD1ED000ADE
:103570000121022204ABFFF717FF04208DF80F0092
:10358000FFE79DF80F00072810DCFFE79DF80F20EC
:1035900004A850F822000F9901EB82010865FFE7AB
:1035A0009DF80F0001308DF80F00EAE702980199AD
:1035B00091ED010AD1ED000A0121032204ABFFF7CE
:1035C000F3FE04208DF80E00FFE79DF80E0007289B
:1035D00010DCFFE79DF80E2004A850F822000F9998
:1035E00001EB82018867FFE79DF80E0001308DF83E
:1035F0000E00EAE714B080BD81B00090009801B0E1
:10360000704700000000000080B584B0039003986C
:10361000019000218DF80B1000F0D2F838B1FFE7CF
:103620009DF80B0040F001008DF80B00FFE70198BA
:10363000803000F0C5F838B1FFE79DF80B0040F08E
:1036400002008DF80B00FFE7019800F5807000F094
:10365000B7F838B1FFE79DF80B0040F004008DF893
:103660000B00FFE7019800F5C07000F0A9F838B131
:10367000FFE79DF80B0040F008008DF80B00FFE716
:103680009DF80B0004B080BD80B584B00390039812
:10369000019000218DF80B1000F09EF838B9FFE77B
:1036A0009DF80B0040F001008DF80B00FFE701983A
:1036B000803000F091F838B9FFE79DF80B0040F03A
:1036C00002008DF80B00FFE7019800F5807000F014
:1036D00083F838B9FFE79DF80B0040F004008DF83F
:1036E0000B00FFE7019800F5C07000F075F838B9DD
:1036F000FFE79DF80B0040F008008DF80B00FFE796
:103700009DF80B0004B080BD80B584B00390039891
:10371000019000218DF80B1000F06AF838B1FFE736
:103720009DF80B0040F001008DF80B00FFE70198B9
:10373000803000F05DF838B1FFE79DF80B0040F0F5
:1037400002008DF80B00FFE7019800F5807000F093
:103750004FF838B1FFE79DF80B0040F004008DF8FA
:103760000B00FFE7019800F5C07000F041F838B198
:10377000FFE79DF80B0040F008008DF80B00FFE715
:103780009DF80B0004B080BD80B584B00390039811
:10379000019000F021F801460020029041B1FFE7BE
:1037A000019840880138B0FA80F040090290FFE7A4
:1037B000029800F0010004B080BD0000000000008D
:1037C00081B00090009841880020072988BF01201F
:1037D00001B070470000000081B00090009890F8A0
:1037E0006C000138B0FA80F0400901B07047000069
:1037F00080B584B0039003980190416F002002903F
:1038000079B1FFE70198FFF7E7FF0146002002903A
:1038100039B1FFE701984088B0FA80F04009029082
:10382000FFE7029800F0010004B080BD0000000036
:1038300081B00090009890F8380000F0010001B0CD
:10384000704700000000000083B0019001980090D4
:1038500090F83800C00718B9FFE7002002900DE08B
:10386000009890ED0C0A90ED0D1A30EE010AB6EEBC
:10387000001A20EE010A8DED020AFFE79DED020A13
:1038800003B070470000000083B0019001980090E1
:1038900090F83800C00718B9FFE7002002900DE04B
:1038A000009890ED0A0A90ED0B1A30EE010AB6EE80
:1038B000001A20EE010A8DED020AFFE79DED020AD3
:1038C00003B070470000000081B0ADF80200BDF900
:1038D000020000280ED4FFE7BDF9021001F01F021C
:1038E000012090404A094EF20011CEF2000141F849
:1038F0002200FFE701B070474EF60C50CEF20000F8
:103900000068C0F30220704782B0ADF80600009155
:10391000BDF9060000280AD4FFE700980001BDF9B0
:1039200006104EF20042CEF2000288540BE00098DE
:103930000001BDF8061001F00F014EF61452CEF250
:1039400000028854FFE702B070470000000000004A
:1039500082B0ADF806000091BDF9060000280AD437
:10396000FFE700980001BDF906104EF20042CEF2CA
:10397000000288540BE000980001BDF8061001F029
:103980000F014EF61452CEF200028854FFE702B047
:10399000704700000000000083B00290029800F021
:1039A000070000904EF60C51CEF20001086801901D
:1039B00001984FF6FF02104001900198009A40EAEA
:1039C00002200022C0F2FA521043019001980860D0
:1039D00003B070470000000080B540F24810C2F20A
:1039E0000040EFF735FE80BD80B540F6A820C2F25A
:1039F0000040FCF7F9FC80BD9FED201AB5EE002ACF
:103A000000EE012A9FED1E1ABDEEC20AB5EEC02AD5
:103A1000F1EE10FA10EE100AB8BF013800EE100AED
:103A20000020B8EEC00A32EE400A9FED162A20EEC2
:103A3000010ABCEEC01A11EE101A30EE021AB0EBF9
:103A4000512F18BF002102EE101A4AF25C4000FE0E
:103A5000010AC0F60200B8EE422A00EB810090EDA8
:103A6000011A30EE420AB7EE002A32EE402A20EE6A
:103A7000010A90ED001A02EE010A704783F9223E16
:103A800000000044000000C4B0B503880D88AB42BC
:103A900056D145884C88A54252D11488A3424FD1B3
:103AA0005488A5424CD105FB03FC436800254968B6
:103AB000B5EB9C0F506831D04FEA9C02524200BFD8
:103AC00093ED000A91ED001A30EE010A03F1100E99
:103AD00001F1100400F1100580ED000A013293EDB0
:103AE000010A91ED011A30EE010A80ED010A93ED11
:103AF000020A91ED021A30EE010A80ED020A93EDFE
:103B0000030A91ED031A30EE010A7346214680ED57
:103B1000030A2846D4D12146284673461CF00302E6
:103B20000CD05242B3EC010AB1EC011A30EE010A9A
:103B3000051D013280ED000A2846F3D1002000E087
:103B4000FD2040B2B0BD018042804360704700005C
:103B50002DE9F04F8BB0B0F800B0B0F802E0F345BB
:103B600040F051810B88FD229B4540F04D814F88EC
:103B7000BB4240F04981BBF1000F436800F029814E
:103B80006FF003004C6800EB8B08CDF81CE00027B9
:103B900000934FF07E5906945E462046BBEB06002C
:103BA00009D0B9002046DCF753FD002001308742E0
:103BB00004F10404FAD104F1040AC4F80090751E5B
:103BC00010D0A8EB87015046DCF742FD0120544697
:103BD0000130864204F10404FAD1002D07F10107F7
:103BE0002E46DBD1BBF1000F009BDDF81CE000F09E
:103BF000F0800420CDF814B000EB8E000190184640
:103C0000ABF1010603EB8E044FEA8E021D1DCEF1CF
:103C10000001002308919FED800A7746814600BF8E
:103C20005B4580F0F58003FB0EF0B0EE403A09EB07
:103C300080010A9191ED001A0699B0EE414A01EB1C
:103C4000800009902146304606E000BF91ED004A11
:103C50000138B0EE423A1144B5EEC04AF1EE10FA26
:103C60000ADDB4EEC34AB0EE442AF1EE10FAD8BF32
:103C7000B0EE432A09E000BFB1EE442AB4EEC23AE6
:103C8000F1EE10FA01DBB0EE432A0028DED1B5EEEA
:103C9000402AF1EE10FA00F0BB80B0EEC13AB4EE6B
:103CA000423AF1EE10FA1CBFD84310EB0B0004D0DF
:103CB000002000BF01308642FCD1B5EE401AF1EE83
:103CC00010FA00F0A580CDE90346AEEB030C0A998B
:103CD000BCF1010F4FF07E5008600AD00120294648
:103CE00091ED002A82EE012A01308742A1EC012ADF
:103CF000F6D1DDE9080100BF91ED002A82EE012A2C
:103D00000C1D013081ED002A2146F5D1ACF1010BEB
:103D100005994FF00008DDF818A04846CDF8089046
:103D2000984505D100EB8C060AEB8E0A33E000BF04
:103D300090ED001A0A9CB0EE413ABBF1000F94EDF1
:103D4000002A01EE423A00F1040680ED003A15D057
:103D50000120002406EB040905EB040E99ED002A6E
:103D60009EED003A01EE432A0130874204F104043B
:103D700089ED002AEED12644DDF81CE0DDE90804D7
:103D80009AED002A94ED003A01EE432A0434013002
:103D9000AAEC012AF4D106EB8300013908F10108ED
:103DA000BED1DDF80890013F049E09F10409039C8F
:103DB00003F101030198A6F101060444DDF814B0F3
:103DC00005447FF42DAFB5EE401A009BF1EE10FADA
:103DD00020D10EFB0BF1002000294FF000020BD088
:103DE00093ED000AB5EE400AF1EE10FA04D101326B
:103DF0008A4203F10403F3D38A4208BF6FF0040040
:103E00000BB0BDE8F08FFD2250B20BB0BDE8F08FD3
:103E1000FB22F9E70022F7E7000000002DE9F04F50
:103E200088B0B0F802C00B889C4540F08880B0F89C
:103E300000E013889E4540F08280B1F802905388DC
:103E400099457CD14FEA9C04476804FB09F0496816
:103E50000CF00305029101EB0010019000202CF002
:103E60000303A0EB9C0107EB830607914FEA89034C
:103E70005168C5F1000A00919FED330ACDE9039C1A
:103E8000CDE9050E0099CE4601EB8008DDE901BCC5
:103E9000002CB0EE401AE146384627D0624607991A
:103EA0003846B0EE401A00BF92ED002A90ED003A7D
:103EB00003EE021A1A4490ED014A92ED002A04EE34
:103EC000021A1A4490ED025A92ED002A05EE021AE7
:103ED0001A4490ED036A92ED002A06EE021A0131AF
:103EE00000F110001A44DFD1D946304655B1514691
:103EF00090ED002A99ED003A02EE031A04300131E8
:103F00009944F5D108F1040088ED001ABEF1010EC4
:103F10000CF1040C0BF1040B8046B9D1DDF80C90C8
:103F20000598DDF810C04844DDF818E007EB8C0771
:103F3000BEF1010E06EB8C06A2D1002000E0FD20B0
:103F400040B208B0BDE8F08F00000000B0B50388B3
:103F50000D88AB4256D145884C88A54252D1148871
:103F6000A3424FD15488A5424CD105FB03FC4368C2
:103F700000254968B5EB9C0F506831D04FEA9C0290
:103F8000524200BF93ED000A91ED001A30EE410A53
:103F900003F1100E01F1100400F1100580ED000A8C
:103FA000013293ED010A91ED011A30EE410A80EDE4
:103FB000010A93ED020A91ED021A30EE410A80EDFA
:103FC000020A93ED030A91ED031A30EE410A73469B
:103FD000214680ED030A2846D4D12146284673465F
:103FE0001CF003020CD05242B3EC010AB1EC011AEE
:103FF00030EE410A051D013280ED000A2846F3D15A
:10400000002000E0FD2040B2B0BD00002DE9F04FDF
:1040100083B002884B889A424DD144880B889C42D9
:1040200049D10023D1F804804FEA940C416804F090
:10403000030ECDF80080A3EB9404029414019600C3
:104040000194CEF1000B4046BCF1000F1ED0474654
:10405000029C00BF08683D4638603744486807EB5B
:104060000609A85101F11000D1F808A0013447F861
:1040700006A009EB0607C968374449F8061001464F
:10408000E8D101996C18014603E000BF009800EBED
:104090008304BEF1000F07D05D4600BF51F8040B4A
:1040A000013520603444F9D10133013A08F10408A4
:1040B000CAD1002000E0FD2040B203B0BDE8F08F7F
:1040C0009FED1F1A20EE010A9FED1F2ABDEEC01AB8
:1040D000B5EEC00AF1EE10FA11EE100AB8BF0138C1
:1040E00001EE100A0020B8EEC11A30EE410A9FED31
:1040F000151A20EE010ABCEEC01A11EE101A30EEAD
:10410000021AB0EB512F18BF002102EE101A4AF22A
:104110005C4000FE010AC0F60200B8EE422A00EB45
:10412000810090ED011A30EE420AB7EE002A32EE1D
:10413000402A20EE010A90ED001A02EE010A7047B3
:1041400083F9223E00000044000000C4000000008B
:1041500080B540F20000C2F200408068804780BD18
:1041600080B58CB00B900B9906A81322DCF7CFF921
:104170009DF81800552805D1FFE79DF82A000A2868
:1041800001D0FFE777E09DF81B0001280BD1FFE786
:10419000079841F64451C2F200410860089848600F
:1041A00009988860FFE70B9800F1130106A8132215
:1041B000DCF7ADF99DF81800552805D1FFE79DF80B
:1041C0002A000A2801D0FFE755E09DF81B000228CD
:1041D0000BD1FFE7079841F64451C2F20041C86095
:1041E0000898086109984861FFE70B9800F12601DB
:1041F00006A81322DCF78BF99DF81800552805D185
:10420000FFE79DF82A000A2801D0FFE733E09DF878
:104210001B0003280BD1FFE7079841F64451C2F277
:10422000004188610898C86109980862FFE70B9807
:1042300000F1390168461722DCF769F99DF80000A2
:10424000552805D1FFE79DF816000A2801D0FFE7A1
:1042500011E09DF8030004280DD1FFE7019841F615
:104260004451C2F200414862029888620398C862D1
:1042700004980863FFE70CB080BD00000000000058
:1042800080B582B041F6F440C2F200400090502167
:104290000191DCF7BBF90099019A42F26840C2F241
:1042A0000040E7F7B9FD18B1FFE7DDF7E1FBFFE7F5
:1042B00002B080BD0000000080B582B000200090F8
:1042C0000190E2F7E1FCEBF7BBF9009A4FF0FF3009
:1042D0001146E2F7ADFDE9F7DFF8E8F759FFE9F736
:1042E0008BF9E8F7B1FFE8F7EFFFE9F771FBE9F7C2
:1042F000BFFBE8F729FFE9F7DBFAE9F739FAE9F755
:1043000023F8E9F71DFBE9F783FAE9F7ADF9EBF7D5
:10431000FFF940F24400C2F2004000684DF68361AC
:10432000C4F21B31A0FB0110800CDDF7D5FA40F27E
:104330001000C2F2004000688047EAF785FC00F0F8
:10434000F3F8E9F741F800F013F9FFE7FEE70000A2
:1043500080B586B0ADF812008DED030ACDED020AEE
:10436000BDF81200B0F5A07F05DCFFE740F2411078
:10437000ADF81200FFE7BDF81200B0F5D06F05DB15
:10438000FFE740F27F60ADF81200FFE7BDF81200D2
:10439000A0F57870DCF7B7F800EE100AB8EEC00AA6
:1043A0009FED271AB4EE410AF1EE10FA03DCFFE7A5
:1043B000002005903FE0BDF81200B0F5787F1DDDCC
:1043C000FFE740F21240ADF80600BDF81200BDF85C
:1043D0000610401A00EE100AB8EEC00A40F27F60E4
:1043E000401A01EE100AB8EEC11A80EE010A9DEDE6
:1043F000021A20EE010A8DED050A1CE040F2AE30F3
:10440000ADF80400BDF81200BDF80410401A00EE2B
:10441000100AB8EEC00A40F24110401A01EE100A2C
:10442000B8EEC11A80EE010A9DED031A20EE010AD2
:104430008DED050AFFE79DED050A06B080BD00BFC2
:10444000000048420000000082B0ADF80200BDF953
:104450000200B0F5BA7F04DAFFE74FF07E5001901A
:104460000EE0BDF9020040F24D61884204DBFFE737
:104470004FF08040019003E0FFE700200190FFE74C
:104480009DED010A02B0704782B0ADF80200BDF99F
:104490000200B0F5BA7F04DAFFE74FF07E500190DA
:1044A00022E0BDF9020040F24D61884205DBFFE7E2
:1044B0000020C4F24000019016E0BDF9020040F275
:1044C000AE3188420BDBFFE7BDF9020040F212413A
:1044D000884204DCFFE74FF08040019004E0FFE7F2
:1044E000FFE700200190FFE79DED010A02B0704751
:1044F00080B584B00290EFF305800390039820B15B
:10450000FFE76FF00500019009E00020019002989C
:1045100020B1FFE7029801F05FFDFFE7FFE7019898
:1045200004B080BD0000000082B0EFF30580019070
:10453000019820B1FFE76FF00500009014E040F60D
:104540005810C2F20040006848B9FFE740F6581121
:10455000C2F20041012008600020009003E04FF00B
:10456000FF300090FFE7FFE7009802B070470000BF
:1045700080B582B0EFF305800190019820B1FFE78C
:104580006FF00500009019E040F65810C2F20040AC
:10459000006801280DD1FFE7EAF766FF40F65811E1
:1045A000C2F200410220086001F0E2FE002000900B
:1045B00003E04FF0FF300090FFE7FFE7009802B004
:1045C00080BD00000000000080B586B0049003911B
:1045D000049820F001000290049800F0010000907F
:1045E00000200190EFF305800590059820B1FFE7CA
:1045F0006FF00500019033E0029820B9FFE76FF0FB
:10460000030001902BE00098A0B1FFE70298039906
:1046100002F03EFE01280CD0FFE7039820B1FFE72F
:104620006FF00100019003E06FF002000190FFE7DE
:10463000FFE713E00298039902F012FD01280CD065
:10464000FFE7039820B1FFE76FF00100019003E05E
:104650006FF002000190FFE7FFE7FFE7FFE7FFE7EA
:10466000019806B080BD000080B588B0069000209B
:104670000590EFF3058007900798002840F08580AB
:10468000FFE7069820B1FFE706984068049002E033
:1046900000200490FFE79DF81000C00718B1FFE765
:1046A0000120039002E000200390FFE7049800F04F
:1046B0000800082868D0FFE74FF0FF300290069806
:1046C000C8B1FFE70698806840B1FFE70698C06868
:1046D000502803D3FFE7012002900BE00698806882
:1046E00038B9FFE70698C06818B9FFE700200290C4
:1046F000FFE7FFE702E000200290FFE702980128B1
:1047000012D1FFE7039838B1FFE7069881680420CB
:1047100002F07EF8059006E006988168012002F01C
:1047200077F80590FFE711E0029870B9FFE703986A
:1047300028B1FFE7042002F057F8059004E00120BB
:1047400002F052F80590FFE7FFE7FFE7059878B120
:10475000FFE7069820B1FFE706980068019002E0A5
:1047600000200190FFE70598019901F0D5FBFFE7D4
:10477000059840B1FFE7039828B1FFE7059840F09E
:1047800001000590FFE7FFE7FFE7059808B080BD4F
:1047900080B586B00490049820F00100039004983E
:1047A00000F00100019000200290EFF305800590D9
:1047B000059820B1FFE76FF00500029024E0039810
:1047C00020B9FFE76FF0030002901CE0019858B198
:1047D000FFE7039802F01CFB012804D0FFE76FF00D
:1047E00002000290FFE70DE00398002319461A46E5
:1047F00002F04EF9012804D0FFE76FF002000290AA
:10480000FFE7FFE7FFE7FFE7029806B080BD000083
:10481000B0B58EB00B900A91099200200690EFF38C
:1048200005800D900D98002840F09980FFE70B98C7
:10483000002800F09480FFE7802007901820059062
:10484000002008904FF0FF300490099800284DD0C8
:10485000FFE70998006820B1FFE709980068089011
:10486000FFE70998806920B1FFE709988069059002
:10487000FFE7059848B1FFE70598382805D8FFE716
:1048800009980079C00718B1FFE700200C9069E093
:104890000998406928B1FFE70998406980080790A6
:1048A000FFE70998806880B1FFE70998C0685C2835
:1048B0000BD3FFE70998006938B1FFE70998406911
:1048C00018B1FFE7012004900FE00998806858B9FB
:1048D000FFE70998C06838B9FFE70998006918B977
:1048E000FFE700200490FFE7FFE702E000200490CC
:1048F000FFE70498012817D1FFE70B980899079A5A
:104900000A9BDDF814C0DDF824E0DEF80850DEF87C
:104910001040EE46CEF80850CEF80440CEF800C065
:1049200002F0A6FD069019E00498B0B9FFE70B98D5
:104930000899BDF81C200A9BDDF814C0EE4606ACB1
:10494000CEF80440CEF800C002F042FD012803D0AA
:10495000FFE700200690FFE7FFE7FFE7FFE7069885
:104960000C90FFE70C980EB0B0BD000000000000F6
:1049700080B584B00390029147F22850C2F2004003
:104980000068009042F2B070C2F20040006804304B
:1049900001F0C6F808B9FFE700E0FFE7039801302F
:1049A00080B9FFE7029868B1FFE742F2B070C2F247
:1049B00000400068011D47F20050C2F2004001F0C3
:1049C0005BF93DE00098039908440190019842F298
:1049D000B071C2F2004109684860019800998842AC
:1049E0000ED2FFE742F2C070C2F20040006842F20D
:1049F000B071C2F200410968043101F005F91EE00E
:104A000042F2B870C2F20040006842F2B071C2F2E5
:104A100000410968043101F0F7F8019847F28C4130
:104A2000C2F200410968884207D2FFE7019847F2C5
:104A30008C41C2F20041086000E0FFE7FFE7FFE7BA
:104A400004B080BD0000000080B582B0019001F08C
:104A50003FF946F61851C2F200410868013008607B
:104A600042F2B070C2F20040006898B9FFE70198C6
:104A700042F2B071C2F20041086046F61850C2F22C
:104A800000400068012803D1FFE700F031FB00E09F
:104A9000FFE71CE047F2F440C2F200400068A0B912
:104AA000FFE742F2B070C2F200400068C06A0199AC
:104AB000C96A884207D8FFE7019842F2B071C2F292
:104AC0000041086000E0FFE700E0FFE7FFE746F68F
:104AD0002450C2F200400168013101600068019970
:104AE00048640198C06A46F62851C2F2004109683C
:104AF000884208D9FFE70198C06A46F62851C2F2F9
:104B000000410860FFE70199C86A00EB800242F2A9
:104B1000C870C2F2004000EB8200043101F0ACF832
:104B200001F002F947F2F440C2F200400068C8B157
:104B3000FFE742F2B070C2F200400068C06A01991B
:104B4000C96A88420CD2FFE74EF60451CEF200014A
:104B50004FF080500860BFF34F8FBFF36F8F00E0BE
:104B6000FFE700E0FFE702B080BD000000000000AA
:104B700080B584B001F0ACF847F22C50C2F200408E
:104B80000068002840D1FFE747F22C40C2F2004005
:104B9000029001F019F847F24040C2F20040039041
:104BA00001F012F80299039842F2B472C2F2004284
:104BB000116042F2C471C2F20041086069460020EF
:104BC000086042F2B962C2F2004242F25C73C2F281
:104BD00000430A20102101F073FE014647F22C50D9
:104BE000C2F200400160006860B1FFE747F22C505C
:104BF000C2F2004000684AF6AC41C0F6020101F082
:104C00008BF900E0FFE700E0FFE701F08DF804B06A
:104C100080BD00000000000080B582B0FFE746F6CE
:104C20001C50C2F20040006808B3FFE701F050F8E2
:104C300047F21450C2F20040C068C0680190019869
:104C4000043000F06DFF46F61851C2F200410868CA
:104C50000138086046F61C51C2F20041086801386C
:104C6000086001F061F8019800F092F8D7E702B00F
:104C700080BD00000000000080B582B0019000916E
:104C80000198006CB8B1FFE70199C8680A6C10443C
:104C9000C86001988168C068884204D3FFE7019921
:104CA0000868C86000E0FFE70098019AD168126CBC
:104CB000DBF72DFCFFE702B080BD00000000000024
:104CC00080B586B00590049103920020029005986B
:104CD000806B01900598006C78B9FFE70598006833
:104CE00048B9FFE70598806802F042FD02900599F7
:104CF0000020886000E0FFE741E00398B8B9FFE7D3
:104D0000059A04995068126CDBF701FC0599486814
:104D10000A6C10444860059948688968884204D341
:104D2000FFE705990868486000E0FFE726E0059A7C
:104D30000499D068126CDBF7EAFB0599C8680A6C25
:104D4000801AC86005980168C068884206D2FFE7EB
:104D5000059988680A6C801AC86000E0FFE703982C
:104D6000022809D1FFE7019820B1FFE70198013837
:104D7000019000E0FFE700E0FFE7FFE7FFE70198B1
:104D8000013005998863029806B080BD00000000DC
:104D900080B582B00090009890F8590040B9FFE7C4
:104DA0000098006B00F0E8FF009800F0E5FF1CE0C1
:104DB000009890F85900012804D1FFE7009800F00E
:104DC000DBFF11E0009890F8590002280BD0FFE7B4
:104DD0004FF0500080F31188BFF36F8FBFF34F8FF8
:104DE0000190FFE7FEE7FFE7FFE702B080BD0000AC
:104DF00082B001900198406A38B1FFE70198006BDA
:104E00000068C0F13800009002E000200090FFE749
:104E1000009802B07047000082B0019042F2B47076
:104E2000C2F2004000680068B0FA80F040090199C1
:104E300008600198006848B9FFE742F2B470C2F216
:104E400000400068C0680068009002E00020009008
:104E5000FFE7009802B0704784B04FF480400090A4
:104E600042F60C50C2F2004001909DF80400400749
:104E700088B1FFE7019807300190019820F0070002
:104E80000190019A42F60C51C2F200410098891A31
:104E900008440090FFE701980290029947F2F84019
:104EA000C2F200400160002141600298009A104463
:104EB0000190019808380190019820F007000190B6
:104EC000019A42F2BC70C2F2004002600268516076
:104ED00002681160029903910199039A891A51603D
:104EE0000068039908600398406847F28841C2F25D
:104EF000004108600398406847F28041C2F20041D7
:104F0000086047F25441C2F200414FF0004008608F
:104F100004B070470000000080B582B00190FFE748
:104F2000FFF77AFE42F2C870C2F200400068022821
:104F30000CD3FFE74EF60451CEF200014FF0805043
:104F40000860BFF34F8FBFF36F8F00E0FFE7E7E725
:104F500080B582B00190019868B1FFE70198002305
:104F60008360019803600198C360019819461A464E
:104F700001F08EFD00E0FFE702B080BD0000000000
:104F800080B584B0DDF818C00390029101928DF8CD
:104F90000330029818B9FFE70698006003E0019813
:104FA00006990860FFE703980699C8630298069976
:104FB00008640698012101F00BFD9DF80300069995
:104FC00081F84C0004B080BD80B588B0DDF834C0F5
:104FD000DDF830C0DDF82CC0DDF828C00690059162
:104FE000049203930C98006B04998900A522DBF7C7
:104FF00005FB0C98006B049900EB810004380290CB
:10500000029820F0070002909DF80800400758B170
:10501000FFE74FF0500080F31188BFF36F8FBFF3AD
:105020004F8F0790FFE7FEE70598F8B1FFE70020F4
:105030000190FFE701980F2813D8FFE70598019A20
:10504000805C0C99114481F8340005980199405C0A
:1050500008B9FFE705E0FFE7FFE70198013001909D
:10506000E8E70C99002081F8430004E00C99002047
:1050700081F83400FFE70A98382803D3FFE7372088
:105080000A9000E0FFE70A980C99C8620A980C9908
:10509000C8640C990020009008650C98043000F05A
:1050A000ABFD0C98183000F0A7FD00980C99096131
:1050B0000A99C1F138010C9A91610C9949620C99D5
:1050C00048650C9981F8580002980699039A00F0F7
:1050D000F7FC0C9908600B9820B1FFE70C980B992E
:1050E000086000E0FFE708B080BD0000000000009D
:1050F00080B584B000200390FFE70398372810D8CC
:10510000FFE7039800EB800142F2C870C2F2004052
:1051100000EB810000F058FDFFE703980130039099
:10512000EBE747F25840C2F20040019000F04CFD1E
:1051300047F26C40C2F20040029000F045FD47F299
:10514000A040C2F2004000F03FFD47F21450C2F20E
:10515000004000F039FD47F20050C2F2004000F07C
:1051600033FD0199029842F2B872C2F20042116016
:1051700042F2C071C2F20041086004B080BD00007C
:1051800083B0029047F2F840C2F200400190FFE77E
:10519000019800680299884205D2FFE7FFE701986D
:1051A00000680190F4E7019800900098019949681F
:1051B00008440299884209D1FFE7029842680199A0
:1051C0004868104448600198029000E0FFE70298A8
:1051D000009000980299496808440199096888423A
:1051E00020D1FFE70198006842F2BC71C2F2004191
:1051F000096888420DD0FFE701980068426802996B
:105200004868104448600198006800680299086086
:1052100007E042F2BC70C2F20040006802990860E8
:10522000FFE704E00198006802990860FFE7019831
:105230000299884204D0FFE702980199086000E0D3
:10524000FFE703B07047000080B586B00590049179
:1052500003920293002001900498059948600598F4
:10526000006104980399884216D8FFE703980299D1
:10527000401A05998969884203D3FFE7012001900C
:1052800009E042F2C470C2F200400068059904319E
:1052900000F0BAFCFFE717E003980299884208D2B1
:1052A000FFE704980299884203D3FFE701200190A9
:1052B00009E042F2B470C2F200400068059904317E
:1052C00000F0A2FCFFE7FFE7019806B080BD0000F8
:1052D00080B582B0019000F0FBFC0198806B18B99A
:1052E000FFE70120009002E000200090FFE700F0BF
:1052F0001BFD009802B080BD80B582B0019000F027
:10530000E7FC0198806B0199C96B884203D1FFE7E4
:105310000120009002E000200090FFE700F004FD73
:10532000009802B080BD000008480068006880F363
:1053300008884FF0000080F3148862B661B6BFF3AE
:105340004F8FBFF36F8F00DF00BF000008ED00E05C
:1053500080B586B00490039142F2B470C2F200406E
:105360000068C068C06801900198043000F0D8FB64
:10537000019890F828004007002823D5FFE70198FE
:10538000049B81691944039AFFF75EFFC0B1FFE7F0
:105390000198049A694600230B60194602F060FCEC
:1053A0000290029858B9FFE74FF0500080F311883F
:1053B000BFF36F8FBFF34F8F0590FFE7FEE700E06D
:1053C000FFE707E0019991F8280000F0FE0081F85E
:1053D0002800FFE70198016A884706B080BD0000F9
:1053E00080B58EB0FFE747F22C50C2F20040006853
:1053F00007A9002201F044FD002800F0B880FFE773
:105400000798B0F1FF3F17DCFFE707A804300290D0
:10541000029858B9FFE74FF0500080F31188BFF3AE
:105420006F8FBFF34F8F0D90FFE7FEE702990A6879
:1054300048688968904700E0FFE70798002800F176
:105440009580FFE7099806900698406928B1FFE724
:105450000698043000F064FB00E0FFE705A800F0C8
:10546000FFF8039007980190092800F27D800199C8
:10547000DFE801F00505053D456605053D45069952
:1054800091F8280040F0010081F828000698089B58
:1054900081691944039AFFF7D7FE30B3FFE70698F6
:1054A000016A8847069890F82800400700281AD516
:1054B000FFE70698089982690A44694600230B6051
:1054C000194602F0CDFB0490049858B9FFE74FF05D
:1054D000500080F31188BFF36F8FBFF34F8F0C9094
:1054E000FFE7FEE700E0FFE700E0FFE73DE00699A9
:1054F00091F8280000F0FE0081F8280035E00699B8
:1055000091F8280040F0010081F8280008980699D9
:1055100088610698806958B9FFE74FF0500080F322
:105520001188BFF36F8FBFF34F8F0B90FFE7FEE73C
:105530000698039B816919441A46FFF785FE14E01B
:10554000069890F828008007002804D4FFE7069802
:1055500000F012FC07E0069991F8280000F0FE0028
:1055600081F82800FFE700E0FFE7FFE73BE70EB028
:1055700080BD00000000000080B584B0039002915F
:1055800000F066FF684600F06BF801900098D8BB09
:10559000FFE7029860B9FFE703980199884207D8AE
:1055A000FFE702F04DFA03980199FFF7D1FE2AE0D8
:1055B000029858B1FFE742F2C470C2F2004000689E
:1055C0000068B0FA80F040090290FFE747F22C50E3
:1055D000C2F2004000680399019A891A029A00F009
:1055E000C7FC02F02DFA60B9FFE74EF60451CEF287
:1055F00000014FF080500860BFF34F8FBFF36F8FF3
:1056000000E0FFE7FFE702E002F01AFAFFE704B06C
:1056100080BD00000000000081B042F2B870C2F20C
:1056200000400068006840B9FFE747F28C41C2F2D1
:1056300000414FF0FF3008600FE042F2B870C2F254
:1056400000400068C068C06800900098406847F259
:105650008C41C2F200410860FFE701B070470000D2
:1056600080B582B0019001F093FF0090009842F263
:10567000AC71C2F200410968884206D2FFE700F02F
:1056800013F801990120086003E0019900200860E7
:10569000FFE7009842F2AC71C2F200410860009846
:1056A00002B080BD0000000080B588B0FFE742F284
:1056B000B470C2F200400068006800284ED0FFE7D6
:1056C00042F2B470C2F200400168C96809680691EC
:1056D0000068C068C06803900398043000F020FAA6
:1056E0000398016A8847039890F82800400700282B
:1056F00032D5FFE706980399896908440590059813
:10570000069988420FD9FFE70598039948600398E6
:10571000006142F2B470C2F20040006803990431A3
:1057200000F072FA17E00398069A694600230B60AE
:10573000194602F095FA0290029858B9FFE74FF027
:10574000500080F31188BFF36F8FBFF34F8F079026
:10575000FFE7FEE7FFE700E0FFE7A8E742F2B472E9
:10576000C2F200421068049042F2C471C2F20041D9
:10577000086810600498086008B080BD0000000050
:1057800083B00020009040F26400C2F20040006844
:10579000013058B1FFE74FF0500080F31188BFF39C
:1057A0006F8FBFF34F8F0290FFE7FEE74FF050007F
:1057B00080F31188BFF36F8FBFF34F8F0190FFE726
:1057C000009808B9FFE7FBE703B07047000000004E
:1057D00080B584B00390FFE701A8FFF71DFB02909E
:1057E00002980199FFF7C8FEFFF7FAFDF4E7000001
:1057F00080B582B0019000F06BFA019890F84500F6
:105800008DF80300FFE79DF90300012816DBFFE791
:105810000198406A58B1FFE70198243002F0A8F8D7
:1058200018B1FFE700F0B0FC00E0FFE700E005E0A2
:105830009DF8030001388DF80300E4E70199FF208B
:1058400081F8450000F070FA00F042FA019890F8F3
:1058500044008DF80200FFE79DF90200012816DBE5
:10586000FFE70198006980B1FFE70198103002F06E
:105870007FF818B1FFE700F087FC00E0FFE79DF834
:10588000020001388DF8020000E000E0E4E7019931
:10589000FF2081F8440000F047FA02B080BD00000C
:1058A00080B58AB006900020029000F0D1FD42F24F
:1058B000BC70C2F20040006818B9FFE7FFF7CCFAED
:1058C00000E0FFE7069847F25441C2F20041096840
:1058D000084240F0C580FFE7069800B3FFE706984E
:1058E000083006909DF818004007B0B1FFE7069811
:1058F00020F00700083006909DF81800400758B1C6
:10590000FFE74FF0500080F31188BFF36F8FBFF3B4
:105910004F8F0990FFE7FEE700E0FFE700E0FFE7B9
:105920000698002800F09A80FFE7069847F2804129
:10593000C2F200410968884200F29080FFE747F216
:10594000F840C2F20040049000680590FFE7059817
:105950004168069A00209142019007D2FFE705981E
:105960000068002818BF01200190FFE70198C007D8
:1059700030B1FFE705980490059800680590E6E7C8
:10598000059842F2BC71C2F200410968884263D0B6
:10599000FFE70498006808300290059800680499B1
:1059A0000860059840680699401A112821D3FFE73E
:1059B00005980699084403909DF80C00400758B1DB
:1059C000FFE74FF0500080F31188BFF36F8FBFF3F4
:1059D0004F8F0890FFE7FEE7059840680699401A48
:1059E000039948600698059948600398FFF7C8FB3B
:1059F00000E0FFE70598426847F28040C2F20040AD
:105A00000168891A0160006847F28841C2F20041CA
:105A1000096888420BD2FFE747F28040C2F200409B
:105A2000006847F28841C2F20041086000E0FFE7E9
:105A300047F25440C2F2004002680599486810439A
:105A4000486005990020086047F29441C2F2004185
:105A500008680130086000E0FFE700E0FFE700E0D1
:105A6000FFE701F0EDFF9DF80800400758B1FFE7A0
:105A70004FF0500080F31188BFF36F8FBFF34F8F4B
:105A80000790FFE7FEE702980AB080BD0000000023
:105A900042F2B070C2F20040006848B1FFE742F243
:105AA000B070C2F200400168086D01300865FFE780
:105AB00042F2B070C2F2004000687047000000007F
:105AC00083B00290019100920298043802900299EA
:105AD0004FF080700860029804380290019820F01E
:105AE000010002990860029804380290029945F278
:105AF0008170C0F602000860029814380290009885
:105B00000299086002980438029002996FF002002E
:105B10000860029820380290029803B07047000095
:105B200082B00190019800690090019841688068F6
:105B300088600199486889684860009840680199C0
:105B4000884205D1FFE7019880680099486000E02D
:105B5000FFE7019900200861009908680138086092
:105B60000098006802B0704783B0029001910092E3
:105B7000029946F62C70C2F200400860019946F680
:105B80002C50C2F20040086000998020086003B0E9
:105B9000704700000000000083B002900191009265
:105BA000029947F28830C2F200400860019946F637
:105BB0008870C2F20040086000994FF4807008605D
:105BC00003B070470000000081B00090009901F11F
:105BD0000800486000994FF0FF308860009901F19B
:105BE0000800C860009901F10800086100990020D0
:105BF000086001B07047000081B00090009900205B
:105C0000086101B07047000084B0039002910298CF
:105C1000006800900098013020B9FFE70398006900
:105C2000019010E0039808300190FFE70198406868
:105C300000680099884205D8FFE7FFE701984068AF
:105C40000190F3E7FFE701984068029948600298E5
:105C500041688860019802998860029801994860BB
:105C6000039802990861039908680130086004B03C
:105C7000704700000000000083B00290019102987C
:105C800040680090009801994860009880680199E8
:105C90008860019800998968486001980099886037
:105CA000029801990861029908680130086003B000
:105CB0007047000000000000DFF80C00016841F4AC
:105CC000700101607047000088ED00E000000000F6
:105CD00082B04FF0500080F31188BFF36F8FBFF395
:105CE0004F8F019040F26400C2F200400168013120
:105CF00001600068012814D1FFE74EF60450CEF28F
:105D000000000068000658B1FFE74FF0500080F334
:105D10001188BFF36F8FBFF34F8F0090FFE7FEE74F
:105D2000FFE702B07047000082B040F26400C2F2A8
:105D30000040006858B9FFE74FF0500080F3118829
:105D4000BFF36F8FBFF34F8F0090FFE7FEE740F286
:105D50006400C2F20040016801390160006830B996
:105D6000FFE700200190019880F31188FFE702B05F
:105D7000704700000000000080B586B003900398D3
:105D80000290039800285CD0FFE702980838029040
:105D9000029801900198406847F25441C2F20041D4
:105DA000096808420BD1FFE74FF0500080F31188DB
:105DB000BFF36F8FBFF34F8F0590FFE7FEE70198AA
:105DC000006858B1FFE74FF0500080F31188BFF32F
:105DD0006F8FBFF34F8F0490FFE7FEE70198406895
:105DE00047F25441C2F200410968084227D0FFE758
:105DF0000198006808BBFFE747F25440C2F2004038
:105E00000268019948689043486000F021FB0198BE
:105E1000426847F28041C2F20041086810440860BD
:105E20000198FFF7ADF947F29841C2F200410868C6
:105E30000130086001F004FE00E0FFE700E0FFE74A
:105E4000FFE706B080BD00004EF21001CEF2000167
:105E5000002008604EF21802CEF20002106040F2FC
:105E60004400C2F20040006844F6D352C1F262021C
:105E7000A0FB02024FF0FF3000EB92104EF2140232
:105E8000CEF200021060072008607047000000009A
:105E900084B0EFF305800190019810281ED3FFE72E
:105EA00001984EF2F031CEF20001405C8DF8030013
:105EB0009DF8030046F60C51C2F200410978884271
:105EC0000BDAFFE74FF0500080F31188BFF36F8FBC
:105ED000BFF34F8F0390FFE7FEE7FFE74EF60C504E
:105EE000CEF20000006800F4E06046F61051C2F205
:105EF0000041096888420BD9FFE74FF0500080F35A
:105F00001188BFF36F8FBFF34F8F0290FFE7FEE75B
:105F100004B070470000000083B00290019100209F
:105F20000090FFE7009807281DD8FFE7009947F287
:105F3000B440C2F2004050F8310070B9FFE7019858
:105F4000009A47F2B441C2F2004141F8320002988F
:105F5000009A01EBC201486005E0FFE7FFE7009807
:105F600001300090DEE703B0704700000000000041
:105F700080B584B003900291019203980090FFF7DE
:105F8000A7FE009890F94400013028B9FFE7009976
:105F9000002081F84400FFE7009890F945000130A7
:105FA00028B9FFE70099002081F84500FFE7FFF7D7
:105FB000BBFE0098806B38B9FFE700982430029947
:105FC000019A00F00DF900E0FFE70098FFF710FCE0
:105FD00004B080BD0000000080B584B002900020B5
:105FE00001900298E0B1FFE746F62050C2F200406F
:105FF000006858B1FFE74FF0500080F31188BFF3FD
:106000006F8FBFF34F8F0390FFE7FEE700F020FA9A
:1060100002980021FEF7ACFC01F012FD019000E0B7
:10602000FFE7019860B9FFE74EF60451CEF2000198
:106030004FF080500860BFF34F8FBFF36F8F00E0C9
:10604000FFE704B080BD000080B58AB006900591DE
:1060500000200290069858B9FFE74FF0500080F3F7
:106060001188BFF36F8FBFF34F8F0990FFE7FEE7F3
:10607000059858B9FFE74FF0500080F31188BFF33F
:106080006F8FBFF34F8F0890FFE7FEE746F6205073
:10609000C2F20040006858B1FFE74FF0500080F3B3
:1060A0001188BFF36F8FBFF34F8F0790FFE7FEE7B5
:1060B00000F0CEF947F22850C2F20040006801908B
:1060C00006980068059908440490019806990968A3
:1060D000884210D2FFE7049806990968884208D2DE
:1060E000FFE704980199884203D9FFE70120029055
:1060F00000E0FFE70FE0049806990968884205D39D
:10610000FFE704980199884203D9FFE70120029034
:1061100000E0FFE7FFE7049806990860029838B1AD
:10612000FFE704980199401A0021FEF721FC00E0E6
:10613000FFE701F085FC0390039860B9FFE74EF696
:106140000451CEF200014FF080500860BFF34F8F32
:10615000BFF36F8F00E0FFE70AB080BD00000000D2
:1061600081B0009047F29040C2F200400068009970
:10617000086047F22850C2F2004000680099486069
:1061800001B070470000000047F23451C2F20041F4
:10619000012008607047000080B584B00290019132
:1061A000029858B9FFE74FF0500080F31188BFF311
:1061B0006F8FBFF34F8F0390FFE7FEE7029842F225
:1061C000B071C2F2004109681831FFF71DFD019856
:1061D0000121FEF7CDFB04B080BD000000000000EF
:1061E00080B584B0029001910092029858B9FFE7FF
:1061F0004FF0500080F31188BFF36F8FBFF34F8FC4
:106200000390FFE7FEE7029842F2B071C2F200414C
:1062100009681831FFF730FD009820B1FFE74FF013
:10622000FF300190FFE701980099FEF7A1FB04B051
:1062300080BD00000000000080B588B0059004918A
:1062400005980390012000900598002800F08B80AD
:10625000FFE70398006D58B9FFE74FF0500080F357
:106260001188BFF36F8FBFF34F8F0790FFE7FEE7F3
:106270000398C06C0499884203D2FFE70498019008
:1062800003E00398C06C0190FFE70398C06A01998E
:10629000884266D0FFE70398006D01285FD1FFE7D1
:1062A000039842F2B071C2F20041096888420BD1F2
:1062B000FFE74FF0500080F31188BFF36F8FBFF3FB
:1062C0004F8F0690FFE7FEE70398C06A029001989F
:1062D0000399C8620398C07E0006002806D4FFE731
:1062E0000198C0F138000399886100E0FFE7039846
:1062F0004069029901EB810242F2C871C2F2004189
:1063000001EB8201884228D1FFE703980430FFF7B0
:1063100007FC08B9FFE700E0FFE70398C06A46F60C
:106320002851C2F200410968884208D9FFE7039862
:10633000C06A46F62851C2F200410860FFE703999F
:10634000C86A00EB800242F2C870C2F2004000EB63
:1063500082000431FFF790FC00E0FFE700E0FFE778
:1063600000E0FFE700E0FFE708B080BD00000000AC
:1063700080B58AB0002003900690059006A805A974
:1063800004AAFFF7F1FB039B049A0599DDF818C0F6
:106390006846C0F808C04160036044F61970C0F652
:1063A00002004AF6A741C0F6020101F061F8014679
:1063B00047F28440C2F200400160006818B1FFE774
:1063C0000120079002E000200790FFE707980128CE
:1063D00004D1FFE701F0F8FB079000E0FFE7079822
:1063E000012823D1FFE74FF0500080F31188BFF35D
:1063F0006F8FBFF34F8F099047F28C41C2F200417B
:106400004FF0FF30086047F2F441C2F20041012032
:10641000086047F22851C2F200410020086000F0F5
:1064200017F908B1FFE700E0FFE70FE00798013038
:1064300058B9FFE74FF0500080F31188BFF36F8F1A
:10644000BFF34F8F0890FFE7FEE7FFE70AB080BD7C
:1064500046F62051C2F200410868013008607047DA
:1064600083B046F62050C2F20040006838B1FFE722
:1064700047F23451C2F200410120086051E047F276
:106480003451C2F200410020086046F62850C2F2A2
:10649000004000680190FFE7019800EB800142F2A4
:1064A000C870C2F2004050F8210090B9FFE701988F
:1064B00058B9FFE74FF0500080F31188BFF36F8F9A
:1064C000BFF34F8F0290FFE7FEE70198013801907C
:1064D000E2E7019800EB800142F2C870C2F200408E
:1064E00000EB81000090009948684068486000997E
:1064F00048680831884205D1FFE70099486840683C
:106500004860FFE700984068C06842F2B071C2F28C
:1065100000410860019846F62851C2F20041086027
:10652000FFE703B07047000080B586B040F6CC00AE
:10653000C2F200400290006F40F65421C2F20041C6
:106540000591C86040F6A820C2F200400390F4F71D
:106550005BFB0299059A0346039800EE103AB8EEE9
:10656000C00A82ED040A49695161F5F725F90299DB
:106570000398059A82ED060AC96FD161F6F788F88B
:106580000398059981ED080AF6F70AFC0398059926
:1065900081ED090AF4F700FB03988DED010AF4F789
:1065A00027FB03980599B0EE401A9DED010A30EEE5
:1065B000010AB6EE001A20EE010A81ED0A0AF5F78B
:1065C0001FFA029A05990346039800EE103AB8EEB6
:1065D000C00A81ED0B0A92ED050AB0EEC00AB7EED3
:1065E000081A80EE010A81ED0C0AF5F725FF0398E1
:1065F00005999FED151A80EE010A81ED0D0A00F54F
:106600000070FAF7D5F90398B0EEC00A8DED040AD0
:1066100000F52E70FAF7CCF903980599B0EE401A00
:106620009DED040AB0EEC11A30EE010AB0EE081A70
:1066300080EE010A81ED0E0AF6F766FB059880ED03
:106640000F0A06B080BD00BF8FC2F53C00000000FD
:1066500080B588B04EF60050CEF2000000684CF2D3
:106660007121C4F20F1188420BD1FFE74FF05000A7
:1066700080F31188BFF36F8FBFF34F8F0790FFE751
:10668000FEE74EF60050CEF2000000684CF270219A
:10669000C4F20F1188420BD1FFE74FF0500080F396
:1066A0001188BFF36F8FBFF34F8F0690FFE7FEE7B0
:1066B0004EF20040CEF20000039001780491FF21D9
:1066C000017000788DF80B009DF80B0000F0500071
:1066D00046F60C51C2F20041087046F61051C2F263
:1066E000004107200860FFE79DF80B000006002826
:1066F0000DD5FFE746F61051C2F200410868013897
:1067000008609DF80B0040008DF80B00ECE746F6A2
:106710001050C2F20040006803280BD0FFE74FF092
:10672000500080F31188BFF36F8FBFF34F8F059038
:10673000FFE7FEE746F61051C2F20041086800028A
:106740000860086800F4E060086004984EF20041B8
:10675000CEF2000108704EF62051CEF2000108681A
:1067600040F470000860086840F070400860FFF76F
:106770006BFB40F26401C2F200410020019008600E
:10678000FFF79AFA4EF63471CEF20001086840F035
:1067900040400860FEF7C8FDFFF762FEFEF7F0FF1D
:1067A000019808B080BD000080B582B04FF0500065
:1067B00080F31188BFF36F8FBFF34F8F009000F00D
:1067C000F3FE40B1FFE74EF60451CEF200014FF068
:1067D00080500860FFE700200190019880F3118845
:1067E00002B080BD0000000080B584B08DF80F00BD
:1067F00001200190002100919DF80F2000F024F865
:1068000002900298FEF7A4FB029804B080BD00003D
:1068100080B586B08DF81700049101200290002207
:1068200001929DF81710049BEC46CCF8001011461D
:1068300000F046F803900398FEF78AFB039806B031
:1068400080BD00000000000080B588B00690059172
:106850008DF81320069858B9FFE74FF0500080F3E9
:106860001188BFF36F8FBFF34F8F0790FFE7FEE7ED
:10687000069805994843029002985030FFF710F8A7
:1068800003900398B0B1FFE703980190019850304E
:1068900001900399002081F8460006980599019A15
:1068A0009DF81330DDF80CC0EE46CEF800C0FEF7C0
:1068B00067FB00E0FFE7039808B080BD0000000020
:1068C00080B590B084461298CDF828C009910892FE
:1068D00007938DF81B000A9858B9FFE74FF0500056
:1068E00080F31188BFF36F8FBFF34F8F0F90FFE7D7
:1068F000FEE7079858B9FFE74FF0500080F3118882
:10690000BFF36F8FBFF34F8F0E90FFE7FEE708993D
:106910000020039031B1FFE70998B0FA80F04009F8
:106920000390FFE70398C00758B1FFE74FF050000E
:1069300080F31188BFF36F8FBFF34F8F0D90FFE788
:10694000FEE708990020029031B9FFE70998002876
:1069500018BF01200290FFE70298C00758B1FFE777
:106960004FF0500080F31188BFF36F8FBFF34F8F4C
:106970000C90FFE7FEE750200490049850280BD0BD
:10698000FFE74FF0500080F31188BFF36F8FBFF324
:106990004F8F0B90FFE7FEE7049807980590059846
:1069A00088B1FFE70599012081F846000A98099906
:1069B000089A9DF81B30DDF814C0EE46CEF800C0F2
:1069C000FEF7DEFA00E0FFE7059810B080BD00009A
:1069D00080B584B00290019102980090009858B957
:1069E000FFE74FF0500080F31188BFF36F8FBFF3C4
:1069F0004F8F0390FFE7FEE7FFF76AF900990B68F6
:106A0000C86B0A6C00FB0230886000990020886324
:106A100000990868486000990B68C86B0A6C0138D7
:106A200000FB0230C8600099FF2081F84400009903
:106A300081F845000198D0B9FFE700980069A0B13E
:106A4000FFE70098103000F093FF60B1FFE74EF6CB
:106A50000451CEF200014FF080500860BFF34F8F19
:106A6000BFF36F8F00E0FFE700E0FFE708E000986A
:106A70001030FFF7A9F800982430FFF7A5F8FFE7DA
:106A8000FFF752F9012004B080BD000000000000B3
:106A900080B592B00C900B910A9209930020089057
:106AA0000C980490049858B9FFE74FF0500080F319
:106AB0001188BFF36F8FBFF34F8F1190FFE7FEE791
:106AC0000B990020039039B9FFE70498006C002867
:106AD00018BF01200390FFE70398C00758B1FFE7F4
:106AE0004FF0500080F31188BFF36F8FBFF34F8FCB
:106AF0001090FFE7FEE7099900200229029007D1D4
:106B0000FFE70498C06B013818BF01200290FFE72F
:106B10000298C00758B1FFE74FF0500080F311888A
:106B2000BFF36F8FBFF34F8F0F90FFE7FEE700F0CB
:106B300013FD01460020019031B9FFE70A980028B3
:106B400018BF01200190FFE70198C00758B1FFE787
:106B50004FF0500080F31188BFF36F8FBFF34F8F5A
:106B60000E90FFE7FEE7FFE7FFF7B2F80498806BAF
:106B70000499C96B884204D3FFE70998022834D1ED
:106B8000FFE704980B99099AFEF79AF80790049882
:106B9000406AA0B1FFE70498243000F0E9FE60B13C
:106BA000FFE74EF60451CEF200014FF0805008602E
:106BB000BFF34F8FBFF36F8F00E0FFE710E0079840
:106BC00060B1FFE74EF60451CEF200014FF0805065
:106BD0000860BFF34F8FBFF36F8F00E0FFE7FFE761
:106BE000FFF7A2F801200D9065E00A9828B9FFE7A9
:106BF000FFF79AF800200D905DE0089830B9FFE7A4
:106C000005A8FFF7ADFA0120089000E0FFE7FFE7D5
:106C1000FFE7FFF789F8FFF71BFCFFF759F8049827
:106C200090F94400013028B9FFE70499002081F869
:106C30004400FFE7049890F94500013028B9FFE7C8
:106C40000499002081F84500FFE7FFF76DF805A8DB
:106C50000AA900F055FB28BBFFE70498FEF74CFBA0
:106C6000C8B1FFE7049810300A99FFF795FA049825
:106C7000FEF7BEFD00F0E4FE60B9FFE74EF60451FA
:106C8000CEF200014FF080500860BFF34F8FBFF38A
:106C90006F8FFFE705E00498FEF7AAFD00F0D0FE35
:106CA000FFE707E00498FEF7A3FD00F0C9FE00200F
:106CB0000D9000E058E70D9812B080BD0000000074
:106CC00080B592B00B900A91099208930B980590A9
:106CD000059858B9FFE74FF0500080F31188BFF3D3
:106CE0006F8FBFF34F8F0E90FFE7FEE70A990020EA
:106CF000029039B9FFE70598006C002818BF012001
:106D00000290FFE70298C00758B1FFE74FF050002C
:106D100080F31188BFF36F8FBFF34F8F0D90FFE7A4
:106D2000FEE7089900200229019007D1FFE70598A6
:106D3000C06B013818BF01200190FFE70198C00720
:106D400058B1FFE74FF0500080F31188BFF36F8F09
:106D5000BFF34F8F0C90FFE7FEE7FFF799F8EFF3D3
:106D600011814FF0500080F31188BFF36F8FBFF394
:106D70004F8F10910F90109806900598806B059991
:106D8000C96B884204D3FFE70898022833D1FFE794
:106D9000059890F845008DF813000598806B0390D6
:106DA00005980A99089AFDF78BFF9DF913000130A9
:106DB000B8B9FFE70598406A88B1FFE70598243025
:106DC00000F0D6FD48B1FFE7099820B1FFE7099927
:106DD0000120086000E0FFE700E0FFE700E0FFE7D8
:106DE00006E09DF813000130059981F84500FFE7A2
:106DF0000120079002E000200790FFE7069811901D
:106E0000119880F31188079812B080BD000000002F
:106E100080B586B0049004980290029858B9FFE7B4
:106E20004FF0500080F31188BFF36F8FBFF34F8F87
:106E30000590FFE7FEE702988068019000F080FB74
:106E400001460198884213D1FFE70299C8680138CA
:106E5000C8600298C06838B9FFE702980023194655
:106E60001A46FFF715FE00E0FFE70120039002E05D
:106E700000200390FFE7039806B080BD00000000EB
:106E800080B58EB00990089107920020069009986D
:106E90000390039858B9FFE74FF0500080F3118832
:106EA000BFF36F8FBFF34F8F0D90FFE7FEE7089999
:106EB0000020019039B9FFE70398006C002818BF43
:106EC00001200190FFE70198C00758B1FFE74FF09C
:106ED000500080F31188BFF36F8FBFF34F8F0C907A
:106EE000FFE7FEE700F038FB01460020009031B9D3
:106EF000FFE70798002818BF01200090FFE70098DF
:106F0000C00758B1FFE74FF0500080F31188BFF37E
:106F10006F8FBFF34F8F0B90FFE7FEE7FFE7FEF7A2
:106F2000D7FE0398806B0290029830B3FFE7039876
:106F30000899FDF7A1FE0298013803998863039828
:106F40000069A0B1FFE70398103000F011FD60B1B7
:106F5000FFE74EF60451CEF200014FF0805008607A
:106F6000BFF34F8FBFF36F8F00E0FFE700E0FFE755
:106F7000FEF7DAFE01200A906DE0079828B9FFE7D6
:106F8000FEF7D2FE00200A9065E0069830B9FFE7D0
:106F900004A8FFF7E5F80120069000E0FFE7FFE70F
:106FA000FFE7FEF7C1FEFFF753FAFEF791FE0398E5
:106FB00090F94400013028B9FFE70399002081F8D7
:106FC0004400FFE7039890F94500013028B9FFE736
:106FD0000399002081F84500FFE7FEF7A5FE04A80D
:106FE00007A900F08DF930BBFFE70398FEF770F9B1
:106FF000D0B1FFE7039824300799FFF7CDF8039845
:10700000FEF7F6FB00F01CFD60B9FFE74EF60451F9
:10701000CEF200014FF080500860BFF34F8FBFF3F6
:107020006F8F00E0FFE705E00398FEF7E1FB00F05B
:1070300007FDFFE70EE00398FEF7DAFB00F000FD26
:107040000398FEF745F918B1FFE700200A9002E027
:10705000FFE7FFE763E70A980EB080BD000000007D
:1070600080B590B00A900991002008900A99059186
:107070000490059858B9FFE74FF0500080F311884D
:10708000BFF36F8FBFF34F8F0F90FFE7FEE70598B9
:10709000006C58B1FFE74FF0500080F31188BFF348
:1070A0006F8FBFF34F8F0E90FFE7FEE700F054FAAB
:1070B00001460020019031B9FFE70998002818BF68
:1070C00001200190FFE70198C00758B1FFE74FF09A
:1070D000500080F31188BFF36F8FBFF34F8F0D9077
:1070E000FFE7FEE7FFE7FEF7F3FD0598806B0390EF
:1070F000039860B3FFE70398013805998863059802
:10710000006828B9FFE7FEF7C3FC0599886000E036
:10711000FFE705980069A0B1FFE70598103000F07F
:1071200027FC60B1FFE74EF60451CEF200014FF0AC
:1071300080500860BFF34F8FBFF36F8F00E0FFE711
:1071400000E0FFE7FEF7F0FD01200B909BE00998BF
:1071500098B9FFE7049858B1FFE74FF0500080F36B
:107160001188BFF36F8FBFF34F8F0C90FFE7FEE7DF
:10717000FEF7DAFD00200B9085E0089830B9FFE7B4
:1071800006A8FEF7EDFF0120089000E0FFE7FFE70B
:10719000FFE7FEF7C9FDFFF75BF9FEF799FD0598DC
:1071A00090F94400013028B9FFE70599002081F8E3
:1071B0004400FFE7059890F94500013028B9FFE742
:1071C0000599002081F84500FFE7FEF7ADFD06A810
:1071D00009A900F095F8A8BBFFE70598FEF778F835
:1071E00048B3FFE70598006850B9FFE7FEF770FD68
:1071F0000598806800F034FB0490FEF795FD00E0F0
:10720000FFE7059824300999FEF7C6FF0598FEF7B9
:10721000EFFA00F015FC60B9FFE74EF60451CEF22C
:1072200000014FF080500860BFF34F8FBFF36F8FA6
:1072300000E0FFE705E00598FEF7DAFA00F000FC51
:10724000FFE71FE00598FEF7D3FA00F0F9FB059879
:10725000FEF73EF8A0B1FFE7049870B1FFE7FEF734
:1072600037FD0598FDF7C4FD0290059880680299E6
:10727000FEF7E2FFFEF758FDFFE700200B9002E06B
:10728000FFE7FFE72FE70B9810B080BD000000007C
:1072900080B586B00490039104980190019858B984
:1072A000FFE74FF0500080F31188BFF36F8FBFF3FB
:1072B0004F8F0590FFE7FEE701988068009000F08F
:1072C0003FF901460098884207D1FFE70199C86855
:1072D0000130C860012002900EE001980399FFF789
:1072E000BFFE0290029828B1FFE70199C8680130FB
:1072F000C86000E0FFE7FFE7029806B080BD00002D
:1073000080B588B005900491059858B9FFE74FF013
:10731000500080F31188BFF36F8FBFF34F8F07903A
:10732000FFE7FEE7049858B9FFE74FF0500080F3FD
:107330001188BFF36F8FBFF34F8F0690FFE7FEE713
:10734000FEF7C6FC47F22850C2F2004000680290E7
:10735000029805994968401A019004980068013024
:1073600018B9FFE7002003902BE047F29040C2F2EB
:107370000040006805990968884209D0FFE7029833
:1073800005994968884203D3FFE70120039017E07D
:1073900001980499096888420BD2FFE7019A049981
:1073A0000868801A08600598FEF7DAFE002003904E
:1073B00005E004990020086001200390FFE7FFE743
:1073C000FFE7FEF7B1FC039808B080BD00000000A5
:1073D00070B58CB0DDF844C0DDF840C00B900A9168
:1073E000ADF826200893BDF826008000FEF758FA75
:1073F0000590059880B1FFE75C20FEF751FA0790F1
:10740000079820B1FFE705980799086303E00598FE
:10741000FEF7B2FCFFE702E000200790FFE70798C5
:10742000F0B1FFE70798002680F859600B980A9999
:10743000BDF82620089BDDF840C0119C079DEE4654
:10744000CEF80C60CEF80850CEF80440CEF800C05C
:10745000FDF7BAFD0798FDF7F7FA0120069003E063
:107460004FF0FF300690FFE706980CB070BD0000AB
:10747000B0B58EB0DDF850C0DDF84CC0DDF848C0C6
:107480000A90099108920793139858B9FFE74FF0B3
:10749000500080F31188BFF36F8FBFF34F8F0D90B3
:1074A000FFE7FEE7149858B9FFE74FF0500080F36C
:1074B0001188BFF36F8FBFF34F8F0C90FFE7FEE78C
:1074C0005C20049004985C280BD0FFE74FF050003C
:1074D00080F31188BFF36F8FBFF34F8F0B90FFE7DF
:1074E000FEE70498149820B3FFE7139808B3FFE76A
:1074F000149806901398069908630699022081F85B
:1075000059000A980999089A079BDDF848C0069C1B
:10751000EE460025CEF80C50CEF8084005ACCEF86B
:107520000440CEF800C0FDF74FFD0698FDF78CFA39
:1075300002E000200590FFE705980EB0B0BD000006
:1075400081B042F2B070C2F2004000680090009832
:1075500001B070470000000081B047F2F440C2F271
:107560000040006818B9FFE7012000900DE046F6E2
:107570002050C2F20040006818B9FFE702200090D6
:1075800002E000200090FFE7FFE7009801B070479D
:1075900081B047F22850C2F2004000680090009885
:1075A00001B070470000000080B586B00020029056
:1075B00046F62050C2F200400068002840F0CB8020
:1075C000FFE747F22851C2F20041086801300190FC
:1075D00001980860019858BBFFE742F2B870C2F208
:1075E00000400068006858B1FFE74FF0500080F39A
:1075F0001188BFF36F8FBFF34F8F0590FFE7FEE752
:1076000042F2B872C2F200421068009042F2C071B9
:10761000C2F20041086810600098086047F290418B
:10762000C2F20041086801300860FDF7F5FF00E094
:10763000FFE7019847F28C41C2F200410968884295
:1076400068D3FFE7FFE742F2B870C2F2004000687B
:10765000006840B9FFE747F28C41C2F200414FF0A9
:10766000FF30086055E042F2B870C2F20040006896
:10767000C068C0680490049840680390019803991A
:10768000884207D2FFE7039847F28C41C2F20041DB
:1076900008603EE0FFE704980430FEF741FA0498E2
:1076A000806A28B1FFE704981830FEF739FA00E045
:1076B000FFE70498C06A46F62851C2F20041096803
:1076C000884208D9FFE70498C06A46F62851C2F2FA
:1076D00000410860FFE70499C86A00EB800242F2AB
:1076E000C870C2F2004000EB82000431FEF7C4FA19
:1076F0000498C06A42F2B071C2F200410968C96AD6
:10770000884203D3FFE70120029000E0FFE7FFE794
:1077100099E7FFE742F2B070C2F200400068C06A29
:1077200000EB800142F2C870C2F2004050F8210024
:10773000022803D3FFE70120029000E0FFE747F2B1
:107740003450C2F20040006818B1FFE701200290F7
:1077500000E0FFE707E047F29C41C2F20041086801
:1077600001300860FFE7029806B080BD000000000D
:1077700080B586B003900398029000200190039892
:10778000002867D0FFE7029842F2B071C2F20041D0
:10779000096888420BD0FFE74FF0500080F3118852
:1077A000BFF36F8FBFF34F8F0590FFE7FEE702989F
:1077B000006D58B9FFE74FF0500080F31188BFF318
:1077C0006F8FBFF34F8F0490FFE7FEE70299086DBC
:1077D000013808650299C86AC96C884238D0FFE749
:1077E0000298006D90BBFFE702980430FEF798F90D
:1077F00008B9FFE700E0FFE70299C86CC862029988
:10780000C86AC0F1380088610298C06A46F62851FB
:10781000C2F200410968884208D9FFE70298C06AAD
:1078200046F62851C2F200410860FFE70299C86A93
:1078300000EB800242F2C870C2F2004000EB82000E
:107840000431FEF719FA0120019000E0FFE700E0A3
:10785000FFE700E0FFE7019806B080BD00000000F0
:1078600080B584B0039003980290002001900398A3
:10787000002878D0FFE70298C06A42F2B071C2F2E5
:1078800000410968C96A88425CD2FFE70298C07E5D
:10789000000600280BD4FFE742F2B070C2F20040AD
:1078A0000068C06AC0F138000299886100E0FFE713
:1078B00002994869C96A01EB810242F2C871C2F2B9
:1078C000004101EB8201884230D1FFE70298043089
:1078D000FEF726F908B9FFE700E0FFE742F2B070D3
:1078E000C2F200400068C06A0299C8620298C06A89
:1078F00046F62851C2F200410968884208D9FFE7DC
:107900000298C06A46F62851C2F200410860FFE7BB
:107910000299C86A00EB800242F2C870C2F20040CD
:1079200000EB82000431FEF7A7F908E042F2B070E4
:10793000C2F200400068C06A0299C862FFE70120F5
:1079400001900FE00298C06C42F2B071C2F20041A7
:107950000968C96A884203D2FFE70120019000E06C
:10796000FFE7FFE700E0FFE7019804B080BD0000FB
:1079700080B584B002900298C068C06801900198F8
:1079800058B9FFE74FF0500080F31188BFF36F8FB5
:10799000BFF34F8F0390FFE7FEE701981830FEF723
:1079A000BFF846F62050C2F20040006820BBFFE757
:1079B00001980430FEF7B4F80198C06A46F62851E1
:1079C000C2F200410968884208D9FFE70198C06AFD
:1079D00046F62851C2F200410860FFE70199C86AE3
:1079E00000EB800242F2C870C2F2004000EB82005D
:1079F0000431FEF741F909E0019800F1180147F25E
:107A0000A040C2F20040FEF737F9FFE70198C06AD4
:107A100042F2B071C2F200410968C96A884208D9CD
:107A2000FFE70120009047F23451C2F200410860A4
:107A300002E000200090FFE7009804B080BD000045
:107A400080B584B000200290019046F62050C2F22A
:107A50000040006858B9FFE74FF0500080F31188EC
:107A6000BFF36F8FBFF34F8F0390FFE7FEE7FEF783
:107A70002FF946F62050C2F200400168013901603A
:107A80000068002840F09980FFE746F61850C2F2DF
:107A900000400068002800F08F80FFE7FFE747F212
:107AA000A040C2F200400068002842D0FFE747F241
:107AB000A040C2F20040C068C0680290029818302E
:107AC000FEF72EF802980430FEF72AF80298C06AF2
:107AD00046F62851C2F200410968884208D9FFE7FA
:107AE0000298C06A46F62851C2F200410860FFE7DA
:107AF0000299C86A00EB800242F2C870C2F20040EC
:107B000000EB82000431FEF7B7F80298C06A42F237
:107B1000B071C2F200410968C96A884207D3FFE721
:107B200047F23451C2F200410120086000E0FFE753
:107B3000B5E7029818B1FFE7FDF76EFDFFE747F2E2
:107B40009C40C2F20040006800900098E0B1FFE75E
:107B5000FFE7FFF729FD38B1FFE747F23451C2F2E2
:107B600000410120086000E0FFE700980138009024
:107B7000FFE700980028ECD1FFE747F29C41C2F2F2
:107B800000410020086000E0FFE747F23450C2F2F5
:107B90000040006870B1FFE7012001904EF60451EB
:107BA000CEF200014FF080500860BFF34F8FBFF35B
:107BB0006F8F00E0FFE7FFE700E0FFE7FEF7B4F8B4
:107BC000019804B080BD000080B58AB00020089004
:107BD000FCF7CEFF47F22C50C2F20040006858B3C9
:107BE000FFE7002004900790069007A806A905AAC1
:107BF000FDF7D2FF049B059A0698DDF81CC0694684
:107C0000C1F808C048600220086045F2D170C0F693
:107C100002004AF6B141C0F60201FFF729FC014615
:107C200047F23050C2F200400160006818B1FFE72F
:107C300001200890FFE700E0FFE7089858B9FFE748
:107C40004FF0500080F31188BFF36F8FBFF34F8F59
:107C50000990FFE7FEE708980AB080BD0000000029
:107C600080B58AB0DDF830C0089007910692059380
:107C700000200490089858B9FFE74FF0500080F3B7
:107C80001188BFF36F8FBFF34F8F0990FFE7FEE7B7
:107C900047F22C50C2F200400068A8B3FFE70798F3
:107CA00000900698019008980290079805281EDC1D
:107CB000FFE7FFF751FC02280CD1FFE747F22C50F9
:107CC000C2F2004000680C9A69460023FEF7E0FE0D
:107CD00004900BE047F22C50C2F200400068694665
:107CE00000231A46FEF7D4FE0490FFE70BE047F2AC
:107CF0002C50C2F200400068059A69460023FEF746
:107D0000DFFF0490FFE700E0FFE704980AB080BDC2
:107D10004100080218BF04200A0E18BF40F00100FD
:107D20004FF07F4232EA010108BF40F00200012813
:107D300008BF05207047000070B54FF068422DED78
:107D4000048BF0EE408A18EE900AB0EE608A18EECE
:107D5000101A02EB4003B3F1654F3CBF02EB410246
:107D6000B2F1654F7DD200BFC0F3C753C1F3C75214
:107D70009A1A1B2A09DD10F0004F14BF9FED830AE9
:107D80009FED830ABDEC048B70BD12F11A0F36DA39
:107D900011F0004F09D010F0004F0CBF9FED7D0A8D
:107DA0009FED7D0ABDEC048B70BD88EE889A19EEBC
:107DB000100AFFF7ADFF042808BF00F007FB18EE1C
:107DC000900AFFF7A5FF054618EE100AFFF7A0FF7F
:107DD000044619EE100AFFF79BFF042D18BF052D6E
:107DE00008D1042C18BF052C04D1002804BF0220A0
:107DF000D8F7E8FCB0EE490ABDEC048B70BD420038
:107E0000B2EB410F3AD910F0004F19BFDFED630A12
:107E10009FED630ADFED630A9FED630AB0EE481A37
:107E20000A46B1EE688A80F00041F0EE418A1046C1
:107E30000A1A5200B2F1807F34D2484010F0004F4D
:107E4000DFED5A1A9FED5A2A1DBFBEEE001A70EEE2
:107E5000E10A30EE420AB6EE001A08BF70EEA10A3F
:107E600000E040E008BF30EE020AB0EE682A01EE02
:107E7000482A08EE818AC2EE081A15E011F0004F78
:107E800004BF9FED4C0AF0EE400AD1D010F0004F35
:107E900019BFDFED490A9FED490ADFED490A9FED61
:107EA000490AC5E7C8EE881A21EEA11A9FED462AB5
:107EB000DFED462A41EE022A9FED452A01EE222AF5
:107EC000DFED442A41EE022A9FED432ABDEC048BEC
:107ED00001EE222A21EE811A01EE020A30EE210A79
:107EE00030EE200A70BD4FF07F42B2EB400F28BF4A
:107EF000B2EB410F09D2F0EE480AB0EE680ABDECD1
:107F0000048BBDE8704000F055BA40EA01035B0005
:107F100008BF41F0FF410BD0B2EB400F08BFB2EBFE
:107F2000410F08D120F0804008EE900A21F08041F6
:107F300008EE101A18E7B2EB400F12BF5FEA4103D8
:107F400040F0FF4001F000413FF40EAFB2EB410FB3
:107F500012BF5FEA400200F0004041F0FF413FF4F1
:107F600003AF4A0092EA40033FF5FEAE002AACBFE1
:107F70009FED1A0A9FED1A0A68EE808A28EE008AA1
:107F800018EE900A18EE101AEEE60000DB0FC9BFDB
:107F9000DB0FC93FDB0F4940DB0F49C00000C9BF01
:107FA00022AAFDB90000C93F22AAFD390060ED3EBA
:107FB000C30ACE3700000000000049C022AA7DBAE3
:107FC0000000494022AA7D3A2DAD65BD8FB8D53D50
:107FD0000FB511BE61C84C3EA8AAAABE0000804FD2
:107FE0000000802F10EE101A08B5444A6846B2EB24
:107FF000410F28D94FF0E640B0EB410F94BF00206D
:108000004FF0FF3000900098002861DB60EE000A1E
:1080100010F0010F45D010F0020FDFED391A9FED7F
:10802000391A00EEA11ADFED381A40EE811A21EE5E
:10803000A01AF0EE400A40EE010A08BFF1EE600A15
:10804000B0EE600A08BD314B21F0004293423CD9AA
:1080500011F0004FDFED2E0A20EE201ADFED2D0A81
:1080600019BF31EE601A71EE200A31EE201A71EE5E
:10807000600ABDEEE01A11EE100A9FED271A00F01B
:10808000030000EEC10A9FED251A009000EEC10A20
:108090009FED231A00EEC10A9FED221A00EEC10ADD
:1080A000B1E79FED211A9FED210A10F0020F00EEBB
:1080B000810A9FED1F1A00EE801AB7EE000A00EE4B
:1080C000810A18BFB1EE400A08BD00F087F99AE7AF
:1080D00010EE100A4000B0F17F4F3CBFB7EE000A2F
:1080E00008BD07D14FF00100D8F76CFBBDE8084090
:1080F00000F064B9BDE8084000F059B9B61F927E9F
:10810000336D4CB9DA82083CA0AA2ABE490E494612
:1081100083F9223F0000004B0000C93F00A0FD3959
:108120000020A2331A61342CB93AB2BACA9F2A3D50
:10813000DDFFFFBE10B52DED028BF0EE408A18EE8C
:10814000900AB0EE608A20F00040C0F1FF40C00FFE
:1081500007D118EE100A20F00040C0F1FF40C00F18
:108160002BD018EE101A18EE900A00F035FA00EE37
:10817000100A10EE100A6FEAD05010F0FF0F04BF83
:10818000BDEC028B10BD18EE900A00F0004110EE1D
:10819000100A00F00040814204BFBDEC028B10BD0C
:1081A00018EE101A10EE100ABDEC028B61F31E00DF
:1081B00000EE900A30EE600A10BD18EE900A4FF003
:1081C0007F41B1EB400F1CBF18EE100A5FEA400080
:1081D000C7D10120D8F7F6FABDEC028BBDE81040FC
:1081E00000F0ECB800B510EE101A2DED028B81B046
:1081F000524A6846B2EB410F2ED94FF0E640B0EB41
:10820000410F94BF00204FF0FF3000900098B0EE77
:10821000408A00286ADB10F0010F4BD068EE080A94
:108220009FED471A9FED470A00EE810A9FED461A1F
:1082300010F0020F00EE801AB7EE000A00EE810A7D
:1082400002BF01B0BDEC028B00BD00BF01B0B1EEBA
:10825000400ABDEC028B00BD3C4B21F00042934232
:1082600041D911F0004FDFED3A0A20EE201ADFED80
:10827000390A19BF31EE601A71EE200A31EE201A68
:1082800071EE600ABDEEE01A11EE100A9FED321A8F
:1082900000F0030000EEC10A9FED301A009000EEDE
:1082A000C10A9FED2F1A00EEC10A9FED2E1A00EEB3
:1082B000C10AABE728EE080A9FED2B1ADFED2B0A67
:1082C00010F0020F40EE010A9FED291A00EE201A6D
:1082D00061EE000AB0EE480A08EE200AB6D101B0FD
:1082E000BDEC028B00BD00F079F88FE718EE100AA4
:1082F0004000B0F17F4F0DD218EE100AFFF708FDD5
:10830000042808BF00F062F8B0EE480A01B0BDECE6
:10831000028B00BD09D10120D8F754FA01B0BDECA1
:10832000028B5DF804EB00F049B801B0B0EE480AEA
:10833000BDEC028B5DF804EB00F039B8B61F927EFD
:10834000B93AB2BACA9F2A3DDDFFFFBE490E49467F
:1083500083F9223F0000004B0000C93F00A0FD3917
:108360000020A2331A61342C336D4CB9DA82083CF8
:10837000A0AA2ABE10B52DED028BB1EEC08A18EE70
:10838000100A20F00040C0F1FF40C00F0AD010EEEC
:10839000100A20F00040C0F1FF40C00F04BF0120D0
:1083A000D8F710FAB0EE480ABDEC028B10BD30EEE3
:1083B000000A704730EE200A70470000DFED020A25
:1083C00080EEA00A70470000000000009FED020A46
:1083D00020EE000A70470000000000102DE9F001B7
:1083E0004FF07F42B2EB410F9FBF4FF0FF31016072
:1083F000BDE8F00170474FF0004242EA0123C1F3AB
:10840000C752783A551112F01F0C434CCCF120069C
:108410007C44C1F3C752A2F178024FEA621204EB26
:10842000820254F8254008BFD2E9015612D055689F
:1084300004FA0CF425FA06F73C43976805FA0CF5A4
:1084400027FA06F8D26807FA0CFCF24045EA08055C
:108450004CEA0206A4FB034CA5FB0352A6FB0363F4
:108460001D449D4234BF012600261319334416B122
:10847000934202D903E0934201D2012200E000229C
:10848000624402F1200C9206DC0C42EA443200EE17
:10849000102A5B03DFED210AF8EEC01A00EE103A55
:1084A0004FEA9C1C11F0004FB8EE400AC0F800C023
:1084B00020EE201A00EE105ADFED190AB8EE400A3D
:1084C00020EE200A71EE810A70EE800A10EE902AEA
:1084D00002F500626FF30B0200EE902A70EEE11AD3
:1084E00031EEC11ADFED101A30EE411A9FED0D0A80
:1084F00020EE800A01EE210A9FED0C1A00EE810A9F
:1085000004BFBDE8F0017047CCF180510160BDE8C7
:10851000F001B1EE400A7047B802000000000036DA
:108520000000802C22AAFD29DB0FC92F0000C92FD3
:108530000EF1020E2EF0030E5EF8044B244204D41A
:108540004FEA4102B2F17F4F11D84FEA4003B3F135
:108550007F4F0CD80ED14FEAD07C0CEB4C0C0CF1B9
:10856000020CB2F17F4F08BF4CEBD17C04E04FF01E
:10857000080C01E04FEAD17C0CEB4C0324FA03F425
:1085800004F00704B4F1040C06D20EEB840CBDE831
:1085900010404CF0010C6047DFE80CF007080202C5
:1085A0004FF00040A0F5800010BD0846420018BF03
:1085B000D2F1807288BF00F0004010BDF1EE100AC9
:1085C0004FF6FF71C0F2C03120EA010040F0407068
:1085D000E1EE100A704700004FF07F4C3CEA410387
:1085E00018BF3CEA400200F062804FF47F0C0CEAB6
:1085F000D11310F0004F18BF43F005031CEAD0124E
:1086000018BF13EA0C0F00F057804FF0004C4CEAF3
:1086100000204CEA0121A3F580339A4210DD23F0BB
:108620000203B0F1004F06D343F00203401ABCBF6F
:10863000404283F001034FEA4000A2F58032ECE7AC
:108640004FEA224CBCEB234F08DB884206D31CD0F8
:10865000A0EB4100C0F1000083F0010340001DD2F7
:1086600017D40DD0B0FA80FC0CF1010C00FA0CF01C
:10867000A2EB0C42D2F1000C12DB4FEAC370704740
:108680004FEA437000F00040704713F0020FE5D04E
:10869000DEE74FEA4000B2F58032EBDD002AE9DD8B
:1086A0004FEAC21242EA502040EAC370704710B548
:1086B000FFF73EFFEDFFFF3E1CEAD11F02D000F0A6
:1086C00000407047004870470000C07F0000000075
:1086D0006E83F9A22915444ED15727FCC0DD34F52D
:1086E000999562DB4190433CAB6351FE0000000072
:1086F000000000000000000000000000000000007A
:10870000010000000200000003000000040000005F
:108710000000000005000000000000000000000054
:108720000000000006000000000000000000000043
:1087300000000000070000007DAC020800000000FF
:108740000000000000000000000000000002000027
:1087500018000000000000000000000073AC0208D8
:108760000000000000000000000000000000000009
:1087700000040000180000000000000000000000DD
:108780008BAC0208000000000000000000000000A8
:1087900000000000000800003000000000000000A1
:1087A00000000000000000000102030401020304B5
:1087B000060708090001020304050607080C101447
:1087C00018203040000610160006101660AC020893
:1087D0000000000000000000000000000000000099
:1087E000000200001800000000000000000000006F
:1087F00027819BBF1B0B2AC185FF7CBE26A33B4163
:1088000096140DC02981304049354DC0D625EDC1A3
:10881000A91CADBF6785FA4110A9D3C0CCE8FE40C2
:108820009381BDBEB71D153F656128BF92E811BF9A
:10883000F40C393F00840EBEF02491C07E3AE5402E
:10884000295101C1AF7FDFC0F5D10D417E4CDBBFA7
:108850005FBD65C0BF4CABC26ED1C6417AB2154296
:10886000B2E5F8C1419DD541F97324BD99EE24C10B
:108870001204C13FB63E11C0358534C080C5B93F32
:10888000A75128C074949EC0241A53C22416AF4125
:10889000B615F640A3BA60406AF9D53EDB4535C04F
:1088A000BCFBCFC0AE63A840AEB591C01A236DC06B
:1088B0001149E1C1EDCC1642717B0042527435C1C1
:1088C00024F6C5C0741234C248E38FC05103A140DE
:1088D000041CC240613E38BF234925C060D0DDC0C2
:1088E00027819BBF85FF7CBE1B0B2AC196140DC040
:1088F00026A33B412981304049354DC0A91CADBF5D
:10890000D625EDC110A9D3C06785FA41CCE8FE4059
:108910009381BD3E6561283FB71D15BFF40C39BF7B
:1089200092E8113F00840E3EF0249140295101410C
:108930007E3AE5C0F5D10DC1AF7FDF407E4CDB3F15
:10894000A75128C0241A53C274949EC0B615F6408D
:108950002416AF41A3BA60406AF9D53EBCFBCFC034
:10896000DB4535C0AEB591C0AE63A8401A236DC0DB
:108970005FBD65C06ED1C641BF4CABC2B2E5F8C1A8
:108980007AB21542419DD541F97324BD1204C13F0D
:1089900099EE24C1358534C0B63E11C080C5B93FBB
:1089A0001149E1C1717B0042EDCC164224F6C5C0ED
:1089B000527435C1741234C248E38FC0041CC240E3
:1089C0005103A140234925C0613E38BF60D0DDC0BE
:1089D0009D848A4170B906C13836D8C10DE7ADC152
:1089E000259B2542DDDC1141B84936425E4185C1F7
:1089F000FCA08CC2C2B67DC28736E0420E009A410E
:108A0000B2BB67BF3E91653E1EF2C83D64DF873E44
:108A10002D2F753E2C34FCBC7A7431C1972D294022
:108A2000B54FA03FB1F75840C6543C4013E508BFCE
:108A3000496B014265E343433FEFDBC2CFEF9AC38B
:108A40005096EF42BC5F114383F27C40207AE341B1
:108A500052362AC183B20AC2977789410BBCD340F0
:108A6000172DCF41204A91C217A45742837C6D42F3
:108A70002D2FDC4239FD83C3F68D583E0A28EE3F88
:108A800049CD95418E53A6C009D7964147CD23C203
:108A90003BB2A4C2C995CFC3A35D3A43DD97D5438A
:108AA0001A614FC30CE04C425F23A9C0C1E35BC213
:108AB0003950574167514842A9C37DC162BF6941DE
:108AC0009D848A413836D8C170B906C1259B25429C
:108AD0000DE7ADC1DDDC1141B8493642FCA08CC2C6
:108AE0005E4185C18736E042C2B67DC20E009A4122
:108AF000B2BB673F1EF2C8BD3E9165BE2D2F75BE4D
:108B000064DF87BE2C34FC3C7A743141B54FA0BF82
:108B1000972D29C0C6543CC0B1F758C013E5083F93
:108B2000172DCF4117A45742204A91C22D2FDC4266
:108B3000837C6D4239FD83C3F68D583E49CD954106
:108B40000A28EE3F09D796418E53A6C047CD23C2CF
:108B5000496B01423FEFDBC265E343435096EF426E
:108B6000CFEF9AC3BC5F114383F27C4052362AC1D7
:108B7000207AE3419777894183B20AC20BBCD34084
:108B80003BB2A4C2A35D3A43C995CFC31A614FC398
:108B9000DD97D5430CE04C425F23A9C039505741C3
:108BA000C1E35BC2A9C37DC16751484262BF69414D
:108BB000E09C013FE336D0C073D7D23E3D2C9040BD
:108BC000EE7C0FBFB81E2D40BC05623FEB734BC15E
:108BD000F1F45A3F21B010413FC65CBFC5FE924040
:108BE00020D29FBF2B1869407368E1BFA1675BC0AB
:108BF0003199F23F1F85EB3D166AA5BFFCA979406C
:108C00009A9901C009F954C0454712405B427EBEA3
:108C10002E90C03E349176C2A2B46041508D044281
:108C20002720A4C1287EEE4197904F3E728A95C1BD
:108C30003255103FFFB27541158C8ABFFB5C114065
:108C40004BC8E73E6C095EC180B777C1DB8AB04193
:108C50007E8CAB41B22E07C17446943D98DD533EE5
:108C6000211F08C0A1D674BFB9FCDF3FF4FD94BE3C
:108C700032777FC1AA028941C7CB974132779540AD
:108C8000F2D24DC12AA9A1C19CA253C07B83174037
:108C90001EA7A04004E7EC3F8D976AC09B5583C098
:108CA000E09C013F73D7D23EE336D0C0EE7C0FBFCD
:108CB0003D2C9040B81E2D40BC05623FF1F45A3F58
:108CC000EB734BC13FC65CBF21B01041C5FE924063
:108CD00020D29F3F7368E13F2B1869C03199F2BFE2
:108CE000A1675B401F85EBBD166AA53F9A990140BD
:108CF000FCA979C0454712C009F954405B427E3E49
:108D00004BC8E73E80B777C16C095EC17E8CAB4132
:108D1000DB8AB041B22E07C17446943D211F08C0C2
:108D200098DD533EB9FCDF3FA1D674BFF4FD94BE7D
:108D30002E90C03EA2B46041349176C22720A4C1D7
:108D4000508D0442287EEE4197904F3E3255103FA1
:108D5000728A95C1158C8ABFFFB27541FB5C1140C8
:108D600032777FC1C7CB9741AA028941F2D24DC168
:108D7000327795402AA9A1C19CA253C01EA7A0404A
:108D80007B8317408D976AC004E7EC3F9B5583C0F7
:108D90008885224058CA1D4191ED2CC17DBF92C1EA
:108DA00063EEAA40DB8A204160769F4058A8A34129
:108DB000F931B1C1290B19C2A52C1D410BA4B34136
:108DC00033C4C9BF95D461C0DE71A4C0E948C240B4
:108DD000C3F5D24035EF70C0AB3ECFBF083D8DC06C
:108DE00005349BC013F2D740F706BD40A8C673C038
:108DF0001A517C41E67FDF42F0E766C29C531EC3F6
:108E0000C6AD35420F0B5C420DE0CD4038E79641D0
:108E1000DB8A7D3D6DC50AC2EEEB0CC0711B614063
:108E20002F6E014126E4CD408A5F20C27D2E57C2BD
:108E3000E0BE4DC1CA7239423945073EC8074D3FB1
:108E4000B3EAD3C0AEB6D2BF39B4683F8FC259407F
:108E50004F9EC6C19BA54CC3B85EAA42642D594320
:108E6000D7A3A1C26154AABFF8537FC0EC910AC234
:108E70008A8E3D413985044254523FC1CA548F40C5
:108E80008885224091ED2CC158CA1D4163EEAA404D
:108E90007DBF92C1DB8A204160769F40F931B1C12C
:108EA00058A8A341A52C1D41290B19C20BA4B341FD
:108EB00033C4C93FDE71A44095D46140C3F5D2C02C
:108EC000E948C2C035EF7040AB3ECF3F05349B4010
:108ED000083D8D40F706BDC013F2D7C0A8C6734049
:108EE0002F6E01418A5F20C226E4CD40E0BE4DC115
:108EF0007D2E57C2CA7239423945073EB3EAD3C004
:108F0000C8074D3F39B4683FAEB6D2BF8FC2594093
:108F10001A517C41F0E766C2E67FDF42C6AD3542BA
:108F20009C531EC30F0B5C420DE0CD40DB8A7D3DA0
:108F300038E79641EEEB0CC06DC50AC2711B61406B
:108F40004F9EC6C1B85EAA429BA54CC3D7A3A1C27F
:108F5000642D59436154AABFF8537FC08A8E3D41A6
:108F6000EC910AC254523FC139850442CA548F4021
:108F700008040204080101010101010307010000C6
:108F8000010002000400060008000A000C001000A6
:108F900020004000800000016AAC020800000000D0
:108FA00000000000000000000000000000020000BF
:108FB0002000000000000000000000003C31BB3E2B
:108FC0000D89BB3E5587BC3EC32ABE3E4E62C03EA5
:108FD0000E15C33ED313C63E9127C93E2EE2CB3EAB
:108FE000F033CE3E261ED03EC58FD13EF86BD23E2A
:108FF0009DBAD23E7AC2D23E96CFD23E01DED23E5A
:109000002EE7D23E2EE7D23E62DBD23EA7CBD23E47
:109010008CBED23E5FB5D23E82ADD23EF4A6D23EE9
:109020003997D23E2F86D23E637AD23E0A68D23E2C
:109030003E5CD23E834CD23E183ED23E041CD23E11
:109040007BDAD13EC269D13E8AC8D03EB0FECF3E67
:10905000B116CF3EED0DCE3EFAD5CC3E5053CB3EB1
:109060000C93C93E82E2C73EA3CCC63EB341C63E86
:109070008E23C63EEF20C63E5EF4C53E9AEBC43E4C
:109080001CEBC23EB988BF3E713DBA3E4755B33E68
:10909000C026AB3EC3F0A13EF33C983E425B8E3E01
:1090A000E17A843E7BA0753EAD17633E4985513E13
:1090B0008B4F413E2AA9333EF4C3283EC2FA1F3EDD
:1090C000A86F193EB459153ED235133EFEB7123E75
:1090D000DBBF123E9DBA123E3CBD123E5FB5123E52
:1090E000AD2F123E6B0E103E0D710C3EF224093E68
:1090F000419F083E9AB1083E7FA4083E029A083E6E
:10910000A987083E5E4B083E29D0073E5452073ED1
:10911000832FCC3FA488CC3FC58FCD3F8846CF3F1F
:10912000809FD13F3B8DD43F6DE7D73F569FDB3FBC
:109130000A4BE03F77A1E53F9B1BEB3F0E84F03FDE
:10914000F6D1F53F2FFAFA3FB806004038A10240A9
:1091500015570540912C0840A60F0B4038F30D40E1
:1091600045D8104027BD1340AA9A1640DF6C19401D
:10917000342E1C400ADC1E40A583214028272440B1
:1091800072C42640CC5D294098FA2B40289B2E4083
:109190007138314091D533407E743640E10B39400F
:1091A00061893B40CBDB3D401B0D4040211F4240CD
:1091B00055F64340465F454025584640B6F8464080
:1091C0002C4847409357474071554740BD3A474068
:1091D000FDA4464051A045407F6A444079E94240A1
:1091E0006C264140C5383F40A3233D4058E73A40F4
:1091F000C39E3840B64A3640F9DA33407A5331409C
:1092000038BE2E40EC172C40D9772940CEDF2640BF
:109210002C9A2440B6DB2240FDBC2140CD232140C6
:10922000930021403B012140C5FE204072FE2040BA
:1092300083FA20404DD620402A3A2040B7281F40CC
:1092400081781D40E5441B40931D194011C716400D
:1092500057431440B9881140AAB70E4064CC0B4064
:10926000C7BA08400000803F000000000000000076
:10927000000000000000803F00000000000000002F
:10928000000000000000803F9BAC020800000000CE
:1092900000000000000000000000000000020000CC
:1092A0000800000000000000000000000000803FF7
:1092B000DBC38824DBC388245DA814A55DA814A59E
:1092C000707F3AA56F12833A8A2D81A08A2D81A0E2
:1092D0009E7AE2209E7AE220B54A092100000080B1
:1092E00000000000000000000000008000000000FE
:1092F000000000800000008000000000000000006E
:1093000000000080000000000000008096DD91B7A2
:10931000390467B5CBC180B349B9C834E3BBD63291
:109320001315E7B14C27C7B15AB69DAF33CCAFADDB
:109330004607092F2997122DA0C11DAC96DD91B7C4
:10934000CBC180B3390467B5E3BBD63249B9C83461
:109350001315E7B14C27C7B133CCAFAD5AB69DAFAB
:109360002997122D4607092FA0C11DAC00000080CF
:10937000000000000000000000000080000000006D
:1093800000000080000000800000000000000000DD
:10939000000000800000000000000080000000804D
:1093A000000000000000000000000080000000003D
:1093B000000000800000803FDBC38824DBC38824DA
:1093C0005DA814A55DA814A5707F3AA500000080D3
:1093D000000000000000000000000080000000000D
:1093E000000000800000008000000000000000007D
:1093F00000000080000000000000008022730EBD0D
:109400008295E1BA3079FBB80904443A9CB45138EA
:10941000C8A661B796DD91B7390467B5CBC180B3F3
:1094200049B9C834E3BBD6321315E7B122730EBD78
:109430003079FBB88295E1BA9CB451380904443ABA
:10944000C8A661B796DD91B7CBC180B3390467B5C3
:10945000E3BBD63249B9C8341315E7B10000008028
:10946000000000000000000000000080000000007C
:1094700000000080000000800000000000000000EC
:10948000000000800000000000000080000000805C
:10949000000000000000000000000080000000004C
:1094A00000000080000000800000000000000000BC
:1094B0000000008000000000000000800000803FED
:1094C000DBC38824DBC388245DA814A55DA814A58C
:1094D000707F3AA56F12833A8A2D81A08A2D81A0D0
:1094E0009E7AE2209E7AE220B54A092142BED0B699
:1094F0009010A4B4D86CB732A9AB0E34AC1119B229
:1095000055F813313F800EB1B402E0AE5870FA2C1A
:1095100068CB422E1DFD50ACC5084A2B42BED0364A
:10952000D86CB7B29010A434AC111932A9AB0EB4F8
:1095300055F813B13F800E315870FAACB402E02EEA
:109540001DFD502C68CB42AEC5084AAB0000008020
:10955000000000000000000000000080000000008B
:1095600000000080000000800000000000000000FB
:10957000000000800000000000000080000000806B
:10958000000000000000000000000080000000005B
:1095900000000080000000800000000000000000CB
:1095A000000000800000000000000080000000803B
:1095B000000000000000000000000080000000002B
:1095C000000000800000803FDBC38824DBC38824C8
:1095D0005DA814A55DA814A5707F3AA5C6DA4BBC9A
:1095E000B63420BA371F3338DC528B39F47B95B749
:1095F000D77D903642BED0B69010A4B4D86CB732A6
:10960000A9AB0E34AC1119B255F81331C6DA4B3C84
:10961000371F33B8B634203AF47B9537DC528BB918
:10962000D77D90B642BED036D86CB7B29010A43475
:10963000AC111932A9AB0EB455F813B1000000807B
:10964000000000000000000000000080000000009A
:10965000000000800000008000000000000000000A
:10966000000000800000000000000080000000807A
:10967000000000000000000000000080000000006A
:1096800000000080000000800000000000000000DA
:10969000000000800000000000000080000000804A
:1096A000000000000000000000000080000000003A
:1096B00000000080000000800000000000000000AA
:1096C000000000800000000000000080D403803F04
:1096D000CA0101B8BD5BFA325A81E436F8DE44B201
:1096E000B74965B1BD13833A7C2230B2E0E82A2D38
:1096F0002DFD1B31F76486AC2B859CAB285DA9360C
:10970000A51B97B506C40F35CDFC3434B7FD6CB43A
:10971000279300B40C3CE730BD4ECEAFE649442F52
:10972000FC18772EBBC8A1AEDD8B2FAE00000080E9
:1097300000000000000000000000008000000000A9
:109740000000008000000080000000000000000019
:109750000000008000000000000000800000008089
:109760000000000000000000000000800000000079
:1097700000000080000000800000000000000000E9
:109780000000008000000000000000800000008059
:109790000000000000000000000000800000000049
:1097A00000000080000000800000000000000000B9
:1097B000000000800000000000000080FB606F3EA1
:1097C0001CFA7BBD167F7438F4295F3C5B44C0B73C
:1097D00072F0DFB6D403803FCA0101B8BD5BFA3234
:1097E0005A81E436F8DE44B2B74965B19F66253C3C
:1097F000609313BB2E658C3AC4C3B0396971E7B965
:1098000071207BB9285DA936A51B97B506C40F3515
:10981000CDFC3434B7FD6CB4279300B40000008055
:1098200000000000000000000000008000000000B8
:109830000000008000000080000000000000000028
:109840000000008000000000000000800000008098
:109850000000000000000000000000800000000088
:1098600000000080000000800000000000000000F8
:109870000000008000000000000000800000008068
:109880000000000000000000000000800000000058
:1098900000000080000000800000000000000000C8
:1098A000000000800000000000000080285DA93654
:1098B00006C40F35A51B97B5B7FD6CB4CDFC343489
:1098C000279300B40C3CE730E649442FBD4ECEAFA1
:1098D000BBC8A1AEFC18772EDD8B2FAED403803F22
:1098E000BD5BFA32CA0101B8F8DE44B25A81E436EF
:1098F000B74965B1BD13833AE0E82A2D7C2230B226
:10990000F76486AC2DFD1B312B859CAB00000080DD
:1099100000000000000000000000008000000000C7
:109920000000008000000080000000000000000037
:1099300000000080000000000000008000000080A7
:109940000000000000000000000000800000000097
:109950000000008000000080000000000000000007
:109960000000008000000000000000800000008077
:109970000000000000000000000000800000000067
:1099800000000080000000800000000000000000D7
:109990000000008000000000000000809F66253C61
:1099A0002E658C3A609313BB6971E7B9C4C3B039B3
:1099B00071207BB9285DA93606C40F35A51B97B564
:1099C000B7FD6CB4CDFC3434279300B4FB606F3E1C
:1099D000167F74381CFA7BBD5B44C0B7F4295F3C2A
:1099E00072F0DFB6D403803FBD5BFA32CA0101B822
:1099F000F8DE44B25A81E436B74965B10000008010
:109A000000000000000000000000008000000000D6
:109A10000000008000000080000000000000000046
:109A200000000080000000000000008000000080B6
:109A300000000000000000000000008000000000A6
:109A40000000008000000080000000000000000016
:109A50000000008000000000000000800000008086
:109A60000000000000000000000000800000000076
:109A700000000080000000800000000000000000E6
:109A800000000080000000000000008064505E378D
:109A9000E7128E354A3086339CBCEDB4003CD7B219
:109AA00088D6F031F0C397314EFBC12F7936B72DF0
:109AB000914B22AF8EEE12AD636A242C64505E3758
:109AC0004A308633E7128E35003CD7B29CBCEDB4E9
:109AD00088D6F031F0C397317936B72D4EFBC12FC0
:109AE0008EEE12AD914B22AF636A242C72FE7F3F43
:109AF0006BA70AA56BA70AA5FAB59625FAB5962510
:109B0000D812BD252B12833A9F6F06A09F6F06A027
:109B100033913720339137204F3453200000008099
:109B200000000000000000000000008000000000B5
:109B30000000008000000080000000000000000025
:109B40000000008000000000000000800000008095
:109B50000000000000000000000000800000000085
:109B600000000080000000800000000000000000F5
:109B70000000008000000000000000806B1BD93C4A
:109B8000DABC0A3BE50A0339FE2968BAF33152B858
:109B90004D2E6B3764505E37E7128E354A30863370
:109BA0009CBCEDB4003CD7B288D6F0316B1BD93CDD
:109BB000E50A0339DABC0A3BF33152B8FE2968BA28
:109BC0004D2E6B3764505E374A308633E7128E3540
:109BD000003CD7B29CBCEDB488D6F031F07842BDE1
:109BE000B4EBC122B4EBC122DD701CA3DD701CA359
:109BF000B9B73AA372FE7F3F6BA70AA56BA70AA568
:109C0000FAB59625FAB59625D812BD25E2209E36DE
:109C1000F8F67BB3F4D16B33653590B2A5A5C4B229
:109C200039E26B30E2209E36F4D16B33F8F67BB329
:109C3000A5A5C4B2653590B239E26B303DF044B5AC
:109C4000180F4D34B78A31B1F3CC31B3E80D9430ED
:109C500022E506303DF044B5B78A31B1180F4D34D6
:109C6000E80D9430F3CC31B322E50630D56C1A3CC4
:109C7000B124F6B8F248E63874CB0CB80E0A40B8F6
:109C80009254E635D56C1A3CF248E638B124F6B861
:109C90000E0A40B874CB0CB89254E6359C53C0BA47
:109CA000DB42C8399560ADB608A5ADB861961036EF
:109CB00006BC83359C53C0BA9560ADB6DB42C8394B
:109CC0006196103608A5ADB806BC8335F3CBCCB68B
:109CD000AD76B9B2BA0BA8B2A57AC5B1CB3B0C32FE
:109CE000BBF7AAAEF3CBCC36BA0BA832AD76B932FD
:109CF000CB3B0CB2A57AC531BBF7AA2E76E98CB462
:109D0000592793335A427D30CF1580B2F656D3AFE0
:109D1000BE6E4CAF76E98C345A427DB0592793B36E
:109D2000F656D32FCF158032BE6E4C2FFEFE47BCA9
:109D3000882D35B8D51924B8A7CC40B780F288371C
:109D400026EA26B4FEFE473CD5192438882D35383E
:109D500080F288B7A7CC403726EA2634A59C09BAFA
:109D6000E6B50F395851F735B72EFAB7EA634EB555
:109D700041A4C7B4A59C093A5851F7B5E6B50FB947
:109D8000EA634E35B72EFA3741A4C73459F0D1B73C
:109D900005410D37232FE7B2F7C425B638CB35324E
:109DA000D99DC531D70D99B6B1688A35BB0042B38C
:109DB000C7C725B419B40F33F6012B320517A536E2
:109DC0004AD149B6DF15B130276DA335F6400BB047
:109DD000394913B086BF6434D78050B3196636B39F
:109DE000DEBEF931A6665031A67D2332BE054DBDDB
:109DF000CAF2893C8AC461B86DE4A1BB2E8AB1372E
:109E000003FE4037707815BCE62B073BCD70BDB81C
:109E1000F3E8A1B94C568C386BFDA6374839213C84
:109E2000E617C5BB79F02C362A9A1F3B54FF87B53D
:109E300054D78FB54365DF3923A1CBB8C022B2B860
:109E40002DEB7337468ECB365FAC9F37D70D99B667
:109E5000BB0042B3B1688A3519B40F33C7C725B404
:109E6000F6012B3259F0D1B7232FE7B205410D3758
:109E700038CB3532F7C425B6D99DC53186BF643499
:109E8000196636B3D78050B3A6665031DEBEF931BD
:109E9000A67D23320517A536DF15B1304AD149B664
:109EA000F6400BB0276DA335394913B0707815BC57
:109EB000CD70BDB8E62B073B4C568C38F3E8A1B902
:109EC0006BFDA637BE054DBD8AC461B8CAF2893C98
:109ED0002E8AB1376DE4A1BB03FE40374365DF39FD
:109EE000C022B2B823A1CBB8468ECB362DEB733748
:109EF0005FAC9F374839213C79F02C36E617C5BB5B
:109F000054FF87B52A9A1F3B54D78FB5E27E60B5C0
:109F1000293F3EB3B2C475B30C9A6533951AC53266
:109F2000B4D775B0E27E60B5B2C475B3293F3EB315
:109F3000951AC5320C9A6533B4D775B068644EB6BD
:109F40005C4E07B416083931560C9F32546594B0F4
:109F5000E7960CB068644EB6160839315C4E07B40B
:109F6000546594B0560C9F32E7960CB01340DBBAA0
:109F700032BBB9B8AE00F0B85236E038767C403823
:109F8000CD0EF0B51340DBBAAE00F0B832BBB9B8B5
:109F9000767C40385236E038CD0EF0B5A98DC9BB7D
:109FA000E22384B990B1B43679551B38E9EB10B689
:109FB000144C89B5A98DC9BB90B1B436E22384B9DC
:109FC000E9EB10B679551B38144C89B5C3F5A83E9A
:109FD000CDCCCC3D54D7CC3E79A7A1BBA25D7B3A7A
:109FE000C293ECBACA9513BB2EA449BCE8E569B785
:109FF0007FAEE13BD26E85B5055D02BBE4A8C0BB78
:10A00000742FB63E4875B93A3873183CFA7407BDD8
:10A01000A40ADCBB2D6E0EBD31F00BBC5B3069B504
:10A02000E79AE3BAE9297A3A6F98C03A0014A13E58
:10A03000C73E933B299639BA8142883AC778E536BC
:10A040005342A23A61F84635298EC23A420F0EBBFE
:10A05000A827283CD9077A3B32C5B83EF88F07BC01
:10A060004A317F3C91B84B3C6F3129BC1D3C0F33CA
:10A070007E609338441E14BB926FC43A459338BA3D
:10A080003525753B3CD5993E75D6EF3BF5BBB535CF
:10A090001B73EFBBF88476B7AE03F1BCD4275EBC6C
:10A0A0009F02CBBBCF019B3A9449833CB279763E69
:10A0B000D9BED43E5A42253CAD5EBE3B912252B63B
:10A0C0006E13CDBB7C058136DC8794B649BF36352F
:10A0D0002788B8B615812035B4103E3678CF893E32
:10A0E0006D218B3AC18968BB1CA615371810FC3B43
:10A0F000931411BCA363B23AC65134BC9DA8A53ACF
:10A100003B77B93B47736F3E17BCC83EC0CE15378F
:10A11000485B6A3C1DF587B578808DB41C0B5A35B9
:10A1200091942E35969731B676F770B68DAB67BBA6
:10A13000E745CB366CBD7C3E6E778F3A96D404BB38
:10A140005DF909BA642ED53A6EE8AA3AD880AEBB5A
:10A15000380DEBBB9112D93C2C5C0C3CC61542BDB2
:10A16000CA34DF3E6614933B4F19343C511B46BB47
:10A17000991638BE83E8973BE88298BDD4F669B754
:10A180004D79E4BC6EE350B836FECBBD87E719BB12
:10A19000E6B4BE3C1B589B3A11A22C3E9B81673C07
:10A1A00010176CBC660123B82F369FBD005E7FB8C8
:10A1B000755EF9BD1F9DF2BB17BF14BC5E4134BC78
:10A1C000D91136BF919B423DB12D763EFA39F0B898
:10A1D000109E6ABE7A7299B9F4D815BF5D811C3C95
:10A1E0003784DC3CFD24D33B38B5283F3779073D25
:10A1F00075A42DBEDFFFB938EF9F353E665A5AB9B8
:10A20000CD3AD5BE0000803F000080BF000040C0B6
:10A21000000040C0000040C0000000C00000803FBF
:10A220000000803F000080BF000040C0000000C070
:10A23000000000C0000080BF00000000000000001F
:10A24000000080BF000000C0000000C0000080BF10
:10A25000000080BF0000000000000000000080BF80
:10A26000000080BF000080BF000080BF000080BFF2
:10A2700000000000000000000000000000000000DE
:10A2800000000000000000000000000000000000CE
:10A2900000004040000080BF0000803F0000803F81
:10A2A0000000803F0000803F000040400000404030
:10A2B0000000004000000040000000400000803F1F
:10A2C0000000803F00004040000040C0000040C04F
:10A2D000000000C0000000C0000080BF00000000BF
:10A2E00000000000000040C0000040C0000000C0AE
:10A2F000000080BF000080BF0000000000000000E0
:10A30000000040C0000000C0000080BF000080BF0F
:10A31000000000000000803F0000803F000000C0FF
:10A32000000080BF000080BF000000000000803FF0
:10A330000000004000000040000080BF000080BF1F
:10A34000000000000000803F0000803F000000404F
:10A350000000404000000000000000000000803FBE
:10A360000000803F000000400000404000004040EE
:10A3700000000000000000000000803F00000040DE
:10A38000000000400000404000004040000040400D
:10A390000000404000000040000000400000803FFE
:10A3A00000000000000000000000404000004040AD
:10A3B000000000400000803F0000803F00000000DF
:10A3C000000080BF0000004000000040000000408E
:10A3D0000000803F00000000000080BF000080BF40
:10A3E000000000400000803F0000803F00000000AF
:10A3F000000080BF000000C0000000C00000803FDF
:10A400000000803F00000000000080BF000080BF0F
:10A41000000000C0000000C00000803F00000000FD
:10A42000000080BF000000C0000000C0000000C0AD
:10A43000000040C00000000000000000000000C05C
:10A44000000000C0000000C0000040C0000040C08C
:10A450005A0A020200F15A0A020000F3000000004A
:10A46000920E493CB10AC93C2BC3163D2EFB483D18
:10A47000752B7B3D04A9963D80B6AF3D36BDC83DEA
:10A480002FBCE13D73B2FA3D87CF093E8340163EB3
:10A49000B5AB223EA2102F3ECF6E3B3EC2C5473E1B
:10A4A0000115543E135C603E7F9A6C3ECCCF783EE3
:10A4B000C07D823E938E883E229A8E3E32A0943E8C
:10A4C00086A09A3EE59AA03E128FA63ED47CAC3E72
:10A4D000EF63B23E2A44B83E491DBE3E15EFC33E6F
:10A4E00053B9C93ECA7BCF3E4136D53E80E8DA3EFD
:10A4F0004F92E03E7533E63EBBCBEB3EEA5AF13E6F
:10A50000CBE0F63E275DFC3EE4E7003F3D9C033F89
:10A51000824B063F9BF5083F6B9A0B3FDA390E3FA3
:10A52000CDD3103F2A68133FD9F6153FC07F183F9F
:10A53000C6021B3FD17F1D3FCBF61F3F9967223FCD
:10A5400025D2243F5636273F1594293F4AEB2B3F0F
:10A55000DE3B2E3FBB85303FC9C8323FF304353F59
:10A56000233A373F4268393F3B8F3B3FF9AE3D3F8F
:10A5700067C73F3F70D8413F01E2433F03E4453F97
:10A5800065DE473F12D1493FF8BB4B3F029F4D3F2D
:10A59000207A4F3F3D4D513F4918533F31DB543FE7
:10A5A000E595563F5348583F6AF2593F1A945B3F2E
:10A5B000532D5D3F05BE5E3F2146603F97C5613F1D
:10A5C0005A3C633F59AA643F880F663FD86B673F88
:10A5D0003CBF683FA7096A3F0C4B6B3F5E836C3FF3
:10A5E00093B26D3F9ED86E3F73F56F3F0809713F80
:10A5F0005213723F4714733FDD0B743F0BFA743FE5
:10A60000C6DE753F07BA763FC58B773FF853783F74
:10A610009812793F9DC7793F02737A3FBE147B3F02
:10A62000CDAC7B3F283B7C3FC9BF7C3FAC3A7D3FF4
:10A63000CCAB7D3F23137E3FB0707E3F6DC47E3F29
:10A64000580E7F3F6D4E7F3FAB847F3F0FB17F3F02
:10A6500097D37F3F43EC7F3F11FB7F3F0000803F5C
:10A6600011FB7F3F43EC7F3F97D37F3F0FB17F3F8D
:10A67000AB847F3F6D4E7F3F580E7F3F6DC47E3F62
:10A68000B0707E3F23137E3FCCAB7D3FAC3A7D3F25
:10A69000C9BF7C3F283B7C3FCDAC7B3FBE147B3F9A
:10A6A00002737A3F9DC7793F9812793FF853783FFC
:10A6B000C58B773F07BA763FC6DE753F0BFA743F0E
:10A6C000DD0B743F4714733F5213723F0809713F0B
:10A6D00073F56F3F9ED86E3F93B26D3F5E836C3FC4
:10A6E0000C4B6B3FA7096A3F3CBF683FD86B673F85
:10A6F000880F663F59AA643F5A3C633F97C5613F44
:10A700002146603F05BE5E3F532D5D3F1A945B3F7F
:10A710006AF2593F5348583FE595563F31DB543F65
:10A720004918533F3D4D513F207A4F3F029F4D3FC7
:10A73000F8BB4B3F12D1493F65DE473F03E4453F3D
:10A7400001E2433F70D8413F67C73F3FF9AE3D3F0D
:10A750003B8F3B3F4268393F233A373FF304353F55
:10A76000C9C8323FBB85303FDE3B2E3F4AEB2B3F13
:10A770001594293F5636273F25D2243F9967223F1B
:10A78000CBF61F3FD17F1D3FC6021B3FC07F183F46
:10A79000D9F6153F2A68133FCDD3103FDA390E3F63
:10A7A0006B9A0B3F9BF5083F824B063F3D9C033F56
:10A7B000E4E7003F275DFC3ECBE0F63EEA5AF13E7F
:10A7C000BBCBEB3E7533E63E4F92E03E80E8DA3E8F
:10A7D0004136D53ECA7BCF3E53B9C93E15EFC33E85
:10A7E000491DBE3E2A44B83EEF63B23ED47CAC3E27
:10A7F000128FA63EE59AA03E86A09A3E32A0943ED5
:10A80000229A8E3E938E883EC07D823ECCCF783E8B
:10A810007F9A6C3E135C603E0115543EC2C5473EB4
:10A82000CF6E3B3EA2102F3EB5AB223E8340163E7C
:10A8300087CF093E73B2FA3D2FBCE13D36BDC83D1E
:10A8400080B6AF3D04A9963D752B7B3D2EFB483D60
:10A850002BC3163DB10AC93C920E493C00000000D2
:10A86000920E49BCB10AC9BC2BC316BD2EFB48BD14
:10A87000752B7BBD04A996BD80B6AFBD36BDC8BDE6
:10A880002FBCE1BD73B2FABD87CF09BE834016BEAF
:10A89000B5AB22BEA2102FBECF6E3BBEC2C547BE17
:10A8A000011554BE135C60BE7F9A6CBECCCF78BEDF
:10A8B000C07D82BE938E88BE229A8EBE32A094BE88
:10A8C00086A09ABEE59AA0BE128FA6BED47CACBE6E
:10A8D000EF63B2BE2A44B8BE491DBEBE15EFC3BE6B
:10A8E00053B9C9BECA7BCFBE4136D5BE80E8DABEF9
:10A8F0004F92E0BE7533E6BEBBCBEBBEEA5AF1BE6B
:10A90000CBE0F6BE275DFCBEE4E700BF3D9C03BF85
:10A91000824B06BF9BF508BF6B9A0BBFDA390EBF9F
:10A92000CDD310BF2A6813BFD9F615BFC07F18BF9B
:10A93000C6021BBFD17F1DBFCBF61FBF996722BFC9
:10A9400025D224BF563627BF159429BF4AEB2BBF0B
:10A95000DE3B2EBFBB8530BFC9C832BFF30435BF55
:10A96000233A37BF426839BF3B8F3BBFF9AE3DBF8B
:10A9700067C73FBF70D841BF01E243BF03E445BF93
:10A9800065DE47BF12D149BFF8BB4BBF029F4DBF29
:10A99000207A4FBF3D4D51BF491853BF31DB54BFE3
:10A9A000E59556BF534858BF6AF259BF1A945BBF2A
:10A9B000532D5DBF05BE5EBF214660BF97C561BF19
:10A9C0005A3C63BF59AA64BF880F66BFD86B67BF84
:10A9D0003CBF68BFA7096ABF0C4B6BBF5E836CBFEF
:10A9E00093B26DBF9ED86EBF73F56FBF080971BF7C
:10A9F000521372BF471473BFDD0B74BF0BFA74BFE1
:10AA0000C6DE75BF07BA76BFC58B77BFF85378BF70
:10AA1000981279BF9DC779BF02737ABFBE147BBFFE
:10AA2000CDAC7BBF283B7CBFC9BF7CBFAC3A7DBFF0
:10AA3000CCAB7DBF23137EBFB0707EBF6DC47EBF25
:10AA4000580E7FBF6D4E7FBFAB847FBF0FB17FBFFE
:10AA500097D37FBF43EC7FBF11FB7FBF000080BF58
:10AA600011FB7FBF43EC7FBF97D37FBF0FB17FBF89
:10AA7000AB847FBF6D4E7FBF580E7FBF6DC47EBF5E
:10AA8000B0707EBF23137EBFCCAB7DBFAC3A7DBF21
:10AA9000C9BF7CBF283B7CBFCDAC7BBFBE147BBF96
:10AAA00002737ABF9DC779BF981279BFF85378BFF8
:10AAB000C58B77BF07BA76BFC6DE75BF0BFA74BF0A
:10AAC000DD0B74BF471473BF521372BF080971BF07
:10AAD00073F56FBF9ED86EBF93B26DBF5E836CBFC0
:10AAE0000C4B6BBFA7096ABF3CBF68BFD86B67BF81
:10AAF000880F66BF59AA64BF5A3C63BF97C561BF40
:10AB0000214660BF05BE5EBF532D5DBF1A945BBF7B
:10AB10006AF259BF534858BFE59556BF31DB54BF61
:10AB2000491853BF3D4D51BF207A4FBF029F4DBFC3
:10AB3000F8BB4BBF12D149BF65DE47BF03E445BF39
:10AB400001E243BF70D841BF67C73FBFF9AE3DBF09
:10AB50003B8F3BBF426839BF233A37BFF30435BF51
:10AB6000C9C832BFBB8530BFDE3B2EBF4AEB2BBF0F
:10AB7000159429BF563627BF25D224BF996722BF17
:10AB8000CBF61FBFD17F1DBFC6021BBFC07F18BF42
:10AB9000D9F615BF2A6813BFCDD310BFDA390EBF5F
:10ABA0006B9A0BBF9BF508BF824B06BF3D9C03BF52
:10ABB000E4E700BF275DFCBECBE0F6BEEA5AF1BE7B
:10ABC000BBCBEBBE7533E6BE4F92E0BE80E8DABE8B
:10ABD0004136D5BECA7BCFBE53B9C9BE15EFC3BE81
:10ABE000491DBEBE2A44B8BEEF63B2BED47CACBE23
:10ABF000128FA6BEE59AA0BE86A09ABE32A094BED1
:10AC0000229A8EBE938E88BEC07D82BECCCF78BE87
:10AC10007F9A6CBE135C60BE011554BEC2C547BEB0
:10AC2000CF6E3BBEA2102FBEB5AB22BE834016BE78
:10AC300087CF09BE73B2FABD2FBCE1BD36BDC8BD1A
:10AC400080B6AFBD04A996BD752B7BBD2EFB48BD5C
:10AC50002BC316BDB10AC9BC920E49BC00000080CE
:10AC600045543136535461736B00566F66615461BD
:10AC7000736B00436C6F75645461736B00426F615A
:10AC80007264636F6D6D5461736B00436F6E7472A9
:10AC90006F6C4C6F6F705461736B006465666175A7
:10ACA0006C745461736B0049444C4500546D72518F
:10ACB00000546D722053766300566F666154784D70
:10ACC0007574657800000000B9AC0208020000004D
:10ACD000000000000000000010AD02080000002489
:10ACE000680000000803000810AD02080000002002
:10ACF000000002002403000878AD02086800002468
:10AD0000D07C000024030008916FFEFF856FFEFFDA
:10AD1000B1090008C90A000829090008E10B000868
:10AD2000A11C010821250108F91C010800000000F0
:10AD3000000000000000000000004842000048C27F
:10AD400000007041CDCC4C3E00004040000030403F
:10AD500000803BC50090D0030090D0032821002440
:10AD60002821002405000000295C4F3F0801000055
:08AD700010000000AAAAAAAA23
:04000005080002CD20
:00000001FF
