:020000040800F2
:10000000A0860224190400083102010809EE000844
:1000100029020108B1240008B17B0108000000009A
:100020000000000000000000000000007112010844
:10003000713100080000000051060108B9180108DC
:1000400037040008370400083704000837040008A4
:100050003704000837040008370400083704000894
:10006000370400083704000837040008A92B0008EB
:10007000B92B0008370400083704000837040008CB
:100080003704000837040008370400081136000858
:100090002136000837040008370400083704000838
:1000A0003704000837040008370400083704000844
:1000B000191B01083704000837040008370400083A
:1000C0003704000837040008370400083704000824
:1000D0003704000837040008A9410108B9410108A4
:1000E0003704000837040008000000003704000847
:1000F00037040008370400083704000837040008F4
:1001000037040008370400083704000837040008E3
:1001100037040008A9230108370400083704000841
:1001200037040008C92B0008D92B0008E92B000868
:10013000F92B0008370400083704000837040008CA
:1001400000000000000000000000000000000000AF
:100150003704000837040008370400083704000893
:100160003704000837040008370400083704000883
:1001700037040008A9020108370400080000000045
:100180003704000837040008B923010837040008C1
:100190003704000837040008370400083704000853
:1001A0003704000837040008370400080000000086
:1001B0003704000837040008370400083704000833
:1001C00037040008370400080000000000000000A9
:1001D00000000000000000003704000800000000DC
:1001E000000000000000000000000000000000000F
:1001F0000000000000000000370400083704000879
:100200003704000837040008000000003704000825
:1002100037040008370400083704000837040008D2
:100220003704000800000000370400080000000048
:1002300037040008370400080000000037040008F5
:1002400037040008370400083704000837040008A2
:100250003704000837040008370400083704000892
:100260003704000837040008370400083704000882
:1002700037040008370400083704000800000000B5
:100280003704000837040008370400083704000862
:1002900000000000370400083704000800000000D8
:1002A0000000000037040008370400083704000885
:1002B0009941010837040008370400083136000866
:1002C00037040008370400083704000800F002F87B
:1002D00000F092F80AA090E8000C82448344AAF14E
:1002E0000107DA4501D100F087F8AFF2090EBAE84C
:1002F0000F0013F0010F18BFFB1A43F0010318475A
:10030000B4D00100D4D00100103A24BF78C878C11D
:10031000FAD8520724BF30C830C144BF04680C600B
:10032000704700000023002400250026103A28BF53
:1003300078C1FBD8520728BF30C148BF0B60704757
:100340006E2900F0A583702900F0E98466291CF06D
:10035000168565291CF0138567291CF01085612915
:100360001CF00F8503681B0A28BF41F08001692932
:1003700000F05283642900F04F83752900F04C830C
:100380006F2900F07784782900F0B584E92900F01E
:100390001184E42900F00E84F52900F00B84EF2984
:1003A00000F07484F82900F0B4840368DB0928BFE6
:1003B00041F08001632901F04982732901F04E82E6
:1003C000E32901F05982F32901F05E820020704791
:1003D0001FB51CF0C7FC00F001FE04000020002146
:1003E0001CF064FC401C6060002000211CF074FCC8
:1003F000E0601FBD10B510BD01F07CFA1146FFF79B
:10040000E7FF18F0C1FA01F04DFB03B4FFF7F2FF6C
:1004100003BC01F051FB00000A4880470A488047AE
:100420000A480047FEE7FEE7FEE7FEE7FEE7FEE7D5
:10043000FEE7FEE7FEE7FEE705480649064A074BEA
:1004400070470000E9350008B1190108CD02000825
:10045000A07E0024A0860224A07E0224A07E022486
:1004600053EA020C00F069802DE9F04B4FF00006D2
:10047000002B1FBFB3FA83F503FA05F424FA05F63F
:100480005E4012BF1643B2FA82F502FA05F4C5F1D6
:1004900020051EBF22FA05FC44EA0C04203556EA6A
:1004A000044C4FEA144418BF641C4FF000084FF08E
:1004B0000009904271EB030C39D3002919BFB1FA3E
:1004C00081F701FA07F6B0FA80F700FA07F6C7F1EC
:1004D00020071EBF20FA07FC46EA0C062037B6FBB1
:1004E000F4FCA7EB0507103F07F01F0BCBF120062C
:1004F0002CFA06F60CFA0BFB44BFB3460026202F5D
:10050000A4BF5E464FF0000B5BEA060C08BF4FF03D
:10051000010B19EB0B0948EB0608ABFB027C06FB51
:1005200002CC0BFB03CCC01B71EB0C01C1E70B46EB
:10053000024641464846BDE8F08B13B5084318BF54
:100540004FF0FF300146AFF30080BDE81C4070471C
:100550000FB41CB50C0007AA009007D04142A1427D
:1005600002D32044401E01E04FF0FF30074B7B4494
:1005700069460190069800F0A4FA0021002C01D0F1
:10058000009A11701CBC5DF814FB00007705000098
:100590002DE9F05F93460F4680460446002600F0A2
:1005A000D5F9D0F80090824614F8015B2DB100F027
:1005B000C5F90068405DC007F6D12B2D02D02D2D66
:1005C0001AD0641E0021CAF800105A463946204647
:1005D00000F074FC014627B13868A04201D1C7F889
:1005E0000080DAF80000022809D0CAF800907005EF
:1005F00005D54842BDE8F09F46F48066E2E708462C
:10060000F8E7002800DA4042704740EA010370B57D
:100610009B072ED14FF00136042A2AD308C810C9EF
:100620009D1B9D43121F15EAC61517D0D8B2E1B223
:10063000401A50EA056110D198B2A1B2401A50EAAE
:1006400005410AD123F07F4024F07F41401A50EA4F
:10065000052102D1180EA0EB146070BDA342DBD0BF
:1006600018BA21BA884201D9012070BD4FF0FF307D
:1006700070BD0AB9002070BD10F8013B11F8014BA4
:1006800063B1A3420AD1521E08D010F8013B11F801
:10069000014B1BB1A34201D1521EEDD1181B70BDFD
:1006A000032A40F2308010F0030C00F0158011F89E
:1006B000013BBCF1020F624498BF11F801CB00F876
:1006C000013B38BF11F8013BA2F1040298BF00F8CA
:1006D00001CB38BF00F8013B11F0030300F0678045
:1006E000083AC0F0088051F8043B083A51F804CBAE
:1006F000A0E80810F5E7121D5CBF51F8043B40F874
:10070000043BAFF30080D20724BF11F8013B11F87E
:1007100001CB48BF11F8012B24BF00F8013B00F8C2
:1007200001CB48BF00F8012B7047431A28BF9A42FB
:100730007FF6B6AF10441144032A40F2268010F031
:10074000030F1EBF11F8013D521E00F8013D10F0CD
:10075000030F7FF4F6AF11F0030300F01184083AA1
:10076000C0F00B8051F8043D083A51F804CD40F830
:10077000043D40F804CDFFF7F3BF121D5CBF51F8F4
:10078000043D40F8043DAFF30080D20724BF11F8C8
:10079000013D11F801CD48BF11F8012C24BF00F82C
:1007A000013D00F801CD48BF00F8012C704710B59D
:1007B000203AC0F00B80B1E81850A0E81850B1E81A
:1007C0001850A0E81850203ABFF4F5AF5FEA027C59
:1007D00024BFB1E81850A0E8185044BF18C918C089
:1007E000BDE810405FEA827C24BF51F8043B40F82A
:1007F000043B08BF7047D20728BF31F8023B48BF0F
:1008000011F8012B28BF20F8023B48BF00F8012B4C
:10081000704702F0FF0343EA032242EA024200F07B
:1008200024B84FF000020429C0F0128010F0030C2D
:1008300000F01B80CCF1040CBCF1020F18BF00F8D3
:10084000012BA8BF20F8022BA1EB0C0100F00DB882
:100850005FEAC17C24BF00F8012B00F8012B48BFE0
:1008600000F8012B70474FF0000200B51346944684
:100870009646203922BFA0E80C50A0E80C50B1F1F8
:100880002001BFF4F7AF090728BFA0E80C5048BF0C
:100890000CC05DF804EB890028BF40F8042B08BFAA
:1008A000704748BF20F8022B11F0804F18BF00F8A6
:1008B000012B70470000000030B44FF0013C50F8AD
:1008C000042BCCFA52F451F8043BD51A20D1FCB9D0
:1008D00050F8042BCCFA52F451F8043BD51A17D136
:1008E000B4B950F8042BCCFA52F451F8043BD51AA1
:1008F0000ED16CB950F8042BCCFA52F451F8043BE9
:10090000D51A05D1002CDAD030BC4FF0000070476A
:1009100029BAB1FA81F111F01801D1F12000844017
:10092000F2D1CA40CB4012F0FF0213F0FF0330BCFB
:10093000D01A7047704770477047000010B500F03C
:100940004DFB001D10BD00BF65C30100004870478E
:100950000801002470B5044685690068C10601D508
:10096000302600E02026C00707D070BDD4E9012161
:1009700030469047206A401C20626D1EF6D570BD3F
:1009800070B5044685690078C00707D170BDD4E909
:10099000012120209047206A401C20626D1EF6D560
:1009A00070BD09684A0501D540B27047C905FCD53C
:1009B00000B2704709684A0501D5C0B27047C90541
:1009C000FCD580B2704770B50C460546012A05D0AB
:1009D0002878800600D5EA69002302E0012305E0BB
:1009E0005B1C934202D2E05C0028F9D1A869E618AA
:1009F000C01AA861286A184428622846FFF7AAFF8F
:100A000004E0D5E9012114F8010B9047B442F8D372
:100A10002846FFF7B5FF70BD2DE9F04106460024DA
:100A200010687529314616A510D0FFF7BAFF0028C7
:100A300002DA404213A507E031688A0701D512A502
:100A400002E0490704D511A5012401E0FFF7B2FF38
:100A500000210A2206F1240709E0B0FBF2FCB0FBFA
:100A6000F2F302FB1C00303078541846491C002871
:100A7000F3D123462A463046BDE8F04100F0F7BAEC
:100A8000000000002D0000002B00000020000000EE
:100A900011680268006A530501D508700AE0D305A1
:100AA00001D5088006E0130603D5C217C1E900028C
:100AB00000E008600120704701694A1C0261087863
:100AC000704700B58FB0CDE901310021059105498E
:100AD0007944CDE903101146684600F02BF90FB0B8
:100AE00000BD0000E5FFFFFFD1E900239A4202D2DA
:100AF000531C0B60107070472DE9FF5F15468A4646
:100B00000446DFF8AC80F8440027D8E900103E46E0
:100B1000CDE9001010E03AF816106A4602A800F07D
:100B2000C5FE411C07D02178890603D5E269391832
:100B300091420DD80744761C2078800602D5E069E2
:100B4000B84205DDAE42E6DB3AF816000028E2D1F5
:100B5000A069C01BA0612046FFF7FCFED8E9001089
:100B6000CDE90010002017E03AF818106A4602A8F4
:100B700000F09CFEB0F1FF3F81460BD000250DF147
:100B8000080B05E0D4E901211BF8050090476D1C16
:100B90004D45F7D308F10100B0428046E4DB206AFE
:100BA000384420622046FFF7EBFEBDE8FF9F0000BF
:100BB0007EC201002DE9F0418046D21D22F00702DD
:100BC0000025D2E90002F52915A614D0011E72F104
:100BD000000106DA0023D0EB030063EB020211A64A
:100BE00008E0D8F800108B0701D50FA602E04907EE
:100BF00001D50EA601251146002408F1240704E0C2
:100C000000F0F0F930323A55641C50EA0102F7D195
:100C10002B46324621464046BDE8F04100F027BA57
:100C2000000000002D0000002B000000200000004C
:100C300030B4002100F1240408E002F00705D208D6
:100C4000303542EA4372DB086554491C52EA030519
:100C5000F3D10468002310A2250708D504F020046E
:100C60000C4304D0C46901230CA2641EC46130BCCF
:100C700000F0FDB910B5044621461068FFF79AFE52
:100C800002462046BDE810400023D1E7D21D22F0E5
:100C90000701D1E90023CBE700000000300000008D
:100CA000F0B40D460188090502D5214C7C4402E0D0
:100CB0001F4C7C440E34002100F1240608E002F0B1
:100CC0000F071209E75D42EA03721B097754491CBA
:100CD00052EA0307F3D102780023120704D5702DDE
:100CE00006D009B1022311342246F0BC00F0BFB98E
:100CF00001231034F8E770B504460D46214610680C
:100D0000FFF758FE024629462046BDE87040002302
:100D1000C6E7D21D22F00703D3E90023C0E703682A
:100D2000126843F0200303600823C3610023B7E780
:100D3000E0C001002DE9F05F894604464FF0000A4B
:100D4000DFF874B1FB44C0F820A02046E168884772
:100D5000002874D0252806D0D4E901219047206AC4
:100D6000401C2062F1E700265F462046E168884784
:100D70002028054607DB312D05D2781910F8200C04
:100D800008B10643F1E7B00701D526F00406C4F820
:100D90001CA00027C4F818A02A2D09D028461BF053
:100DA0007DFF38B304EB8708303DC8F8185019E0D0
:100DB00059F8041B204604EB87029161E1688847DB
:100DC000012F054618D1E069002820DA26F0200618
:100DD0001DE0D8F8180000EB800005EB400030382B
:100DE000C8F818002046E168884705461BF056FF02
:100DF0000028EED1012F0AD02E2D08D12046E1681F
:100E000088477F1C0546022F46F02006C4DBA069F8
:100E1000002803DA404246F00106A061F00701D045
:100E200026F010066C2D0BD0682D09D04C2D39D032
:100E30006A2D35D0742D35D07A2D33D016E038E0B8
:100E4000E1682F4620468847B842054609D16C2FF5
:100E500026D04FF48060E168064320468847054667
:100E600004E06C2F1AD04FF4807006430DB3A5F147
:100E70004100192802D8203546F400664A46294622
:100E8000204626604E46FFF75BFA80B101280BD062
:100E9000F61D26F0070000F1080956E74020E4E7B8
:100EA0008020D8E70020D6E706F104094DE7284660
:100EB00052E7206ABDE8F09F70C001002DE9F05FA5
:100EC000824615468B4600270AF10104B946007890
:100ED000302801D09DB113E014F8010B01277828C8
:100EE00003D0582801D045B10AE00DB1102D07D12B
:100EF000002714F8010B102502E0082500E00A2560
:100F00000026B0460EE005FB080005FB06F10127B0
:100F10001FFA80F801EB1046B6F5803F00D3B946C2
:100F200014F8010B294600F0B3FC0028EBDABBF102
:100F3000000F05D00FB1641E00E05446CBF800400E
:100F4000B9F1000F06D0FFF701FD02210160C81EB4
:100F5000BDE8F09F48EA0640FAE7431A28BF9A42E4
:100F60007FF625AC1044114410F0030F1EBF11F89A
:100F7000013D521E00F8013D10F0030F7FF4F6AF63
:100F8000103AC0F00A8010B531E9185020E9185025
:100F9000103ABFF4F9AFBDE81040530724BF31E960
:100FA000081020E9081044BF51F8043D40F8043D02
:100FB00012F0030F08BF7047D20728BF31F8023D77
:100FC00048BF11F8012C28BF20F8023D48BF00F8A7
:100FD000012C704700487047080100240048704702
:100FE0002801002430B5B0F10A0271F100034FEA84
:100FF000900E4EEA817EB0EB0E0061EB91014FEA5C
:10100000101E4EEA017E10EB0E0041EB11114FEA6B
:10101000102E4EEA016E10EB0E0041EB11214FEA4B
:10102000104E4EEA014E10EB0E0041EB11414018FC
:1010300041F100014FEAD00040EA41704FEAD1018E
:101040004FEA810444EA907410EB800544EB0104FC
:101050006D1944EB0404521BA3414FF0000348BF39
:101060000A3200D530BD401C41F1000130BD2DE9F0
:10107000F0470D4699469246044600F1240801685F
:10108000880604D5E06921F01001216000E001200C
:10109000A84201DD471B00E00027A1697A1902EB95
:1010A0000900081AA0612078C00602D42046FFF784
:1010B00051FC002608E0D4E901211AF80600904707
:1010C000206A401C761C20624E45F4DB2078C00666
:1010D0000AD52046FFF73EFC06E0D4E90121302086
:1010E0009047206A401C2062381EA7F10107F4DCFB
:1010F00007E0D4E9012118F805009047206A401C58
:101100002062281EA5F10105F3DC2046FFF738FC1C
:101110002078000602D50220BDE8F0870120FBE719
:101120002DE9FF4F0C461E464FF0FF378BB0D2E93A
:101130000001DDF860800A908A46C1F30A5505B9BE
:101140003D46002108464FF00000BAF1000F00F4C0
:10115000400005DA00EB80004FF4400101EA500046
:101160004FEA9059B9F1010F00DDB9460A9850EAEB
:101170004A000ED044F61050A5F2FF3545432F1417
:10118000B8F1000F1ED07542291E1EDDC9F1000204
:101190001CE0B8F1010F4FF0000001D0302103E056
:1011A000F24305E02154401CB042FBDB30460022F4
:1011B000002121540B99C1F80880C1E900200FB02B
:1011C000BDE8F08FBD1B6D1CDEE74A4600DA6942C0
:1011D00006A800F0F5FB06AB93E8070003AB83E835
:1011E000070050460A991BF078F98DE80700A0F532
:1011F00000501F3800900398002D0ADD42F21F01B5
:101200004A460844002303A9039068461BF0E2FB0A
:1012100009E0A0F500504A461F38002303A90390B7
:1012200068461BF0ECFB8DE807000004000C03D0BF
:101230004FF0FF30410800E01046B8F1000F03D036
:101240000022009215461EE0751E05D4FFF7CAFE67
:10125000303262556D1EF9D5B3460122084302D0E3
:1012600000227F1C04E02078302801D100227F1E5C
:10127000002A099784D01DE0112D07DAFFF7B2FE8E
:10128000303262556D1C50EA0102F5D1084302D09C
:101290000098C8B10EE00021681E05E0235C625C86
:1012A00063542254401E491C8142F7DBAB46A81B05
:1012B000401E0990002004F80B000B98099AC0F812
:1012C0000880C0E9002B7AE711264FF0000857E7A5
:1012D0002DE9F04F88460446D21D22F0070191B057
:1012E000D1E90001CDE90A011BF0C0FC02460B98D0
:1012F000C00F01D02D2007E02068810701D52B20E9
:1013000002E0202101EAC000032A099001D0072A47
:1013100005DB03464146204600F012FB0BE1207836
:10132000800601D5E06900E00620B8F1650F81462E
:1013300006D0B8F1660F18D0B8F1670F70D131E060
:101340000020B9F1110F009001DB112301E009F138
:1013500001030AAA01A90CA8FFF7E2FEDDE90C705F
:10136000002609F10105834647E001204B46009025
:101370004FF000470AAA01A90CA8FFF7D1FEDDE94A
:101380000DB00C995D46002610B909F101000D1849
:10139000B9EB050003D4C0F1FF3609F10105A5EB57
:1013A00009002BE0B9F1010F01DA4FF0010900202B
:1013B000B9F1110F0090484601DD112300E003460A
:1013C0000AAA01A90CA8FFF7ABFEDDE90C704D4697
:1013D00000268346207800070AD4AB4500DA5D4634
:1013E00001A8012D04DD411911F8011C302907D095
:1013F0004F4502DA17F1040F04DA012082460FE0AC
:101400006D1EEEE7002F02DCED1B3E4403E0781C6E
:10141000A84200DD7D1CB81B00F1010A4FF0004717
:101420002078000703D4AA4501DB4FF0FF3A0021E2
:10143000B7F1004F0DF143088DF8431024D002207E
:101440002B23002F01DA7F422D230A21021EA0F157
:10145000010000DC5FB197FBF1FC97FBF1F201FBAF
:101460001C7C17460CF1300C08F801CDEEE7A8F112
:10147000010003702188090501D5452100E065219F
:10148000A0F1010800F8011C09980FA9A1EB0807B9
:10149000FF1D00B10120411901EBEA70A169384438
:1014A000081A401EA0612078C00602D42046FFF72B
:1014B00051FA099828B1D4E901219047206A401CCB
:1014C00020622078C00622D52046FFF743FA1EE0AE
:1014D000002E04DBB34502DD01A8805D00E0302072
:1014E000D4E901219047206A401C2062761CAAF1B1
:1014F00001005FEA000A0AD1FFF770FDC0680168C9
:10150000405CD4E901219047206A401C2062281EDB
:10151000A5F10105DCDC07E0D4E9012118F8010B95
:101520009047206A401C2062381EA7F10107F3DCB7
:101530002046FFF725FA032011B041E62DE9F04FD0
:1015400004460D46D21D22F0070089B0D0E900976D
:10155000484639461BF08AFB0246F80F01D02D237E
:1015600007E02068810701D52B2302E0202101EA52
:10157000C0038DF820300BB1012000E00020032AC9
:10158000824601D0072A04DB2946204600F0D8F91C
:101590003FE12078800601D40D2500E0E569C7F31E
:1015A0000A560D2D49DA00214FEA175B08464FF025
:1015B0000000002F00F4400007DA00EB80004FF439
:1015C000400100EBD07001EA60008115012901DDC6
:1015D0004FF0FF3100224FEA850CBCF1180F06D303
:1015E0001346ACF118004FF08052C24003E04FF4B4
:1015F000801323FA0CF30CF10C0CBCF1200F04D374
:10160000ACF1200C09FA0CF001E007FA0CF000290B
:101610004FF0004801DD18B90FE00ED140450CD362
:1016200019EB02095F4121B9404502D19F4329EAE4
:101630000209BBEB175F00D0761C2088000502D59D
:101640007B48784402E07A487844193808AA302365
:1016500002F80A30037C0AF10101002E0AF1020AA5
:1016600053546A4602DC4FF0300101E04FF0310183
:101670004FF001088DF8001002D0A6F2FF3603E00B
:1016800059EA470100D06B4E002D02DC2178090792
:1016900004D54FF002082E218DF80110C446002118
:1016A0000BE0C7F303433F01C35C491C6D1E02F806
:1016B0000830052908F1010801DA002DF1DC0021CC
:1016C0000CE000EB1973491C1B786D1E082902F809
:1016D00008304FEA091908F1010801DA002DF0DCA1
:1016E00021688B0602D516E0A8F10108E04505DD6A
:1016F00002EB080313F8013C302BF5D0B8F1000FD2
:1017000009DD02EB080313F8013C2E2B03D1090776
:1017100001D4A8F10108002D05DD3E2102F80810D2
:101720006D1E08F10108407C002E02F8080008F147
:10173000010804DA2D20764202F8080002E02B208E
:1017400002F808000A214FF47A70864208F1010875
:101750000BDB96FBF0F3303302F8083096FBF0F326
:1017600008F1010800FB136601E0642E0CDB642025
:1017700096FBF0F3303302F8083096FBF0F308F1F3
:10178000010800FB136601E00A2E06DB96FBF1F070
:10179000303002F8080008F1010896FBF1F001FB77
:1017A0001060303002F80800A16908F1010808EB68
:1017B000050202EB0A00081AA0612078C00602D4D4
:1017C0002046FFF7C7F8216A08AE01EB0A00206245
:1017D00004E0D4E9012116F8010B9047BAF1010A9F
:1017E000F7D22078C00602D52046FFF7B3F86E4640
:1017F00009E016F8010B3E280FD0D4E901219047EB
:10180000206A401C2062B8F10108F2D22046FFF79E
:10181000B7F809B00320BDE8F08F206A28442062A1
:1018200003E0D4E90121302090476D1EEBD3F8E7A7
:1018300096B7010002FCFFFF10B5436913B1AFF387
:10184000008001E0FFF7BFF8012010BD127800F121
:1018500024010A7000224A700122EDE711684FF05E
:10186000FF32E9E710B5436913B1AFF3008001E03F
:10187000FFF742F9012010BD128800F12401828493
:101880000022C2840122EDE711684FF0FF32E9E740
:101890003A2800D2303820F02002412A01D3A2F1A8
:1018A0003700884201D34FF0FF3070472DE9F041F7
:1018B00016460C460546FFF741F8036893F8010108
:1018C000012807D0FF2C12D8185D80B101202C70A0
:1018D000BDE8F081D3F807013246214603F2071331
:1018E000C7182846BC46BDE8F041002360474FF0CA
:1018F000FF30EDE77546FFF76DFBAE460500694624
:10190000534620F00700854618B020B5FEF794FD39
:10191000BDE820404FF000064FF000074FF00008F0
:101920004FF0000BAC46ACE8C009ACE8C009ACE82D
:10193000C009ACE8C00921F007018D4670470000DE
:101940002DE9F0411F46044603260168072A01F4E9
:10195000006004DB08B116A505E016A503E008B198
:1019600015A500E015A521F010002060A069C01E9B
:10197000A0610FB1401EA0612046FEF7EBFF4FB102
:10198000D4E9012138469047206A401C2062C01CDF
:10199000206206E0206AFAE7D4E9012115F8010B7C
:1019A0009047761EF8D22046FEF7EAFFBDE8F081A8
:1019B0004E414E006E616E00494E4600696E6600F3
:1019C0002DE9F047814616468AB0354878440DC85F
:1019D0008DE80D0032487844801C03AC0DC884E8C3
:1019E0000D0041F69B300844372190FBF1F290FB4B
:1019F000F1F5A5F1800501FB12041B3C02D5644200
:101A0000012000E00020DFF898A080460027FA447B
:101A1000AAF1BE0A0EE0E0070AD03246684607EB9C
:101A2000470101230AEB81011AF0E9FF8DE8070065
:101A300064107F1C002CEED1194F7F44AE3F19E09B
:101A4000E80715D007EB04100DF1180A90E80E0016
:101A50008AE80E00C068F04201D198190890324619
:101A6000012306A903A81AF0CAFF03AB83E8070005
:101A70006D10641C002DE3D14FF00103324669461E
:101A8000B8F1000F03A802D01AF0A4FF01E01AF089
:101A9000B6FFC9E90001C9F808200AB0BDE8F0871F
:101AA0009CB4010010B50446AFF300802046BDE8A9
:101AB0001040FEF7AABC000001491820ABBEFEE7AB
:101AC000260002007047000080B584B003900291A8
:101AD0000020ADF80600039820B1FFE70298022825
:101AE00001D8FFE71AE003980299023940F2040294
:101AF000C2F20042128802F07FF9ADF80600BDF88C
:101B00000600039A0299114401F8020C9DF807009F
:101B1000039A0299114401F8010CFFE704B080BD5B
:101B200080B584B00390029100208DF807000398DF
:101B300020B1FFE70298022801D8FFE70FE00398E1
:101B400002990139FF2202F08BF98DF807009DF808
:101B50000700039A0299114401F8010CFFE704B051
:101B600080BD00000000000083B0EFF31080019002
:101B700001980090EFF3108072B60290009803B0C5
:101B8000704700000000000083B0EFF31080019068
:101B900001980090EFF3108072B60290009803B0A5
:101BA000704700000000000083B0EFF31080019048
:101BB00001980090EFF3108072B60290009803B085
:101BC000704700000000000083B0EFF31080019028
:101BD00001980090EFF3108072B60290009803B065
:101BE000704700000000000083B0EFF31080019008
:101BF00001980090EFF3108072B60290009803B045
:101C0000704700000000000083B0EFF310800190E7
:101C100001980090EFF3108072B60290009803B024
:101C2000704700000000000083B0EFF310800190C7
:101C300001980090EFF3108072B60290009803B004
:101C4000704700000000000083B0EFF310800190A7
:101C500001980090EFF3108072B60290009803B0E4
:101C6000704700000000000083B0EFF31080019087
:101C700001980090EFF3108072B60290009803B0C4
:101C8000704700000000000083B0EFF31080019067
:101C900001980090EFF3108072B60290009803B0A4
:101CA000704700000000000083B0EFF31080019047
:101CB00001980090EFF3108072B60290009803B084
:101CC000704700000000000083B0EFF31080019027
:101CD00001980090EFF3108072B60290009803B064
:101CE000704700000000000083B0EFF31080019007
:101CF00001980090EFF3108072B60290009803B044
:101D0000704700000000000080B584B00290ADF87C
:101D10000610029848B1FFE7BDF8060028B1FFE7BA
:101D2000BDF80600812804D3FFE701208DF80F00DD
:101D30000CE00299BDF8062042F24C60C2F200406D
:101D400014230CF0C1FF8DF80F00FFE79DF80F0082
:101D500004B080BD0000000080B582B042F6C470BF
:101D6000C2F20040009040F22461FEF77CFD009A30
:101D700042F60800C2F20040106042F24C61C2F22A
:101D80000041C2F80C1242F69C01C2F20041C2F8B6
:101D90001814006845F20001C4F20001884218D10D
:101DA000FFE742F24C60C2F20040006841F6004199
:101DB000C4F2010188420CD1FFE742F69C00C2F256
:101DC0000040006847F60001C4F20001884204D0D8
:101DD000FFE701208DF8070033E042F6C470C2F23D
:101DE0000040011D42F60800C2F2004001220CF042
:101DF000BFFEF0B9FFE742F6C470C2F2004000F542
:101E0000047142F24C60C2F2004001220CF0B0FEBC
:101E100078B9FFE742F6C470C2F2004000F21C41FC
:101E200042F69C00C2F2004001220CF0A1FE20B15B
:101E3000FFE701208DF8070003E000208DF8070080
:101E4000FFE79DF8070002B080BD00000000000021
:101E500080B58AB008900791ADF81A20089816F05E
:101E600027FD05900598002803D4FFE7079820B9BF
:101E7000FFE74FF0FF3009905BE0059842F6C4722F
:101E8000C2F200424FF4037100FB01200490FFF7FF
:101E9000DBFE0390049890F80A0288B1FFE70498EB
:101EA000B0F806020499A1F808020499002081F80C
:101EB0000A02039800F0DCF84FF0FF30099038E098
:101EC0000020ADF80A00FFE7BDF80A10BDF81A209F
:101ED0000020914201900BDAFFE70498B0F8080265
:101EE0000499B1F80612401A18BF01200190FFE7CB
:101EF0000198C007B0B1FFE70498B0F80812084491
:101F000040790799BDF80A20531CADF80A3088546F
:101F10000498B0F8080201306FF35F200499A1F82B
:101F20000802D1E7039800F0A3F8BDF80A00099071
:101F3000FFE709980AB080BD80B584B00020039007
:101F4000FFE7039802283DDCFFE7039842F6C472DE
:101F5000C2F200424FF4037100FB0120029002988C
:101F6000006828B1FFE7029890F80B0208B9FFE774
:101F700024E0FFF769FE0190029800680BF02CFE48
:101F8000029951F8040B01220CF0F2FD28B9FFE789
:101F90000299002081F80B020CE0039800EB40014D
:101FA00041F25C60C2F2004000EB810188680130C0
:101FB0008860FFE7019800F05BF8FFE703980130C5
:101FC0000390BEE704B080BD82B0009000980190FD
:101FD000019880F3108802B07047000000000000F4
:101FE00082B0009000980190019880F3108802B0B0
:101FF000704700000000000082B00090009801903F
:10200000019880F3108802B07047000000000000C3
:1020100082B0009000980190019880F3108802B07F
:10202000704700000000000082B00090009801900E
:10203000019880F3108802B0704700000000000093
:1020400082B0009000980190019880F3108802B04F
:10205000704700000000000082B0009000980190DE
:10206000019880F3108802B0704700000000000063
:1020700082B0009000980190019880F3108802B01F
:10208000704700000000000082B0009000980190AE
:10209000019880F3108802B0704700000000000033
:1020A00082B0009000980190019880F3108802B0EF
:1020B000704700000000000082B00090009801907E
:1020C000019880F3108802B0704700000000000003
:1020D00082B0009000980190019880F3108802B0BF
:1020E000704700000000000082B00090009801904E
:1020F000019880F3108802B07047000000000000D3
:1021000080B584B0FFF780FD039043F22A60C2F2ED
:10211000004001780020019071B1FFE706F068FBF4
:1021200042F63811C2F200410968411A00206529BF
:1021300038BF01200190FFE7019800F001008DF801
:102140000B000398FFF77CFF9DF80B0004B080BDE7
:1021500080B586B0ADF816000491BDF81600019068
:1021600004990868496803910290BDF81600014679
:10217000009140F20F11884212D0FFE7009840F220
:102180001F1188420CD0FFE7009840F23F118842AF
:102190000CD0FFE7009840F24F1188420CD011E0BC
:1021A00001980299039A00F00FF90CE00198029946
:1021B000039A00F0C5F806E001980299039A00F02E
:1021C0004BF900E00DE043F22A61C2F20041012028
:1021D000087006F00DFB42F63811C2F200410860AB
:1021E000FFE706B080BD000080B5B4B008A80EF0CF
:1021F00017FFFFF709FD079040F27011C2F200418E
:102200001EA85822FEF7D3FA0798FFF719FF9DF88A
:102210007100D8B9FFE700200490ADF88000ADF858
:102220007C00ADF87A00ADF878008DF885008DF867
:1022300084008DF895008DF8B8008DF893008DF826
:1022400096008DF894002F902890FFE700200190D1
:102250000690059005A80290011D0091BDF9781027
:1022600018F04EFE02980230BDF97A1018F048FEC0
:102270000098BDF97C1018F043FE02980630BDF9B5
:10228000801018F03DFE029A41F63870C2F200400C
:10229000039040F20F1100F08BF90199029806911A
:1022A0000591BDF9821018F02BFE0398029A9DF853
:1022B00093108DF816109DF884E09DF894C09DF859
:1022C00095109DF8963001F001010EF0010E41EAE3
:1022D0004E010CF0010C41EA8C0103F0010341EACC
:1022E000C3018DF817109DF892108DF818109DF805
:1022F000851001F001018DF819109DF8B81001F05A
:1023000001018DF81A1040F21F1100F051F9029AE4
:1023100003983299339B0693059140F25F1100F0C8
:1023200047F9029A0398289905912F99069140F24E
:102330002F1100F03DF934B080BD00000000000016
:1023400080B586B005920491039003A804300290F2
:10235000029817F0FDFE00EE100AB8EEC00A9FEDDD
:10236000191A8DED001A80EE010A40F27010C2F2C7
:102370000040019080ED0C0A0298023017F0E8FE50
:102380009DED001A0146019800EE101AB8EEC00A41
:1023900080EE010A80ED0D0A0298043017F0D8FE95
:1023A0009DED001A019900EE100AB8EEC00A80EE09
:1023B000010A81ED0B0A0298807981F8380006B095
:1023C00080BD00BF00007A4480B586B005920491BC
:1023D000039003A804300290029817F0B9FE40F26F
:1023E0007011C2F20041019108820298023017F088
:1023F000AFFE019948840298043017F0A9FE0199B4
:1024000000EE100AB8EEC00A9FED111A80EE010A24
:1024100081ED050A0298807900F00100C8770398E1
:1024200040F20F11884204D1FFE70298C079009072
:1024300003E0029880790090FFE70098C0F3400025
:1024400040F27011C2F20041888406B080BD00BF26
:1024500000007A440000000080B586B00592049127
:1024600003900498059901910090012050B9FFE76D
:102470009DED000BB7EEC00B10EE100A15F0C4FD79
:1024800040B910E09DED000B51EC100B15F05CFD18
:1024900048B1FFE79DED000B40F27010C2F2004022
:1024A00080ED120BFFE706B080BD000000000000C9
:1024B000FFE7FEE70000000080B586B005900598B4
:1024C00015F04EFEB0F1FF3F01DCFFE723E0059978
:1024D000C86D096E08440490049808B9FFE71AE033
:1024E000FFF7A2FB0390059802900498202804D3DC
:1024F000FFE74FF0FF30019005E00499012088408C
:1025000001380190FFE70298019904F00DFD03984E
:10251000FFF7A2FDFFE706B080BD0000000000004D
:1025200080B58CB00A900020019009900890079027
:10253000069005900490039002900A9815F010FE02
:10254000B0F1FF3F04DCFFE701208DF82F0029E008
:102550000020029003900221049101210591069030
:1025600007900A9802A904F0F3FD88B9FFE70A98DA
:10257000694601230B600222114604F075FE38B94A
:10258000FFE70A980121002204F0F2FC20B1FFE7E6
:1025900001208DF82F0005E00A9805F0D1FE8DF896
:1025A0002F00FFE79DF82F000CB080BD0000000059
:1025B00080B590B00E90ADF836100C9203A824218F
:1025C000FEF751F90E9815F0CBFD01900198002807
:1025D0000AD4FFE7BDF836100020B0EBD12F03D1AD
:1025E000FFE70C9820B9FFE701208DF83F0040E09D
:1025F000BDF8360003900020049005900821069154
:102600000790089009900A90FFF70EFB00900E9833
:1026100004F0FEFF70B9FFE7019A41F23861C2F29F
:10262000004151F82200013041F8220002208DF8CB
:102630000B0016E00E980C9A03A904F019FD8DF812
:102640000B009DF80B0058B1FFE7019941F238608B
:10265000C2F2004000EB8101C8680130C860FFE7AA
:10266000FFE70098FFF7F8FC9DF80B008DF83F009E
:10267000FFE79DF83F0010B080BD000000000000A3
:1026800084B08DF80F000291ADF806209DF80F0080
:102690000146009123281DD80099DFE801F01213AC
:1026A0001415161B1B1B1B1B1B1B1B1B1B1B1B1B8C
:1026B0001B1B1B1B1B1B1B1B1B1B1B1B1B1B171871
:1026C000191A08E007E006E005E004E003E002E094
:1026D00001E000E0FFE7002004B0704700000000C8
:1026E000002070470000000080B582B041F6240051
:1026F000C2F20040009040F6F451C2F200410022C4
:10270000019212F009F9009840F2F451C2F200412E
:1027100012F0E2F8019802B080BD00000000000055
:1027200080B584B003900291039941F62400C2F26F
:102730000040019012F0D0F8019812F071F80020DA
:1027400004B080BD0000000083B0029001918DF8BC
:10275000032000208DF802009DF9020003B07047AD
:1027600081B0009000990020C861009988610099AB
:1027700048610099C862009988620099486200998E
:102780000862009948630099086301B0704700002F
:1027900080B582B00190FFF7F7F90090019941F2FE
:1027A0008063C2F2004318685A689B688B604A6075
:1027B00008600098FFF714FC02B080BD0000000024
:1027C00041F28061C2F200410020886048600860E8
:1027D00043F23C61C2F20041087042F63C11C2F281
:1027E000004108707047000080B58CB005A90291C7
:1027F000014602980B9180ED050A05A80CF004FC37
:1028000005F0F6FF0490059841F28061C2F20041A4
:1028100008600B9890F8510038B9FFE741F28061E9
:10282000C2F2004100204872FFE79DF82300B0B1DA
:10283000FFE79DF8200007280AD8FFE79DF8210050
:102840004F2805D8FFE79DF82200502807D3FFE75F
:1028500041F28061C2F2004101204872FFE741F27B
:102860008060C2F20040007A88B1FFE79DF8230043
:1028700030B1FFE704980999401A652807D3FFE7AC
:1028800041F28061C2F2004101204872FFE70B98DB
:1028900090F851100020019079B1FFE7002001214C
:1028A000019051B9FFE741F28060C2F20040407AE6
:1028B000B0FA80F040090190FFE7019800F00100B4
:1028C0008DF80F009DF80F00002853D1FFE741F26B
:1028D0008061C2F20041087A8DF80E000020087273
:1028E0009DF80E0040B9FFE742F63C10C2F20040EE
:1028F0000078FD2807D0FFE741F69860C2F200405B
:10290000FFF7DAFDFFE79DF80E00C8B9FFE742F6D2
:102910003C10C2F200400078FD2811D1FFE743F2DD
:102920003C60C2F20040007850B1FFE7049842F6E4
:102930004011C2F200410968401A642819D3FFE728
:10294000FD200CF0F1FC98B9FFE743F23C61C2F2C4
:10295000004101200870049842F64011C2F2004183
:10296000086042F63C11C2F20041FD200870FFE70A
:10297000FFE70DE19DF823100020009049B1FFE72B
:1029800004980999411A0020652938BF0120009058
:10299000FFE7009800F001008DF80D009DF80D0094
:1029A00028B1FFE79DF82000012847D0FFE741F25A
:1029B0008061C2F200410020087243F23C60C2F222
:1029C0000040007890B1FFE742F63C10C2F20040B0
:1029D0000078FC280AD1FFE7049842F64011C2F2C1
:1029E00000410968401A642827D3FFE79FED6C2A4D
:1029F000B0EE420AF0EE420AB0EE421AF0EE421A8F
:102A00000CF062FCC0B9FFE7FC200CF08DFC98B91B
:102A1000FFE743F23C61C2F20041012008700498D4
:102A200042F64011C2F20041086042F63C11C2F287
:102A30000041FC200870FFE7FFE7A9E041F2806059
:102A4000C2F20040007A48BBFFE7029890ED000A0E
:102A50009FED501AB4EE410AF1EE10FA0BDBFFE7DE
:102A6000029890ED000A9FED4C1AB4EE410AF1EE87
:102A700010FA0ADDFFE741F28061C2F20041012055
:102A80004872FD200CF050FC82E0059841F2806114
:102A9000C2F20041486001200872FFE7002028B917
:102AA000FFE70A9815F08CFA58B91EE0029890EDED
:102AB000050AB7EEC00A51EC100B15F015FAA0B1DB
:102AC000FFE7029890ED050AB5EE400AF1EE10FA24
:102AD0000BDDFFE7029890ED050A9FED301AB4EE8A
:102AE000410AF1EE10FA06DDFFE741F26F20C3F66E
:102AF00003300A90FFE702980B9991ED121A90EDBE
:102B0000052A41F28060C2F2004090ED010AA1EE78
:102B1000020A80ED010A90ED010A9FED1E1AB4EE43
:102B2000410AF1EE10FA0ADAFFE741F28061C2F2DF
:102B3000004143F23330CBF6B3604860FFE741F227
:102B40008060C2F2004090ED010A9FED131AB4EECE
:102B5000410AF1EE10FA0ADDFFE741F28061C2F2AC
:102B6000004143F23330C3F6B3604860FFE741F2FF
:102B70008060C2F2004090ED010AB3EE041AF7EE55
:102B8000001A9FED072AF0EE420A0CF09DFBFFE7CA
:102B90000CB080BD3333B3BE3333B33E0AD7A33C4E
:102BA000000000000000000080B541F67C50C2F239
:102BB000004002F005FC80BD80B541F62430C2F231
:102BC000004002F0FDFB80BD80B541F61440C2F22A
:102BD000004002F0F5FB80BD80B541F69C30C2F2AA
:102BE000004002F0EDFB80BD80B541F68C40C2F2A2
:102BF000004002F0E5FB80BD80B541F60450C2F212
:102C0000004002F0DDFB80BD83B0029002980168B5
:102C100001201022C4F202029142009000F0A38031
:102C2000FFE70298016801202822C4F202029142C3
:102C3000009000F09880FFE7029801680120402290
:102C4000C4F202029142009000F08D80FFE70298EA
:102C5000016801205822C4F202029142009000F063
:102C60008280FFE70298016801207022C4F202020C
:102C70009142009077D0FFE70298016801208822F6
:102C8000C4F20202914200906DD0FFE70298016801
:102C90000120A022C4F202029142009063D0FFE71B
:102CA000029801680120B822C4F202029142009009
:102CB00059D0FFE702980168012040F21042C4F2A7
:102CC0000202914200904ED0FFE702980168012075
:102CD00040F22842C4F202029142009043D0FFE742
:102CE00002980168012040F24042C4F2020291427F
:102CF000009038D0FFE702980168012040F2584266
:102D0000C4F20202914200902DD0FFE702980168C0
:102D1000012040F27042C4F202029142009022D09F
:102D2000FFE702980168012040F28842C4F20202E3
:102D30009142009017D0FFE702980168012040F20D
:102D4000A042C4F20202914200900CD0FFE7029828
:102D500000684FF64831CBF6FD710844B0FA80F0B8
:102D600040090090FFE70098C00740B3FFE70298D2
:102D7000007810384AF6AB21CAF6AA21A0FB011050
:102D800000090190019800F007014DF21400C0F60F
:102D90000100405C0299C8650198042807D3FFE749
:102DA00002990868042262F30900886506E0029926
:102DB000086840F2FF3290438865FFE705E002991A
:102DC000086820F0FF008865FFE70298806D03B077
:102DD000704700000000000084B003900398006872
:102DE000019003980168012045F20842C5F60202ED
:102DF000914200904ED0FFE703980168012045F210
:102E00001C42C5F602029142009043D0FFE70398AE
:102E10000168012045F23042C5F60202914200905D
:102E200038D0FFE703980168012045F24442C5F617
:102E30000202914200902DD0FFE703980168012023
:102E400045F25842C5F602029142009022D0FFE7B7
:102E500003980168012045F26C42C5F602029142D6
:102E6000009017D0FFE703980168012045F28042E7
:102E7000C5F60202914200900CD0FFE7039800686B
:102E80004AF66C31CAF2FD710844B0FA80F040098C
:102E90000090FFE70098C00710B3FFE703980078A1
:102EA00008384CF6CD41CCF6CC41A0FB011000090E
:102EB0000290029945F60000C5F6020000EB810081
:102EC00003990866039945F68000C5F60200486636
:102ED000029800F01F01012088400399886635E0C0
:102EE0000398007810384AF6AB21CAF6AA21A0FB55
:102EF000011000090290019840F2B841C4F20201A9
:102F000088420CD8FFE7019840F21041C4F2020158
:102F1000884204D3FFE7029808300290FFE7029945
:102F200040F60000C4F2020000EB8100039908663D
:102F3000039940F68000C4F202004866029800F04F
:102F40001F010120884003998866FFE704B070479D
:102F500083B002900298007901900198002800F057
:102F60008A80FFE70198082800F28580FFE7029831
:102F70000168012045F20842C5F602029142009024
:102F80004ED0FFE702980168012045F21C42C5F6C9
:102F900002029142009043D0FFE7029801680120AD
:102FA00045F23042C5F602029142009038D0FFE768
:102FB00002980168012045F24442C5F6020291429E
:102FC00000902DD0FFE702980168012045F2584299
:102FD000C5F602029142009022D0FFE702980168F4
:102FE000012045F26C42C5F602029142009017D0D2
:102FF000FFE702980168012045F28042C5F602020F
:10300000914200900CD0FFE7029800684AF66C31BC
:10301000CAF2FD710844B0FA80F040090090FFE761
:103020000098C00780B1FFE7019945F6FC00C5F69E
:10303000020000EB81000299C866029945F6401033
:10304000C5F6020008670FE0019940F6FC00C4F2E3
:10305000020000EB81000299C866029940F6401018
:10306000C4F202000867FFE70198411E0120884072
:1030700002994867FFE703B07047000000000000B6
:1030800085B0049000208DF80F000498806918BB6B
:10309000FFE70498806A029003281BD80299DFE8B2
:1030A00001F0020D0218049890F82F00C00720B11B
:1030B000FFE701208DF80F00FFE70CE00498C06ADD
:1030C000B0F1C07F04D1FFE701208DF80F00FFE7CA
:1030D00001E000E0FFE747E004988069B0F5005F99
:1030E00026D1FFE70498806A019003281ED8019931
:1030F000DFE801F00206021101208DF80F0016E052
:10310000049890F82F00C00720B1FFE701208DF848
:103110000F00FFE70BE00498C06AB0F1C07F04D154
:10312000FFE701208DF80F00FFE700E0FFE71AE05E
:103130000498806A0090032804D3FFE700980328CE
:1031400004D00EE001208DF80F000BE0049890F8F9
:103150002F00C00720B1FFE701208DF80F00FFE727
:1031600000E0FFE7FFE7FFE79DF80F0005B07047BD
:10317000704700000000000080B582B00190FEF7AB
:1031800013FD0090019943F28463C2F20043186872
:103190005A689B688B604A6008600098FEF72CFFB5
:1031A00002B080BD0000000080B582B0002038B9B8
:1031B000FFE70020C4F2102014F00EFF58B907E01A
:1031C0009FED1D0B51EC100B14F09EFE18B9FFE79C
:1031D00000F002FAFFE743F28461C2F200410020EE
:1031E000019088604860086043F24060C2F200408D
:1031F000B0EE080ADFED120A9FED121A40F6B83160
:103200004FF4FA720BF098FE019842F6F011C2F2F8
:1032100000414860086043F2A461C2F200410860C6
:1032200041F2E461C2F20041086043F28061C2F2FF
:103230000041087002B080BD000000000000424064
:103240000AD7A33C0000000080B5A8B006A90291EF
:10325000014602988DF89F1080ED200A1EA80CF000
:103260008FF808A80DF0DCFE43F28461C2F2004141
:1032700091ED000A0020B5EE400AF1EE10FA024688
:1032800018BF01228DF81F2001220A72097A0390CB
:1032900081B1FFE79DF890100020039051B1FFE746
:1032A00005F0A6FA2299411A0020652938BF0120AD
:1032B0000390FFE7039800F0010043F28461C2F23B
:1032C000004148729DF8710038B9FFE743F284610C
:1032D000C2F200410020887212E09DF81F0070B118
:1032E000FFE743F28460C2F20040407A38B9FFE75A
:1032F00043F28461C2F2004101208872FFE7FFE7D8
:103300009DF81F00C8B3FFE7BDF97A0000EE100A70
:10331000B8EEC00AB0EEC00A9FEDA91AB4EE410A99
:10332000F1EE10FA29DAFFE743F28060C2F20040C2
:10333000007870B9FFE743F28061C2F200410120DA
:10334000087005F055FA43F27C61C2F20041086052
:10335000FFE705F04DFA43F27C61C2F200410968D3
:10336000401AB0F5FA7F07D3FFE743F28461C2F257
:10337000004101208872FFE706E043F28061C2F25B
:10338000004100200870FFE743F28460C2F2004071
:10339000407A90B3FFE741F2E460C2F20040006877
:1033A0002399884229D1FFE72098219942F6F0120B
:1033B000C2F2004213685268C01A914119F0A5FC8C
:1033C00006909DF81F00B8B1FFE7029890ED000A43
:1033D000B5EE400AF1EE10FA0EDDFFE7029890ED2F
:1033E000001A43F2A460C2F2004090ED000A30EEF1
:1033F000010A80ED000AFFE706E043F2A461C2F291
:10340000004100200860FFE7239841F2E461C2F226
:10341000004108602098219A42F6F011C2F2004162
:103420004A6008600020C4F210700590FFE743F284
:10343000A460C2F2004090ED000A9FED621AB4EE63
:10344000410AF1EE10FA16DBFFE743F2A460C2F284
:10345000004090ED000A9FED5D1A30EE010A80ED0C
:10346000000A43F28461C2F20041486801304860BA
:1034700000F0AEF8DBE79DF89F0070B3FFE79DF822
:10348000710050B3FFE743F28460C2F20040407A1B
:1034900018B3FFE7012000BBFFE743F28460C2F2EC
:1034A0000040807AC8B9FFE7002028B9FFE72698D6
:1034B00014F092FD58B910E0029890ED200AB7EE92
:1034C000C00A51EC100B14F01FFD30B1FFE7029859
:1034D00090ED200A8DED010A04E09FED3B0A8DED91
:1034E000010AFFE79DED010A43F28460C2F2004049
:1034F00080ED000A0020ADF812009DF81F0098B181
:10350000FFE743F28460C2F2004090ED000AB5EE9E
:10351000400AF1EE10FA07D1FFE741F69860C2F2D7
:103520000040FEF7C9FFFFE743F28460C2F20040AB
:1035300090ED000AB5EE400AF1EE10FA07D1FFE770
:1035400043F24060C2F20040FFF70AF918E043F28C
:103550008460C2F2004090ED000ABDF97A0001EEED
:10356000100AF8EEC10A43F24060C2F200400BF0CC
:103570004FFCBDEEC00A10EE100AADF81200FFE7D6
:10358000BDF912000BF09CFFB8B1FFE741F698605F
:10359000C2F20040FEF790FF43F28461C2F20041A4
:1035A00000200090086043F24060C2F20040FFF744
:1035B000D7F800980BF084FFFFE728B080BD00BF6C
:1035C0000000C8420000104700000000000010C7C3
:1035D00080B50DF0F1FF80BD81B0EFF3108072B6C1
:1035E0000090FFE7FEE7000044F60C01C5F602017B
:1035F000086840F002000860FFE744F60400C5F6E2
:10360000020000688004002801D4FFE7F5E7704756
:1036100080B541F6F850C2F2004004F009F880BDD0
:1036200080B541F69860C2F2004004F001F880BD18
:1036300080B541F63870C2F2004003F0F9FF80BD5A
:1036400084B002900298406B009002980068D0F815
:1036500084004FF6FC718843009940EA810002998A
:103660000968C1F8840002980068D0F8840020F44A
:103670007F00029A1168926B40EA0240C1F8840010
:103680000298816B00980844009002980068D0F876
:1036900088006FF38F00009940EA81000299096861
:1036A000C1F8880002980068D0F8880020F4FE0075
:1036B000029A1168D26B40EA0240C1F88800029871
:1036C000C16B009800EB4100009002980068D0F8B0
:1036D000A0006FF38F00009940EA81000299096809
:1036E000C1F8A00002980068D0F8A00020F4FE0005
:1036F000029A1168126C40EA0240C1F8A0000299D7
:10370000086C496C009A00FB012000900298006848
:10371000D0F8B0006FF38F00009940EA8100029961
:103720000968C1F8B00002980068D0F8B00020F431
:10373000FE00029A1168926C40EA0240C1F8B000A3
:103740000299886CC96C009A00FB012000900298D5
:103750000068D0F8AC006FF38F00009940EA810058
:1037600002990968C1F8AC000299086D496D009A88
:1037700000FB0120009002980068D0F8F0006FF381
:103780008F00009940EA810002990968C1F8F000B1
:1037900002980068D0F8F00020F47C10029A1168BA
:1037A000926D40EA0240C1F8F0000298816D0098E5
:1037B00000EB4100009002980068D0F8C0006FF361
:1037C0008F00009940EA810002990968C1F8C000A1
:1037D00002980068D0F8C00020F47C10029A1168AA
:1037E000D26D40EA0240C1F8C00002980068D0F8EB
:1037F000C00020F07C50029A1168126E40EA02600C
:10380000C1F8C00002994A6B4AF60040C4F20000B9
:1038100000EB8200C86602998A6BC86E00EB8200DA
:1038200008670299CA6B086F00EBC20048670299EB
:103830000A6C4B6C486F5A4300EB82008867029910
:103840008A6CCB6C886F5A4300EB8200C867029980
:103850000A6D4B6DC86F5A4300EB8200C1F88000BF
:1038600002998A6DD1F8800000EBC200C1F8840093
:103870000299CA6D8B6ED1F884005A4300EB820026
:10388000C1F8880002990A6E8B6ED1F888005A43FD
:1038900000EB8200C1F890000298D0F890004DF241
:1038A000FD31C4F2000188420FD3FFE70299D1F83D
:1038B0009C0040F02000C1F89C000299032081F890
:1038C000980001208DF80F0017E00298C06E01905B
:1038D000FFE701980299D1F89010884208D2FFE7DB
:1038E000019900200860FFE7019804300190F0E79B
:1038F000FFE700208DF80F00FFE79DF80F0004B0F0
:10390000704700000000000088B007900691059203
:1039100004930698406848B9FFE7069801688268F2
:103920000069104340EA8140039009E0069801686D
:10393000826800691043084340F080400390FFE72D
:103940000698D0F820C0C16842698369C06940EA1E
:103950000C601843104340EA014002900798826EC1
:10396000D0F884000499514300EB81000190039842
:10397000019908600198043001900298019908604B
:1039800001980430019000200090FFE7009806990C
:10399000CA684DF20401C0F60101895C88420DD26B
:1039A000FFE7059800994058019908600198043094
:1039B0000190FFE7009804300090E7E708B07047F7
:1039C00080B582B00190FEF7FFF80090019943F2B4
:1039D0009062C2F20042106852684A600860009823
:1039E000FEF716FB02B080BD80B582B043F2906155
:1039F000C2F200410020486008600190FFE7019892
:103A000001281AD8FFE70198C0EBC00142F66C10FC
:103A1000C2F2004000EBC1009FED0C0ADFED0C0A82
:103A20009FED0C1A4FF47A614FF42F720BF084FA69
:103A3000FFE7019801300190E1E742F66871C2F2B8
:103A400000410020087002B080BD00BF33335340F6
:103A5000295C0F3D0000000080B596B008A90591D3
:103A600001460598159180ED0C0A0EA80BF060FD3B
:103A700004F0BEFE0D9001208DF8330000200B9065
:103A8000FFE70B98012828D8FFE70B9800EB4001CF
:103A90000EA800EB8100C079B0B1FFE70D980B993B
:103AA00001EB41020EA901EB82018968401A6428EA
:103AB0000AD8FFE70B9800EB40010EA800EB81004D
:103AC0008079502804D3FFE700208DF83300FFE70A
:103AD000FFE70B9801300B90D3E7159890F8510051
:103AE00038B9FFE743F29061C2F2004100208871CB
:103AF00012E043F29060C2F20040407958B1FFE713
:103B00009DF8330038B9FFE743F29061C2F20041FB
:103B100001208871FFE7FFE7159890F85110002009
:103B20000490B9B1FFE7159890F852100020049066
:103B300081B1FFE79DF833100020049051B1FFE7F9
:103B400043F29060C2F200408079B0FA80F0400900
:103B50000490FFE7049800F001008DF82B009DF819
:103B60002B0060BBFFE743F29060C2F20040407957
:103B700038B1FFE741F6F850C2F20040FEF79CFC76
:103B8000FFE743F29061C2F2004100200390087108
:103B90004871086042F66871C2F20041087042F64E
:103BA0006C10C2F200400290FEF7DAFD0298383045
:103BB000FEF7D6FD039908460BF032FD10E1002018
:103BC00028B9FFE7149814F013FA58B91EE00598C5
:103BD00090ED0C0AB7EEC00A51EC100B14F0A4F9EA
:103BE000A0B1FFE7059890ED0C0AB5EE400AF1EEA2
:103BF00010FA0BDDFFE7059890ED0C0A9FED791A9E
:103C0000B4EE410AF1EE10FA06DDFFE741F26F2053
:103C1000C3F603301490FFE7059943F29060C2F2B7
:103C200000400122427191ED0C1A90ED000A9FEDC7
:103C30006E2AA1EE020A80ED000A90ED000A9FEDC7
:103C40006B1AB4EE410AF1EE10FA0ADDFFE743F217
:103C50009061C2F200414CF20000C4F2C150086011
:103C6000FFE7059843F29061C2F2004191ED001A1E
:103C70009FED5F0A30EE410A80ED010A0968089164
:103C800090ED010ABDF93A0001EE100AF8EEC10A02
:103C900042F66C10C2F2004000900BF0B9F80599A2
:103CA0000098BDEEC00A10EE102AADF81E2091ED6E
:103CB000000ABDF9461001EE101AF8EEC10A3830BC
:103CC0000BF0A6F8BDEEC00A10EE100AADF81C000D
:103CD000BDF91E00BDF91C100BF0A2FC8DF81B00F5
:103CE0009DF81B100020002901903FD1FFE743F20F
:103CF0009060C2F2004090ED000A00209FED3B1A58
:103D0000B4EE410AF1EE10FA01902FD1FFE70598C9
:103D100090ED010ABDF93A0001EE100AB8EEC11AA1
:103D200030EE410AB0EEC00A00209FED321AB4EE28
:103D3000410AF1EE10FA019018DCFFE7059890EDCA
:103D4000000ABDF9460001EE100AB8EEC11A30EEC5
:103D5000410AB0EEC00A9FED271A0020B4EE410AD6
:103D6000F1EE10FAD8BF01200190FFE7019800F0B2
:103D700001008DF81A009DF81A0060B9FFE743F2C0
:103D80009061C2F200410020087142F66871C2F2EF
:103D90000041087024E042F66870C2F200400078EA
:103DA00068B9FFE70D9842F66471C2F200410860FD
:103DB00042F66871C2F2004101200870FFE70D98D9
:103DC00042F66471C2F200410968411A0020C72915
:103DD00088BF012043F29061C2F200410871FFE701
:103DE00016B080BD0AD7A33C0000FA4500C0C1450B
:103DF000000000800000964384B002900191ADF86D
:103E00000220029828B9FFE74FF6FF70ADF80E00C8
:103E100021E0FFE70198411E0191B8B1FFE7029848
:103E2000411C029100788DF80100BDF802109DF848
:103E300001004840C2B24DF2B410C0F6010030F8A3
:103E4000120080EA1120ADF80200E3E7BDF802009D
:103E5000ADF80E00FFE7BDF80E0004B0704700009B
:103E600083B0029001918DF80320FFE70198411E75
:103E7000019198B1FFE79DF8030002994A1C029254
:103E8000097848408DF802009DF802104CF6D06089
:103E9000C0F60100405C8DF80300E7E79DF80300E1
:103EA00003B070470000000080B584B04EF60000FB
:103EB000C1F6F170006803904EF60400C1F6F1708F
:103EC000006802904EF60800C1F6F170006801909B
:103ED0000199039808440390039888B1FFE7039879
:103EE00040F2E401C2F200410091023108220BF0DD
:103EF0004BF800990298123104220BF045F8FFE7C5
:103F000004B080BD0000000080B5A6B025900DF083
:103F1000D3F80CF0D9FEFEF753FC0DF0F9F941F699
:103F2000F850C2F20040FEF7FBFAA0B9FFE741F6F5
:103F30009860C2F20040FEF7F3FA60B9FFE741F67D
:103F40003870C2F20040FEF7EBFA20B9FFE7FDF748
:103F500003FF18B1FFE7FFF73FFBFFE741F6200043
:103F6000C2F200400068012114F066FEC00F18B1D3
:103F7000FFE7FFF731FBFFE714F012FF249004F096
:103F800037FC23902398229000208DF88700FFE7CC
:103F900004F02EFC209020982399401A00EE100A7D
:103FA000B8EE400A9FED501A80EE010A8DED1F0A0F
:103FB00020982390FDF7C0FF09A80DF031F89DF877
:103FC000870058B1FFE79DF8750038B9FFE741F663
:103FD0003870C2F20040FEF76FFAFFE79DF87500F7
:103FE0008DF887009DED1F0A09A8FEF7FDFB06A8C6
:103FF0000DF076F903A8FFF7BFF8FDF7B5FD0290C5
:104000009DED090AB0EE041A80EE010A9FED371A01
:1040100020EE010ABDEEC00A10EE100A40F2701246
:10402000C2F2004210809DED0A0AB0EE002A80EE36
:10403000020A20EE010ABDEEC00A10EE100A5080FE
:10404000002090809DED0D0AB1EE082A80EE020A54
:1040500020EE010ABDEEC00A10EE101A11819DED8E
:104060001B0A20EE010ABDEEC00A10EE101AD18024
:104070009DF8761051779DF82010019059B1FFE717
:104080009DED030A0020B5EE400AF1EE10FA18BFCC
:1040900001200190FFE7019800F00100002818BFFF
:1040A000022040F27011C2F20041C8769DED030A71
:1040B0000020B5EE400AF1EE10FA18BF0120887317
:1040C0000298FDF781FF20982299401A0A2805D30B
:1040D000FFE720982290FEF787F8FFE724A8022147
:1040E00000F006F854E700BF00007A4400002544C1
:1040F00080B586B0059004910498009014F064FE99
:1041000001460098484300F2E73044F6D351C1F22B
:104110006201A0FB011080090390039818B9FFE722
:1041200001200390FFE70598006803990844029076
:1041300014F036FE019002980199401A002805DC1F
:10414000FFE70198039908440290FFE70298059958
:104150000860029814F000FD06B080BD0000000069
:1041600080B541F62000C2F2004000680121032220
:104170004FF0FF3314F0A4FDC00F18B1FFE7FFF7B5
:104180002BFAFFE780BD000087B0069005910492EE
:1041900000208DF80F001F2002909DF81400C0072A
:1041A00020B9FFE701208DF80F004BE0FFE70299EF
:1041B000481E02900020019051B1FFE70598029936
:1041C00001F01F0120FA01F1012088430190FFE76F
:1041D0000198C00708B1FFE7E9E7049800901828A4
:1041E0002BD80099DFE801F0282929292929292934
:1041F0001F2929292929292916292929292929294C
:104200000D000298072804D3FFE701208DF80F0066
:10421000FFE716E00298082804D3FFE701208DF895
:104220000F00FFE70DE00298102804D3FFE70120FC
:104230008DF80F00FFE704E003E001208DF80F0088
:10424000FFE7FFE79DF80F0078B9FFE705980699AB
:104250000968486106980068806820F01800049991
:104260000843069909688860FFE79DF80F0007B0CA
:10427000704700000000000080B582B000900098F8
:1042800020B9FFE701208DF8070057E00098407F34
:1042900038B9FFE7009900200877009800F054F83B
:1042A000FFE70099022048770098007980B9FFE77E
:1042B0000098016841F6B750C0F2C14048610098CB
:1042C0000068806820F018000099096888600BE099
:1042D00000988168C268FFF757FF20B1FFE701200F
:1042E0008DF807002AE0FFE70098407930B9FFE732
:1042F000009801684FF0FF30086104E00098016801
:1043000000690861FFE700980068806820F060009D
:10431000009A1168526910438860009800688068AC
:1043200020F08000009A116892691043886000991B
:104330000120487700208DF80700FFE79DF807006F
:1043400002B080BD0000000082B0019001980068BA
:1043500044F60041C5F60201884210D1FFE7FFE7AD
:1043600044F2E040C5F60200016841F4002101601A
:10437000006800F4002000900098FFE7FFE702B01B
:10438000704700000000000080B58AB0089004F07B
:104390002FFA0490089828B9FFE701208DF827002C
:1043A00000F0AABC089890F8350002280ED0FFE76C
:1043B000089980204865FFE70899002081F83400BB
:1043C000FFE701208DF8270000F096BC08980168EF
:1043D00001201022C4F202029142039000F0A38057
:1043E000FFE70898016801202822C4F202029142E6
:1043F000039000F09880FFE70898016801204022B0
:10440000C4F202029142039000F08D80FFE7089809
:10441000016801205822C4F202029142039000F088
:104420008280FFE70898016801207022C4F202022E
:104430009142039077D0FFE7089801680120882215
:10444000C4F20202914203906DD0FFE70898016820
:104450000120A022C4F202029142039063D0FFE740
:10446000089801680120B822C4F202029142039028
:1044700059D0FFE708980168012040F21042C4F2C9
:104480000202914203904ED0FFE708980168012094
:1044900040F22842C4F202029142039043D0FFE767
:1044A00008980168012040F24042C4F202029142A1
:1044B000039038D0FFE708980168012040F2584285
:1044C000C4F20202914203902DD0FFE708980168E0
:1044D000012040F27042C4F202029142039022D0C5
:1044E000FFE708980168012040F28842C4F2020206
:1044F0009142039017D0FFE708980168012040F22D
:10450000A042C4F20202914203900CD0FFE7089847
:1045100000684FF64831CBF6FD710844B0FA80F0E0
:1045200040090390FFE70398C00780B1FFE70898B0
:104530000168086820F01E00086008980168486952
:1045400020F08000486108980068059009E008980C
:104550000168086820F00E0008600898006805905F
:10456000FFE70898016801201022C4F2020291427C
:10457000029000F00381FFE70898016801202822DB
:10458000C4F202029142029000F0F880FFE708981E
:10459000016801204022C4F202029142029000F020
:1045A000ED80FFE70898016801205822C4F202025A
:1045B0009142029000F0E280FFE708980168012034
:1045C0007022C4F202029142029000F0D780FFE70D
:1045D0000898016801208822C4F2020291420290E8
:1045E00000F0CC80FFE7089801680120A022C4F207
:1045F00002029142029000F0C180FFE70898016832
:104600000120B822C4F202029142029000F0B6806A
:10461000FFE708980168012040F21042C4F202024C
:104620009142029000F0AA80FFE7089801680120FB
:1046300040F22842C4F202029142029000F09E80B1
:10464000FFE708980168012040F24042C4F20202EC
:104650009142029000F09280FFE7089801680120E3
:1046600040F25842C4F202029142029000F0868069
:10467000FFE708980168012040F27042C4F202028C
:10468000914202907AD0FFE708980168012040F239
:104690008842C4F20202914202906FD0FFE708986C
:1046A0000168012040F2A042C4F20202914202904D
:1046B00064D0FFE708980168012040F2B842C4F2D4
:1046C00002029142029059D0FFE708980168012048
:1046D00045F20842C5F60202914202904ED0FFE731
:1046E00008980168012045F21C42C5F60202914279
:1046F000029043D0FFE708980168012045F230425C
:10470000C5F602029142029038D0FFE7089801688E
:10471000012045F24442C5F60202914202902DD09A
:10472000FFE708980168012045F25842C5F60202E9
:104730009142029022D0FFE708980168012045F2DB
:104740006C42C5F602029142029017D0FFE708982A
:104750000168012045F28042C5F6020291420290B2
:104760000CD0FFE7089800684AF66C31CAF2FD7178
:104770000844B0FA80F040090290FFE70298C007B1
:1047800038B1FFE70898016E086820F4807008606F
:10479000FFE7089800681021C4F20201884200F087
:1047A0008180FFE7089800682821C4F2020188424E
:1047B00078D0FFE7089800684021C4F202018842DF
:1047C00070D0FFE7089800685821C4F202018842BF
:1047D00068D0FFE7089800687021C4F2020188429F
:1047E00060D0FFE7089800688821C4F2020188427F
:1047F00058D0FFE708980068A021C4F2020188425F
:1048000050D0FFE708980068B821C4F2020188423E
:1048100048D0FFE70898006840F21041C4F2020156
:1048200088423FD0FFE70898006840F22841C4F270
:104830000201884236D0FFE70898006840F2404104
:10484000C4F2020188422DD0FFE70898006840F2C8
:104850005841C4F20201884224D0FFE7089800685A
:1048600040F27041C4F2020188421BD0FFE7089871
:10487000006840F28841C4F20201884212D0FFE78A
:104880000898006840F2A041C4F20201884209D0B1
:10489000FFE70898006840F2B841C4F2020188427C
:1048A00007D1FFE708980168086820F00100086058
:1048B00006E008980168086820F001000860FFE73A
:1048C000FFE705980068C007C8B1FFE703F090FF55
:1048D0000499401A062811D3FFE70899202048655B
:1048E0000899032081F83500FFE70899002081F836
:1048F0003400FFE701208DF82700FDE1E1E708988B
:10490000016801201022C4F202029142019000F0DD
:10491000A380FFE70898016801202822C4F2020260
:104920009142019000F09880FFE70898016801200B
:104930004022C4F202029142019000F08D80FFE714
:104940000898016801205822C4F2020291420190A5
:1049500000F08280FFE70898016801207022C4F20D
:1049600002029142019077D0FFE708980168012088
:104970008822C4F20202914201906DD0FFE70898AC
:1049800001680120A022C4F202029142019063D08A
:10499000FFE7089801680120B822C4F202029142A0
:1049A000019059D0FFE708980168012040F21042B9
:1049B000C4F20202914201904ED0FFE708980168CC
:1049C000012040F22842C4F202029142019043D0F9
:1049D000FFE708980168012040F24042C4F2020259
:1049E0009142019038D0FFE708980168012040F219
:1049F0005842C4F20202914201902DD0FFE708987C
:104A00000168012040F27042C4F20202914201901A
:104A100022D0FFE708980168012040F28842C4F2E2
:104A200002029142019017D0FFE708980168012027
:104A300040F2A042C4F20202914201900CD0FFE782
:104A4000089800684FF64831CBF6FD710844B0FA7B
:104A500080F040090190FFE70198C00760B1FFE7CF
:104A60000898806D07900898C06D00F01F013F20E6
:104A70008840079988600BE00898806D0690089838
:104A8000C06D00F01F010120884006994860FFE7D3
:104A90000898016801201022C4F20202914200909D
:104AA00000F00381FFE70898016801202822C4F282
:104AB00002029142009000F0F880FFE70898016838
:104AC00001204022C4F202029142009000F0ED80E9
:104AD000FFE70898016801205822C4F202029142BF
:104AE000009000F0E280FFE7089801680120702242
:104AF000C4F202029142009000F0D780FFE70898CC
:104B0000016801208822C4F202029142009000F064
:104B1000CC80FFE7089801680120A022C4F20202BD
:104B20009142009000F0C180FFE7089801680120E1
:104B3000B822C4F202029142009000F0B680FFE772
:104B400008980168012040F21042C4F2020291422A
:104B5000009000F0AA80FFE708980168012040F269
:104B60002842C4F202029142009000F09E80FFE7CA
:104B700008980168012040F24042C4F202029142CA
:104B8000009000F09280FFE708980168012040F251
:104B90005842C4F202029142009000F08680FFE782
:104BA00008980168012040F27042C4F2020291426A
:104BB00000907AD0FFE708980168012040F288420F
:104BC000C4F20202914200906FD0FFE7089801689A
:104BD000012040F2A042C4F202029142009064D04F
:104BE000FFE708980168012040F2B842C4F20202CF
:104BF0009142009059D0FFE708980168012045F2E2
:104C00000842C5F60202914200904ED0FFE7089894
:104C10000168012045F21C42C5F602029142009053
:104C200043D0FFE708980168012045F23042C5F6FD
:104C300002029142009038D0FFE7089801680120F5
:104C400045F24442C5F60202914200902DD0FFE7A2
:104C500008980168012045F25842C5F602029142C7
:104C6000009022D0FFE708980168012045F26C42CD
:104C7000C5F602029142009017D0FFE7089801683C
:104C8000012045F28042C5F60202914200900CD00C
:104C9000FFE7089800684AF66C31CAF2FD710844D3
:104CA000B0FA80F040090090FFE70098C007A0B17B
:104CB000FFE70898416E806E48600898C06E58B152
:104CC000FFE70898C16E086820F4807008600898B3
:104CD000016F406F4860FFE7FFE70899012081F806
:104CE0003500FFE70899002081F83400FFE7FFE76F
:104CF00000208DF82700FFE79DF827000AB080BD4F
:104D000080B586B00490049820B9FFE701208DF8A3
:104D1000170046E3049890F83500022807D0FFE713
:104D200004998020486501208DF8170039E3049824
:104D3000016801201022C4F202029142029000F0A8
:104D4000A380FFE70498016801202822C4F2020230
:104D50009142029000F09880FFE7049801680120DA
:104D60004022C4F202029142029000F08D80FFE7DF
:104D70000498016801205822C4F202029142029074
:104D800000F08280FFE70498016801207022C4F2DD
:104D900002029142029077D0FFE704980168012057
:104DA0008822C4F20202914202906DD0FFE704987B
:104DB00001680120A022C4F202029142029063D055
:104DC000FFE7049801680120B822C4F20202914270
:104DD000029059D0FFE704980168012040F2104288
:104DE000C4F20202914202904ED0FFE7049801689B
:104DF000012040F22842C4F202029142029043D0C4
:104E0000FFE704980168012040F24042C4F2020228
:104E10009142029038D0FFE704980168012040F2E7
:104E20005842C4F20202914202902DD0FFE704984A
:104E30000168012040F27042C4F2020291420290E5
:104E400022D0FFE704980168012040F28842C4F2B2
:104E500002029142029017D0FFE7049801680120F6
:104E600040F2A042C4F20202914202900CD0FFE74D
:104E7000049800684FF64831CBF6FD710844B0FA4B
:104E800080F040090290FFE70298C007002800F078
:104E90009D80FFE70499042081F83500049800689C
:104EA0001021C4F20201884200F08180FFE70498DB
:104EB00000682821C4F20201884278D0FFE70498F4
:104EC00000684021C4F20201884270D0FFE70498D4
:104ED00000685821C4F20201884268D0FFE70498B4
:104EE00000687021C4F20201884260D0FFE7049894
:104EF00000688821C4F20201884258D0FFE7049874
:104F00000068A021C4F20201884250D0FFE7049853
:104F10000068B821C4F20201884248D0FFE7049833
:104F2000006840F21041C4F2020188423FD0FFE71E
:104F30000498006840F22841C4F20201884236D049
:104F4000FFE70498006840F24041C4F20201884241
:104F50002DD0FFE70498006840F25841C4F20201E6
:104F6000884224D0FFE70498006840F27041C4F200
:104F7000020188421BD0FFE70498006840F2884194
:104F8000C4F20201884212D0FFE70498006840F2A0
:104F9000A041C4F20201884209D0FFE704980068EA
:104FA00040F2B841C4F20201884207D1FFE70498F9
:104FB0000168086820F00100086006E004980168B4
:104FC000086820F001000860FFE7E5E10498016847
:104FD000086820F00E000860049800681021C4F2F0
:104FE0000201884200F08180FFE7049800682821D0
:104FF000C4F20201884278D0FFE70498006840219B
:10500000C4F20201884270D0FFE70498006858217A
:10501000C4F20201884268D0FFE70498006870215A
:10502000C4F20201884260D0FFE70498006888213A
:10503000C4F20201884258D0FFE704980068A0211A
:10504000C4F20201884250D0FFE704980068B821FA
:10505000C4F20201884248D0FFE70498006840F299
:105060001041C4F2020188423FD0FFE70498006873
:1050700040F22841C4F20201884236D0FFE704988A
:10508000006840F24041C4F2020188422DD0FFE79F
:105090000498006840F25841C4F20201884224D0CA
:1050A000FFE70498006840F27041C4F202018842B0
:1050B0001BD0FFE70498006840F28841C4F2020167
:1050C000884212D0FFE70498006840F2A041C4F281
:1050D0000201884209D0FFE70498006840F2B84115
:1050E000C4F20201884207D1FFE70498016808680A
:1050F00020F00100086006E004980168086820F0CC
:1051000001000860FFE70498016801201022C4F242
:1051100002029142019000F00381FFE704980168C8
:1051200001202822C4F202029142019000F0F8808E
:10513000FFE70498016801204022C4F20202914274
:10514000019000F0ED80FFE70498016801205822EB
:10515000C4F202029142019000F0E280FFE704985D
:10516000016801207022C4F202029142019000F015
:10517000D780FFE70498016801208822C4F2020268
:105180009142019000F0CC80FFE704980168012073
:10519000A022C4F202029142019000F0C180FFE718
:1051A000049801680120B822C4F2020291420190E1
:1051B00000F0B680FFE704980168012040F2104239
:1051C000C4F202029142019000F0AA80FFE7049825
:1051D0000168012040F22842C4F20202914201908B
:1051E00000F09E80FFE704980168012040F24042F1
:1051F000C4F202029142019000F09280FFE704980D
:105200000168012040F25842C4F20202914201902A
:1052100000F08680FFE704980168012040F27042A8
:10522000C4F20202914201907AD0FFE7049801682B
:10523000012040F28842C4F20202914201906FD0F4
:10524000FFE704980168012040F2A042C4F2020284
:105250009142019064D0FFE704980168012040F278
:10526000B842C4F202029142019059D0FFE704987B
:105270000168012045F20842C5F602029142019000
:105280004ED0FFE704980168012045F21C42C5F6A4
:1052900002029142019043D0FFE704980168012087
:1052A00045F23042C5F602029142019038D0FFE744
:1052B00004980168012045F24442C5F60202914279
:1052C00001902DD0FFE704980168012045F2584273
:1052D000C5F602029142019022D0FFE704980168CE
:1052E000012045F26C42C5F602029142019017D0AE
:1052F000FFE704980168012045F28042C5F60202EA
:10530000914201900CD0FFE7049800684AF66C3196
:10531000CAF2FD710844B0FA80F040090190FFE73D
:105320000198C00728B3FFE70498016E086820F4CD
:10533000807008600498806D03900498C06D00F040
:105340001F0101208840039948600498416E806ED7
:1053500048600498C06E58B1FFE70498C16E0868B1
:1053600020F4807008600498016F406F4860FFE788
:10537000FFE70499012081F83500FFE70499002038
:1053800081F83400FFE70498006D20B1FFE704982E
:10539000016D8847FFE7FFE7FFE700208DF8170062
:1053A000FFE79DF8170006B080BD00000000000078
:1053B00081B000900098406D01B07047000000007F
:1053C00080B590B00F9000200B9040F22800C2F200
:1053D0000040006848F2B511C1F64E31A0FB011043
:1053E000800A0A900F98806D09900F98806D089040
:1053F000099800680E90089800680D900F98016851
:1054000001201022C4F202029142079000F0A38012
:10541000FFE70F98016801202822C4F2020291429E
:10542000079000F09880FFE70F9801680120402264
:10543000C4F202029142079000F08D80FFE70F98BE
:10544000016801205822C4F202029142079000F044
:105450008280FFE70F98016801207022C4F20202E7
:105460009142079077D0FFE70F98016801208822CA
:10547000C4F20202914207906DD0FFE70F980168D5
:105480000120A022C4F202029142079063D0FFE7FC
:105490000F9801680120B822C4F2020291420790DD
:1054A00059D0FFE70F980168012040F21042C4F282
:1054B0000202914207904ED0FFE70F980168012049
:1054C00040F22842C4F202029142079043D0FFE723
:1054D0000F980168012040F24042C4F2020291425A
:1054E000079038D0FFE70F980168012040F258423A
:1054F000C4F20202914207902DD0FFE70F98016895
:10550000012040F27042C4F202029142079022D080
:10551000FFE70F980168012040F28842C4F20202BE
:105520009142079017D0FFE70F980168012040F2E1
:10553000A042C4F20202914207900CD0FFE70F98FC
:1055400000684FF64831CBF6FD710844B0FA80F0A0
:1055500040090790FFE70798C007002800F013856F
:10556000FFE70E980F99C96D01F01F01C8400007B1
:10557000002840F1B080FFE70F9800681021C4F2C6
:105580000201884200F08180FFE70F98006828211F
:10559000C4F20201884278D0FFE70F9800684021EA
:1055A000C4F20201884270D0FFE70F9800685821CA
:1055B000C4F20201884268D0FFE70F9800687021AA
:1055C000C4F20201884260D0FFE70F98006888218A
:1055D000C4F20201884258D0FFE70F980068A0216A
:1055E000C4F20201884250D0FFE70F980068B8214A
:1055F000C4F20201884248D0FFE70F98006840F2E9
:105600001041C4F2020188423FD0FFE70F980068C2
:1056100040F22841C4F20201884236D0FFE70F98D9
:10562000006840F24041C4F2020188422DD0FFE7F9
:105630000F98006840F25841C4F20201884224D019
:10564000FFE70F98006840F27041C4F202018842FF
:105650001BD0FFE70F98006840F28841C4F20201B6
:10566000884212D0FFE70F98006840F2A041C4F2D0
:105670000201884209D0FFE70F98006840F2B84164
:10568000C4F20201884207D1FFE70F980068006862
:1056900000F00400069006E00F980068006800F033
:1056A00008000690FFE70698A0B1FFE70F98016891
:1056B000086820F0040008600F98C06D00F01F011A
:1056C00008208840099988600F99486D40F00100D2
:1056D0004865FFE7FFE70E980F99C96D01F01F01BC
:1056E000C840C007002800F0A980FFE70F980068B5
:1056F0001021C4F20201884200F08180FFE70F9878
:1057000000682821C4F20201884278D0FFE70F9890
:1057100000684021C4F20201884270D0FFE70F9870
:1057200000685821C4F20201884268D0FFE70F9850
:1057300000687021C4F20201884260D0FFE70F9830
:1057400000688821C4F20201884258D0FFE70F9810
:105750000068A021C4F20201884250D0FFE70F98F0
:105760000068B821C4F20201884248D0FFE70F98D0
:10577000006840F21041C4F2020188423FD0FFE7C6
:105780000F98006840F22841C4F20201884236D0E6
:10579000FFE70F98006840F24041C4F202018842DE
:1057A0002DD0FFE70F98006840F25841C4F2020183
:1057B000884224D0FFE70F98006840F27041C4F29D
:1057C000020188421BD0FFE70F98006840F2884131
:1057D000C4F20201884212D0FFE70F98006840F23D
:1057E000A041C4F20201884209D0FFE70F98006887
:1057F00040F2B841C4F20201884207D1FFE70F9896
:105800000068406900F08000059005E00F9800688E
:10581000006800200590FFE7059870B1FFE70F983A
:10582000C06D00F01F0101208840099988600F9920
:10583000486D40F002004865FFE7FFE70E980F99BA
:10584000C96D01F01F01C8404007002840F1A98040
:10585000FFE70F9800681021C4F20201884200F0AF
:105860008180FFE70F9800682821C4F20201884276
:1058700078D0FFE70F9800684021C4F20201884207
:1058800070D0FFE70F9800685821C4F202018842E7
:1058900068D0FFE70F9800687021C4F202018842C7
:1058A00060D0FFE70F9800688821C4F202018842A7
:1058B00058D0FFE70F980068A021C4F20201884287
:1058C00050D0FFE70F980068B821C4F20201884267
:1058D00048D0FFE70F98006840F21041C4F202017F
:1058E00088423FD0FFE70F98006840F22841C4F299
:1058F0000201884236D0FFE70F98006840F240412D
:10590000C4F2020188422DD0FFE70F98006840F2F0
:105910005841C4F20201884224D0FFE70F98006882
:1059200040F27041C4F2020188421BD0FFE70F9899
:10593000006840F28841C4F20201884212D0FFE7B9
:105940000F98006840F2A041C4F20201884209D0D9
:10595000FFE70F98006840F2B841C4F202018842A4
:1059600007D1FFE70F980068006800F0020004907C
:1059700005E00F980068006800200490FFE7049895
:1059800070B1FFE70F98C06D00F01F010420884040
:10599000099988600F99486D40F004004865FFE759
:1059A000FFE70E980F99C96D01F01F01C840C006AE
:1059B000002840F1DE80FFE70F9800681021C4F254
:1059C0000201884200F08180FFE70F9800682821DB
:1059D000C4F20201884278D0FFE70F9800684021A6
:1059E000C4F20201884270D0FFE70F980068582186
:1059F000C4F20201884268D0FFE70F980068702166
:105A0000C4F20201884260D0FFE70F980068882145
:105A1000C4F20201884258D0FFE70F980068A02125
:105A2000C4F20201884250D0FFE70F980068B82105
:105A3000C4F20201884248D0FFE70F98006840F2A4
:105A40001041C4F2020188423FD0FFE70F9800687E
:105A500040F22841C4F20201884236D0FFE70F9895
:105A6000006840F24041C4F2020188422DD0FFE7B5
:105A70000F98006840F25841C4F20201884224D0D5
:105A8000FFE70F98006840F27041C4F202018842BB
:105A90001BD0FFE70F98006840F28841C4F2020172
:105AA000884212D0FFE70F98006840F2A041C4F28C
:105AB0000201884209D0FFE70F98006840F2B84120
:105AC000C4F20201884207D1FFE70F98006800681E
:105AD00000F00800039006E00F980068006800F0EE
:105AE00004000390FFE70398002841D0FFE70F98D8
:105AF000C06D00F01F0110208840099988600F9840
:105B000000680068400300281AD5FFE70F98006876
:105B100000680003002809D4FFE70F98006C20B14B
:105B2000FFE70F98016C8847FFE708E00F98806C4B
:105B300020B1FFE70F98816C8847FFE7FFE716E089
:105B40000F9800680068C005002807D4FFE70F9889
:105B50000168086820F008000860FFE70F98006CF3
:105B600020B1FFE70F98016C8847FFE7FFE7FFE7E9
:105B7000FFE70E980F99C96D01F01F01C84080061C
:105B8000002840F12681FFE70F9800681021C4F239
:105B90000201884200F08180FFE70F980068282109
:105BA000C4F20201884278D0FFE70F9800684021D4
:105BB000C4F20201884270D0FFE70F9800685821B4
:105BC000C4F20201884268D0FFE70F980068702194
:105BD000C4F20201884260D0FFE70F980068882174
:105BE000C4F20201884258D0FFE70F980068A02154
:105BF000C4F20201884250D0FFE70F980068B82134
:105C0000C4F20201884248D0FFE70F98006840F2D2
:105C10001041C4F2020188423FD0FFE70F980068AC
:105C200040F22841C4F20201884236D0FFE70F98C3
:105C3000006840F24041C4F2020188422DD0FFE7E3
:105C40000F98006840F25841C4F20201884224D003
:105C5000FFE70F98006840F27041C4F202018842E9
:105C60001BD0FFE70F98006840F28841C4F20201A0
:105C7000884212D0FFE70F98006840F2A041C4F2BA
:105C80000201884209D0FFE70F98006840F2B8414E
:105C9000C4F20201884207D1FFE70F98006800684C
:105CA00000F01000029006E00F980068006800F015
:105CB00002000290FFE70298002800F08980FFE7C9
:105CC0000F98C06D00F01F0120208840099988605E
:105CD0000F9890F83500042837D1FFE70F98016836
:105CE000086820F0160008600F980168486920F0E5
:105CF000800048610F98006C20B9FFE70F98806C16
:105D000038B1FFE70F980168086820F008000860C4
:105D1000FFE70F98C06D00F01F013F2088400999F0
:105D200088600F99012081F83500FFE70F99002066
:105D300081F83400FFE70F98006D20B1FFE70F985E
:105D4000016D8847FFE700F019BC0F9800680068F4
:105D5000400300281AD5FFE70F9800680068000389
:105D6000002809D4FFE70F98406C20B1FFE70F9897
:105D7000416C8847FFE708E00F98C06B20B1FFE750
:105D80000F98C16B8847FFE7FFE720E00F98006896
:105D90000068C005002811D4FFE70F980168086863
:105DA00020F0100008600F99012081F83500FFE70E
:105DB0000F99002081F83400FFE7FFE70F98C06BD0
:105DC00020B1FFE70F98C16B8847FFE7FFE7FFE7C8
:105DD000FFE70F98406D002800F0D480FFE70F9890
:105DE000406DC007002800F0C480FFE70F99042031
:105DF00081F835000F9800681021C4F20201884232
:105E000000F08180FFE70F9800682821C4F20201AA
:105E1000884278D0FFE70F9800684021C4F2020161
:105E2000884270D0FFE70F9800685821C4F2020141
:105E3000884268D0FFE70F9800687021C4F2020121
:105E4000884260D0FFE70F9800688821C4F2020101
:105E5000884258D0FFE70F980068A021C4F20201E1
:105E6000884250D0FFE70F980068B821C4F20201C1
:105E7000884248D0FFE70F98006840F21041C4F212
:105E8000020188423FD0FFE70F98006840F22841A6
:105E9000C4F20201884236D0FFE70F98006840F252
:105EA0004041C4F2020188422DD0FFE70F980068FC
:105EB00040F25841C4F20201884224D0FFE70F9813
:105EC000006840F27041C4F2020188421BD0FFE733
:105ED0000F98006840F28841C4F20201884212D053
:105EE000FFE70F98006840F2A041C4F20201884227
:105EF00009D0FFE70F98006840F2B841C4F20201F0
:105F0000884207D1FFE70F980168086820F0010078
:105F1000086006E00F980168086820F0010008603A
:105F2000FFE7FFE70B9801300B900A99884201D9EF
:105F3000FFE707E0FFE70F9800680068C007002848
:105F4000F0D1FFE70F9800680068C00728B1FFE7AD
:105F50000F99032081F8350004E00F99012081F8A2
:105F60003500FFE7FFE70F99002081F83400FFE7D5
:105F7000FFE70F98C06C20B1FFE70F98C16C88470E
:105F8000FFE7FFE7FAE20F980168012045F20842B7
:105F9000C5F60202914201904ED0FFE70F980168CA
:105FA000012045F21C42C5F602029142019043D005
:105FB000FFE70F980168012045F23042C5F6020262
:105FC0009142019038D0FFE70F980168012045F217
:105FD0004442C5F60202914201902DD0FFE70F988E
:105FE0000168012045F25842C5F602029142019033
:105FF00022D0FFE70F980168012045F26C42C5F6F8
:1060000002029142019017D0FFE70F98016801202A
:1060100045F28042C5F60202914201900CD0FFE7A2
:106020000F9800684AF66C31CAF2FD710844B0FA64
:1060300080F040090190FFE70198C007002800F0B8
:106040009B82FFE70F98006800680C900D980F99ED
:10605000C96D01F01F01C8404007002840F1D780FA
:10606000FFE79DF830004007002840F1D080FFE7AF
:106070000F98C06D00F01F01042088400899486007
:106080009DF831000006002818D5FFE79DF8320082
:10609000C00748B9FFE70F98806C20B1FFE70F9861
:1060A000816C8847FFE708E00F98006C20B1FFE79C
:1060B0000F98016C8847FFE7FFE7A7E09DF83000E5
:1060C0008006002800F19980FFE70F9800681021F2
:1060D000C4F20201884200F08180FFE70F98006857
:1060E0002821C4F20201884278D0FFE70F980068A7
:1060F0004021C4F20201884270D0FFE70F98006887
:106100005821C4F20201884268D0FFE70F98006866
:106110007021C4F20201884260D0FFE70F98006846
:106120008821C4F20201884258D0FFE70F98006826
:10613000A021C4F20201884250D0FFE70F98006806
:10614000B821C4F20201884248D0FFE70F980068E6
:1061500040F21041C4F2020188423FD0FFE70F989D
:10616000006840F22841C4F20201884236D0FFE7BD
:106170000F98006840F24041C4F2020188422DD0DD
:10618000FFE70F98006840F25841C4F202018842CC
:1061900024D0FFE70F98006840F27041C4F202017A
:1061A00088421BD0FFE70F98006840F28841C4F294
:1061B0000201884212D0FFE70F98006840F2A04128
:1061C000C4F20201884209D0FFE70F98006840F24C
:1061D000B841C4F20201884207D1FFE70F98016875
:1061E000086820F00800086006E00F980168086859
:1061F00020F004000860FFE7FFE70F98006C20B173
:10620000FFE70F98016C8847FFE7FFE7B3E10D98C0
:106210000F99C96D01F01F01C8408007002840F1A7
:10622000E180FFE79DF830008007002840F1DA8028
:10623000FFE70F98C06D00F01F0102208840089909
:1062400048609DF831000006002818D5FFE79DF84A
:106250003200C00748B9FFE70F98406C20B1FFE754
:106260000F98416C8847FFE708E00F98C06B20B19A
:10627000FFE70F98C16B8847FFE7FFE7B1E09DF8A4
:1062800030008006002800F1A380FFE70F98006827
:106290001021C4F20201884200F08180FFE70F98CC
:1062A00000682821C4F20201884278D0FFE70F98E5
:1062B00000684021C4F20201884270D0FFE70F98C5
:1062C00000685821C4F20201884268D0FFE70F98A5
:1062D00000687021C4F20201884260D0FFE70F9885
:1062E00000688821C4F20201884258D0FFE70F9865
:1062F0000068A021C4F20201884250D0FFE70F9845
:106300000068B821C4F20201884248D0FFE70F9824
:10631000006840F21041C4F2020188423FD0FFE71A
:106320000F98006840F22841C4F20201884236D03A
:10633000FFE70F98006840F24041C4F20201884232
:106340002DD0FFE70F98006840F25841C4F20201D7
:10635000884224D0FFE70F98006840F27041C4F2F1
:10636000020188421BD0FFE70F98006840F2884185
:10637000C4F20201884212D0FFE70F98006840F291
:10638000A041C4F20201884209D0FFE70F980068DB
:1063900040F2B841C4F20201884207D1FFE70F98EA
:1063A0000168086820F01400086006E00F98016892
:1063B000086820F00A000860FFE70F99012081F8C3
:1063C0003500FFE70F99002081F83400FFE7FFE771
:1063D0000F98C06B20B1FFE70F98C16B8847FFE7AC
:1063E000FFE7C7E00D980F99C96D01F01F01C84084
:1063F0000007002840F1BC80FFE79DF8300000074F
:10640000002840F1B580FFE70F9800681021C4F222
:106410000201884200F08180FFE70F980068282180
:10642000C4F20201884278D0FFE70F98006840214B
:10643000C4F20201884270D0FFE70F98006858212B
:10644000C4F20201884268D0FFE70F98006870210B
:10645000C4F20201884260D0FFE70F9800688821EB
:10646000C4F20201884258D0FFE70F980068A021CB
:10647000C4F20201884250D0FFE70F980068B821AB
:10648000C4F20201884248D0FFE70F98006840F24A
:106490001041C4F2020188423FD0FFE70F98006824
:1064A00040F22841C4F20201884236D0FFE70F983B
:1064B000006840F24041C4F2020188422DD0FFE75B
:1064C0000F98006840F25841C4F20201884224D07B
:1064D000FFE70F98006840F27041C4F20201884261
:1064E0001BD0FFE70F98006840F28841C4F2020118
:1064F000884212D0FFE70F98006840F2A041C4F232
:106500000201884209D0FFE70F98006840F2B841C5
:10651000C4F20201884207D1FFE70F9801680868BA
:1065200020F01C00086006E00F980168086820F061
:106530000E000860FFE70F98C06D00F01F010120FA
:1065400000FA01F1089A51600F9948650F9981F896
:106550003500FFE70F99002081F83400FFE70F981E
:10656000C06C20B1FFE70F98C16C8847FFE700E0DF
:10657000FFE7FFE7FFE700E0FFE7FFE710B080BDC0
:1065800010B58EB00C9002F033F90A900C9828B92F
:10659000FFE701208DF8370000F09EBC0C980168E1
:1065A00001201022C4F202029142079000F0A38061
:1065B000FFE70C98016801202822C4F202029142F0
:1065C000079000F09880FFE70C98016801204022B6
:1065D000C4F202029142079000F08D80FFE70C9810
:1065E000016801205822C4F202029142079000F093
:1065F0008280FFE70C98016801207022C4F2020239
:106600009142079077D0FFE70C980168012088221B
:10661000C4F20202914207906DD0FFE70C98016826
:106620000120A022C4F202029142079063D0FFE74A
:106630000C9801680120B822C4F20202914207902E
:1066400059D0FFE70C980168012040F21042C4F2D3
:106650000202914207904ED0FFE70C98016801209A
:1066600040F22842C4F202029142079043D0FFE771
:106670000C980168012040F24042C4F202029142AB
:10668000079038D0FFE70C980168012040F258428B
:10669000C4F20202914207902DD0FFE70C980168E6
:1066A000012040F27042C4F202029142079022D0CF
:1066B000FFE70C980168012040F28842C4F2020210
:1066C0009142079017D0FFE70C980168012040F233
:1066D000A042C4F20202914207900CD0FFE70C984E
:1066E00000684FF64831CBF6FD710844B0FA80F0EF
:1066F00040090790FFE70798C007002800F078815D
:10670000FFE70C98406A08B1FFE7FFE70C99022009
:1067100081F83500FFE70C99002081F83400FFE78D
:106720000C9800681021C4F20201884200F08180B8
:10673000FFE70C9800682821C4F20201884278D053
:10674000FFE70C9800684021C4F20201884270D033
:10675000FFE70C9800685821C4F20201884268D013
:10676000FFE70C9800687021C4F20201884260D0F3
:10677000FFE70C9800688821C4F20201884258D0D3
:10678000FFE70C980068A021C4F20201884250D0B3
:10679000FFE70C980068B821C4F20201884248D093
:1067A000FFE70C98006840F21041C4F202018842F1
:1067B0003FD0FFE70C98006840F22841C4F2020184
:1067C000884236D0FFE70C98006840F24041C4F29E
:1067D000020188422DD0FFE70C98006840F2584132
:1067E000C4F20201884224D0FFE70C98006840F20E
:1067F0007041C4F2020188421BD0FFE70C98006888
:1068000040F28841C4F20201884212D0FFE70C989E
:10681000006840F2A041C4F20201884209D0FFE7BB
:106820000C98006840F2B841C4F20201884207D1D6
:10683000FFE70C980168086820F00100086006E096
:106840000C980168086820F001000860FFE7FFE786
:106850000C9800680068C00798B1FFE701F0C8FF16
:106860000A99401A06280BD3FFE70C9920204865A7
:106870000C99032081F8350001208DF837002BE3B7
:10688000E6E70C98006800680B900B9848F23F010F
:10689000CFF6106108400B900C998868D1F80CC0B5
:1068A0000B694A6940EA0C00184310438A69104397
:1068B000CA691043096A01430B9808430B900C986E
:1068C000406A042808D1FFE70C99C86A096B0143A4
:1068D0000B9808430B90FFE70C984068292807D3D2
:1068E000FFE70C98416801202F29069036D3FFE777
:1068F0000C9840683F2807D3FFE70C9841680120B7
:10690000432906902AD3FFE70C984068472807D30D
:10691000FFE70C9841680120492906901ED3FFE744
:106920000C9840684F2807D3FFE70C984168012076
:106930005329069012D3FFE70C9841680020742970
:10694000059008D3FFE70C9841680020782938BFEC
:1069500001200590FFE705980690FFE70698C0071D
:1069600028B1FFE70B9840F480100B90FFE70B98DD
:106970000C99096808600C98006840690B900B98A6
:1069800020F007000B900C98416A0B9808430B907D
:106990000C98406A04281AD1FFE70C98816A0B987A
:1069A00008430B900C98C06A80B1FFE70C98FCF785
:1069B00067FB50B1FFE70C99402048650C99012016
:1069C00081F835008DF8370086E2FFE7FFE70B9886
:1069D0000C99096848610C98FCF716F909900C9815
:1069E000C06D00F01F013F2088400999886026E1B2
:1069F0000C980168012045F20842C5F60202914256
:106A000004904ED0FFE70C980168012045F21C422B
:106A1000C5F602029142049043D0FFE70C9801684A
:106A2000012045F23042C5F602029142049038D06E
:106A3000FFE70C980168012045F24442C5F60202C6
:106A4000914204902DD0FFE70C980168012045F297
:106A50005842C5F602029142049022D0FFE70C98FA
:106A60000168012045F26C42C5F602029142049091
:106A700017D0FFE70C980168012045F28042C5F667
:106A80000202914204900CD0FFE70C9800684AF68D
:106A90006C31CAF2FD710844B0FA80F040090490EC
:106AA000FFE70498C007002800F0BD80FFE70C98BE
:106AB0000168012045F20842C5F6020291420390A6
:106AC0004ED0FFE70C980168012045F21C42C5F644
:106AD00002029142039043D0FFE70C980168012025
:106AE00045F23042C5F602029142039038D0FFE7EA
:106AF0000C980168012045F24442C5F60202914219
:106B000003902DD0FFE70C980168012045F2584210
:106B1000C5F602029142039022D0FFE70C9801686B
:106B2000012045F26C42C5F602029142039017D053
:106B3000FFE70C980168012045F28042C5F6020289
:106B4000914203900CD0FFE70C9800684AF66C3134
:106B5000CAF2FD710844B0FA80F040090390FFE7E3
:106B60000398C00708B1FFE7FFE70C99022081F8FE
:106B70003500FFE70C99002081F83400FFE70C98FE
:106B8000006800680B900B986FF310100B900C9836
:106B90008068402803D1FFE71020029008E00C989D
:106BA00080688038B0FA80F0400980030290FFE7E7
:106BB00002980C99CA680B69D1F814C0D1F818E092
:106BC000CC694EEA040E4CEA0E0C43EA0C031A435D
:106BD00040EAD200096A40EA11110B9808430B9071
:106BE0000B980C99096808600C9908684AF6F83205
:106BF000CAF2FD7210444CF6CD42CCF6CC42A0FB5A
:106C000002026FF0030000EA9200C8650C98FBF7DF
:106C1000FBFF08900C98C06D00F01F010120884018
:106C2000089948600AE00C99402048650C990320B7
:106C300081F8350001208DF837004DE1FFE70C9811
:106C4000016801201022C4F202029142019000F07A
:106C50000381FFE70C98016801202822C4F2020298
:106C60009142019000F0F880FFE70C980168012044
:106C70004022C4F202029142019000F0ED80FFE751
:106C80000C98016801205822C4F20202914201903E
:106C900000F0E280FFE70C98016801207022C4F246
:106CA00002029142019000F0D780FFE70C98016842
:106CB00001208822C4F202029142019000F0CC80AF
:106CC000FFE70C9801680120A022C4F20202914261
:106CD000019000F0C180FFE70C9801680120B82204
:106CE000C4F202029142019000F0B680FFE70C98D6
:106CF0000168012040F21042C4F202029142019068
:106D000000F0AA80FFE70C980168012040F22842B9
:106D1000C4F202029142019000F09E80FFE70C98BD
:106D20000168012040F24042C4F202029142019007
:106D300000F09280FFE70C980168012040F2584271
:106D4000C4F202029142019000F08680FFE70C98A5
:106D50000168012040F27042C4F2020291420190A7
:106D60007AD0FFE70C980168012040F28842C4F213
:106D70000202914201906FD0FFE70C980168012058
:106D800040F2A042C4F202029142019064D0FFE7B7
:106D90000C980168012040F2B842C4F2020291420C
:106DA000019059D0FFE70C980168012045F2084294
:106DB000C5F60202914201904ED0FFE70C9801689F
:106DC000012045F21C42C5F602029142019043D0D7
:106DD000FFE70C980168012045F23042C5F6020237
:106DE0009142019038D0FFE70C980168012045F2EC
:106DF0004442C5F60202914201902DD0FFE70C9863
:106E00000168012045F25842C5F602029142019004
:106E100022D0FFE70C980168012045F26C42C5F6CC
:106E200002029142019017D0FFE70C9801680120FF
:106E300045F28042C5F60202914201900CD0FFE774
:106E40000C9800684AF66C31CAF2FD710844B0FA39
:106E500080F040090190FFE70198C00790B3FFE779
:106E60000C98FBF7B9FF0C988068802804D1FFE7E5
:106E70000C9900204860FFE70C990879096E0860BA
:106E80000C98416E806E48600C98406888B1FFE7AE
:106E90000C98406808280CD8FFE70C98FCF758F8C5
:106EA0000C98C16E002008600C98016F406F48601C
:106EB00007E00C990020C8660C9908670C99486790
:106EC000FFE7FFE70C99002048650C9A012182F842
:106ED00035108DF83700FFE79DF837000EB010BD74
:106EE00080B584B0039001F083FC02900398019078
:106EF0000198013048B1FFE740F2FE00C2F20040C5
:106F00000178019808440190FFE7FFE701F070FC69
:106F10000299401A0199884201D2FFE7F6E704B0CE
:106F200080BD00000000000083B001900091019836
:106F300090F89800022809D1FFE7009801990968A4
:106F4000C1F8D40000208DF80B000AE00199D1F8B7
:106F50009C0040F00800C1F89C0001208DF80B0057
:106F6000FFE79DF80B0003B0704700000000000031
:106F700085B0039002910192039890F898008DF8E3
:106F800003009DF80300012805D0FFE79DF80300EA
:106F900002285DD1FFE7029803990968896D0842CC
:106FA00007D1FFE703980168C86D40F00100C8658C
:106FB00015E0029803990968896D08400299884292
:106FC00007D1FFE703980168C86D40F00200C8656B
:106FD00004E0039801680320C865FFE7FFE79DF818
:106FE00009008007002809D5FFE7019A0398016886
:106FF000D1F8E0001043C1F8E000FFE79DF8090078
:107000004007002809D5FFE7019A03980168D1F8E5
:10701000E4001043C1F8E400FFE7FFE702984FF6F1
:10702000FF71C3F6CF7100EA010203980168486D51
:1070300010434865029A4AF61401C4F20001086838
:1070400040EA92700860FFE700208DF813000AE024
:107050000399D1F89C0040F00200C1F89C00012087
:107060008DF81300FFE79DF8130005B0704700008E
:1070700080B586B00490039102920398406808B9E5
:10708000FFE700E0FFE7049890F89800022845D158
:10709000FFE704980068D0F8C00010F07C5F0BD1C7
:1070A000FFE70499D1F89C0040F02000C1F89C0053
:1070B00001208DF817003CE004980068D0F8C40067
:1070C000800200280BD5FFE70499D1F89C0040F41A
:1070D0000070C1F89C0001208DF8170029E0049889
:1070E0000068D0F8C400C0F30440019004980399EC
:1070F000029A019BFCF708FC0199012000FA01F1BA
:10710000049A1268C2F8D010019988400499C1F815
:107110009400FFE700208DF817000AE00499D1F8E9
:107120009C0040F00800C1F89C0001208DF8170079
:10713000FFE79DF8170006B080BD000000000000CA
:1071400082B00190009102B0704700000000000082
:1071500087B005900491059890F898008DF8030089
:107160009DF80300012805D0FFE79DF803000228E1
:107170006AD1FFE70498C068072801D1FFE7FFE75D
:107180000498006878BBFFE70498C068072801D01E
:10719000FFE7FFE70498C06807280CD1FFE7049ACF
:1071A00010699169D269000440EA0220084340F066
:1071B000605003900CE004998868CB680A694969BB
:1071C000800740EAC36040EA024008430390FFE7BB
:1071D0000598C06E0499496800EB810001900398FE
:1071E000019908602CE00498C068072801D0FFE7E7
:1071F000FFE70498C168006940EA41700390049871
:10720000C068072804D1FFE704988069029006E06F
:1072100004988168406940EA81700290FFE7059810
:10722000006F0499496800EBC1000190039801992F
:107230000860019804300190029801990860FFE706
:1072400000208DF81B000AE00599D1F89C0040F061
:107250000200C1F89C0001208DF81B00FFE79DF89B
:107260001B0007B07047000085B0DDF814C0039024
:10727000029101920093039890F89800012812D18E
:10728000FFE702980001019940EA8100009940EA75
:1072900041000599084303990968C1F8800000205E
:1072A0008DF813000AE00399D1F89C0040F0040027
:1072B000C1F89C0001208DF81300FFE79DF8130032
:1072C00005B070470000000081B0009001B0704729
:1072D00082B00190009102B07047000000000000F1
:1072E00083B0029001910198402808D1FFE70298ED
:1072F0000068D0F8A40000F07F00009007E002983A
:107300000068D0F8B40000F07F000090FFE700981C
:1073100003B07047000000008AB008900791069201
:10732000059300200190089890F898008DF80300CC
:107330009DF80300022840F05C81FFE70798402891
:1073400051D1FFE708980068D0F8A00010F4FE0FB4
:107350000BD1FFE70899D1F89C0040F02000C1F85C
:107360009C0001208DF827004EE108980068D0F8B5
:10737000A400400658B9FFE70899D1F89C0040F4F2
:107380008070C1F89C0001208DF827003CE108982E
:107390000068D0F8A40000F080710120B0EB116FFC
:1073A0000DD1FFE708980068D0F8A0100120B0EBDD
:1073B000D17F03D1FFE701200190FFE7FFE70898A5
:1073C0000068D0F8A40000F47C51019800EB112073
:1073D00001900898426C406F0199514300EB810085
:1073E0000490FFE770E00798412851D1FFE7089823
:1073F0000068D0F8B00010F4FE0F0BD1FFE7089939
:10740000D1F89C0040F02000C1F89C0001208DF8CC
:107410002700F9E008980068D0F8B400400658B991
:10742000FFE70899D1F89C0040F48070C1F89C00F7
:1074300001208DF82700E7E008980068D0F8B40034
:1074400000F080710120B0EB116F0DD1FFE70898BB
:107450000068D0F8B0100120B0EBD17F03D1FFE776
:1074600001200190FFE7FFE708980068D0F8B4001A
:1074700000F47C51019800EB112001900898C26C37
:10748000806F0199514300EB81000490FFE71AE0FF
:1074900007980899096D88420BD3FFE70899D1F83E
:1074A0009C0040F02000C1F89C0001208DF82700CE
:1074B000AAE00898426DC06F0799514300EB810024
:1074C0000490FFE7FFE7FFE70498006800F08040C2
:1074D000069948600698406838B9FFE70498006844
:1074E000C0F38A400699086006E00498006820F01E
:1074F000604006990860FFE70498006800F00050BB
:10750000069988600498006800F0004006990861B8
:10751000049804300490049800880699C86104987F
:107520000068C0F303400699C8600498006800F43E
:107530008010069948610498006800F400100699CC
:10754000886104980068C0F3066006990862049890
:107550000068C00F069948620498043004900498AB
:10756000039000200290FFE702980699CA684DF246
:107570000401C0F60101895C88420AD2FFE7039842
:10758000029A805C05998854FFE7029801300290C6
:10759000EAE70798402806D1FFE7019808990968AB
:1075A000C1F8A80021E00798412806D1FFE701981B
:1075B00008990968C1F8B80016E007981F2808D88C
:1075C000FFE707990120884008990968C1F89800E9
:1075D00009E0079800F01F01012088400899096818
:1075E000C1F89C00FFE7FFE7FFE700208DF82700C8
:1075F0000AE00899D1F89C0040F00800C1F89C000E
:1076000001208DF82700FFE79DF827000AB070479A
:1076100082B0019001980068D0F8C40000F03F00EB
:107620000090009802B0704781B0009001B07047A0
:1076300080B594B013904AF61000C4F200000068C0
:10764000800712904AF61400C4F2000001681298F4
:1076500000EA8170129013980068006D00F4704089
:10766000119013980068416D11980840119013987B
:107670000068006D00F00F00109013980068416DD5
:1076800010980840109013980068006D00F0F0000A
:107690000F9013980068416D0F9808400F90139851
:1076A0000068006D00F071500E9013980068416DF5
:1076B0000E9808400E9013980068006D00F06070FE
:1076C0000D9013980068416D0D9808400D90139827
:1076D0000068406D039013980068006D01909DF85C
:1076E0000D00C007B8B1FFE79DF80500C00788B1DD
:1076F000FFE7FFE7139801684FF4807008654AF6CA
:107700001001C4F2000100200860FFE71398FFF7A2
:107710008BFFFFE7FFE79DF80D0000F0040100205C
:10772000B0EB910F28D0FFE79DF8050000F00401B1
:107730000020B0EB910F1ED0FFE713980068D0F83F
:10774000DC000B9013980068D0F8E4100B98084008
:107750000B90FFE7139801684FF4806008654AF6C4
:107760001001C4F2000100200860FFE713980B9994
:1077700000F036FEFFE7FFE71298B8B1FFE7FFE73A
:1077800012984FF6FF71C3F6CF710840139909683C
:1077900008651298800F4AF61001C4F200010860D3
:1077A000FFE713981299FFF7CBFCFFE71198B8B1E8
:1077B000FFE7FFE711984FF6FF71C3F6CF7108405E
:1077C0001399096808651198800F4AF61001C4F2F0
:1077D00000010860FFE71398119900F011FEFFE720
:1077E0001098B8B1FFE7FFE710984FF6FF71C3F6A6
:1077F000CF7108401399096808651098800F4AF600
:107800001001C4F200010860FFE71398109900F01E
:1078100027FDFFE70F98B8B1FFE7FFE70F984FF696
:10782000FF71C3F6CF7108401399096808650F9876
:10783000800F4AF61001C4F200010860FFE71398B8
:107840000F9900F075FDFFE79DF80D0000F00801AD
:107850000020B0EBD10F1BD0FFE79DF8050000F032
:1078600008010020B0EBD10F11D0FFE7FFE713981C
:1078700001684FF4006008654AF61001C4F2000187
:1078800000200860FFE7139800F0C2FDFFE7FFE764
:107890009DF80D0000F002010020B0EB510F28D040
:1078A000FFE79DF8050000F002010020B0EB510F4A
:1078B0001ED0FFE713980068D0F8D8000C901398FA
:1078C0000068D0F8E0100C9808400C90FFE713987F
:1078D00001684FF4007008654AF61001C4F2000117
:1078E00000200860FFE713980C9900F081FDFFE786
:1078F000FFE79DF80E0000F008010020B0EBD10F6B
:107900001BD0FFE79DF8060000F008010020B0EB57
:10791000D10F11D0FFE7FFE7139801684FF4002063
:1079200008654AF61001C4F2000100200860FFE774
:10793000139800F091FCFFE7FFE79DF80E00C007E9
:10794000B8B1FFE79DF80600C00788B1FFE7FFE781
:10795000139801684FF4803008654AF61001C4F2AC
:10796000000100200860FFE7139800F035FDFFE7F5
:10797000FFE79DF80E0000F004010020B0EB910F2E
:107980001BD0FFE79DF8060000F004010020B0EBDB
:10799000910F11D0FFE7FFE7139801684FF48020A3
:1079A00008654AF61001C4F2000100200860FFE7F4
:1079B000139800F00DFDFFE7FFE79DF80E0000F0C3
:1079C00002010020B0EB510F1FD0FFE79DF8060029
:1079D00000F002010020B0EB510F15D0FFE7FFE7E8
:1079E000139801684FF4003008654AF61001C4F29C
:1079F000000100200860FFE71399D1F89C0040F0D7
:107A00008000C1F89C00FFE7FFE70D98B8B1FFE7E1
:107A1000FFE70D984FF6FF71C3F6CF710840139939
:107A2000096808650D98800F4AF61001C4F200013C
:107A30000860FFE713980D99FFF74AFCFFE70E98DF
:107A4000D0B1FFE7FFE70E984FF6FF71C3F6CF7195
:107A500008401399096808650E98800F4AF61001CE
:107A6000C4F200010860FFE70E9A1399D1F89C0058
:107A70001043C1F89C00FFE7139800684AF2000128
:107A8000C4F20001884240F0B980FFE713984068D3
:107A900080688007002800F0B080FFE713984068F6
:107AA000006A00F00F000A9013984068416A0A9833
:107AB00008400A9013984068006A00F0300009906E
:107AC00013984068416A09980840099013984068E3
:107AD000006A00F4C070089013984068416A0898E2
:107AE0000840089013984068006A00F4FC40079032
:107AF00013984068416A07980840079013984068B7
:107B0000006A00F4F020069013984068416A0698D5
:107B10000840069013984068406A029013984068A5
:107B2000006A00900A9848B1FFE70A9813994968DB
:107B3000086213980A9900F033FCFFE7099848B1EE
:107B4000FFE709981399496808621398099900F0AA
:107B500037FCFFE79DF8080000F040010020B0EB83
:107B6000911F1FD0FFE79DF8000000F040010020AA
:107B7000B0EB911F15D0FFE713984068C06B000C65
:107B8000059013984068C06B00F03F000490139874
:107B900041684020086213980599049A00F008FC97
:107BA000FFE7FFE7089848B1FFE70898139949688D
:107BB00008621398089900F0EBFBFFE7079860B1A3
:107BC000FFE70798139949680862079A1399D1F853
:107BD0009C001043C1F89C00FFE7069860B1FFE7E6
:107BE0000698139949680862069A1399D1F89C007F
:107BF0001043C1F89C00FFE7FFE7FFE71398D0F8B8
:107C00009C0020B1FFE71398FFF75EFBFFE714B07D
:107C100080BD00000000000080B598B016904CF6C2
:107C20008461C0F6010101A84C22F8F7C0FD169846
:107C300020B9FFE701208DF85F00D9E116980068B0
:107C40004AF20001C4F20001884206D1FFE716990A
:107C5000086800F580704860FFE716988068B0F506
:107C6000407F01D1FFE7FFE71698006C08B1FFE7FE
:107C7000FFE71698806C08B1FFE7FFE71698006DE4
:107C800008B1FFE7FFE71698006E08B1FFE7FFE7CE
:107C90001699C86D096E084408B1FFE7FFE716980A
:107CA00090F8980040B9FFE71699002081F89900F4
:107CB000169800F0A1F9FFE716980168886920F08E
:107CC0001000886100F094FD1590FFE71698006899
:107CD00080690007002817D5FFE700F089FD159996
:107CE000401A0B280FD3FFE71699D1F89C0040F0FB
:107CF0000100C1F89C001699032081F8980001202A
:107D00008DF85F0074E1E1E716980168886940F03A
:107D10000100886100F06CFD1590FFE7169800687F
:107D20008069C007B8B9FFE700F062FD1599401AF5
:107D30000B280FD3FFE71699D1F89C0040F0010003
:107D4000C1F89C001699032081F8980001208DF855
:107D50005F004DE1E2E716980168886940F0020093
:107D600088611698007C012807D1FFE71698016802
:107D7000886920F04000886106E0169801688869EB
:107D800040F040008861FFE71698407C012807D149
:107D9000FFE716980168886940F48040886106E032
:107DA00016980168886920F480408861FFE716987A
:107DB000807C012807D1FFE716980168886920F4C4
:107DC0008050886106E016980168886940F4805008
:107DD0008861FFE716980068806920F44070169A61
:107DE000116892681043886116980168886920F0CC
:107DF000A400886116980168086920F010000861E5
:107E00001698C068012807D1FFE7169801688869AD
:107E100040F0040088612BE01698C06830B3FFE79B
:107E20001698C068022819D0FFE71698016888697B
:107E300040F08000886116980168086940F01000E1
:107E400008611698C068032807D1FFE716980168F3
:107E5000886940F020008861FFE706E01698016815
:107E6000886940F020008861FFE700E0FFE7FFE756
:107E7000169A116853699069D2F81CE0A0F1010CC0
:107E80006FF0FF0000EB0E2040EA4C60126A013AEE
:107E900010430022CFF6FF7202EB03421043C86189
:107EA00016988068B0F5407F1CD1FFE7169A1168DC
:107EB000536A906AD2F82CE001386FF0FF0C0CEB9B
:107EC0000E2C40EA0C00D2F830C06FF00F0202EB2B
:107ED0000C1210430022CFF6FF7202EB0342104354
:107EE000C860FFE71698006E48B1FFE71698016872
:107EF000426ED1F8C0001043C1F8C000FFE71699E8
:107F0000C86D096E084480B1FFE716980068D0F884
:107F1000C80020F00700169A1168936E01AA52F863
:107F200023201043C1F8C800FFE71698006C80B109
:107F3000FFE716980068D0F8BC0020F00700169AFA
:107F40001168536C01AA52F823201043C1F8BC00F9
:107F5000FFE71698806C88B1FFE716980068D0F8A4
:107F6000BC0020F07000169A1168D36C01AA52F878
:107F7000232040EA0210C1F8BC00FFE71698006D0C
:107F800088B1FFE716980068D0F8BC0020F4E060E4
:107F9000169A1168536D01AA52F8232040EA022074
:107FA000C1F8BC00FFE7169800684AF20001C4F26D
:107FB0000001884207D1FFE716984168886820F0E1
:107FC00003008860FFE716990020C1F89400169915
:107FD000C1F89C001699012081F898001698FBF7CB
:107FE0002FFB8DF853009DF853008DF85F00FFE7DD
:107FF0009DF85F0018B080BD80B5C2B041900020F0
:1080000040903F903E903D903C900EA8B821F8F7EC
:108010002AFC419800684AF20001C4F2000188423B
:1080200055D1FFE700200F904FF400400E904FF025
:10803000805029900EA802F0DFF918B1FFE7FBF796
:10804000CBFAFFE740F2C810C2F2004001680131EC
:1080500001600068012810D1FFE7FFE744F2EC401F
:10806000C5F60200016841F480710160006800F407
:1080700080700D900D98FFE7FFE7FFE744F2E040C6
:10808000C5F60200016841F008010160006800F0D7
:1080900008000C900C98FFE703203C9002203D90D4
:1080A000002006903E903F900920409040F600400E
:1080B000C5F602003CA900F0AFF9069A132007901C
:1080C000052100F09DFC079800F08EFCC2E041986D
:1080D00000684AF20041C4F20001884258D1FFE72B
:1080E00000200F904FF400400E904FF080502990E8
:1080F0000EA802F081F918B1FFE7FBF76DFAFFE770
:1081000040F2C810C2F2004001680131016000680D
:10811000012810D1FFE7FFE744F2EC40C5F602006A
:10812000016841F480710160006800F480700B9078
:108130000B98FFE7FFE7FFE744F2E040C5F60200D7
:10814000016841F002010160006800F002000A903D
:108150000A98FFE760203C9002203D9000200490A8
:108160003E903F900920409040F20040C5F602004A
:108170003CA900F051F9102000F042FB049A1420B1
:108180000590052100F03CFC059800F02DFC60E016
:10819000419800684DF20041C4F20001884257D175
:1081A000FFE700200F904FF400400E904FF08050FA
:1081B00029900EA802F020F918B1FFE7FBF70CFA9E
:1081C000FFE740F2C810C2F20040016801310160CF
:1081D0000068012810D1FFE7FFE744F2EC40C5F644
:1081E0000200016841F480710160006800F4807051
:1081F00009900998FFE7FFE7FFE744F2E040C5F682
:108200000200016841F008010160006800F0080008
:1082100008900898FFE74FF440503C9002203D90B2
:10822000002002903E903F9005200190409040F643
:108230000040C5F602003CA900F0EEF80199029A50
:108240009F20039000F0DCFB039800F0CDFBFFE7DC
:10825000FFE7FFE742B080BD81B0009001B07047FA
:1082600080B59EB01D901C911D980FF079FF019074
:108270000198002805D4FFE79DF87000C00708B9F1
:10828000FFE752E0FFE71D984021FFF729F800289B
:108290004BD0FFE71D98402112AA02ABFFF73CF834
:1082A00008B1FFE741E0139850B9FFE7149838B9D7
:1082B000FFE7189820B9FFE7159808280BD0FFE7CB
:1082C000019941F23860C2F2004000EB81018869F7
:1082D00001308861D7E71D9841F6F851C2F200419C
:1082E000884206D1FFE7BDF8480002A907F040F92F
:1082F0001AE01D9841F69861C2F2004188420CD103
:10830000FFE7BDF8480002A9009106F075FF00994B
:10831000BDF8480007F058F805E0BDF8480002A98C
:10832000F9F716FFFFE7FFE7ADE71EB080BD0000DD
:1083300082B00190009102B0704700000000000080
:1083400082B00090009890F89800012811D1FFE7C2
:108350000099022081F8980000980168886920F04F
:108360000100886100990020C1F89C008DF8070089
:108370000AE00099D1F89C0040F00400C1F89C008C
:1083800001208DF80700FFE79DF8070002B0704755
:1083900082B00190009102B0704700000000000020
:1083A00082B00190009102B0704700000000000010
:1083B00083B002900191009203B07047000000006A
:1083C00082B00190009102B07047000000000000F0
:1083D00081B0009001B0704781B0009001B070474B
:1083E00082B00190009102B07047000000000000D0
:1083F00082B00190009102B07047000000000000C0
:1084000082B00190009102B07047000000000000AF
:1084100081B0009001B070478FB00E900D91002098
:108420000C908020C5F600000990FFE70D980068C9
:108430000C99C840002800F0C181FFE70D98006842
:108440000C9A0121914008400B900B98002800F0F5
:10845000B181FFE70D98406800F00300012807D0C4
:10846000FFE70D98406800F0030002282FD1FFE7D6
:108470000E9880680A900C984100032000FA01F1E0
:108480000A9888430A900D98C0680C99490000FA30
:1084900001F10A9808430A900A980E9988600E988C
:1084A00040680A900C99012000FA01F10A9888436B
:1084B0000A900D984068C0F300100C9900FA01F181
:1084C0000A9808430A900A980E994860FFE70D98A9
:1084D000406800F00300032818D0FFE70E98C0683A
:1084E0000A900C984100032000FA01F10A98884391
:1084F0000A900D9880680C99490000FA01F10A98D9
:1085000008430A900A980E99C860FFE70D984068E2
:1085100000F00300022826D1FFE70E980C996FF0B7
:10852000030202EA51010844006A0A900C9800F024
:10853000070081000F2000FA01F10A9888430A9091
:108540000D9800690C9901F00701890000FA01F10A
:108550000A9808430A900A980E990C9B02EA530263
:1085600011440862FFE70E9800680A900C984100D9
:10857000032000FA01F10A9888430A900D98406898
:1085800000F003000C99490000FA01F10A98084331
:108590000A900A980E9908600D9880798007002843
:1085A00000F00781FFE7FFE744F2F440C5F6020060
:1085B000016841F002010160006800F002000890CB
:1085C0000898FFE70C9820F0030040F20841C5F638
:1085D000000140580A900C9800F0030081000F2021
:1085E00000FA01F10A9888430A900E980021C5F616
:1085F0000201884203D1FFE7002007906CE00E984B
:1086000040F20041C5F60201884203D1FFE7012094
:1086100006905EE00E9840F60001C5F60201884221
:1086200003D1FFE70220059050E00E9840F600418C
:10863000C5F60201884203D1FFE70320049042E01F
:108640000E9841F20001C5F60201884203D1FFE70E
:108650000420039034E00E9841F20041C5F6020177
:10866000884203D1FFE70520029026E00E9841F6EC
:108670000001C5F60201884203D1FFE70620019000
:1086800018E00E9841F60041C5F60201884203D178
:10869000FFE7072000900AE00E9942F20042C5F67B
:1086A00002020A20914208BF09200090FFE70098CB
:1086B0000190FFE701980290FFE702980390FFE71F
:1086C00003980490FFE704980590FFE7059806904B
:1086D000FFE706980790FFE707980C9901F0030160
:1086E000890000FA01F10A9808430A900A980C9947
:1086F00021F0030140F20842C5F6000288504FF015
:10870000B04000680A900B990A9888430A900D9827
:108710008079C006002805D5FFE70B990A98084321
:108720000A90FFE70A984FF0B04108600420C5F6B0
:10873000000000680A900B990A9888430A900D98E7
:1087400080798006002805D5FFE70B990A98084331
:108750000A90FFE70A980421C5F60001086009980D
:1087600040680A900B990A9888430A900D9880797E
:108770008007002805D5FFE70B990A9808430A905F
:10878000FFE70A9809994860099800680A900B99D0
:108790000A9888430A900D988079C00728B1FFE7AE
:1087A0000B990A9808430A90FFE70A98099908600C
:1087B000FFE7FFE70C9801300C9037E60FB07047E9
:1087C00082B00190ADF802108DF801209DF80100F3
:1087D00028B1FFE7BDF802000199886105E0BDF806
:1087E0000200000401998861FFE702B070470000B1
:1087F00047F2B460C2F20040006870470000000019
:1088000082B00190FFE744F2F440C5F6020001682F
:1088100041F002010160006800F002000090009841
:10882000FFE7019A40F20441C5F6000108681043D1
:10883000086002B07047000040F2FE00C2F2004043
:10884000027847F2B461C2F200410868104408603F
:10885000704700000000000080B582B0032000F0E7
:10886000E7F803F0A5F844F21842C5F602021168D1
:10887000C1F303234CF6F471C0F60101CB5C03F0A5
:108880001F03D84000900098126802F00F02895C24
:1088900001F01F01C84040F22C01C2F20041086003
:1088A000009840F22801C2F2004108600F2000F059
:1088B00013F820B1FFE701208DF8070005E000F074
:1088C00077F800208DF80700FFE79DF8070002B059
:1088D00080BD00000000000080B590B00E900E98A2
:1088E0000F2810D8FFE70E991C200090002200F0FE
:1088F00087F8009800F078F80E9840F20011C2F264
:108900000041086003E001208DF83F004CE0FFE7E4
:1089100044F2E840C5F60200016841F0010101603F
:10892000006800F0010001900198FFE706A802A985
:1089300002F0A6FF0B980490049820B9FFE703F01B
:108940000FF8059004E003F00BF840000590FFE7F6
:1089500005984DF68361C4F21B31A0FB01014FF075
:10896000FF3000EB9140039042F2B450C2F200405D
:108970004FF08041016040F2E731C16003994160EE
:1089800000210161816004F04FFC48B9FFE742F229
:10899000B450C2F2004004F09FFC8DF83F0003E0A9
:1089A00001208DF83F00FFE79DF83F0010B080BD2B
:1089B00080B582B0FFE744F2F440C5F602000168DA
:1089C00041F002010160006800F00200019001988E
:1089D000FFE76FF001000F21002200F011F802B054
:1089E00080BD00000000000080B582B0ADF8060038
:1089F000BDF906000FF02CFB02B080BD00000000A6
:108A000080B586B0ADF81600049103920FF038FBE4
:108A10000290BDF91600019002980499039A07F09C
:108A20000BFC014601980FF033FB06B080BD00003F
:108A300080B582B0019001980FF072FB02B080BD4A
:108A400082B0019001980068009001990120C1F85E
:108A5000D8040199002081F8CC04009A916941F072
:108A600000619161009A516D0323C1F20003194323
:108A7000516502B07047000082B001908DF803107C
:108A800002B070470000000082B00190ADF8021003
:108A9000BDF80200019909684862002002B07047E1
:108AA00084B003908DF80B10ADF80820039800688F
:108AB000406A00909DF80B0048B9FFE7BDF8081028
:108AC000009840EA014003990968886233E00398FE
:108AD0000068816A009800EB1140009000208DF83A
:108AE0000700FFE79DF807009DF80B100139884249
:108AF00013D2FFE7039800689DF8071000EB810090
:108B0000D0F80411009800EB11400090FFE79DF8A9
:108B1000070001308DF80700E4E7BDF80810009861
:108B200040EA0140039909689DF80B2001EB82019E
:108B3000C1F80001FFE7002004B07047000000000A
:108B400080B582B001900198D0F8E0040CF094FE5A
:108B500002B080BD0000000080B582B001908DF8A9
:108B60000310019AD2F8E0049DF8031001EBC10351
:108B700002EB8302126A0CF0DBFC02B080BD000045
:108B800080B582B001908DF80310019AD2F8E0040C
:108B90009DF8031001EBC10302EB8302D2F86022BF
:108BA0000CF08EFD02B080BD80B582B001900198BE
:108BB000D0F8E0040CF068FE02B080BD00000000B8
:108BC00080B584B003908DF80B109DF80B00000663
:108BD00000280CD5FFE703989DF80B1001F00F015A
:108BE00001EBC10100EB8100143001900CE003980F
:108BF0009DF80B1001F00F0101EBC10100EB8100AA
:108C000000F515700190FFE70398006801990EF0D8
:108C1000EFFB8DF80A009DF80A0004B080BD00004B
:108C200080B584B002908DF807109DF8070000060B
:108C300000280FD5FFE702989DF8071001F00F01FB
:108C400001EBC10100EB810014300090009901207C
:108C500048700FE002989DF8071001F00F0101EB3A
:108C6000C10100EB810000F5157000900099002013
:108C70004870FFE79DF8070000F00F0000990870AA
:108C8000FFE7029890F89404012804D1FFE702203E
:108C90008DF80F0014E00299012081F89404FFE799
:108CA000FFE70298006800990DF092FEFFE7029935
:108CB000002081F89404FFE700208DF80F00FFE703
:108CC0009DF80F0004B080BD80B584B002908DF88F
:108CD00007109DF8070000F00F00029909798842FB
:108CE00004D9FFE701208DF80F004DE09DF8070043
:108CF000000600280FD5FFE702989DF8071001F045
:108D00000F0101EBC10100EB8100143000900099CC
:108D1000012048700FE002989DF8071001F00F0144
:108D200001EBC10100EB810000F515700090009986
:108D300000204870FFE70099002088709DF8070028
:108D400000F00F0000990870FFE7029890F8940473
:108D5000012804D1FFE702208DF80F0014E00299EA
:108D6000012081F89404FFE7FFE70298006800996A
:108D70000EF09EF8FFE70299002081F89404FFE7C7
:108D800000208DF80F00FFE79DF80F0004B080BDB4
:108D900082B001908DF8031001989DF8031001F046
:108DA0000F0101EBC10100EB8100D0F8680202B0B5
:108DB000704700000000000080B586B004908DF878
:108DC0000F10ADF80C208DF80B3000208DF80A0044
:108DD0009DF80F00000600280FD5FFE704989DF8C6
:108DE0000F1001F00F0101EBC10100EB8100143005
:108DF00001900199012048700FE004989DF80F1030
:108E000001F00F0101EBC10100EB810000F51570CD
:108E10000190019900204870FFE79DF80F0000F0D5
:108E20000F0001990870BDF80C006FF3DF20019965
:108E300088609DF80B00019908710198407820B175
:108E4000FFE7019908784883FFE79DF80B000228A7
:108E500004D1FFE7019900204871FFE7FFE704987C
:108E600090F89404012804D1FFE702208DF8170040
:108E700015E00499012081F89404FFE7FFE70498C6
:108E8000006801990DF068FCFFE70499002081F863
:108E90009404FFE79DF80A008DF81700FFE79DF89E
:108EA000170006B080BD000080B586B005908DF833
:108EB00013100392029305989DF8131001F00F010F
:108EC00001EBC10100EB810000F5157001900398E2
:108ED0000199C860029801990861019900204861D0
:108EE000019948709DF8130000F00F000199087077
:108EF00005988079012804D1FFE703980199C8619A
:108F0000FFE7059A1068019992790EF075F8002034
:108F100006B080BD0000000080B584B002908DF8DE
:108F200007109DF8070000F00F00029909798842A8
:108F300004D9FFE701208DF80F0058E09DF80700E5
:108F4000000600280FD5FFE702989DF8071001F0F2
:108F50000F0101EBC10100EB81001430009000997A
:108F6000012048700DE002989DF8071001EBC10147
:108F700000EB810000F5157000900099002048700A
:108F8000FFE70099012088709DF8070000F00F00AE
:108F900000990870FFE7029890F89404012804D122
:108FA000FFE702208DF80F0021E00299012081F8EF
:108FB0009404FFE7FFE70298006800990DF0C8FFEE
:108FC0009DF80700000740B9FFE7029A1068917901
:108FD00002F29C420DF01CFFFFE7FFE70299002020
:108FE00081F89404FFE700208DF80F00FFE79DF85B
:108FF0000F0004B080BD000080B586B005908DF8EC
:1090000013100392029305989DF8131001F00F01BD
:1090100001EBC10100EB810014300190039801992C
:10902000C86002980199086101990020486101997E
:10903000012048709DF8130000F00F00019908709E
:1090400005988079012804D1FFE703980199C86148
:10905000FFE7059A1068019992790DF0CDFF002085
:1090600006B080BD0000000080B58CB00B900B985E
:1090700000680A900A9809900B9800680EF0F8FAB8
:10908000002840F03484FFE70B9800680EF060FB86
:1090900010B9FFE700F02BBC0998D0F80808C0F31E
:1090A0000D200B99C1F8D4040B9800680EF050FB0A
:1090B0008007002807D5FFE70B980168486900F092
:1090C00002004861FFE70B9800680EF041FBC00604
:1090D000002862D5FFE70B980168886920F010002E
:1090E00088610A98006A02900B98029901F00F01BA
:1090F00001EBC10100EB810000F5157008900298AA
:1091000000F4F0110220B0EB514F23D1FFE7BDF87E
:10911000080047F6F07108421BD0FFE70A9808994B
:10912000C968029AC2F30A120EF022FB029847F6AF
:10913000F07100EA0103089AD06800EB1310D060C8
:10914000029800EA01020899486900EB1210486190
:10915000FFE71BE0029800F4F0110620B0EB514F3E
:1091600012D1FFE70A980B9901F29C4108220EF0F8
:10917000FFFA029847F6F07100EA0102089948697F
:1091800000EB1210486100E0FFE7FFE70B98016871
:10919000886940F010008861FFE70B9800680EF0C6
:1091A000D7FA0003002840F1A680FFE700200490D2
:1091B0000B9800680EF078FA0690FFE706980028F2
:1091C00000F09880FFE79DF81800C007002800F025
:1091D0008A80FFE70B9800689DF810100EF0A0FA47
:1091E00005909DF81400C00760B1FFE70998049945
:1091F00000EB41110120C1F8080B0B98049907F00E
:10920000A3F8FFE79DF81400000700280CD5FFE73E
:109210000998049900EB41110820C1F8080B0B983C
:10922000049907F049F8FFE79DF81400C0060028EC
:1092300008D5FFE70998049900EB41111020C1F807
:10924000080BFFE79DF81400800700282DD5FFE7E5
:109250000A9840690006002808D5FFE70999D1F867
:10926000040840F48060C1F80408FFE70B980499F3
:1092700001EBC10100EB810000F515700890089822
:10928000C078012809D1FFE708990020C8700B9821
:109290009DF8101000F040FBFFE70998049900EBDF
:1092A00041110220C1F8080BFFE79DF81400800669
:1092B000002808D5FFE70998049900EB4111202008
:1092C000C1F8080BFFE79DF815008006002809D5B6
:1092D000FFE70998049900EB41114FF40050C1F8E1
:1092E000080BFFE7FFE70498013004900698400858
:1092F000069063E7FFE70B9800680EF029FA400339
:10930000002840F1C680FFE70B9800680EF0B8F91E
:10931000069000200490FFE70698002800F0B8802F
:10932000FFE79DF81800C007002800F0AA80FFE7BB
:109330000B9800689DF810100EF0CAF905909DF882
:109340001400C00700283ED0FFE7049800F00F018A
:10935000012000FA01F10391039B099AD2F8341815
:109360009943C2F834180999049A01EB4211C1F8E3
:1093700008090B98807901281FD1FFE70B98049901
:1093800001EBC10100EB8101CA69086A104408625F
:10939000049888B9FFE70B98049901EBC10100EB31
:1093A0008100406A40B9FFE70B99086801F29C42CE
:1093B00001210DF02DFDFFE7FFE70B989DF8101040
:1093C000FFF7CAFBFFE79DF814000007002808D547
:1093D000FFE70998049900EB41110820C1F808093A
:1093E000FFE79DF81400C006002808D5FFE709989C
:1093F000049900EB41111020C1F80809FFE79DF81E
:1094000014004006002808D5FFE70998049900EBEE
:1094100041114020C1F80809FFE79DF814008007BA
:10942000002822D5FFE70A9804990EF0B9F80B98A6
:10943000049901EBC10100EB8100143008900898F9
:10944000C078012809D1FFE708990020C8700B985F
:109450009DF8101000F050FAFFE70998049900EB0E
:1094600041110220C1F80809FFE79DF81400000629
:10947000002805D5FFE70B98049907F049F8FFE7A6
:10948000FFE704980130049006984008069043E7EF
:10949000FFE70B9800680EF05BF9C00F00B3FFE721
:1094A0000999D1F8040820F00100C1F804080B98CC
:1094B00090F8CC04012808D1FFE70B98002180F830
:1094C000CC140B98FFF7D8FA03E00B9800F0BCFB24
:1094D000FFE70B980168486900F000404861FFE72A
:1094E0000B9800680EF034F90005002811D5FFE74D
:1094F0000998D0F80808C00720B1FFE70B9800F0E2
:1095000037FCFFE70B980168486900F40060486188
:10951000FFE70B9800680EF01BF90001002820D52A
:10952000FFE70B980168486900F0006048610B98FC
:1095300090F8CC0480B9FFE70B98012180F8CC1497
:109540000B980068406DC0F383000B9AC2F8D004FA
:109550000B98FFF791FA03E00B9800F009FCFFE786
:10956000FFE70B9800680EF0F3F8C004002840F104
:109570008680FFE70999D1F8040820F00100C1F8BE
:1095800004080B98006810210EF00AF800200790DC
:10959000FFE707980B990979884231D2FFE70998CC
:1095A000079900EB41114FF67F30C1F8080909997E
:1095B000079A01EB4212D2F8001921F40011C2F807
:1095C00000190999079A01EB4211C1F8080B099893
:1095D000079900EB4111D1F8000B20F40010C1F8FD
:1095E000000B0998079900EB4111D1F8000B40F0EE
:1095F0000060C1F8000BFFE7079801300790C8E74B
:109600000999D1F81C0840F00110C1F81C080B980A
:10961000C07B78B1FFE70999D1F8840840F00B00CE
:10962000C1F884080999D1F8440840F00B00C1F84A
:1096300044080FE00999D1F8140842F22B021043B4
:10964000C1F814080999D1F8100840F00B00C1F8CE
:109650001008FFE70999D1F8000820F4FE60C1F86E
:1096600000080B9A1068917902F29C420DF0D0FB31
:109670000B980168486900F480504861FFE70B9837
:1096800000680EF065F8800400281FD5FFE70B98EE
:1096900000680DF0D1F80B9800680DF0C1FF0B9930
:1096A000C8710B980068019002F02EF901460198EC
:1096B0000B9AD2790EF058F90B9800F099FA0B98A2
:1096C0000168486900F400504861FFE70B980068A2
:1096D0000EF03EF8000700280AD5FFE70B9800F0CF
:1096E000BFFA0B980168486900F008004861FFE77D
:1096F0000B9800680EF02CF80006002825D5FFE72F
:109700000A99886920F08000886101200490FFE7B1
:1097100004980B990979884216D2FFE70B980499AF
:1097200001EBC10100EB810090F85702012806D13E
:10973000FFE70B989DF81010FFF742FAFFE7FFE7ED
:10974000049801300490E3E7FFE70B9800680DF000
:10975000FFFFC00200283CD5FFE701200490FFE78F
:1097600004980B99097988422CD2FFE7099804994B
:1097700000EB4110D0F8000902900B98049901EB1E
:10978000C10100EB8100007E012816D1FFE79DF8A2
:109790000B000006002810D5FFE70B98049901EB99
:1097A000C10100EB81010120C8750B989DF81010D4
:1097B00041F08001FFF704FAFFE7FFE7049801306A
:1097C0000490CDE70B980168486900F48010486167
:1097D000FFE70B9800680DF0BBFF8002002856D50C
:1097E000FFE701200490FFE704980B99097988426C
:1097F00046D2FFE70998049900EB4110D0F8000B1E
:1098000002900B98049901EBC10100EB810090F8E4
:10981000580201282FD1FFE79DF80B000006002811
:1098200029D5FFE7029800F480310B98D0F8D404D2
:1098300000F00100B0EB114F1DD1FFE70B98049928
:1098400001EBC10100EB8101012081F857020A9967
:10985000886940F0800088610A9840690006002805
:1098600008D4FFE70999D1F8040840F40070C1F862
:10987000040805E0FFE7FFE7049801300490B3E730
:109880000B980168486900F400104861FFE70B98E5
:1098900000680DF05DFF400000280AD5FFE70B9837
:1098A000FFF74EF90B980168486900F08040486165
:1098B000FFE70B9800680DF04BFF4007002815D517
:1098C000FFE70B980068406802909DF80800400789
:1098D000002804D5FFE70B98FFF766F9FFE7029A27
:1098E0000B980168486810434860FFE7FFE70CB039
:1098F00080BD00000000000080B582B001908DF8AE
:1099000003100198D0F8E0049DF803100CF060F803
:1099100002B080BD0000000080B582B001908DF8DB
:1099200003100198D0F8E0049DF803100CF088F8BB
:1099300002B080BD0000000080B58CB00A900A988B
:1099400020B9FFE701208DF82F000EE10A9890F86A
:10995000950440B9FFE70A99002081F894040A9819
:1099600000F00AF9FFE70A99032081F895040A98A4
:1099700000680DF041FA0A9B1868197C8DF82010D8
:1099800059689A68DB680793069205910599069ACB
:10999000079BDDF820C0EE46CEF800C00CF064FF57
:1099A00040B1FFE70A99022081F8950401208DF863
:1099B0002F00DAE00A98006800210DF035FF40B171
:1099C000FFE70A99022081F8950401208DF82F0005
:1099D000CBE000208DF82700FFE79DF827000A99CB
:1099E0000979884241DAFFE70A989DF8271001EBD0
:1099F000C10100EB8101012048759DF827000A99FB
:109A000000EBC00201EB820108759DF827000A995E
:109A100000EBC00201EB8201C8850A989DF827106F
:109A200001EBC10100EB8101002008760A999DF845
:109A3000272002EBC20201EB8201C8610A999DF85E
:109A4000272002EBC20201EB820108620A999DF80D
:109A5000272002EBC20201EB82014862FFE79DF87A
:109A6000270001308DF82700B7E700208DF8270088
:109A7000FFE79DF827000A99097988423EDAFFE757
:109A80000A989DF8271001EBC10100EB810100202D
:109A900081F855029DF827100A9A01EBC10302EBE9
:109AA000830282F854120A999DF8272002EBC20221
:109AB00001EB820181F858020A999DF8272002EBF8
:109AC000C20201EB8201C1F85C020A999DF82720CD
:109AD00002EBC20201EB8201C1F860020A999DF813
:109AE000272002EBC20201EB8201C1F86402FFE70A
:109AF0009DF8270001308DF82700BAE70A9B186807
:109B0000197C8DF8101059689A68DB6803930292EB
:109B100001910199029A039BDDF810C0EE46CEF840
:109B200000C00DF021F840B1FFE70A99022081F84A
:109B3000950401208DF82F0017E00A990020487441
:109B40000A99012081F895040A98007B012804D124
:109B5000FFE70A98FEF774FFFFE70A9800680CF029
:109B6000EBFF00208DF82F00FFE79DF82F000CB0D1
:109B700080BD00000000000080B5B2B0319002A8A6
:109B8000B821F6F770FE319800680021C4F2040194
:109B900088422BD1FFE7002003904FF480200290F1
:109BA0004FF44010239002A800F026FC18B1FFE704
:109BB000F9F712FDFFE700F04FF9FFE744F2D84054
:109BC000C5F60200016841F000710160006800F014
:109BD000007001900198FFE74D20009005210022C0
:109BE000FEF70EFF0098FEF7FFFEFFE732B080BDE4
:109BF00080B582B0019001208DF803000198C079F2
:109C000020B9FFE700208DF803000CE00198C0792F
:109C1000022804D1FFE701208DF8030002E0F9F7E4
:109C2000DBFCFFE7FFE70198D0F8E0049DF80310A4
:109C30000CF00EF80198D0F8E0040BF085FF02B0AC
:109C400080BD00000000000080B582B00190019846
:109C5000D0F8E0040BF0C8FF02B080BD00000000A7
:109C600080B582B001900198D0F8E0040BF0D0FFED
:109C700002B080BD0000000080B584B002908DF875
:109C80000710FFE7029890F89404012804D1FFE739
:109C900002208DF80F0019E00299012081F8940448
:109CA000FFE7FFE79DF807000299487402980068F3
:109CB0009DF807100DF028FEFFE70299002081F8BB
:109CC0009404FFE700208DF80F00FFE79DF80F00D8
:109CD00004B080BD0000000080B582B00190019901
:109CE000D1F8E00401F29C410BF0DEFF02B080BD30
:109CF00080B584B00290029800680190FFE7029856
:109D000090F89404012804D1FFE702208DF80F0099
:109D100028E00299012081F89404FFE7FFE7019809
:109D2000C068400600280BD5FFE70298407B012859
:109D300006D1FFE70199886B40F480308863FFE724
:109D4000029800680DF0E4FB029800680CF0DCFE5D
:109D5000FFE70299002081F89404FFE700208DF8C6
:109D60000F00FFE79DF80F0004B080BD0000000069
:109D700080B582B001900198D0F8E0040CF01CF896
:109D800001980168D1F8000E40F00100C1F8000E02
:109D90000198C07A48B1FFE74EF61051CEF20001AB
:109DA000086840F006000860FFE702B080BD0000D0
:109DB00080B584B0029044F60C00C5F6020000683D
:109DC00000F004010020B0EB910F13D1FFE744F63F
:109DD0000C00C5F60200006800F0070002998842F6
:109DE00004D0FFE701208DF80F002EE000208DF851
:109DF0000F002AE044F60C01C5F60201086820F0C5
:109E00000700029A10430860FEF7F2FC0190FFE79A
:109E100044F60400C5F60200006800F4005100207A
:109E2000B0EB513F0DD1FFE7FEF7E2FC0199401A7C
:109E3000B0F57A7F04D9FFE701208DF80F0004E028
:109E4000E6E700208DF80F00FFE79DF80F0004B053
:109E500080BD00000000000044F60C01C5F60201C0
:109E6000086840F080700860704700000000000043
:109E700080B501F049FD44F22041C5F602010968B0
:109E8000C1F302124CF6F471C0F60101895C01F0D5
:109E90001F01C84080BD000088B0079044F22840F0
:109EA000C5F60200016801F0030106910068C0F3E5
:109EB0000530059044F22C40C5F602000068C0F35E
:109EC00000100490049844F23C41C5F60201096870
:109ED00089B2C908484300EE100AB8EE400A8DED79
:109EE000020A0598002800F01B81FFE70698009001
:109EF00048B1FFE70098012869D0FFE700980228E1
:109F000000F08980ABE044F20040C5F60200006832
:109F100000F020010020B0EB511F33D0FFE744F2E6
:109F20000040C5F602000068C0F3C10149F200001C
:109F3000C0F2D030C84003909DED030AB8EE400A4D
:109F40009DED051AB8EE411A80EE010A44F2384040
:109F5000C5F6020000686FF35F2001EE100AB8EE4C
:109F6000411A9DED022A9FED743A82EE032A31EEEA
:109F7000021AB7EE002A31EE021A20EE010A8DED28
:109F8000010A23E09DED050AB8EE401A9FED6C0A28
:109F900080EE010A44F23840C5F6020000686FF313
:109FA0005F2001EE100AB8EE411A9DED022A9FEDE6
:109FB000623A82EE032A31EE021AB7EE002A31EE3F
:109FC000021A20EE010A8DED010AFFE76BE09DED1C
:109FD000050AB8EE401A9FED590A80EE010A44F2D4
:109FE0003840C5F6020000686FF35F2001EE100AEA
:109FF000B8EE411A9DED022A9FED4F3A82EE032AF8
:10A0000031EE021AB7EE002A31EE021A20EE010AF2
:10A010008DED010A47E09DED050AB8EE401A9FED6F
:10A02000450A80EE010A44F23840C5F60200006895
:10A030006FF35F2001EE100AB8EE411A9DED022A7F
:10A040009FED3D3A82EE032A31EE021AB7EE002A66
:10A0500031EE021A20EE010A8DED010A23E09DED9A
:10A06000050AB8EE401A9FED350A80EE010A44F267
:10A070003840C5F6020000686FF35F2001EE100A59
:10A08000B8EE411A9DED022A9FED2B3A82EE032A8B
:10A0900031EE021AB7EE002A31EE021A20EE010A62
:10A0A0008DED010AFFE79DED010A44F23840C5F647
:10A0B0000200016889B2490A01EE101AB8EE411A8D
:10A0C000B7EE002A31EE021A80EE010A0799BCEEC3
:10A0D000C00A81ED000A9DED010A0168C1F3064145
:10A0E00001EE101AB8EE411A31EE021A80EE010AA2
:10A0F0000799BCEEC00A81ED010A9DED010A0068D6
:10A10000C0F3066001EE100AB8EE411A31EE021AF1
:10A1100080EE010A0798BCEEC00A80ED020A07E053
:10A120000799002008600799486007998860FFE751
:10A1300008B07047001BB74B000000460024744A6B
:10A140000024744C0000000088B0079044F22840BE
:10A15000C5F60200016801F0030106910068C0F332
:10A160000550059044F22C40C5F602000068C0F38B
:10A1700000200490049844F24441C5F602010968A5
:10A1800089B2C908484300EE100AB8EE400A8DEDC6
:10A19000020A0598002800F01B81FFE7069800904E
:10A1A00048B1FFE70098012869D0FFE7009802282E
:10A1B00000F08980ABE044F20040C5F60200006880
:10A1C00000F020010020B0EB511F33D0FFE744F234
:10A1D0000040C5F602000068C0F3C10149F200006A
:10A1E000C0F2D030C84003909DED030AB8EE400A9B
:10A1F0009DED051AB8EE411A80EE010A44F2404086
:10A20000C5F6020000686FF35F2001EE100AB8EE99
:10A21000411A9DED022A9FED743A82EE032A31EE37
:10A22000021AB7EE002A31EE021A20EE010A8DED75
:10A23000010A23E09DED050AB8EE401A9FED6C0A75
:10A2400080EE010A44F24040C5F6020000686FF358
:10A250005F2001EE100AB8EE411A9DED022A9FED33
:10A26000623A82EE032A31EE021AB7EE002A31EE8C
:10A27000021A20EE010A8DED010AFFE76BE09DED69
:10A28000050AB8EE401A9FED590A80EE010A44F221
:10A290004040C5F6020000686FF35F2001EE100A2F
:10A2A000B8EE411A9DED022A9FED4F3A82EE032A45
:10A2B00031EE021AB7EE002A31EE021A20EE010A40
:10A2C0008DED010A47E09DED050AB8EE401A9FEDBD
:10A2D000450A80EE010A44F24040C5F602000068DB
:10A2E0006FF35F2001EE100AB8EE411A9DED022ACD
:10A2F0009FED3D3A82EE032A31EE021AB7EE002AB4
:10A3000031EE021A20EE010A8DED010A23E09DEDE7
:10A31000050AB8EE401A9FED350A80EE010A44F2B4
:10A320004040C5F6020000686FF35F2001EE100A9E
:10A33000B8EE411A9DED022A9FED2B3A82EE032AD8
:10A3400031EE021AB7EE002A31EE021A20EE010AAF
:10A350008DED010AFFE79DED010A44F24040C5F68C
:10A360000200016889B2490A01EE101AB8EE411ADA
:10A37000B7EE002A31EE021A80EE010A0799BCEE10
:10A38000C00A81ED000A9DED010A0168C1F3064192
:10A3900001EE101AB8EE411A31EE021A80EE010AEF
:10A3A0000799BCEEC00A81ED010A9DED010A006823
:10A3B000C0F3066001EE100AB8EE411A31EE021A3F
:10A3C00080EE010A0798BCEEC00A80ED020A07E0A1
:10A3D0000799002008600799486007998860FFE79F
:10A3E00008B07047001BB74B000000460024744AB9
:10A3F0000024744C0000000080B59AB01890002032
:10A400008DF857008DF856001898C078000700287E
:10A4100048D5FFE71898406E149078B1FFE714987C
:10A42000B0F5801F13D0FFE71498B0F5001F16D0C9
:10A43000FFE71498B0F5401F19D019E044F22C4101
:10A44000C5F60201086840F40030086014E018986E
:10A450000830022106F030F98DF857000CE018980A
:10A460002830022106F010FA8DF8570004E003E0CE
:10A4700001208DF85700FFE79DF8570060B9FFE70E
:10A4800044F25041C5F60201086820F44010189AC1
:10A49000526E1043086004E09DF857008DF8560096
:10A4A000FFE7FFE718984078C007002840D0FFE793
:10A4B0001898806D1390042820D81399DFE801F0D4
:10A4C000030C141C1D0044F22C41C5F6020108685F
:10A4D00040F40030086015E018980830002106F0BC
:10A4E000EBF88DF857000DE018982830002106F0A1
:10A4F000CBF98DF8570005E004E003E001208DF86A
:10A500005700FFE79DF8570060B9FFE744F250415C
:10A51000C5F60201086820F00700189A926D1043F2
:10A52000086004E09DF857008DF85600FFE7FFE74C
:10A53000189840784007002856D5FFE71898D0F8BB
:10A54000A4001290C8B1FFE71298B0F5001F1DD00B
:10A55000FFE71298B0F5800F20D0FFE71298B0F512
:10A56000C00F23D0FFE71298B0F5000F1FD0FFE710
:10A570001298B0F5200F1BD01BE044F22C41C5F619
:10A580000201086840F40030086016E018980830AE
:10A59000002106F091F88DF857000EE01898283049
:10A5A000002106F071F98DF8570006E005E004E09F
:10A5B00003E001208DF85700FFE79DF8570068B9C8
:10A5C000FFE744F25841C5F60201086820F4600034
:10A5D000189AD2F8A4201043086004E09DF85700B0
:10A5E0008DF85600FFE7FFE718984078000700282D
:10A5F00056D5FFE71898D0F8A8001190C8B1FFE72A
:10A600001198B0F1807F1DD0FFE71198B0F1007F65
:10A6100020D0FFE71198B0F1407F23D0FFE71198D9
:10A62000B0F1806F1FD0FFE71198B0F1A06F1BD081
:10A630001BE044F22C41C5F60201086840F40030EA
:10A64000086016E018980830002106F035F88DF8FB
:10A6500057000EE018982830002106F015F98DF803
:10A66000570006E005E004E003E001208DF8570004
:10A67000FFE79DF8570068B9FFE744F25841C5F677
:10A680000201086820F0E060189AD2F8A820104370
:10A69000086004E09DF857008DF85600FFE7FFE7DB
:10A6A0001898C078800700283ED5FFE71898C06C3E
:10A6B0001090F0B1FFE71098102808D0FFE710982D
:10A6C00020280DD0FFE71098302811D012E044F276
:10A6D0002C41C5F60201086840F4003008600DE026
:10A6E00018980830022105F0E7FF8DF8570005E0C3
:10A6F00004E003E001208DF85700FFE79DF85700C4
:10A7000060B9FFE744F24C41C5F60201086820F049
:10A710003000189AD26C1043086004E09DF857008E
:10A720008DF85600FFE7FFE718984078C00600282C
:10A730004ED5FFE71898C06D0F90A0B1FFE70F98B6
:10A74000B0F5805F18D0FFE70F98B0F5005F1BD021
:10A75000FFE70F98B0F5405F1ED0FFE70F98B0F508
:10A76000804F1AD01AE044F22C41C5F60201086865
:10A7700040F40030086015E018980830002105F01A
:10A780009BFF8DF857000DE018982830002106F047
:10A790007BF88DF8570005E004E003E001208DF818
:10A7A0005700FFE79DF8570060B9FFE744F25041BA
:10A7B000C5F60201086820F4E040189AD26D1043F3
:10A7C000086004E09DF857008DF85600FFE7FFE7AA
:10A7D00018984078800600284CD5FFE71898006E3E
:10A7E0000E90C8B1FFE70E98B0F5803F15D0FFE797
:10A7F0000E98B0F5003F18D0FFE70E98B0F5403F37
:10A800001BD0FFE70E98B0F5802F17D0FFE70E980A
:10A81000B0F5A02F13D013E016E0189808300121EE
:10A8200005F04AFF8DF857000EE0189828300121F6
:10A8300006F02AF88DF8570006E005E004E003E092
:10A8400001208DF85700FFE79DF8570060B9FFE73A
:10A8500044F25041C5F60201086820F4E020189A3D
:10A86000126E1043086004E09DF857008DF8560002
:10A87000FFE7FFE718984078400600284ED5FFE72D
:10A880001898D0F8AC000D90C8B1FFE70D98B0F162
:10A89000805F15D0FFE70D98B0F1005F18D0FFE79B
:10A8A0000D98B0F1405F1BD0FFE70D98B0F1804FDD
:10A8B00017D0FFE70D98B0F1A04F13D013E016E0CA
:10A8C00018980830012105F0F7FE8DF857000EE0CA
:10A8D00018982830012105F0D7FF8DF8570006E0C1
:10A8E00005E004E003E001208DF85700FFE79DF844
:10A8F000570068B9FFE744F25841C5F602010868FD
:10A9000020F0E040189AD2F8AC201043086004E030
:10A910009DF857008DF85600FFE7FFE7189840783C
:10A92000000600283BD5FFE71898C06E0C90D8B100
:10A93000FFE70C98B0F1805F05D0FFE70C98B0F10D
:10A94000005F09D011E044F22C41C5F6020108680D
:10A9500040F4003008600CE018980830012105F040
:10A96000ABFE8DF8570004E003E001208DF857009E
:10A97000FFE79DF8570060B9FFE744F25041C5F684
:10A980000201086820F04050189AD26E1043086007
:10A9900004E09DF857008DF85600FFE7FFE7189890
:10A9A000C078C007002837D0FFE71898806C0B905C
:10A9B000032817D80B99DFE801F014020B1344F2B7
:10A9C0002C41C5F60201086840F4003008600DE033
:10A9D00018980830022105F06FFE8DF8570005E049
:10A9E00004E003E001208DF85700FFE79DF85700D1
:10A9F00060B9FFE744F24C41C5F60201086820F057
:10AA00000300189A926C1043086004E09DF8570008
:10AA10008DF85600FFE7FFE7189880784006002879
:10AA200040F1B480FFE744F60001C5F60201086872
:10AA300040F480700860FDF7DBFE1690FFE744F6F7
:10AA40000000C5F602000068C00500280CD4FFE72E
:10AA5000FDF7CEFE1699401A652804D3FFE70320C0
:10AA60008DF8570000E0EAE79DF85700002840F015
:10AA70008780FFE744F27040C5F60200006800F4EA
:10AA800040701899D1F8B01001F44071884213D089
:10AA9000FFE744F27041C5F60201086820F44070F7
:10AAA0001790086840F480300860086820F480300F
:10AAB000086017980860FFE71898D0F8B000B0F564
:10AAC000807F1FD1FFE7FDF793FE1690FFE744F26A
:10AAD0007040C5F60200006800F002010020B0EBF3
:10AAE000510F0ED1FFE7FDF783FE1699401A41F290
:10AAF0008931884204D3FFE703208DF8570000E036
:10AB0000E5E7FFE79DF85700A0BBFFE7FFE71898D0
:10AB1000D0F8B00000F44070B0F5407F13D1FFE7EB
:10AB200044F21041C5F60201086820F47C50189ADE
:10AB3000D2F8B0204FF6F043C0F6FF731A4040EA57
:10AB40001210086008E044F21041C5F602010868DE
:10AB500020F47C500860FFE71898D0F8B0206FF31D
:10AB60001F3244F27041C5F60201086810430860C4
:10AB7000FFE704E09DF857008DF85600FFE704E07A
:10AB80009DF857008DF85600FFE7FFE7189800681A
:10AB9000C007002800F04C80FFE71898806F0A90EB
:10ABA00028282BD80A99DFE801F015292929292915
:10ABB000292916292929292929291E292929292923
:10ABC00029292629292929292929272929292929FA
:10ABD0002929280016E018980830012105F06CFD9D
:10ABE0008DF857000EE018982830012105F04CFE32
:10ABF0008DF8570006E005E004E003E001208DF841
:10AC00005700FFE79DF8570060B9FFE744F2544151
:10AC1000C5F60201086820F03800189A926F1043B8
:10AC2000086004E09DF857008DF85600FFE7FFE745
:10AC3000189800788007002839D5FFE71898406FEA
:10AC40000990052819D80999DFE801F003040C14CC
:10AC5000151616E018980830012105F02DFD8DF825
:10AC600057000EE018982830012105F00DFE8DF8F0
:10AC7000570006E005E004E003E001208DF85700EE
:10AC8000FFE79DF8570060B9FFE744F25441C5F66D
:10AC90000201086820F00700189A526F10430860FC
:10ACA00004E09DF857008DF85600FFE7FFE718987D
:10ACB0000078400700283BD5FFE71898D0F89000AF
:10ACC0000890052819D80899DFE801F003040C144E
:10ACD000151616E018980830012105F0EDFC8DF8E6
:10ACE00057000EE018982830012105F0CDFD8DF8B1
:10ACF000570006E005E004E003E001208DF857006E
:10AD0000FFE79DF8570068B9FFE744F25841C5F6E0
:10AD10000201086820F00700189AD2F8902010432A
:10AD2000086004E09DF857008DF85600FFE7FFE744
:10AD300018980078800600284ED5FFE71898D0F8BC
:10AD40008C000790C8B1FFE70798B0F1805F15D07D
:10AD5000FFE70798B0F1005F18D0FFE70798B0F160
:10AD6000405F1BD0FFE70798B0F1804F17D0FFE797
:10AD70000798B0F1A04F13D013E016E018980830F0
:10AD8000002105F099FC8DF857000EE01898283046
:10AD9000022105F079FD8DF8570006E005E004E09A
:10ADA00003E001208DF85700FFE79DF8570068B9D0
:10ADB000FFE744F25441C5F60201086820F0E04084
:10ADC000189AD2F88C201043086004E09DF85700D0
:10ADD0008DF85600FFE7FFE7189800784006002836
:10ADE0004ED5FFE71898D0F898000690C8B1FFE755
:10ADF0000698B0F5806F15D0FFE70698B0F5006FA4
:10AE000018D0FFE70698B0F5406F1BD0FFE7069813
:10AE1000B0F5805F17D0FFE70698B0F5A05F13D0BC
:10AE200013E016E018980830002105F045FC8DF875
:10AE300057000EE018982830022105F025FD8DF806
:10AE4000570006E005E004E003E001208DF857001C
:10AE5000FFE79DF8570068B9FFE744F25841C5F68F
:10AE60000201086820F4E050189AD2F898201043A4
:10AE7000086004E09DF857008DF85600FFE7FFE7F3
:10AE800018980078000600284ED5FFE71898D0F8EB
:10AE90009C000590C8B1FFE70598B0F5005F15D09C
:10AEA000FFE70598B0F5804F18D0FFE70598B0F59B
:10AEB000C04F1BD0FFE70598B0F5004F17D0FFE754
:10AEC0000598B0F5204F13D013E016E0189808301D
:10AED000002105F0F1FB8DF857000EE0189828309E
:10AEE000022105F0D1FC8DF8570006E005E004E0F2
:10AEF00003E001208DF85700FFE79DF8570068B97F
:10AF0000FFE744F25841C5F60201086820F46040AA
:10AF1000189AD2F89C201043086004E09DF857006E
:10AF20008DF85600FFE7FFE7189800780007002823
:10AF300020D5FFE71898D0F88000B0F5805F0CD1DD
:10AF4000FFE718982830022105F09EFC20B1FFE7AA
:10AF500001208DF85600FFE7FFE744F25441C5F6A3
:10AF60000201086820F44050189AD2F8802010435B
:10AF70000860FFE718980078C006002820D5FFE792
:10AF80001898D0F89400B0F5807F0CD1FFE718989E
:10AF90002830022105F078FC20B1FFE701208DF870
:10AFA0005600FFE7FFE744F25841C5F60201086882
:10AFB00020F44070189AD2F8942010430860FFE7FC
:10AFC00018988078000700283CD5FFE71898D0F83B
:10AFD000A000049050B1FFE70498B0F5803F0DD079
:10AFE000FFE70498B0F5003F10D010E01898083043
:10AFF000002105F061FB8DF857000CE0189828300F
:10B00000022105F041FC8DF8570004E003E0012027
:10B010008DF85700FFE79DF8570068B9FFE744F245
:10B020005841C5F60201086820F44030189AD2F859
:10B03000A0201043086004E09DF857008DF85600EA
:10B04000FFE7FFE718988078400700283FD5FFE723
:10B050001898D0F884000390B0F5801F0AD0FFE75D
:10B060000398B0F5001F0ED0FFE70398B0F5401F1E
:10B0700011D011E044F22C41C5F60201086840F4F9
:10B08000003008600CE018982830012105F0FCFB26
:10B090008DF8570004E003E001208DF85700FFE72A
:10B0A0009DF8570068B9FFE744F25441C5F6020124
:10B0B000086820F44010189AD2F8842010430860E1
:10B0C00004E09DF857008DF85600FFE7FFE7189859
:10B0D0008078C007A8B3FFE71898006D029028B1E8
:10B0E000FFE70298B0F5803F09D010E044F22C4110
:10B0F000C5F60201086840F4003008600BE01898BB
:10B100000830022105F0D8FA8DF8570003E001203D
:10B110008DF85700FFE79DF8570060B9FFE744F24C
:10B120004C41C5F60201086820F48030189A126D6F
:10B130001043086004E09DF857008DF85600FFE7C3
:10B14000FFE71898C078800600280CD5FFE718980C
:10B150002830022105F098FB20B1FFE701208DF88F
:10B160005600FFE7FFE718988078800700283AD557
:10B17000FFE71898C06F0190D0B1FFE70198B0F5D4
:10B18000807F0AD0FFE70198B0F5007F0ED0FFE77F
:10B190000198B0F5407F0AD00BE044F22C41C5F68F
:10B1A0000201086840F40030086006E005E004E0B1
:10B1B00003E001208DF85700FFE79DF8570060B9C4
:10B1C000FFE744F25441C5F60201086820F44070DC
:10B1D000189AD26F1043086004E09DF857008DF86C
:10B1E0005600FFE7FFE718988078C00600280CD5C6
:10B1F000FFE744F25041C5F60201086820F0004024
:10B20000189A126F10430860FFE71898807880063C
:10B2100000280CD5FFE744F25041C5F6020108684A
:10B2200020F08070189A926E10430860FFE718981B
:10B23000C0784006002811D5FFE7FFE744F210412F
:10B24000C5F60201086820F4004008601898D0F89C
:10B25000B420086810430860FFE7FFE71898C0783B
:10B26000000600280CD5FFE744F24C41C5F6020168
:10B27000086820F04050189A526D10430860FFE7AC
:10B2800018988078000600280DD5FFE744F2544155
:10B29000C5F60201086820F44000189AD2F8882008
:10B2A00010430860FFE718980079C00790B1FFE7E6
:10B2B00018980830002105F0FFF98DF857009DF827
:10B2C000570008B9FFE704E09DF857008DF85600D5
:10B2D000FFE7FFE7189800798007002812D5FFE7FD
:10B2E00018980830012105F0E7F98DF857009DF80E
:10B2F000570008B9FFE704E09DF857008DF85600A5
:10B30000FFE7FFE7189800794007002812D5FFE70C
:10B3100018980830022105F0CFF98DF857009DF8F4
:10B32000570008B9FFE704E09DF857008DF8560074
:10B33000FFE7FFE7189800790007002812D5FFE71C
:10B3400018982830002105F09FFA8DF857009DF8D5
:10B35000570008B9FFE704E09DF857008DF8560044
:10B36000FFE7FFE718980079C006002812D5FFE72D
:10B3700018982830012105F087FA8DF857009DF8BC
:10B38000570008B9FFE704E09DF857008DF8560014
:10B39000FFE7FFE7189800798006002812D5FFE73D
:10B3A00018982830022105F06FFA8DF857009DF8A3
:10B3B000570008B9FFE704E09DF857008DF85600E4
:10B3C000FFE7FFE79DF8560020B9FFE700208DF862
:10B3D000670003E001208DF86700FFE79DF8670034
:10B3E0001AB080BD0000000080B586B004900391C3
:10B3F000049820B9FFE701208DF817003CE203987C
:10B4000042F20001C5F20021096801F00F018842F3
:10B4100016D9FFE742F20000C5F20020016821F0D2
:10B420000F01039A11430160006800F00F000399B7
:10B43000884204D0FFE701208DF817001CE2FFE7E7
:10B44000049800784007002819D5FFE704980069A0
:10B4500044F21841C5F60201096801F07001884202
:10B460000CD9FFE744F21841C5F60201086820F044
:10B470007000049A126910430860FFE7FFE7049820
:10B4800000780007002819D5FFE70498406944F2C6
:10B490001C41C5F60201096801F0700188420CD90F
:10B4A000FFE744F21C41C5F60201086820F0700075
:10B4B000049A526910430860FFE7FFE70498007898
:10B4C000C006002819D5FFE70498806944F21C41A2
:10B4D000C5F60201096801F4E06188420CD9FFE772
:10B4E00044F21C41C5F60201086820F4E060049AA9
:10B4F000926910430860FFE7FFE704980078800630
:10B50000002819D5FFE70498C06944F22041C5F628
:10B510000201096801F0700188420CD9FFE744F28A
:10B520002041C5F60201086820F07000049AD26933
:10B5300010430860FFE7FFE70498007880070028C1
:10B5400019D5FFE70498C06844F21841C5F6020116
:10B55000096801F00F0188420CD9FFE744F2184155
:10B56000C5F60201086820F00F00049AD268104363
:10B570000860FFE7FFE704980078C007002800F0A4
:10B580008C80FFE744F21841C5F60201086820F4F8
:10B590007060049A9268104308600498406802281A
:10B5A00011D1FFE744F20040C5F60200006800F444
:10B5B00000310020B0EB514F04D1FFE701208DF89E
:10B5C000170059E13EE004984068032811D1FFE7D5
:10B5D00044F20040C5F60200006800F0007100204F
:10B5E000B0EB516F04D1FFE701208DF8170043E164
:10B5F00027E004984068012811D1FFE744F2004099
:10B60000C5F60200006800F480710020B0EB112F35
:10B6100004D1FFE701208DF817002DE110E044F27E
:10B620000040C5F60200006800F004010020B0EB05
:10B63000910F04D1FFE701208DF817001CE1FFE70F
:10B64000FFE7FFE744F21041C5F60201086820F069
:10B650000700049A526810430860FDF7C9F801908A
:10B66000FFE744F21040C5F60200006800F0380021
:10B6700004994968B0EBC10F0ED0FFE7FDF7B8F8A9
:10B680000199401A41F28931884204D3FFE703202F
:10B690008DF81700F0E0E4E7FFE7049800788007F2
:10B6A000002819D5FFE70498C06844F21841C5F690
:10B6B0000201096801F00F0188420CD2FFE744F251
:10B6C0001841C5F60201086820F00F00049AD268FC
:10B6D00010430860FFE7FFE7039842F20001C5F25C
:10B6E0000021096801F00F01884216D2FFE742F2FB
:10B6F0000000C5F20020016821F00F01039A1143F8
:10B700000160006800F00F000399884204D0FFE751
:10B7100001208DF81700AFE0FFE70498007840079C
:10B72000002819D5FFE70498006944F21841C5F6CE
:10B730000201096801F0700188420CD2FFE744F26F
:10B740001841C5F60201086820F07000049A1269D9
:10B7500010430860FFE7FFE704980078000700281F
:10B7600019D5FFE70498406944F21C41C5F602016F
:10B77000096801F0700188420CD2FFE744F21C41D5
:10B78000C5F60201086820F07000049A526910435F
:10B790000860FFE7FFE704980078C006002819D585
:10B7A000FFE70498806944F21C41C5F6020109686C
:10B7B00001F4E06188420CD2FFE744F21C41C5F677
:10B7C0000201086820F4E060049A9269104308605E
:10B7D000FFE7FFE7049800788006002819D5FFE707
:10B7E0000498C06944F22041C5F60201096801F0DD
:10B7F000700188420CD2FFE744F22041C5F60201F5
:10B80000086820F07000049AD26910430860FFE7CE
:10B81000FFE700F0CDF844F21842C5F602021168C5
:10B82000C1F303234CF6F471C0F60101CB5C03F0C5
:10B830001F03D84000900098126802F00F02895C44
:10B8400001F01F01C84040F22C01C2F20041086023
:10B85000009840F22801C2F20041086040F2001056
:10B86000C2F200400068FDF737F88DF80B009DF834
:10B870000B008DF81700FFE79DF8170006B080BD9C
:10B8800082B00190009101993F20086044F210407D
:10B89000C5F60200006800F007000199486044F214
:10B8A0001840C5F60200016801F47061019A9160C8
:10B8B000016801F00F01019AD160006800F070008A
:10B8C0000199086144F21C40C5F60200016801F0CC
:10B8D0007001019A5161006800F4E060019988618B
:10B8E00044F22040C5F60200006800F070000199A3
:10B8F000C86142F20000C5F20020006800F00F00AD
:10B900000099086002B0704780B582B000F050F82E
:10B9100044F21842C5F602021168C1F303234CF643
:10B92000F471C0F60101CB5C03F01F03D840019015
:10B930000198126802F00F02895C01F01F0120FAE1
:10B9400001F140F22C00C2F200400160019940F286
:10B950002802C2F200421160006802B080BD0000FF
:10B9600080B5FFF7D1FF44F21C41C5F6020109681A
:10B97000C1F302124CF6F471C0F60101895C01F0CA
:10B980001F01C84080BD000080B5FFF7BDFF44F235
:10B990001C41C5F602010968C1F302224CF6F4719C
:10B9A000C0F60101895C01F01F01C84080BD0000A4
:10B9B0008AB044F21040C5F60200006800F038007A
:10B9C00001460191182800F269810199DFE811F020
:10B9D000190066016601660166016601660166017D
:10B9E0003A0066016601660166016601660166014C
:10B9F0004000660166016601660166016601660136
:10BA0000460044F20040C5F60200006800F0200144
:10BA10000020B0EB511F0ED0FFE744F20040C5F606
:10BA200002000068C0F3C10149F20000C0F2D0304A
:10BA3000C840029005E049F20000C0F2D030029008
:10BA4000FFE731E140F60010C0F23D0002902BE12B
:10BA500043F20060C0F26E10029025E144F22840EB
:10BA6000C5F60200016801F0030108910068C0F307
:10BA70000510079044F22C40C5F60200006800F063
:10BA800001000690069844F23441C5F602010968A7
:10BA900089B2C908484300EE100AB8EE400A8DED9D
:10BAA000040A0798002800F0F580FFE70898009046
:10BAB00048B1FFE70098012869D0FFE70098022805
:10BAC00000F08980ABE044F20040C5F60200006857
:10BAD00000F020010020B0EB511F33D0FFE744F20B
:10BAE0000040C5F602000068C0F3C10149F2000041
:10BAF000C0F2D030C84005909DED050AB8EE400A6E
:10BB00009DED071AB8EE411A80EE010A44F230406A
:10BB1000C5F6020000686FF35F2001EE100AB8EE70
:10BB2000411A9DED042A9FED633A82EE032A31EE1D
:10BB3000021AB7EE002A31EE021A20EE010A8DED4C
:10BB4000030A23E09DED070AB8EE401A9FED5B0A59
:10BB500080EE010A44F23040C5F6020000686FF33F
:10BB60005F2001EE100AB8EE411A9DED042A9FED08
:10BB7000513A82EE032A31EE021AB7EE002A31EE74
:10BB8000021A20EE010A8DED030AFFE76BE09DED3E
:10BB9000070AB8EE401A9FED480A80EE010A44F207
:10BBA0003040C5F6020000686FF35F2001EE100A16
:10BBB000B8EE411A9DED042A9FED3E3A82EE032A2B
:10BBC00031EE021AB7EE002A31EE021A20EE010A17
:10BBD0008DED030A47E09DED070AB8EE401A9FED90
:10BBE000340A80EE010A44F23040C5F602000068D3
:10BBF0006FF35F2001EE100AB8EE411A9DED042AA2
:10BC00009FED2C3A82EE032A31EE021AB7EE002A9B
:10BC100031EE021A20EE010A8DED030A23E09DEDBC
:10BC2000070AB8EE401A9FED240A80EE010A44F29A
:10BC30003040C5F6020000686FF35F2001EE100A85
:10BC4000B8EE411A9DED042A9FED1A3A82EE032ABE
:10BC500031EE021AB7EE002A31EE021A20EE010A86
:10BC60008DED030AFFE744F23040C5F6020000689C
:10BC700081B2012000EB512009909DED030A9DED5A
:10BC8000091AB8EE411A80EE010ABCEEC00A8DED29
:10BC9000020A02E000200290FFE705E040F60010F3
:10BCA000C0F23D000290FFE702980AB0704700BF63
:10BCB000001BB74B000000460024744A0024744C5B
:10BCC00080B58CB00A900A9828B9FFE701208DF85A
:10BCD0002F0000F001BD0A980078C007002800F08E
:10BCE000B980FFE744F21040C5F60200006800F09A
:10BCF0003800069044F22840C5F60200006805901E
:10BD0000069810280AD0FFE7069818281CD1FFE7EC
:10BD1000059800F00300022816D1FFE744F2004026
:10BD2000C5F60200006800F400310020B0EB514F6E
:10BD300009D0FFE70A98406828B9FFE701208DF88D
:10BD40002F0000F0C9BC84E0FFE70A984068B0F516
:10BD5000803F09D1FFE744F20041C5F602010868BF
:10BD600040F48030086032E00A98406868B9FFE724
:10BD700044F20041C5F60201086820F480300860F2
:10BD8000086820F48020086020E00A984068B0F538
:10BD9000A02F0DD1FFE744F20041C5F6020108686B
:10BDA00040F480200860086840F4803008600CE0AF
:10BDB00044F20041C5F60201086820F480300860B2
:10BDC000086820F480200860FFE7FFE7FFE7FFE74F
:10BDD0000A984068F0B1FFE7FCF70AFD0990FFE719
:10BDE00044F20040C5F60200006800F40031002073
:10BDF000B0EB514F0DD1FFE7FCF7FAFC0999401A5F
:10BE0000652805D3FFE703208DF82F0000F064BC00
:10BE1000E6E71DE0FCF7ECFC0990FFE744F2004088
:10BE2000C5F60200006800F400310020B0EB514F6D
:10BE30000DD0FFE7FCF7DCFC0999401A652805D313
:10BE4000FFE703208DF82F0000F046BCE6E7FFE790
:10BE5000FFE7FFE70A9800788007002840F1C580D7
:10BE6000FFE744F21040C5F60200006800F0380019
:10BE7000049044F22840C5F602000068039004983C
:10BE800050B1FFE70498182850D1FFE79DF80C0047
:10BE9000800700284AD1FFE744F20040C5F60200BF
:10BEA000006800F004010020B0EB910F09D0FFE71B
:10BEB0000A98C06828B9FFE701208DF82F0000F02C
:10BEC0000BBC44F20041C5F60201086820F01900DD
:10BED0000A9AD26810430860FCF78AFC0990FFE7D1
:10BEE00044F20040C5F60200006800F004010020A2
:10BEF000B0EB910F0CD1FFE7FCF77AFC0999401ADF
:10BF0000032804D3FFE703208DF82F00E4E3E7E7DD
:10BF100044F20441C5F60201086820F0FE400A9A86
:10BF2000126940EA02600860FFE75DE00A98C068B5
:10BF3000A0B3FFE744F20041C5F60201086820F013
:10BF400019000A9AD26810430860FCF751FC099066
:10BF5000FFE744F20040C5F60200006800F004016B
:10BF60000020B0EB910F0CD1FFE7FCF741FC0999E1
:10BF7000401A032804D3FFE703208DF82F00ABE31A
:10BF8000E7E744F20441C5F60201086820F0FE40EC
:10BF90000A9A126940EA0260086024E044F2004113
:10BFA000C5F60201086820F001000860FCF720FCDB
:10BFB0000990FFE744F20040C5F60200006800F077
:10BFC00004010020B0EB910F0CD0FFE7FCF710FC50
:10BFD0000999401A032804D3FFE703208DF82F00A6
:10BFE0007AE3E7E7FFE7FFE7FFE70A980078C00694
:10BFF000002840F1A080FFE744F21040C5F602009F
:10C00000006800F03800029044F22840C5F60200B3
:10C0100000680190029808280AD0FFE702981828C3
:10C020002BD1FFE7019800F00300012825D1FFE79D
:10C0300044F20040C5F60200006800F48071002060
:10C04000B0EB112F09D0FFE70A98C069802804D00F
:10C05000FFE701208DF82F003EE3FFE744F20C419B
:10C06000C5F60201086820F07C500A9A126A40EA7C
:10C0700002600860FFE7FFE75CE00A98C06998B3D8
:10C08000FFE744F20041C5F60201086840F0800075
:10C090000860FCF7ADFB0990FFE744F20040C5F6ED
:10C0A0000200006800F480710020B0EB112F0CD169
:10C0B000FFE7FCF79DFB0999401A032804D3FFE72B
:10C0C00003208DF82F0007E3E7E7FFE744F20C4178
:10C0D000C5F60201086820F07C500A9A126A40EA0C
:10C0E00002600860FFE724E044F20041C5F6020167
:10C0F000086820F080000860FCF77AFB0990FFE7F1
:10C1000044F20040C5F60200006800F4807100208F
:10C11000B0EB112F0CD0FFE7FCF76AFB0999401A2E
:10C12000032804D3FFE703208DF82F00D4E2E7E7CC
:10C13000FFE7FFE7FFE70A980078000700284FD5E0
:10C14000FFE70A98406928B3FFE744F27441C5F657
:10C150000201086840F001000860FCF749FB099003
:10C16000FFE744F27440C5F60200006800F00201E7
:10C170000020B0EB510F0CD1FFE7FCF739FB099918
:10C18000401A032804D3FFE703208DF82F00A3E211
:10C19000E7E724E044F27441C5F60201086820F0A4
:10C1A00001000860FCF724FB0990FFE744F27440AB
:10C1B000C5F60200006800F002010020B0EB510F4C
:10C1C0000CD0FFE7FCF714FB0999401A032804D3AD
:10C1D000FFE703208DF82F007EE2E7E7FFE7FFE7A8
:10C1E0000A980078800600284FD5FFE70A988069F2
:10C1F00028B3FFE744F20041C5F60201086840F4A5
:10C2000080500860FCF7F4FA0990FFE744F2004020
:10C21000C5F60200006800F400510020B0EB513F69
:10C220000CD1FFE7FCF7E4FA0999401A032804D37C
:10C23000FFE703208DF82F004EE2E7E724E044F209
:10C240000041C5F60201086820F480500860FCF740
:10C25000CFFA0990FFE744F20040C5F602000068FB
:10C2600000F400510020B0EB513F0CD0FFE7FCF789
:10C27000BFFA0999401A032804D3FFE703208DF879
:10C280002F0029E2E7E7FFE7FFE70A980078400779
:10C29000002840F1A780FFE744F60001C5F602013F
:10C2A000086840F480700860FCF7A2FA0990FFE784
:10C2B00044F60000C5F602000068C00500280CD452
:10C2C000FFE7FCF795FA0999401A652804D3FFE7C0
:10C2D00003208DF82F00FFE1EAE7FFE70A98806866
:10C2E000012809D1FFE744F27041C5F60201086850
:10C2F00040F00100086031E00A98806868B9FFE703
:10C3000044F27041C5F60201086820F0010008609F
:10C31000086820F0040008601FE00A98806805287B
:10C320000DD1FFE744F27041C5F60201086840F004
:10C3300004000860086840F0010008600CE044F266
:10C340007041C5F60201086820F001000860086825
:10C3500020F004000860FFE7FFE7FFE7FFE70A9827
:10C360008068F8B1FFE7FCF743FA0990FFE744F271
:10C370007040C5F60200006800F002010020B0EB3A
:10C38000510F0ED1FFE7FCF733FA0999401A41F239
:10C390008931884204D3FFE703208DF82F009BE109
:10C3A000E5E71EE0FCF724FA0990FFE744F270404D
:10C3B000C5F60200006800F002010020B0EB510F4A
:10C3C0000ED0FFE7FCF714FA0999401A41F28931BF
:10C3D000884204D3FFE703208DF82F007CE1E5E7D6
:10C3E000FFE7FFE70A98406A002800F07181FFE745
:10C3F00044F21040C5F60200006800F0380018282A
:10C4000000F0E080FFE70A98406A022840F0B4801C
:10C41000FFE744F20041C5F60201086820F0807091
:10C420000860FCF7E5F90990FFE744F20040C5F623
:10C430000200006800F000710020B0EB516F0CD0DA
:10C44000FFE7FCF7D5F90999401A032804D3FFE761
:10C4500003208DF82F003FE1E7E7FFE744F2284192
:10C46000C5F60201086840F2F33290430A9B9A6ACB
:10C47000DB6A42EA0312104308600A99086BD1F89C
:10C4800034C08B6BCA6B01386FF35F204FF60061CD
:10C49000CFF6FF7101EB4C2189B208440021CFF6A1
:10C4A000FF7101EB034101F4FE0108444FF07F41AD
:10C4B00001EB026101F0FE41084444F23041C5F64F
:10C4C00002010860FFE744F22C41C5F60201009129
:10C4D000086820F00100086044F23442C5F6020208
:10C4E00010684FF6F87398430A9B9B6C40EAC300B0
:10C4F0001060086820F00C000A9A126C1043086063
:10C50000086820F002000A9A526C1043086008681C
:10C5100040F480300860086840F400300860086823
:10C5200040F480200860086840F00100086044F290
:10C530000041C5F60201086840F080700860FCF711
:10C5400057F90990FFE744F20040C5F60200006881
:10C5500000F000710020B0EB516F0CD1FFE7FCF749
:10C5600047F90999401A032804D3FFE703208DF8FF
:10C570002F00B1E0E7E724E044F20041C5F60201F4
:10C58000086820F080700860FCF732F90990FFE736
:10C5900044F20040C5F60200006800F0007100207F
:10C5A000B0EB516F0CD0FFE7FCF722F90999401A64
:10C5B000032804D3FFE703208DF82F008CE0E7E782
:10C5C000FFE784E044F22840C5F6020000680890C6
:10C5D00044F23040C5F60200006807900A98406AAD
:10C5E000012837D0FFE7089800F003000A99896A0C
:10C5F00088422FD1FFE7089800F47C710A98C06A3E
:10C60000B0EB111F26D1FFE707986FF35F200A995F
:10C61000096B013988421DD1FFE7BDF81C100A984B
:10C62000406B0138B0EB512F14D1FFE7079800F4AD
:10C63000FE010A98806B0138B0EB114F0AD1FFE779
:10C64000079800F0FE410A98C06B0138B0EB116FFB
:10C6500004D0FFE701208DF82F003DE044F2344084
:10C66000C5F60200006880B2C00808900A98806C85
:10C670000899884229D0FFE744F22C41C5F602010F
:10C68000086820F001000860FCF7B2F80990FFE7A5
:10C69000FCF7AEF80999401A08B9FFE7F8E744F249
:10C6A0003441C5F6020108684FF6F87290430A9AC1
:10C6B000926C40EAC200086044F22C41C5F60201C7
:10C6C000086840F001000860FFE7FFE7FFE7FFE7C9
:10C6D00000208DF82F00FFE79DF82F000CB080BDE3
:10C6E00080B586B00490039102920193049820B91A
:10C6F000FFE701208DF8170056E00498D0F8880075
:10C7000040B9FFE70499002081F88400049801F003
:10C710000BFFFFE704992420C1F888000498016802
:10C72000086820F0010008600498806A20B1FFE7E3
:10C73000049805F08DFEFFE7049806F0E1FC01285F
:10C7400004D1FFE701208DF817002DE0049801685F
:10C75000886840F48040886004980068806820F40D
:10C7600000400399084304990968886002984005CD
:10C7700000900199009840EA0140009004980068F8
:10C7800000686FF31940009908430499096808602C
:10C7900004980168086840F001000860049805F0FA
:10C7A000FBFE8DF81700FFE79DF8170006B080BD6F
:10C7B00080B582B0019001208DF803000198002817
:10C7C00076D0FFE7019890F8210040B9FFE7019982
:10C7D000002081F82000019800F06EF8FFE7019931
:10C7E000022081F8210001980068C06800F0100163
:10C7F0000020B0EB111F4DD1FFE7FFE70198016862
:10C80000CA2048620198016853204862FFE70198F6
:10C8100004F046F98DF803009DF8030000BBFFE724
:10C820000198016888684FF6BF72CFF68F7210408A
:10C830008860019A1168506813699269184302432D
:10C84000886810438860019801688268C06840EA7F
:10C8500002400861019804F063F98DF80300FFE7D6
:10C860009DF8030078B9FFE701980168C86C20F0D3
:10C870000300C864019801684269C0690243C86C3A
:10C880001043C864FFE7FFE701980168FF20486292
:10C89000FFE703E000208DF80300FFE79DF80300A9
:10C8A00028B9FFE70199012081F82100FFE7FFE7A0
:10C8B0009DF8030002B080BD80B5B0B02F906846EF
:10C8C000B821F3F7D0FF2F98006844F20001C5F6B5
:10C8D0000001884219D1FFE7002001904FF4800049
:10C8E00000904FF400702C906846FDF785FD18B15C
:10C8F000FFE7F6F771FEFFE744F27041C5F602016B
:10C90000086840F400400860FFE730B080BD0000D8
:10C9100080B588B0069005910492FFE7069890F8DC
:10C920002000012804D1FFE702208DF81F0081E0DC
:10C930000699012081F82000FFE7FFE70699022011
:10C9400081F82100049868B9FFE705984078C0068F
:10C95000002807D5FFE70599487800F0EF000A3076
:10C960004870FFE70498E0B9FFE70598C07804F045
:10C9700073F8000400900598407804F06DF80146C3
:10C98000009840EA012001900598807804F064F84E
:10C990000146019808440599097840EA413003901E
:10C9A0000CE00598017843788278C078000440EA6A
:10C9B0000320104440EA41300390FFE7FFE7069868
:10C9C0000168CA2048620698016853204862FFE760
:10C9D000069804F065F88DF80B009DF80B0078B907
:10C9E000FFE703984FF63F71C0F2FF010840069938
:10C9F00009684860069804F093F88DF80B00FFE78B
:10CA0000FFE706980168FF204862FFE79DF80B00EA
:10CA100028B9FFE70699012081F82100FFE7FFE729
:10CA20000699002081F82000FFE79DF80B008DF8A3
:10CA30001F00FFE79DF81F0008B080BD0000000048
:10CA400080B588B0069005910492FFE7069890F8AB
:10CA50002000012804D1FFE702208DF81F009AE092
:10CA60000699012081F82000FFE7FFE706990220E0
:10CA700081F82100FFE706980168CA2048620698FD
:10CA8000016853204862FFE7069804F009F88DF822
:10CA90000B009DF80B00002863D1FFE7049840BB12
:10CAA000FFE70698006880684006002801D5FFE788
:10CAB00003E005990020C870FFE70598007803F0AF
:10CAC000CBFF000400900598407803F0C5FF0146B5
:10CAD000009840EA012001900598807803F0BCFF9F
:10CAE0000146019808440599C97840EA81500390AD
:10CAF00018E00698006880684006002801D5FFE726
:10CB000003E005990020C870FFE7059908784B7885
:10CB10008A78C978000440EA0320104440EA815032
:10CB20000390FFE7039847F67F71C0F27F0108404A
:10CB300006990968086006980168886820F48020D2
:10CB400088600599C868096940EA01020698016889
:10CB5000886810438860069803F0E2FF8DF80B00A8
:10CB6000FFE7FFE706980168FF204862FFE79DF8AE
:10CB70000B0028B9FFE70699012081F82100FFE7A3
:10CB8000FFE70699002081F82000FFE79DF80B00E1
:10CB90008DF81F00FFE79DF81F0008B080BD000062
:10CBA00080B584B00290029801684FF65F70C0F2C1
:10CBB0000300C860FBF71CFE0190FFE702980068C5
:10CBC000C068800600280DD4FFE7FBF711FE01992D
:10CBD000401AB0F57A7F04D9FFE703208DF80F00E3
:10CBE00004E0EBE700208DF80F00FFE79DF80F0051
:10CBF00004B080BD0000000080B586B004900498A9
:10CC000020B9FFE701208DF817003AE10498406A47
:10CC100008B9FFE7FFE704990020886204980068DC
:10CC200043F20001C4F2010188421BD0FFE70498DF
:10CC3000006843F60001C4F20001884212D0FFE709
:10CC40000498006843F60041C4F20001884209D00C
:10CC5000FFE70498C068102804D3FFE701208DF88F
:10CC600017000EE1049804F0EBFA029004980068B3
:10CC700043F20001C4F20101884216D0FFE7049894
:10CC8000006843F60001C4F2000188420DD0FFE7BE
:10CC90000498006843F60041C4F20001884204D0C1
:10CCA000FFE7029808281FD8FFE70498006843F2BE
:10CCB0000001C4F20101884212D0FFE70498006825
:10CCC00043F60001C4F20001884209D0FFE704984E
:10CCD000006843F60041C4F20001884208D1FFE732
:10CCE0000298112804D3FFE701208DF81700C8E04F
:10CCF000049890F8810040B9FFE70499002081F87A
:10CD00008000049800F0C4F8FFE70499022081F83D
:10CD1000810004980168086820F001000860049808
:10CD20000068806800F4F810039004988069B0F1FE
:10CD3000806F1BD1FFE704984068B0F5800F04D1E5
:10CD4000FFE70498806B50B1FFE70498406868B92A
:10CD5000FFE70498806BB0F1805F07D1FFE704988C
:10CD60000168086840F480500860FFE70498807903
:10CD70004006002810D5FFE70498C06807280BD3A9
:10CD8000FFE704980068006820F48070049A116836
:10CD9000126D1043086006E004980168086820F4EA
:10CDA00080700860FFE7049B1968DA68D869D3F8D7
:10CDB00028C040EA0C00DDF80CC040EA0C00DB6B38
:10CDC000184310438860049A0192506B516A0843DB
:10CDD000916B0843916908431168D2F804C09368C5
:10CDE000D2F810E040EA0E00D2F814E040EA0E005B
:10CDF000D2F820E040EA0E0040EA0C00D2F84CC025
:10CE000040EA0C001843936C1843926D1043C860BD
:10CE10000498406898B9FFE7049800688068012189
:10CE200061F3CC20049909688860049800688068E0
:10CE3000022161F34A20049909688860FFE7049899
:10CE40000168086D20F001000865049880794006AB
:10CE500000280BD5FFE704980068C06820F0004068
:10CE6000049A1168526D1043C860FFE704990020CE
:10CE7000C1F88400049A012182F881108DF817000E
:10CE8000FFE79DF8170006B080BD0000000000001D
:10CE900080B5B6B035900020349033903290319008
:10CEA000309002A8B821F3F7DEFC3598006841F213
:10CEB0000041C5F6000188423FD1FFE70020039002
:10CEC0004FF4804002904FF0A0402D9002A8FDF753
:10CED00093FA18B1FFE7F6F77FFBFFE7FFE744F2AD
:10CEE000F440C5F60200016841F0200101600068CD
:10CEF00000F0200001900198FFE7FFE744F2E040D6
:10CF0000C5F60200016841F001010160006800F00F
:10CF1000010000900098FFE7A0203090022031909F
:10CF20000020329003203390082034900020C5F672
:10CF3000020030A9FBF770FAFFE736B080BD0000B1
:10CF400082B00190009140F20441C5F600010868EA
:10CF5000019A9043009A1043086002B070470000A5
:10CF600081B0009001B0704781B0009001B070476F
:10CF700081B0009001B0704784B002900191002010
:10CF80000090FFE7029890F83C00012804D1FFE7E9
:10CF900002208DF80F0082E00299012081F83C0008
:10CFA000FFE7FFE7009820F0FF000199C9680843F8
:10CFB0000090009820F4407001998968084300901F
:10CFC000009820F480600199496808430090009817
:10CFD00020F400600199096808430090009820F44B
:10CFE00080500199096908430090009820F400508E
:10CFF0000199496908430090009820F48040019904
:10D00000096B08430090009820F470200199896909
:10D0100040EA01400090009820F080500199C969D1
:10D0200008430090029800680021C4F20101884280
:10D0300009D0FFE70298006840F20041C4F2010104
:10D0400088421ED1FFE7009820F470000199896A98
:10D0500040EA01500090009820F080700199096A20
:10D0600008430090009820F000700199496A084335
:10D070000090009820F000500199C96A0843009080
:10D08000FFE70098029909684864FFE702990020C9
:10D0900081F83C00FFE700208DF80F00FFE79DF8C6
:10D0A0000F0004B07047000085B003900291FFE7C5
:10D0B000039890F83C00012804D1FFE702208DF886
:10D0C0001300ABE00399012081F83C00FFE7FFE784
:10D0D0000399022081F83D000398006840680190A0
:10D0E0000398006880680090039800680021C4F2EB
:10D0F0000101884209D0FFE70398006840F200412F
:10D10000C4F2010188420AD1FFE7019820F47000BF
:10D11000019002984168019808430190FFE7019847
:10D1200020F0700001900298016801980843019076
:10D130000198039909684860039800680021C4F2C7
:10D14000010188424ED0FFE703980068B0F1804F9C
:10D1500048D0FFE70398006840F20041C4F20001A4
:10D1600088423FD0FFE70398006840F60001C4F210
:10D170000001884236D0FFE70398006840F600417E
:10D18000C4F2000188422DD0FFE70398006840F206
:10D190000041C4F20101884224D0FFE703980068EF
:10D1A00041F60001C4F2000188421BD0FFE703985A
:10D1B000006844F20001C4F20101884212D0FFE786
:10D1C000039800684EF20001C4F20001884209D0C1
:10D1D000FFE7039800684EF20041C4F20001884264
:10D1E0000ED1FFE7009820F080000090029881683F
:10D1F0000098084300900098039909688860FFE749
:10D200000399012081F83D00FFE70399002081F890
:10D210003C00FFE700208DF81300FFE79DF81300A6
:10D2200005B070470000000080B582B00090009803
:10D2300020B9FFE701208DF8070045E0009890F83D
:10D240003D0040B9FFE70099002081F83C000098BC
:10D2500000F03EF8FFE70099022081F83D000099B8
:10D2600051F8040B04F060FC0099012081F848009B
:10D27000FFE70099012081F83E00009981F83F0006
:10D28000009981F84000009981F84100009981F8E7
:10D290004200009981F84300FFE7FFE70099012071
:10D2A00081F84400009981F84500009981F8460012
:10D2B000009981F84700FFE70099012081F83D00BF
:10D2C00000208DF80700FFE79DF8070002B080BD41
:10D2D00081B0009001B0704783B00190019890F840
:10D2E0003D00012804D0FFE701208DF80B0083E00A
:10D2F0000199022081F83D0001980168C86840F05A
:10D300000100C860019800680021C4F20101884250
:10D310004ED0FFE701980068B0F1804F48D0FFE79A
:10D320000198006840F20041C4F2000188423FD0F9
:10D33000FFE70198006840F60001C4F2000188424E
:10D3400036D0FFE70198006840F60041C4F20001C2
:10D3500088422DD0FFE70198006840F20041C4F2F6
:10D360000101884224D0FFE70198006841F60001DE
:10D37000C4F2000188421BD0FFE70198006844F224
:10D380000001C4F20101884212D0FFE70198006851
:10D390004EF20001C4F20001884209D0FFE7019873
:10D3A00000684EF20041C4F20001884219D1FFE743
:10D3B0000198006880680721C0F2010108400090D0
:10D3C000009806280CD0FFE70098B0F5803F07D002
:10D3D000FFE701980168086840F001000860FFE776
:10D3E00006E001980168086840F001000860FFE766
:10D3F00000208DF80B00FFE79DF80B0003B070478D
:10D4000081B0009001B0704780B584B0039003985C
:10D410000068C068029003980068006901909DF858
:10D4200004008007002824D5FFE79DF80800800746
:10D4300000281DD5FFE7039801686FF0020008611E
:10D44000039901200877039800688069800720B15C
:10D45000FFE70398FFF7D4FF06E0039800F058F9C0
:10D46000039800F0BDFAFFE7039900200877FFE773
:10D47000FFE79DF804004007002825D5FFE79DF849
:10D480000800400700281ED5FFE7039801686FF0E9
:10D4900004000861039902200877039800688069F6
:10D4A00010F4407F04D0FFE70398FFF7A9FF06E0E0
:10D4B000039800F02DF9039800F092FAFFE7039922
:10D4C00000200877FFE7FFE79DF804000007002829
:10D4D00024D5FFE79DF80800000700281DD5FFE7C9
:10D4E000039801686FF00800086103990420087729
:10D4F00003980068C069800720B1FFE70398FFF731
:10D500007FFF06E0039800F003F9039800F068FA43
:10D51000FFE7039900200877FFE7FFE79DF8040085
:10D52000C006002825D5FFE79DF80800C0060028A2
:10D530001ED5FFE7039801686FF01000086103999A
:10D540000820087703980068C06910F4407F04D071
:10D55000FFE70398FFF754FF06E0039800F0D8F8C0
:10D56000039800F03DFAFFE7039900200877FFE7F2
:10D57000FFE79DF80400C00778B1FFE79DF80800B9
:10D58000C00748B1FFE7039801686FF00100086128
:10D59000039800F029FAFFE7FFE7019800F0800008
:10D5A000802806D0FFE79DF805008006002810D5EA
:10D5B000FFE79DF808000006002809D5FFE703985B
:10D5C00001686FF4025008610398FFF7CDFCFFE794
:10D5D000FFE79DF80500C00780B1FFE79DF8080050
:10D5E0000006002809D5FFE7039801686FF48070F2
:10D5F00008610398FFF7B4FCFFE7FFE79DF804001C
:10D600004006002810D5FFE79DF8080040060028D6
:10D6100009D5FFE7039801686FF04000086103989F
:10D6200000F0F2F9FFE7FFE79DF80400800600280C
:10D6300010D5FFE79DF808008006002809D5FFE710
:10D64000039801686FF0200008610398FFF790FCD1
:10D65000FFE7FFE704B080BD80B588B007900020E9
:10D6600006900590049003900290079800680021AE
:10D67000C4F20101884221D1FFE7FFE744F2E04014
:10D68000C5F60200016841F010010160006800F079
:10D69000100001900198FFE74FF40850029002201B
:10D6A00003900020049005900120069041F20000B4
:10D6B000C5F6020002A9FAF7AFFE27E00798006856
:10D6C00040F20041C4F2000188421ED1FFE7FFE7AB
:10D6D00044F2E040C5F60200016841F00201016039
:10D6E000006800F0020000900098FFE7022002901E
:10D6F0000390002104910591069040F20040C5F688
:10D70000020002A9FAF788FEFFE7FFE708B080BD34
:10D7100081B0009001B0704780B586B0049003914D
:10D72000029200208DF80700FFE7049890F83C0073
:10D73000012804D1FFE702208DF81700C0E004990A
:10D74000012081F83C00FFE7FFE7029800901428D1
:10D7500000F2A7800099DFE801F00BA4A4A424A4A0
:10D76000A4A43EA4A4A457A4A4A471A4A4A48A001D
:10D7700004980068039904F0BBFA0498016888696A
:10D7800040F00800886104980168886920F004006E
:10D790008861039802690498016888691043886168
:10D7A00083E004980068039904F04AFB0498016838
:10D7B000886940F40060886104980168886920F4F1
:10D7C000806088610398026904980168886940EA6A
:10D7D0000220886169E004980068039904F0E8FB7E
:10D7E00004980168C86940F00800C861049801689D
:10D7F000C86920F00400C8610398026904980168B0
:10D80000C8691043C86150E004980068039904F0A7
:10D8100087FC04980168C86940F40060C8610498F6
:10D820000168C86920F48060C8610398026904989F
:10D830000168C86940EA0220C86136E004980068BF
:10D84000039904F0DDFC04980168486D40F008007D
:10D85000486504980168486D20F004004865039805
:10D86000026904980168486D104348651DE00498FA
:10D870000068039904F02CFD04980168486D40F499
:10D880000060486504980168486D20F48060486530
:10D890000398026904980168486D40EA02204865CF
:10D8A00003E001208DF80700FFE7FFE7049900205F
:10D8B00081F83C00FFE79DF807008DF81700FFE7AF
:10D8C0009DF8170006B080BD80B582B0009000982A
:10D8D00020B9FFE701208DF8070045E0009890F897
:10D8E0003D0040B9FFE70099002081F83C00009816
:10D8F00000F03EF8FFE70099022081F83D00009912
:10D9000051F8040B04F010F90099012081F8480047
:10D91000FFE70099012081F83E00009981F83F005F
:10D92000009981F84000009981F84100009981F840
:10D930004200009981F84300FFE7FFE700990120CA
:10D9400081F84400009981F84500009981F846006B
:10D95000009981F84700FFE70099012081F83D0018
:10D9600000208DF80700FFE79DF8070002B080BD9A
:10D9700083B00290029800680021C4F2010188423D
:10D9800010D1FFE7FFE744F2F040C5F6020001685E
:10D9900041F001010160006800F001000190019870
:10D9A000FFE719E00298006840F20041C4F200016C
:10D9B000884210D1FFE7FFE744F2E840C5F60200D5
:10D9C000016841F002010160006800F0020000906F
:10D9D0000098FFE7FFE7FFE703B070470000000093
:10D9E00081B0009001B0704780B582B0019001987D
:10D9F0000068B0F1804F03D1FFE7FAF71DFFFFE7A2
:10DA000002B080BD0000000081B0009001B07047FE
:10DA100083B00190FFE7019890F88400012804D1B9
:10DA2000FFE702208DF80B002CE00199012081F81E
:10DA30008400FFE7FFE701992420C1F888000198DE
:10DA400000680068009001980168086820F00100F3
:10DA50000860009820F0005000900199002048666E
:10DA6000009801990968086001992020C1F8880090
:10DA7000FFE70199002081F88400FFE700208DF87E
:10DA80000B00FFE79DF80B0003B07047000000009B
:10DA900082B00190ADF8021002B0704700000000A3
:10DAA00081B0009001B0704780B584B002900191C0
:10DAB000FFE7029890F88400012804D1FFE70220D4
:10DAC0008DF80F0032E00299012081F88400FFE711
:10DAD000FFE702992420C1F88800029800680068D6
:10DAE000009002980168086820F001000860029820
:10DAF0000068806820F06060019908430299096815
:10DB00008860029804F060FC009802990968086037
:10DB100002992020C1F88800FFE70299002081F8CF
:10DB20008400FFE700208DF80F00FFE79DF80F004D
:10DB300004B080BD0000000080B584B00290019167
:10DB4000FFE7029890F88400012804D1FFE7022043
:10DB50008DF80F0032E00299012081F88400FFE780
:10DB6000FFE702992420C1F8880002980068006845
:10DB7000009002980168086820F00100086002988F
:10DB80000068806820F060400199084302990968A4
:10DB90008860029804F018FC0098029909680860EF
:10DBA00002992020C1F88800FFE70299002081F83F
:10DBB0008400FFE700208DF80F00FFE79DF80F00BD
:10DBC00004B080BD0000000081B0009001B070473B
:10DBD00081B0009001B0704780B586B00490FFE737
:10DBE000FFE70498006850E8000F20F4907003905D
:10DBF000FFE703990498026842E800100028F0D17A
:10DC0000FFE7FFE7FFE7FFE70498006850E8020F2F
:10DC10004FF6FE71CEF6FF7108400290FFE70299C1
:10DC20000498026842E802100028EDD1FFE7FFE700
:10DC30000498C06E012814D1FFE7FFE7FFE70498BE
:10DC4000006850E8000F20F010000190FFE70199F4
:10DC50000498026842E800100028F0D1FFE7FFE7CF
:10DC6000FFE70498006880684006002837D5FFE782
:10DC7000FFE7FFE70498006850E8020F20F040003B
:10DC80000090FFE700990498026842E8021000281B
:10DC9000F0D1FFE7FFE70498D0F88000F0B1FFE78C
:10DCA0000498D0F88010002008650498D0F880000F
:10DCB000F6F76AFB88B1FFE70498D0F88000F7F721
:10DCC00077FB202808D1FFE704991020C1F89000C5
:10DCD00003208DF8170019E0FFE7FFE7FFE704993D
:10DCE0000020A1F85E0004990A680F2111620499CE
:10DCF0000A68916941F008019161049A2021C2F8F3
:10DD00008C100499C8668DF81700FFE79DF817007E
:10DD100006B080BD0000000080B582B0019001987F
:10DD20000AF0C6FD00900098B0F1FF3F01DCFFE76C
:10DD30001DE0009800EB400141F25C60C2F200403F
:10DD400000EB8101486801304860009842F6C473D6
:10DD5000C2F200434FF4037200FB0231012081F84C
:10DD60000B02009901FB023181F80A02FFE702B0C1
:10DD700080BD00000000000080B592B011901198A5
:10DD80000068C06910901198006800680F901198A1
:10DD9000006880680E90109840F60F0108400D90C2
:10DDA0000D98E0B9FFE79DF840008006002815D5E2
:10DDB000FFE79DF83C008006002806D4FFE79DF8A9
:10DDC0003B00C006002809D5FFE71198406F20B13D
:10DDD000FFE71198416F8847FFE74AE3FFE70D9897
:10DDE000002800F00C81FFE70E980121C1F200012C
:10DDF000084209D1FFE70F9840F22011C0F200411C
:10DE0000084200F0FC80FFE79DF84000C00788B1A1
:10DE1000FFE79DF83D00C00760B1FFE7119801687A
:10DE2000012008621199D1F8900040F00100C1F87A
:10DE30009000FFE79DF840008007002811D5FFE71C
:10DE40009DF83800C00760B1FFE711980168022013
:10DE500008621199D1F8900040F00400C1F89000D8
:10DE6000FFE79DF840004007002811D5FFE79DF827
:10DE70003800C00760B1FFE711980168042008620C
:10DE80001199D1F8900040F00200C1F89000FFE72E
:10DE90009DF840000007002819D5FFE79DF83C00D9
:10DEA0008006002807D4FFE70E980121C1F2000187
:10DEB00008420CD0FFE71198016808200862119908
:10DEC000D1F8900040F00800C1F89000FFE79DF8FD
:10DED00041000007002813D5FFE79DF83F004007E9
:10DEE00000280DD5FFE7119801684FF40060086223
:10DEF0001199D1F8900040F02000C1F89000FFE7A0
:10DF00001198D0F89000002878D0FFE79DF84000E5
:10DF10008006002815D5FFE79DF83C008006002804
:10DF200006D4FFE79DF83B00C006002809D5FFE7AF
:10DF30001198406F20B1FFE71198416F8847FFE7C4
:10DF4000FFE71198D0F890000C9011980068806855
:10DF500000F04000402806D0FFE79DF8300010F0A8
:10DF6000280F42D0FFE7119804F0CAFB119800680F
:10DF700080684006002833D5FFE7FFE7FFE71198E8
:10DF8000006850E8020F20F040000B90FFE70B996B
:10DF90001198026842E802100028F0D1FFE7FFE77D
:10DFA0001198D0F88000B0B1FFE71198D0F8801038
:10DFB00042F2E160C0F6010008651198D0F88000D7
:10DFC000F6F79EFE30B1FFE71198D0F88000016DA2
:10DFD0008847FFE703E01198FFF79EFEFFE703E0A5
:10DFE0001198FFF799FEFFE707E01198FFF794FEFD
:10DFF00011990020C1F89000FFE7FFE739E211987E
:10E00000C06E012840F0D681FFE79DF84000C006B1
:10E01000002840F1CF81FFE79DF83C00C0060028B2
:10E0200040F1C881FFE7119801681020086211983B
:10E03000006880684006002840F15A81FFE7119887
:10E04000D0F8800000681021C4F20201884200F07C
:10E05000A280FFE71198D0F8800000682821C4F260
:10E060000201884200F09780FFE71198D0F8800005
:10E0700000684021C4F20201884200F08C80FFE772
:10E080001198D0F8800000685821C4F2020188423B
:10E0900000F08180FFE71198D0F8800000687021BF
:10E0A000C4F20201884276D0FFE71198D0F88000D0
:10E0B00000688821C4F2020188426CD0FFE7119801
:10E0C000D0F880000068A021C4F20201884262D02A
:10E0D000FFE71198D0F880000068B821C4F202016F
:10E0E000884258D0FFE71198D0F88000006840F2CD
:10E0F0001041C4F2020188424DD0FFE71198D0F8D8
:10E100008000006840F22841C4F20201884242D0F7
:10E11000FFE71198D0F88000006840F24041C4F257
:10E120000201884237D0FFE71198D0F880000068DC
:10E1300040F25841C4F2020188422CD0FFE7119806
:10E14000D0F88000006840F27041C4F202018842B9
:10E1500021D0FFE71198D0F88000006840F2884194
:10E16000C4F20201884216D0FFE71198D0F880006F
:10E17000006840F2A041C4F2020188420BD0FFE7E0
:10E180001198D0F88000006840F2B841C4F2020152
:10E19000884207D1FFE71198D0F8800000684068F6
:10E1A000019006E01198D0F8800000684068019066
:10E1B000FFE70198ADF82A00BDF82A0000287BD0BF
:10E1C000FFE7BDF82A001199B1F85C10884273DAB4
:10E1D000FFE7BDF82A001199A1F85E001198D0F868
:10E1E0008000C069B0F5807F59D0FFE7FFE7FFE707
:10E1F0001198006850E8000F20F480700990FFE744
:10E2000009991198026842E800100028F0D1FFE750
:10E21000FFE7FFE7FFE71198006850E8020F20F0E2
:10E2200001000890FFE708991198026842E802107F
:10E230000028F0D1FFE7FFE7FFE7FFE7119800684C
:10E2400050E8020F20F040000790FFE7079911986F
:10E25000026842E802100028F0D1FFE7FFE71199B9
:10E260002020C1F88C0011990020C866FFE7FFE765
:10E270001198006850E8000F20F010000690FFE7AA
:10E2800006991198026842E800100028F0D1FFE7D3
:10E29000FFE71198D0F88000F6F776F8FFE71199BC
:10E2A000022008671198B0F85C10B0F85E20891A57
:10E2B00089B2FFF7EDFB1AE0BDF82A001199B1F819
:10E2C0005C10884212D1FFE71198D0F88000C06935
:10E2D000B0F5807F09D1FFE71199022008671198F6
:10E2E000B0F85C10FFF7D4FBFFE7FFE7FFE7C0E003
:10E2F0001199B1F85C00B1F85E10401AADF8160043
:10E300001198B0F85E00002853D0FFE7BDF8160062
:10E3100000284ED0FFE7FFE7FFE71198006850E8BC
:10E32000000F20F490700490FFE7049911980268A0
:10E3300042E800100028F0D1FFE7FFE7FFE7FFE722
:10E340001198006850E8020F4FF6FE71CEF6FF718B
:10E3500008400390FFE703991198026842E8021011
:10E360000028EDD1FFE7FFE711992020C1F88C00CC
:10E3700011990020C86611994867FFE7FFE71198D7
:10E38000006850E8000F20F010000290FFE70299AB
:10E390001198026842E800100028F0D1FFE7FFE77B
:10E3A0001199022008671198BDF81610FFF770FB4D
:10E3B000FFE75EE09DF84200C00600280FD5FFE7AA
:10E3C0009DF83A004006002809D5FFE7119801683A
:10E3D0004FF4801008621198FFF7FAFB49E09DF8AE
:10E3E00040000006002815D5FFE79DF83C00000618
:10E3F000002806D4FFE79DF83A000006002809D55A
:10E40000FFE71198806F20B1FFE71198816F88476F
:10E41000FFE72EE09DF84000400600280AD5FFE700
:10E420009DF83C004006002804D5FFE7119804F051
:10E43000B7F91EE09DF84200000600280AD5FFE764
:10E440009DF83F004006002804D5FFE71198FFF72C
:10E45000BBFB0EE09DF84300C00750B1FFE79DF8FD
:10E460003F000006002804D5FFE71198FFF718FBCE
:10E47000FFE712B080BD000080B582B00090009828
:10E4800020B9FFE701208DF8070046E00098806979
:10E4900008B1FFE700E0FFE70098D0F8880040B936
:10E4A000FFE70099002081F88400009800F03CF814
:10E4B000FFE700992420C1F88800009801680868E7
:10E4C00020F0010008600098806A20B1FFE7009802
:10E4D00003F0BEFFFFE7009804F012FE012804D10C
:10E4E000FFE701208DF8070017E0009801684868F1
:10E4F00020F49040486000980168886820F02A0065
:10E50000886000980168086840F001000860009881
:10E5100004F042F88DF80700FFE79DF8070002B00D
:10E5200080BD00000000000080B5E0B05F900020DA
:10E530005E905D905C905B905A902CA8B821F2F7A9
:10E5400092F95F98006845F20001C4F20001884228
:10E5500040F09880FFE700202D9002212C914990F7
:10E560002CA8FBF749FF18B1FFE7F5F735F8FFE7EF
:10E57000FFE744F2E840C5F60200016841F480116B
:10E580000160006800F480102B902B98FFE7FFE7F4
:10E5900044F2E040C5F60200016841F00401016068
:10E5A000006800F004002A902A98FFE7FFE744F291
:10E5B000E040C5F60200016841F008010160006812
:10E5C00000F0080029902998FFE74FF480505A90F6
:10E5D00002201B905B9000201E905C905D900820B4
:10E5E0001C905E9040F60000C5F602005AA91D91ED
:10E5F000F9F712FF1B9B1C981D991E9A4FF0040CF3
:10E60000CDF868C15B935C925D925E9040F60040ED
:10E61000C5F60200F9F700FF1E9941F62430C2F258
:10E6200000401F902822C4F2020202604122426090
:10E630008160C1604FF480620261416181614FF489
:10E640008072C2614FF4403202624162F7F798FF74
:10E6500018B1FFE7F4F7C0FFFFE7FFE75F9841F667
:10E660002431C2F20041C0F880105F988863FFE750
:10E6700035201A9005210022FAF7C2F91A98FAF704
:10E68000B3F972E25F98006847F60001C4F2000136
:10E69000884240F0A380FFE700202D9002212C91BA
:10E6A00049902CA8FBF7A8FE18B1FFE7F4F794FFF8
:10E6B000FFE7FFE744F2E840C5F60200016841F0D9
:10E6C00080410160006800F0804028902898FFE7B2
:10E6D000FFE744F2E040C5F60200016841F0100196
:10E6E0000160006800F0100027902798FFE74FF4C2
:10E6F000C0705A9002205B90002018905C9003201C
:10E700005D9007205E9041F20000C5F602005AA914
:10E71000F9F782FE189941F69C30C2F20040199038
:10E7200040F24042C4F2020202604F224260816025
:10E73000C1604FF480620261416181614FF4807277
:10E74000C2614FF4403202624162F7F719FF18B11B
:10E75000FFE7F4F741FFFFE7FFE75F9841F69C31E1
:10E76000C2F20041C0F880105F988863FFE741F66D
:10E770001440C2F20040179040F22841C4F2020156
:10E78000016050214160402181600021C1604FF44F
:10E7900080620261416181614FF48072C2614FF415
:10E7A000403202624162F7F7EBFE18B1FFE7F4F77F
:10E7B00013FFFFE7FFE75F9841F61441C2F2004103
:10E7C000C1675F988863FFE75220169005210022F9
:10E7D000FAF716F91698FAF707F9C5E15F98006895
:10E7E00044F20041C4F20001884240F08D80FFE70E
:10E7F00000202D9002212C9149902CA8FBF7FCFDC4
:10E8000018B1FFE7F4F7E8FEFFE7FFE744F2E8405E
:10E81000C5F60200016841F400310160006800F4AF
:10E82000003026902698FFE7FFE744F2E040C5F667
:10E830000200016841F008010160006800F0080072
:10E8400025902598FFE710205A9002200F905B90AA
:10E850005C90032010905D90072011905E9040F630
:10E860000040C5F6020012905AA91391F9F7D4FDA1
:10E87000DDF83CC0109B119A129813994FF0600E6E
:10E88000CDF868E1CDF86CC14FF0000CCDF850C068
:10E89000CDF870C15D935E92F9F7BEFD149941F613
:10E8A0007C50C2F2004015901022C4F202020260B5
:10E8B0002B2242608160C1604FF48062026141613D
:10E8C00081614FF48072C2614FF440320262416252
:10E8D000F7F756FE18B1FFE7F4F77EFEFFE7FFE714
:10E8E0005F9841F67C51C2F20041C0F880105F98F9
:10E8F0008863FFE726200E9005210022FAF780F8B2
:10E900000E98FAF771F82EE15F98006844F600015E
:10E91000C4F2000188426DD1FFE700202D90022152
:10E920002C9149902CA8FBF767FD18B1FFE7F4F78D
:10E9300053FEFFE7FFE744F2E840C5F60200016836
:10E9400041F480210160006800F480202490249824
:10E95000FFE7FFE744F2E040C5F60200016841F03E
:10E9600002010160006800F0020023902398FFE795
:10E97000FFE744F2E040C5F60200016841F00801FB
:10E980000160006800F0080022902298FFE74FF431
:10E9900080405A90022008905B905C900320099080
:10E9A0005D9007200A905E9040F20040C5F602009C
:10E9B0005AA90B91F9F730FD089B099A0A980B990F
:10E9C0004FF4407CCDF868C15B9300230C935C93BB
:10E9D0005D925E9040F60040C5F60200F9F71CFD1E
:10E9E0000C9A27200D900521FAF70AF80D98F9F7EF
:10E9F000FBFFB7E05F98006841F60041C4F20101F7
:10EA0000884240F0AE80FFE700202D9001212C913C
:10EA10004A902CA8FBF7F0FC18B1FFE7F4F7DCFDF7
:10EA2000FFE7FFE744F2F040C5F60200016841F05D
:10EA300080010160006800F0800021902198FFE7CC
:10EA4000FFE744F2E040C5F60200016841F0100122
:10EA50000160006800F0100020902098FFE704207B
:10EA60005A90022103915B91002106915C915D9186
:10EA70005E9041F20000C5F6020004905AA905918B
:10EA8000F9F7CAFC039B04980599069A4FF0080C05
:10EA9000CDF868C15B935C925D920B225E92F9F7B0
:10EAA000BBFC069941F68C40C2F20040079040F250
:10EAB0005842C4F202020260762242608160C16064
:10EAC0004FF48062026141618161C1614FF4403263
:10EAD00002624162F7F754FD18B1FFE7F4F77CFDDD
:10EAE000FFE7FFE75F9841F68C41C2F20041C0F8B2
:10EAF00080105F988863FFE741F60450C2F200403F
:10EB0000029040F27041C4F202010160772141603D
:10EB1000402181600021C1604FF480620261416147
:10EB20008161C1614FF4403202624162F7F728FD12
:10EB300018B1FFE7F4F750FDFFE7FFE75F9841F6F4
:10EB40000451C2F20041C1675F988863FFE79C20CF
:10EB5000019005210022F9F753FF0198F9F744FFCE
:10EB6000FFE7FFE7FFE7FFE7FFE760B080BD0000DA
:10EB700080B586B004900391ADF80A200498D0F8CF
:10EB80008C0020283CD1FFE7039820B1FFE7BDF8B7
:10EB90000A0020B9FFE701208DF8170034E004993E
:10EBA0000020C8660498006840F60041C5F60001E0
:10EBB00088421CD0FFE704980068406800020028E3
:10EBC00014D5FFE7FFE7FFE70498006850E8000F5F
:10EBD00040F080600190FFE701990498026842E8E4
:10EBE00000100028F0D1FFE7FFE7FFE7FFE70498F8
:10EBF0000399BDF80A2004F0ABFF8DF8170003E07D
:10EC000002208DF81700FFE79DF8170006B080BDC1
:10EC100080B584B00390039809F04AFE02900298F0
:10EC2000B0F1FF3F01DCFFE74CE0029842F6C4720E
:10EC3000C2F200424FF4037100FB012001900198E1
:10EC4000B0F8060201306FF35F20ADF802000198C2
:10EC500090F80A0230BBFFE7BDF802000199B1F855
:10EC60000812884211D1FFE70199012081F80A02B8
:10EC7000029800EB400241F25C61C2F2004151F89F
:10EC80002200013041F822000BE001990879B1F827
:10EC9000062211444871BDF802000199A1F806024C
:10ECA000FFE7FFE70398019904310122FFF760FFB6
:10ECB00040B1FFE70199012081F80A02019981F82A
:10ECC0000B02FFE704B080BD80B58AB008900791C1
:10ECD000ADF81A2005930898D0F88800202840F055
:10ECE0008780FFE7079820B1FFE7BDF81A0020B939
:10ECF000FFE701208DF827007EE008990020C1F889
:10ED0000900008992120C1F88800F9F771FD029060
:10ED1000BDF81A000899A1F85400BDF81A00089926
:10ED2000A1F8560008988068B0F5805F09D1FFE728
:10ED30000898006928B9FFE700200490079803901D
:10ED400004E00798049000200390FFE7FFE708988D
:10ED5000B0F8560088B3FFE70898029B05996A4609
:10ED600011608021002205F007F840B1FFE7089903
:10ED70002020C1F8880003208DF827003CE004988B
:10ED800058B9FFE7039800886FF35F200899096876
:10ED9000886203980230039008E00498007808998C
:10EDA00009688862049801300490FFE70899B1F877
:10EDB00056000138A1F85600C9E70898029B05994A
:10EDC0006A4611604021002204F0D6FF40B1FFE7FF
:10EDD00008992020C1F8880003208DF827000BE057
:10EDE00008992020C1F8880000208DF8270003E052
:10EDF00002208DF82700FFE79DF827000AB080BDAC
:10EE000081B0009001B07047FFE7FEE7000000000E
:10EE100080B584B002908DED010ACDED000A00208E
:10EE200028B9FFE7019809F0BFF850B91BE09DED44
:10EE3000010AB7EEC00A51EC100B09F045F890B189
:10EE4000FFE7002028B9FFE7009809F0ADF880B986
:10EE500009E09DED000AB7EEC00A51EC100B09F075
:10EE600033F830B9FFE70298F3F77AFC00200390FB
:10EE70005CE00198029908630098029948639DED4F
:10EE8000010A9DED001A30EE410A029880ED050A54
:10EE9000029890ED000A90ED051A90ED062A31EEE9
:10EEA000421A20EE010A80ED080A029890ED010A4C
:10EEB000D0ED040A90ED051A20EE010A09F038FDA4
:10EEC000029880ED090A029890ED020A90ED051A69
:10EED00090ED063A90ED072AB8EE004AA3EE041A28
:10EEE00031EE021A20EE010A80ED0A0A029890ED36
:10EEF0000B0AD0ED030A90ED083A90ED092A90ED47
:10EF00000A1A30EE030A30EE020A30EE010A09F066
:10EF10000FFD029880ED0B0A02998869C861029979
:10EF2000486988610298C06A0390FFE79DED030A73
:10EF300004B080BD0000000080B586B005908DED66
:10EF4000040ACDED030A8DED021A01910092059895
:10EF50003821F1F788FC0498059908600398059911
:10EF600048600298059988609DED010AB8EE400A54
:10EF7000059880ED030A9DED000AB8EE400A059859
:10EF800080ED040A06B080BD83B0029001918DF837
:10EF9000032000208DF802008DF80200FFE79DF8A5
:10EFA00002009DF80310884229DAFFE70298000F5B
:10EFB000092809D8FFE70298000F303001999DF821
:10EFC000022001F8120009E00299372000EB1170CD
:10EFD00001999DF8022001F81200FFE70298000154
:10EFE000029001989DF8021000EB4101002048704A
:10EFF000FFE79DF8020001308DF80200CFE703B073
:10F00000704700000000000080B582B00190F2F768
:10F010003BFE0090019942F6DC1EC2F2004EDEF883
:10F020000000DEF80420DEF80830DEF80CC0DEF860
:10F0300010E0C1F810E0C1F80CC08B604A600860B5
:10F040000098F3F72DF802B080BD0000000000002A
:10F0500080B58EB00C908DED0B0ACDED0A0A8DEDCA
:10F06000091ACDED081A8DED072A0C9800285BD0FF
:10F07000FFE7002028B9FFE70B9808F0D1FF58B947
:10F0800052E09DED0B0AB7EEC00A51EC100B08F0F0
:10F090006BFF002848D0FFE7002028B9FFE70A9857
:10F0A00008F0BEFF50B93FE09DED0A0AB7EEC00A76
:10F0B00051EC100B08F058FFB0B3FFE7002028B95F
:10F0C000FFE7099808F0ACFF50B92DE09DED090A63
:10F0D000B7EEC00A51EC100B08F046FF20B3FFE773
:10F0E000002028B9FFE7089808F09AFF50B91BE004
:10F0F0009DED080AB7EEC00A51EC100B08F034FF82
:10F1000090B1FFE7002028B9FFE7079808F088FFD3
:10F1100068B909E09DED070AB7EEC00A51EC100B83
:10F1200008F022FF18B9FFE700200D905DE09DED8B
:10F130000B0AFAEE090AB2EE091A102009F034FBA4
:10F1400006909DED0A0AFBEE0E0AB3EE0E1A0C2095
:10F15000019009F029FB0146019805919DED090AEE
:10F16000DFED230ACDED000A9FED221A09F01CFB0A
:10F17000DDED000A0146019804919DED080AB1EE0B
:10F18000041A09F011FB0146019803919DED070A4D
:10F19000FAEE040AB2EE041A09F006FB0290069891
:10F1A000000A0C99087006980C9948700598000997
:10F1B0000C99887005980001049940EA11200C9977
:10F1C000C87004980C990871039800090C9948714B
:10F1D00003980001029940EA11200C998871029865
:10F1E0000C99C87101200D90FFE70D980EB080BDFD
:10F1F000000000000000FA4380B58CB0ADF82E008E
:10F200000A91BDF82E0040F20121884201D0FFE7AB
:10F2100058E00020099008900790069005900A9801
:10F22000B0F8010040BA04900A99C8780979000141
:10F2300040EA111003900A980179407901F00F011A
:10F2400040EA012002900498B2EE090A102109F068
:10F250001BF88DED050A0398B3EE0E0A0C210191FF
:10F2600009F012F801998DED060A0298B2EE040A2F
:10F2700009F00AF88DED070A0A98007800098DF860
:10F2800020000A9880798DF821000A98C0798DF8BD
:10F290002200F9F7ADFA099001208DF823000598B6
:10F2A000069A079BDDF820C0DDF824E042F6DC1169
:10F2B000C2F20041C1F810E0C1F80CC08B604A6096
:10F2C0000860FFE70CB080BD80B588B08DED060A00
:10F2D000CDED050A8DED041ACDED031A8DED022A50
:10F2E0009DED060ADDED050A9DED041ADDED031A1C
:10F2F0009DED022A6846FFF7ABFE20B9FFE701202B
:10F300008DF81F000BE041F69860C2F2004040F219
:10F3100001216A46F3F74CF98DF81F00FFE79DF8CD
:10F320001F0008B080BD000080B584B08DF80E00CD
:10F330009DF80E00FC2809D0FFE79DF80E00FD287F
:10F3400004D0FFE701208DF80F0013E04FF0FF30ED
:10F35000029001909DF80E008DF80B0041F6986028
:10F36000C2F2004040F2012101AAF3F721F98DF821
:10F370000F00FFE79DF80F0004B080BD0000000003
:10F38000B0B582B00190F2F78FFC0090019942F67F
:10F390004812C2F2004210685368D2F808C0D2F88E
:10F3A0000CE0146955694D610C61C1F80CE0C1F8BD
:10F3B00008C04B6008609069D269CA618861009892
:10F3C000F2F77AFE02B0B0BD80B586B0ADF8160097
:10F3D0000491BDF8160040F20221884201D0FFE7F7
:10F3E0006BE004980178407840EA0120ADF80E0007
:10F3F000BDF80E00B0F5005F01D3FFE75DE0F9F75F
:10F40000F7F9029042F64810C2F20040007E50B177
:10F41000FFE7029842F64811C2F200410969401A1A
:10F42000652808D3FFE742F64811C2F20041486957
:10F430000130486129E0BDF80E0042F64811C2F2E1
:10F4400000410988401A01900198B0F5805F05DD00
:10F45000FFE70198A0F500500190FFE7019810F533
:10F46000805F05DAFFE7019800F500500190FFE7A3
:10F47000019B42F64812C2F20042D2E90201C018D2
:10F4800041EBE371C2E90201FFE7BDF80E0042F66D
:10F490004811C2F20041088004988278C07840EA9E
:10F4A0000220488004980279407940EA022088804E
:10F4B0000298086101200876FFE706B080BD0000D1
:10F4C00080B584B0ADF80E00BDF90E0042F21171A6
:10F4D000884205DBFFE742F21070ADF80E00FFE74F
:10F4E000BDF90E004DF6EF01CFF6FF71884205DC45
:10F4F000FFE74DF6F000ADF80E00FFE700200290A8
:10F500000190022000909DF80F00009901AA50542C
:10F510009DF80E0000991144487041F69860C2F2BF
:10F5200000404FF40071F3F743F804B080BD0000D1
:10F5300080B582B00190F2F7C7FB0090019941F6C7
:10F540000803C2F2004318685A68D3F808C0C1F82B
:10F5500008C04A6008600199D8681A695B694B6104
:10F560000A61C8600098F2F7B3FD02B080BD0000E8
:10F5700080B586B0ADF816000491BDF8160040F2D3
:10F580000521884203D1FFE7002003900BE0BDF87E
:10F59000160040F20621884203D1FFE701200390C4
:10F5A00000E03BE0FFE7002002900190009004980B
:10F5B0000178407840EA0120ADF80000BDF8000075
:10F5C000B0F5005F01D3FFE728E004988178C078A8
:10F5D00040EA0120ADF8020004980179407940EA40
:10F5E0000120ADF80400049880798DF80600F9F741
:10F5F000FFF8029001208DF80700039800EB400E01
:10F6000041F6080CC2F2004C0CEB8E01009B0198F5
:10F61000029A4CF82E308A604860FFE706B080BD41
:10F6200080B586B0ADF81600ADF814100020049037
:10F630000390BDF91600B0F5804F05DDFFE74FF4EC
:10F640008040ADF81600FFE7BDF9160010F5804FB9
:10F6500005DAFFE74FF44040ADF81600FFE7BDF9CB
:10F660001400B0F5804F05DDFFE74FF48040ADF8A2
:10F670001400FFE7BDF9140010F5804F05DAFFE72D
:10F680004FF44040ADF81400FFE700200290022044
:10F6900001909DF81700029903AA50549DF8160096
:10F6A0000299114448709DF81500019950549DF835
:10F6B000140001991144487041F6F850C2F200401C
:10F6C00040F2FF11F2F774FF06B080BD00000000A9
:10F6D00080B582B041F60030C2F20040019044F69D
:10F6E0000041C5F602010160012101710022427151
:10F6F00041F6B753C0F2C1438360C2604261826188
:10F700000162F4F7B9FD18B1FFE7F3F765FFFFE712
:10F7100002B080BD0000000080B58AB0FFE744F26F
:10F72000D840C5F60200016841F00101016000689F
:10F7300000F0010009900998FFE7FFE744F2D84084
:10F74000C5F60200016841F002010160006800F0A6
:10F75000020008900898FFE70B2000900521059112
:10F7600000220692F9F74CF90098F9F73DF905994E
:10F77000069A0C200190F9F743F90198F9F734F94A
:10F780000599069A39200290F9F73AF90298F9F7A3
:10F790002BF90599069A3A200390F9F731F9039865
:10F7A000F9F722F90599069A3B200490F9F728F910
:10F7B0000498F9F719F90599069A3C200790F9F78A
:10F7C0001FF90798F9F710F90AB080BD0000000092
:10F7D00080B582B041F6F850C2F2004000904AF283
:10F7E0000001C4F200010160002201928260C26047
:10F7F00001210174427482744FF0030EC0F814E0CA
:10F800000A2383614FF01D0CC0F81CC00362C0F8CE
:10F8100024E08362C0F82CC0036342638163C26347
:10F820000421016441648264C164026541658265AA
:10F83000C265016642668166F8F7EEF918B1FFE726
:10F84000F3F7CAFEFFE702B080BD00000000000031
:10F8500080B582B041F69860C2F2004000904AF252
:10F860000041C4F200010160002201928260C26086
:10F8700001210174427482744FF0030EC0F814E049
:10F880000A2383614FF01D0CC0F81CC00362C0F84E
:10F8900024E08362C0F82CC0036340F25633436314
:10F8A0008163C2630421016441648264C1640265AE
:10F8B00041658265C265016642668166F8F7ACF90A
:10F8C00018B1FFE7F3F788FEFFE702B080BD000044
:10F8D00080B582B041F63870C2F2004000904DF21F
:10F8E0000041C4F200010160002201928260C26006
:10F8F00001210174427482744FF0030EC0F814E0C9
:10F900000A2383614FF01D0CC0F81CC00362C0F8CD
:10F9100024E08362C0F82CC0036340F2AC6343630D
:10F920008163C2630421016441648264C16402652D
:10F9300041658265C265016642668166F8F76CF9C9
:10F9400018B1FFE7F3F748FEFFE702B080BD000003
:10F9500080B582B0002009F02BF9014641F6200065
:10F96000C2F200400160006818B9FFE7F3F734FE07
:10F97000FFE741F2F950C0F601004DF24402C0F633
:10F9800001020021009109F073FA009941F2E86246
:10F99000C2F200420192106041F2E950C0F601004B
:10F9A0004CF6D072C0F6010209F062FA009940F2FA
:10F9B0006812C2F20042106041F2D160C0F601004C
:10F9C0004DF28C02C0F6010209F052FA009943F29E
:10F9D0003062C2F20042106041F23170C0F60100A4
:10F9E0004DF2B002C0F6010209F042FA009943F26A
:10F9F0003862C2F20042106041F21160C0F60100AC
:10FA00004DF26802C0F6010209F032FA009942F69E
:10FA1000BC72C2F20042106041F28970C0F601006F
:10FA20004DF29012C0F6010209F022FA0146019847
:10FA300047F69052C2F200421160006818B3FFE727
:10FA400040F26810C2F200400068E0B1FFE743F204
:10FA50003060C2F200400068A8B1FFE743F23860AE
:10FA6000C2F20040006870B1FFE742F6BC70C2F21B
:10FA70000040006838B1FFE747F69050C2F20040FE
:10FA8000006818B9FFE7F3F7A7FDFFE702B080BDF4
:10FA900080B590B000200F900E900D900C900B90C0
:10FAA000FFE744F2E040C5F60200016841F01001B2
:10FAB0000160006800F010000A900A98FFE7FFE775
:10FAC00044F2E040C5F60200016841F00401016023
:10FAD000006800F0040009900998FFE7FFE744F28E
:10FAE000E040C5F60200016841F080010160006855
:10FAF00000F0800008900898FFE7FFE744F2E0403C
:10FB0000C5F60200016841F001010160006800F0E3
:10FB1000010007900798FFE7FFE744F2E040C5F6D1
:10FB20000200016841F002010160006800F002007B
:10FB300006900698FFE7FFE744F2E040C5F60200B2
:10FB4000016841F008010160006800F008000590BC
:10FB50000598FFE740F60000C5F6020002904EF25D
:10FB6000090101220192F8F72BFE019902984FF446
:10FB700060420B920C91002104910D910E910BA902
:10FB80000391F8F749FC019B02980399049A4FF0FE
:10FB9000090CCDF82CC00C930D9203220E92F8F7AD
:10FBA0003BFC039904984FF4A0520B924FF4881237
:10FBB0000C920D9041F20000C5F60200F8F72CFC03
:10FBC000039904984FF400520B9202220C920D906C
:10FBD0000E9005200F9040F20040C5F60200F8F7A5
:10FBE0001BFC04994FF00060FDF7AAF910B080BD2E
:10FBF00080B588B00021009107910691059104918C
:10FC00000391029142F2BC40C2F20040019044F2E2
:10FC10000002C5F60002026041607F228260FF227E
:10FC2000C26001618161C1614161FCF7C1FD18B130
:10FC3000FFE7F3F7D1FCFFE700208DF80C008DF80B
:10FC40000D008DF80E000690079042F2BC40C2F203
:10FC5000004003A90122FCF7F3FE18B1FFE7F3F718
:10FC6000BBFCFFE701228DF808208DF809208DF8F4
:10FC70000A2000208DF80B0042F2BC40C2F2004086
:10FC800002A9FCF745FE18B1FFE7F3F7A5FCFFE773
:10FC900008B080BD0000000080B582B042F2E040B4
:10FCA000C2F20040009041F20041C5F6000101603F
:10FCB0004FF4800141604FF4003181600321C16045
:10FCC00000210191016141614FF080628261C16157
:10FCD000016241628162C1624FF08042426381638E
:10FCE000C163016441648164C164016541658165EA
:10FCF000FCF782FF18B1FFE7F3F76EFCFFE702B0F5
:10FD000080BD00000000000080B59AB00020019086
:10FD100019901890179016901590149013901290B7
:10FD20001190109003A83421F0F79DFD019942F243
:10FD30006850C2F2004002900022C4F20102026048
:10FD4000416081604FF6FF72C26001614161816173
:10FD5000FDF7BAFD18B1FFE7F3F73EFCFFE700201F
:10FD600017901890199042F26850C2F2004017A9FB
:10FD7000FDF79AF918B1FFE7F3F72EFCFFE76020D3
:10FD800010900022119212921392149215921692D0
:10FD900042F26850C2F2004010A9FDF7BDFC18B154
:10FDA000FFE7F3F719FCFFE742F26850C2F20040A8
:10FDB00010A90822FDF7B0FC18B1FFE7F3F70CFC1F
:10FDC000FFE70020009003900490059006900790B4
:10FDD0004FF40051089109900B904FF000710C9175
:10FDE0000D900F9042F26850C2F2004003A9FDF757
:10FDF000C3F818B1FFE7F3F7EFFBFFE742F26850F3
:10FE0000C2F20040FDF728FC1AB080BD00000000DF
:10FE100080B58CB0002101910B910A910991089154
:10FE200007910691059104910391029142F20060BD
:10FE3000C2F2004040F20042C4F2000202605322CB
:10FE40004260816040F2CF72C26001618161FDF762
:10FE50003BFD18B1FFE7F3F7BFFBFFE70020099078
:10FE60000B9042F20060C2F2004009A9FDF71CF9B4
:10FE700018B1FFE7F3F7B0FBFFE760200290002026
:10FE800003900490069042F20060C2F2004002A982
:10FE90000C22FDF741FC18B1FFE7F3F79DFBFFE7EC
:10FEA00042F20060C2F20040FDF7D6FB0CB080BD0C
:10FEB00080B582B042F60800C2F20040019045F2DF
:10FEC0000001C4F20001016048F2A061C0F201012A
:10FED00041604FF4805181604FF40051C1604FF494
:10FEE000806101610C21416100218161C161016278
:10FEF00041628162FEF7C0FA18B1FFE7F3F76CFBCD
:10FF0000FFE742F60800C2F200400021FDF714FEB0
:10FF100018B1FFE7F3F760FBFFE742F60800C2F213
:10FF200000400021FDF7C0FD18B1FFE7F3F754FBD7
:10FF3000FFE742F60800C2F20040FDF769FD18B184
:10FF4000FFE7F3F749FBFFE702B080BD00000000C8
:10FF500080B582B042F69C00C2F20040009047F6A5
:10FF60000001C4F2000101604FF4E1314160002161
:10FF700001918160C16001610C2242618161C161B6
:10FF8000016241628162FEF777FA18B1FFE7F3F789
:10FF900023FBFFE742F69C00C2F200400021FDF780
:10FFA000CBFD18B1FFE7F3F717FBFFE742F69C0024
:10FFB000C2F200400021FDF777FD18B1FFE7F3F72B
:10FFC0000BFBFFE742F69C00C2F20040FDF720FD6C
:10FFD00018B1FFE7F3F700FBFFE702B080BD0000B8
:10FFE00080B582B042F24C60C2F20040009041F60F
:10FFF0000041C4F2010101604FF4E1314160002190
:020000040801F1
:1000000001918160C16001610C2242618161C16125
:10001000016241628162FEF72FFA18B1FFE7F3F740
:10002000DBFAFFE742F24C60C2F200400021FDF72C
:1000300083FD18B1FFE7F3F7CFFAFFE742F24C6018
:10004000C2F200400021FDF72FFD18B1FFE7F3F7E2
:10005000C3FAFFE742F24C60C2F20040FDF7D8FC61
:1000600018B1FFE7F3F7B8FAFFE702B080BD000070
:1000700080B582B042F2E060C2F20040009044F2EB
:100080000041C4F20001016040F60011C0F23D01E0
:100090004160002301938360C36003610C214161CF
:1000A00083614FF40041C161036243628362194678
:1000B0001A46FCF715FB18B1FFE7F3F78DFAFFE7D7
:1000C00042F2E060C2F200400021FDF735FD18B1B8
:1000D000FFE7F3F781FAFFE742F2E060C2F2004087
:1000E0000021FDF7E1FC18B1FFE7F3F775FAFFE730
:1000F00042F2E060C2F20040FDF78AFC18B1FFE76F
:10010000F3F76AFAFFE702B080BD000000000000CC
:1001100080B582B042F27470C2F20040009044F6A2
:100120000001C4F20001016043F60061C0F2490120
:100130004160002301938360C36003610C2141612E
:100140008361C36103624362836219461A46FCF706
:10015000C7FA18B1FFE7F3F73FFAFFE742F274700E
:10016000C2F200400021FDF7E7FC18B1FFE7F3F70A
:1001700033FAFFE742F27470C2F200400021FDF74B
:1001800093FC18B1FFE7F3F727FAFFE742F2747028
:10019000C2F20040FDF73CFC18B1FFE7F3F71CFA90
:1001A000FFE702B080BD000080B541F62400C2F236
:1001B000004040F20801C2F20041012205F040F97E
:1001C00018B1FFE7F3F708FAFFE741F62400C2F29F
:1001D000004040F23001C2F2004105F05DFE18B16E
:1001E000FFE7F3F7F9F9FFE741F62400C2F2004018
:1001F00040F2CC01C2F2004104F052FB18B1FFE71B
:10020000F3F7EAF9FFE741F62400C2F2004005F0F7
:10021000D3FF18B1FFE7F3F7DFF9FFE7F9F71CFEAB
:1002200080BD000000000000FFE7FEE700000000C6
:10023000FFE7FEE70000000088B0079006910592F6
:10024000079800F0070004900498C0F10700052803
:1002500003D3FFE70420019004E00498C0F10700F5
:100260000190FFE70198039004980430062803D812
:10027000FFE70020009003E0049803380090FFE7B8
:100280000098029006980399012202FA01F10139BF
:100290000840029B984005999A40013A1140084352
:1002A00008B070470000000080B541F6D870C2F277
:1002B0000040F8F7D9FE80BD80B586B00590049166
:1002C000059800680390039802900398006C0190D1
:1002D0000298049900EB4110D0F8080B00900198A7
:1002E00043F20B01C4F6547188420FD3FFE79DF827
:1002F00001000006002809D5FFE70298049900EBE9
:1003000041114FF40040C1F8080BFFE70598F9F7D9
:10031000E3FC019843F20B01C4F6547188420DD3FB
:10032000FFE705988079012808D1FFE7059908685B
:1003300001F29C42012106F06BFDFFE7002006B0B0
:1003400080BD00000000000080B588B007900691D5
:10035000079800680490049803900498006C029039
:100360000398069900EB4110D0F8080B019007980C
:100370008079012840F08180FFE79DF804000007A4
:10038000002818D5FFE7029843F20B01C4F6547118
:1003900088420FD3FFE79DF805000006002809D525
:1003A000FFE70398069900EB41114FF40040C1F8B4
:1003B000080BFFE760E09DF804008006002808D5E0
:1003C000FFE70398069900EB41112020C1F8080BC4
:1003D00051E09DF8040010F0280F4AD1FFE7029881
:1003E00043F20B01C4F6547188420FD3FFE79DF826
:1003F00005000006002809D5FFE70398069900EBE1
:1004000041114FF40040C1F8080B31E007980699FC
:1004100001EBC10100EB810000F515700590059816
:10042000006A0399069A01EB4211D1F8101B6FF391
:10043000DF41401A05994861069898B9FFE7059889
:10044000006940B9FFE70799086801F29C42012161
:1004500006F0DEFC05E00599C8684A691044C860EA
:10046000FFE7FFE707989DF81810F8F789FBFFE70B
:1004700000E0FFE7FFE7FFE747E0029843F20A11D9
:10048000C4F65471884224D1FFE79DF805000006A8
:10049000002809D5FFE70398069900EB41114FF4B6
:1004A0000040C1F8080B13E09DF804008006002806
:1004B00008D5FFE70398069900EB41112020C1F809
:1004C000080BFFE707989DF81810F8F759FBFFE7AE
:1004D0001AE0069890B9FFE70798069901EBC10169
:1004E00000EB8100D0F8640240B9FFE70799086883
:1004F00001F29C42002106F08BFCFFE707989DF873
:100500001810F8F73DFBFFE7FFE7002008B080BDBB
:1005100080B58CB00A9009910A98006808900898F4
:1005200007900A98099901EBC10100EB8100143092
:100530000690069801694069884204D9FFE70120C6
:100540008DF82F0079E0069908694969401A0590ED
:10055000059806998968884204D9FFE7069880685B
:100560000590FFE70598033080080490FFE707989F
:10057000099900EB4110D0F8180981B2049A0020C3
:10058000914202900FD3FFE706980269416900206B
:100590009142029007D2FFE706980069002818BF31
:1005A00001200290FFE70298C00770B3FFE70699A9
:1005B00008694969401A0590059806998968884232
:1005C00004D9FFE7069880680590FFE70598033097
:1005D0008008049008980699C9689DF82420BDF801
:1005E0001430DDF828C09CF806C0EE46CEF800C0F6
:1005F00007F09AFA059A0699C8681044C860059AE7
:100600000699486910444861B1E706990869496943
:1006100088420ED8FFE7099800F00F0101208840BA
:100620000390039A0799D1F834089043C1F834082D
:10063000FFE700208DF82F00FFE79DF82F000CB09A
:1006400080BD00000000000000000000000000006D
:10065000EFF30980BFF36F8F154B1A681EF0100F70
:1006600008BF20ED108A20E9F04F10602DE9090045
:100670004FF0500080F31188BFF34F8FBFF36F8F9F
:100680000AF0CAFB4FF0000080F31188BDE80900B2
:1006900019680868B0E8F04F1EF0100F08BFB0EC02
:1006A000108A80F30988BFF36F8F704700BF00BFC7
:1006B000EC2A00240000000080B586B0049003916D
:1006C00000208DF8070044F22840C5F602000068BB
:1006D00000F00300032804D1FFE701208DF8170084
:1006E000CBE044F20041C5F60201086820F08060CA
:1006F0000860F8F77DF80290FFE744F20040C5F685
:100700000200006800F000610020B0EBD16F0CD057
:10071000FFE7F8F76DF80299401A032804D3FFE7C2
:1007200003208DF81700A8E0E7E7FFE744F228412F
:10073000C5F60201086820F47C30049A126840EA89
:100740000230086004994868D1F808C0CB680A698B
:1007500001386FF35F204FF60061CFF6FF7101EBB8
:100760004C2189B208440021CFF6FF7101EB03410F
:1007700001F4FE0108444FF07F4101EB026101F0FA
:10078000FE41084444F23841C5F602010860FFE723
:1007900044F22C41C5F602010091086820F0C00027
:1007A000049A526910430860086820F02000049AF7
:1007B000926910430860086820F01000086044F255
:1007C0003C42C5F6020210684FF6F8739843049B4A
:1007D000DB6940EAC3001060086840F01000086060
:1007E000039848B9FFE744F22C41C5F602010868B6
:1007F00040F40020086016E00398012809D1FFE7C3
:1008000044F22C41C5F60201086840F480100860EB
:1008100008E044F22C41C5F60201086840F40010DB
:100820000860FFE7FFE744F20041C5F602010868EF
:1008300040F080600860F7F7DBFF0290FFE744F2CA
:100840000040C5F60200006800F000610020B0EB37
:10085000D16F0CD1FFE7F7F7CBFF0299401A0328BD
:1008600004D3FFE703208DF8170006E0E7E7FFE772
:100870009DF807008DF81700FFE79DF8170006B0F8
:1008800080BD00000000000080B586B00490039198
:1008900000208DF8070044F22840C5F602000068E9
:1008A00000F00300032804D1FFE701208DF81700B2
:1008B000CBE044F20041C5F60201086820F0805008
:1008C0000860F7F795FF0290FFE744F20040C5F695
:1008D0000200006800F000510020B0EB517F0CD006
:1008E000FFE7F7F785FF0299401A032804D3FFE7D3
:1008F00003208DF81700A8E0E7E7FFE744F228415E
:10090000C5F60201086820F07C70049A126840EA7B
:100910000250086004994868D1F808C0CB680A6999
:1009200001386FF35F204FF60061CFF6FF7101EBE6
:100930004C2189B208440021CFF6FF7101EB03413D
:1009400001F4FE0108444FF07F4101EB026101F028
:10095000FE41084444F24041C5F602010860FFE749
:1009600044F22C41C5F602010091086820F4406071
:10097000049A526910430860086820F40070049AD1
:10098000926910430860086820F48070086044F29F
:100990004442C5F6020210684FF6F8739843049B70
:1009A000DB6940EAC3001060086840F480700860AA
:1009B000039848B9FFE744F22C41C5F602010868E4
:1009C00040F48000086016E00398012809D1FFE791
:1009D00044F22C41C5F60201086840F400000860AA
:1009E00008E044F22C41C5F60201086840F080702E
:1009F0000860FFE7FFE744F20041C5F6020108681E
:100A000040F080500860F7F7F3FE0290FFE744F2F1
:100A10000040C5F60200006800F000510020B0EB75
:100A2000517F0CD1FFE7F7F7E3FE0299401A032844
:100A300004D3FFE703208DF8170006E0E7E7FFE7A0
:100A40009DF807008DF81700FFE79DF8170006B026
:100A500080BD00000000000083B08DF80B00002076
:100A600001909DF80B008DF80300FFE79DF803004F
:100A70000A2809D3FFE70198013001909DF803008F
:100A80000A388DF80300F1E7019800F00F019DF896
:100A9000030040EA011003B07047000000000000AE
:100AA00080B584B0039000208DF80700039800689B
:100AB000C068400600282ED4FFE7039801684FF075
:100AC000FF30C860F7F794FE0290FFE703980068D4
:100AD000C168002049060029009007D4FFE79DF86F
:100AE0000700033818BF01200090FFE70098C007F7
:100AF00080B1FFE7F7F77CFE0299401AB0F57A7FE4
:100B000007D9FFE703208DF80700039981F821003A
:100B1000FFE7DBE7FFE79DF8070004B080BD0000BA
:100B200080B582B0019000208DF8030044F20C01E2
:100B3000C5F60001086820F08000086044F2080053
:100B4000C5F600000068800600280DD4FFE7019874
:100B5000FCF726F838B1FFE70199032081F821005E
:100B60008DF80300FFE71CE044F20801C5F6000120
:100B7000086820F0200008600198FCF711F838B1EF
:100B8000FFE70199032081F821008DF80300FFE7BA
:100B900044F20801C5F60001086840F02000086032
:100BA000FFE79DF8030002B080BD000000000000D8
:100BB00087B08DED050ACDED040A8DED031ACDED5C
:100BC000021A9DED030A9DED021A20EE010A8DED39
:100BD000010A9DED040A9DED051A30EE410A8DEDE6
:100BE000000A9DED000A9DED011AB4EE410AF1EEF6
:100BF00010FA09DDFFE79DED050A9DED011A30EEC3
:100C0000010A8DED060A17E09DED000A9DED011A1F
:100C1000B1EE411AB4EE410AF1EE10FA09DAFFE73B
:100C20009DED050A9DED011A30EE410A8DED060A93
:100C300002E004980690FFE79DED060A07B07047B2
:100C4000B0B582B00190F1F74FF80090019942F6EB
:100C50006C7CC2F2004CDCF80000DCF80420DCF80C
:100C60000830DCF80CE0DCF81040DCF814504D6182
:100C70000C61C1F80CE08B604A600860DCF8180079
:100C8000DCF81C20DCF82030DCF824E0DCF828401C
:100C9000DCF82C50CD628C62C1F824E00B62CA6192
:100CA0008861DCF83000DCF83420DCF83830DCF81F
:100CB0003CC0C1F83CC08B634A6308630098F1F7FD
:100CC00013FA02B0B0BD000080B542F66C70C2F2FB
:100CD00000404021EFF7C7FD42F6AC71C2F200417F
:100CE0000020C86088604860086043F23461C2F246
:100CF0000041087047F2B261C2F20041088080BD35
:100D000080B592B002A8FFF79BFF9DF84610002027
:100D1000019059B1FFE7F7F76BFD0E99411A0020DA
:100D2000B1F5FA7F98BF01200190FFE7019800F02C
:100D3000010012B080BD000083B0ADF80A0001913F
:100D4000ADF8022003B0704780B586B00590ADF8CD
:100D50001210059808B9FFE7C4E00020ADF81000B4
:100D6000FFE7BDF81000BDF81210884280F2BA808B
:100D7000FFE747F2B260C2F200400088B0F5807F22
:100D80000BD1FFE7012007F0F3FC42F6AC71C2F291
:100D90000041486801304860FFE70598BDF8101031
:100DA000405C47F2B263C2F200431A88511C1980BA
:100DB00041F20571C2F200418854FFE747F2B26088
:100DC000C2F2004000880528C0F08580FFE741F2AC
:100DD0000570C2F200400078A52804D0FFE701208A
:100DE00007F0C6FCEAE741F20570C2F200400521B7
:100DF00006F022FF58B9FFE742F6AC71C2F200419B
:100E0000086801300860012007F0B2FCD6E741F223
:100E10000570C2F20040013009F092F9ADF80E0001
:100E2000BDF80E00F8280BD3FFE742F6AC71C2F212
:100E30000041486801304860012007F099FCBDE797
:100E4000BDF80E000930ADF80C0047F2B260C2F2F6
:100E500000400088BDF80C10884201DAFFE73AE054
:100E6000BDF80C1041F20570C2F2004006F0A4FE7D
:100E700058B9FFE742F6AC71C2F200410868013090
:100E80000860012007F074FC98E741F20570C2F297
:100E900000400090053009F053F90099ADF80A00C0
:100EA000BDF80A00BDF80E200731019109F05CF988
:100EB000019942F6AC72C2F2004290680130906033
:100EC000BDF80A00BDF80E20FFF736FFBDF80C0094
:100ED00007F04EFC72E7FFE7BDF810000130ADF8F7
:100EE00010003EE706B080BD80B582B0F0F7FCFE92
:100EF000019047F2B261C2F200410020088042F640
:100F00006C71C2F2004181F83E0081F83D0081F829
:100F10003C000198F1F7E8F802B080BD0000000045
:100F200080B5B8B0ADF8DC00ADF8DA103592ADF8A8
:100F3000D23004A8FFF784FE9DF84C00A0B1FFE773
:100F40009DF8100080B1FFE7FFF7DAFE60B1FFE720
:100F5000BDF8D200712807D8FFE7BDF8D20038B13C
:100F6000FFE7359820B9FFE701208DF8DF0052E058
:100F7000BDF8D2000F30ADF80E00A5208DF852005C
:100F80000DF1520002900130BDF8D210063189B245
:100F900009F0A6FF029843F23463C2F200431978C5
:100FA0004A1C1A708DF855100521F0F7B9FD02980A
:100FB000053040F2013109F093FF02980730BDF887
:100FC000DC1009F08DFF029809309DF8101009F02F
:100FD00087FF02980B30BDF8DA1009F081FFBDF8E9
:100FE000D20048B1FFE70DF152000D303599BDF840
:100FF000D220EFF755FBFFE7BDF80E100DF15200C0
:101000000190F0F761FD0198BDF80E10F0F77CFE3D
:101010008DF8DF00FFE79DF8DF0038B080BD0000ED
:1010200080B584B00390F0F71FFE0290039841F260
:101030008C61C2F200415822EFF7B9FB039890F897
:10104000500040B1FFE7F7F7D3FB0399C96C401A92
:1010500065282BD3FFE741F28C61C2F200410020EA
:10106000019081F8500041F23461C2F200410870F1
:1010700043F22C61C2F200410870039981F85300D9
:10108000039981F85200039981F85100039981F87E
:101090005000039988640399C860039948600399D4
:1010A00008600399886103990861FFE70298F0F7E7
:1010B000EBFF04B080BD000080B541F28C60C2F24D
:1010C00000405821EFF7CFFB00F086F880BD00000C
:1010D00080B584B00390ADF80A10039808B9FFE713
:1010E00078E00020ADF80800FFE7BDF80800BDF883
:1010F0000A1088426EDAFFE747F2B060C2F20040A1
:10110000007840B9FFE70398BDF80810405C0F284D
:1011100001D0FFE758E00398BDF80810415C47F2A2
:10112000B060C2F2004003785A1C027041F2EC62D7
:10113000C2F20042D1540078192844D1FFE707F0E9
:10114000C3F838B1FFE747F2B061C2F200410020B6
:10115000087037E041F2EC60C2F20040411C1822F6
:10116000EFF7E3FA47F2B061C2F2004108780138C4
:101170000870FFE747F2B060C2F20040017800203B
:10118000019051B1FFE741F2EC60C2F200400078FB
:101190000F3818BF01200190FFE70198C00780B108
:1011A000FFE747F2B061C2F20041087801380870E9
:1011B000C2B241F2EC60C2F20040411CEFF7B5FA56
:1011C000D8E7FFE7FFE7FFE7BDF808000130ADF81B
:1011D00008008AE704B080BD80B582B0F0F744FD16
:1011E000019041F28C62C2F20042002082F853006A
:1011F00082F8520082F8510082F850009064D0606A
:101200005060106082F8540010614FF2C351C3F671
:10121000A861916047F2B061C2F20041087041F2EA
:101220003461C2F20041087043F22C61C2F2004105
:1012300008700198F0F728FF02B080BD00000000A0
:1012400083B002900298C16B012000EB5110019015
:101250000298C0680130009000980730C0080090E4
:1012600000980199484303B0704700000000000057
:10127000074B19680868B0E8F04F80F30988BFF39E
:101280006F8F4FF0000080F31188704700BF00BFE0
:10129000EC2A00240000000080B56FF0040000215B
:1012A00006F01AFF80BD000084B003900398009000
:1012B00000980078ADF80800009801300090009880
:1012C0000078ADF80600BDF80610BDF8080040EA49
:1012D0000120ADF80A00BDF80A0004B07047000014
:1012E00080B582B00190F0F77FFC0090019943F245
:1012F0009863C2F2004318685A689B688B604A6022
:1013000008600098F0F790FE02B080BD0000000079
:1013100080B584B0002000900190ADF80800ADF8D1
:101320000A008DF80C008DF80D0043F29861C2F2AE
:1013300000410198029A039B8B604A600860F7F7AE
:1013400057FA0146009842F63012C2F2004211608C
:1013500041F6F451C2F200410860F2F745FBF1F7A3
:1013600023FF04B080BD000080B59EB006A90391A4
:101370001D9081ED160A1D9891ED160AF2F76CFB8F
:101380001AA8F2F71DFB0AA8FFF75AFCF7F730FA84
:1013900009909DF8641000200490C9B1FFE79DF802
:1013A00065100020049099B1FFE709981399411A3C
:1013B0000020B1F5FA7F04900AD8FFE70998149944
:1013C000411A0020B1F5FA7F98BF01200490FFE791
:1013D000049800F001008DF82300F0F705FC0146A9
:1013E00003980791099A42F63011C2F200410B6846
:1013F000D21A00EE102AB8EE400A9FED6C1A80EE69
:10140000010A80ED000A099808609DF82300A0B148
:10141000FFE70398BDF8361000EE101AB8EEC01AB8
:1014200090ED002A43F29860C2F2004090ED000A6D
:10143000A1EE420A80ED000AFFE743F29860C2F293
:10144000004090ED000AB5EE400AF1EE10FA07DA1E
:10145000FFE743F29861C2F2004100200860FFE715
:101460009DF8650078B3FFE741F6F450C2F2004002
:1014700000681899884226D0FFE7189841F6F45181
:10148000C2F20041086043F29860C2F2004090ED61
:10149000000ABDF8400001EE100AB8EEC11AB4EE21
:1014A000410AF1EE10FA0DDAFFE7BDF8400000EE58
:1014B000100AB8EE400A43F29860C2F2004080ED94
:1014C000000AFFE7FFE7BDF8400043F29861C2F26F
:1014D00000418880BDF83400C8809DF823100020AA
:1014E000029039B3FFE7BDF830100020029009B335
:1014F000FFE79DF82B10002049070029029019D51D
:10150000FFE743F29860C2F2004090ED000AB3EEAC
:101510000E1A30EE010ABDF8340001EE100AB8EEE2
:10152000C11A0020B4EE410AF1EE10FAB8BF012052
:101530000290FFE7029800F0010043F29861C2F2C6
:10154000004148721D9890F8511000200190B9B1E7
:10155000FFE71D9890F853100020019081B1FFE73C
:101560009DF86C100020019051B1FFE743F29860A4
:10157000C2F20040407A002818BF01200190FFE726
:10158000019800F0010143F29860C2F2004001723C
:10159000007A8DF817000798F0F746FD9DF81700C0
:1015A0009FED030AF1F750FE1EB080BD00007A44A3
:1015B00000401C450000000080B582B0F0F714FB2D
:1015C000019043F29860C2F2004090ED000AB2EE42
:1015D000041A30EE010A80ED000A0198F0F724FDAC
:1015E00002B080BD0000000080B582B0019001987B
:1015F000F2F78AFC02B080BD80B582B00190FEF7A0
:10160000D3FDFFE7012007F08BFAFBE700000000A5
:1016100080B5ACB02B90F2F7A3FD02F035FC0020B2
:101620008DF86B0007F0BCFB1990FFE7FFE742F273
:101630004C60C2F200401BA94022F0F709FC189050
:101640001898B0F1FF3F03DCFFE7FFF74DFC0AE01D
:101650001898012806DBFFE7BDF860101BA8FFF70C
:1016600073FBFFE7FFE7FFE718980028DFDCFFE7E1
:1016700002A8FFF7D5FC9DF8580058B1FFE79DF888
:101680005C0038B1FFE79DF86B0018B9FFE702F086
:1016900013FCFFE79DF858100020019039B1FFE7D7
:1016A0009DF85C00002818BF01200190FFE7019819
:1016B00000F001008DF86B00F7F79AF802F004FCD7
:1016C00019A80521F2F714FDB0E7000000000000A2
:1016D00080B594B01390F2F743FD07F061FB0290E0
:1016E000FFE7FFE742F60800C2F2004003A94022EC
:1016F000F0F7AEFB01900198B0F1FF3F03DCFFE78C
:10170000FFF76AFD0AE00198012806DBFFE7BDF854
:10171000041003A8FFF7DCFCFFE7FFE7FFE70198F1
:101720000028DFDCFFE702A80121F2F7E1FCD8E79F
:1017300080B59CB01B90F2F713FD07F031FB1A90B7
:10174000F7F756F81990FFE7F7F752F8189002A844
:101750000190FFF765FC01981899199A891A00EE13
:10176000101AB8EE400A9FED061A80EE010AFFF744
:10177000FBFD189819901AA80221F2F7B9FCE3E7CB
:1017800000007A440000000080B5CCB04B90F2F726
:10179000E7FC06F085FA07F003FB4A90F7F728F814
:1017A0004990FFE7FFE742F69C00C2F2004039A9EA
:1017B0004022F0F74DFB3890012806DBFFE7BDF82B
:1017C000E01039A806F0ECFAEDE73898B0F1FF3FE9
:1017D00003DCFFE706F06CFBFFE7F7F709F837904B
:1017E00037984999401A029006F052FA0146029839
:1017F00088425CD3FFE73798499031A8FDF798FEFF
:101800002CA8FDF701FC24A8FDF7BAFD21A8F0F7EC
:10181000BFFF1FA8F2F7D4F81CA8FFF761FD19A8B5
:10182000F1F7AAFC03A8FFF7FBFB2C9941F2F45057
:10183000C2F2004081602C9940F80C1F019022995F
:1018400041602D9981602E99C160BDF9C61000EEEE
:10185000101AB8EEC00A80ED040ABDF9D21000EEED
:10186000101AB8EEC00A80ED050A1F998161BDF912
:10187000921000EE101AB8EEC00A80ED070A19990E
:1018800001621C994162BDF8761000EE101AB8EEA4
:10189000400A80ED0A0A0999C1629DED1A0AB8EE64
:1018A000400A80ED0C0A0D2106F016FAFFE74AA85F
:1018B0000521F2F71DFC75E780B54EF21000CEF25F
:1018C000000000680AF088FA012803D0FFE709F059
:1018D000ABFDFFE780BD000080B59EB00BA84C219A
:1018E000EEF7C1FF002001900A9009900890079040
:1018F00006900590049003900220F8F759FAFFE74C
:101900000020029044F61800C5F60200016821F498
:1019100040410160006800F4404002900298FFE7F7
:10192000FFE744F61800C5F60200006800F4005016
:10193000B0F5005F01D0FFE7F3E729200B904FF4EB
:1019400080300C900121109111910220149015907B
:101950001690282217921891042119911A900C20A0
:101960001B9000201C901D900BA8FAF7A9F918B144
:10197000FFE7F1F731FEFFE73F20039003210491D9
:1019800000200590082006904020079008904FF412
:10199000806209920A9003A8F9F726FD18B1FFE7C3
:1019A000F1F71AFEFFE71EB080BD00000000000046
:1019B0004EF68851CEF20001086840F470000860CD
:1019C00042F20000C5F20020006800F00F00062877
:1019D0000AD8FFE742F20001C5F200210868072299
:1019E00062F303000860FFE744F20041C5F602011C
:1019F000086840F00100086044F21042C5F6020297
:101A00000020106008684EF67F52CEF6F622104095
:101A1000086042F20000C5F20020006800F00F00EC
:101A200008280AD3FFE742F20001C5F20021086846
:101A3000072262F303000860FFE744F21841C5F68D
:101A400002010020086044F21C41C5F60201086052
:101A500044F22041C5F60201086044F22842C5F66E
:101A6000020240F20021C0F20221116044F22C4235
:101A7000C5F602020021C0F2FF11116044F23042AB
:101A8000C5F6020240F28021C0F20111116044F259
:101A90003442C5F60202106044F23842C5F6020232
:101AA000116044F23C42C5F60202106044F240422A
:101AB000C5F60202116044F24441C5F60201086015
:101AC00044F20042C5F60202116821F4802111603F
:101AD00044F26041C5F60201086044F2D440C5F604
:101AE00002000068C004002814D4FFE744F2D44187
:101AF000C5F60201086840F48050086044F2000214
:101B0000C5F2002243F2D2001060086820F4805031
:101B10000860FFE77047000080B542F2B450C2F29F
:101B20000040FBF771FC80BD83B0029001910298E8
:101B30000068009002980021C4F20101884225D07B
:101B4000FFE70298B0F1804F20D0FFE7029840F203
:101B50000041C4F20001884218D0FFE7029840F625
:101B60000001C4F20001884210D0FFE7029840F65D
:101B70000041C4F20001884208D0FFE7029840F219
:101B80000041C4F2010188420AD1FFE7009820F029
:101B90007000009001984168009808430090FFE7AA
:101BA00002980021C4F2010188424DD0FFE702985B
:101BB000B0F1804F48D0FFE7029840F20041C4F2F4
:101BC0000001884240D0FFE7029840F60001C4F2CD
:101BD0000001884238D0FFE7029840F60041C4F285
:101BE0000001884230D0FFE7029840F20041C4F281
:101BF0000101884228D0FFE7029844F20001C4F2B4
:101C00000101884220D0FFE7029844F20041C4F26B
:101C10000101884218D0FFE7029844F60001C4F29F
:101C20000101884210D0FFE702984EF20001C4F291
:101C30000001884208D0FFE702984EF20041C4F24A
:101C4000000188420AD1FFE7009820F4407000901C
:101C50000198C168009808430090FFE7009820F0C1
:101C600080000199496908430090019880680299B1
:101C7000C862019800680299886202980021C4F243
:101C80000101884220D0FFE7029840F20041C4F2EF
:101C90000101884218D0FFE7029844F20001C4F223
:101CA0000101884210D0FFE7029844F20041C4F2DB
:101CB0000101884208D0FFE7029844F60001C4F20F
:101CC0000101884205D1FFE7019800690299086384
:101CD000FFE70299086840F00400086002990120BB
:101CE000486100980299086003B070470000000046
:101CF00085B0049003910498006A01900499086AE1
:101D000020F00100086204984068009004988069FF
:101D1000029002984FF68F71CFF6FE710840029044
:101D2000029820F00300029003980168029808438B
:101D30000290019820F002000190039881680198B8
:101D40000843019004980021C4F20101884220D088
:101D5000FFE7049840F20041C4F20101884218D024
:101D6000FFE7049844F20001C4F20101884210D058
:101D7000FFE7049844F20041C4F20101884208D010
:101D8000FFE7049844F60001C4F2010188420ED135
:101D9000FFE7019820F0080001900398C1680198BE
:101DA00008430190019820F004000190FFE7049897
:101DB0000021C4F20101884220D0FFE7049840F2DC
:101DC0000041C4F20101884218D0FFE7049844F2B0
:101DD0000001C4F20101884210D0FFE7049844F2E8
:101DE0000041C4F20101884208D0FFE7049844F69C
:101DF0000001C4F20101884213D1FFE7009820F4EA
:101E000080700090009820F4007000900398416961
:101E10000098084300900398816900980843009057
:101E2000FFE7009804994860029804998861039834
:101E300040680499486301980499086205B07047A6
:101E400085B0049003910498006A01900499086A8F
:101E500020F010000862049840680090049880699F
:101E60000290029848F6FF71CFF6FF610840029099
:101E7000029820F44070029003980168029840EAAA
:101E800001200290019820F02000019003988168C1
:101E9000019840EA0110019004980021C4F2010168
:101EA000884229D0FFE7049840F20041C4F20101C2
:101EB000884221D0FFE7049844F20001C4F20101F6
:101EC000884203D1FFE70020B0B9FFE7049844F24D
:101ED0000041C4F20101884203D1FFE7002058B954
:101EE000FFE7049844F60001C4F20101884212D1D0
:101EF000FFE7012078B9FFE7019820F0800001900A
:101F00000398C168019840EA01100190019820F0FF
:101F100040000190FFE704980021C4F201018842CB
:101F200020D0FFE7049840F20041C4F2010188424A
:101F300018D0FFE7049844F20001C4F2010188427E
:101F400010D0FFE7049844F20041C4F20101884236
:101F500008D0FFE7049844F60001C4F2010188426A
:101F600015D1FFE7009820F480600090009820F4DD
:101F70000060009003984169009840EA8100009059
:101F800003988169009840EA81000090FFE700987B
:101F900004994860029804998861039840680499FC
:101FA000886301980499086205B07047000000003A
:101FB00085B0049003910498006A01900499086A1E
:101FC00020F4807008620498406800900498C0690A
:101FD000029002984FF68F71CFF6FE710840029082
:101FE000029820F0030002900398016802980843C9
:101FF0000290019820F40070019003988168019884
:1020000040EA0120019004980021C4F201018842B5
:1020100029D0FFE7049840F20041C4F20101884250
:1020200021D0FFE7049844F20001C4F20101884284
:1020300003D1FFE70020B0B9FFE7049844F2004164
:10204000C4F20101884203D1FFE7002058B9FFE73D
:10205000049844F60001C4F20101884212D1FFE75E
:10206000012078B9FFE7019820F4006001900398FF
:10207000C168019840EA01200190019820F4806035
:102080000190FFE704980021C4F20101884220D0AA
:10209000FFE7049840F20041C4F20101884218D0E1
:1020A000FFE7049844F20001C4F20101884210D015
:1020B000FFE7049844F20041C4F20101884208D0CD
:1020C000FFE7049844F60001C4F20101884215D1EB
:1020D000FFE7009820F480500090009820F4005012
:1020E000009003984169009840EA0110009003981D
:1020F0008169009840EA01100090FFE70098049978
:10210000486002980499C861039840680499C863BC
:1021100001980499086205B07047000000000000B3
:1021200085B0049003910498006A01900499086AAC
:1021300020F4805008620498406800900498C069B8
:102140000290029848F6FF71CFF6FF6108400290B6
:10215000029820F44070029003980168029840EAC7
:1021600001200290019820F40050019003988168AA
:10217000019840EA0130019004980021C4F2010165
:10218000884220D0FFE7049840F20041C4F20101E8
:10219000884218D0FFE7049844F20001C4F201011C
:1021A000884210D0FFE7049844F20041C4F20101D4
:1021B000884208D0FFE7049844F60001C4F2010108
:1021C00088420BD1FFE7009820F4804000900398EC
:1021D0004169009840EA81100090FFE70098049957
:1021E000486002980499C86103984068049908649B
:1021F00001980499086205B07047000000000000D3
:1022000085B0049003910498006A01900499086ACB
:1022100020F4803008620498406800900498406D73
:10222000029002984FF68F71CFF6FE71084002902F
:1022300003980168029808430290019820F4003046
:10224000019003988168019840EA01400190049848
:102250000021C4F20101884220D0FFE7049840F237
:102260000041C4F20101884218D0FFE7049844F20B
:102270000001C4F20101884210D0FFE7049844F243
:102280000041C4F20101884208D0FFE7049844F6F7
:102290000001C4F2010188420BD1FFE7009820F44D
:1022A0008030009003984169009840EA0120009036
:1022B000FFE70098049948600298049948650398DC
:1022C00040680499886501980499086205B07047D0
:1022D00085B0049003910498006A01900499086AFB
:1022E00020F4801008620498406800900498406DC3
:1022F0000290029848F6FF71CFF6FF610840029005
:1023000003980168029840EA01200290019820F4A5
:102310000010019003988168019840EA01500190F3
:1023200004980021C4F20101884220D0FFE70498FC
:1023300040F20041C4F20101884218D0FFE704983E
:1023400044F20001C4F20101884210D0FFE7049872
:1023500044F20041C4F20101884208D0FFE704982A
:1023600044F60001C4F2010188420BD1FFE7009856
:1023700020F48020009003984169009840EA812071
:102380000090FFE700980499486002980499486516
:10239000039840680499C86501980499086205B0DB
:1023A000704700000000000080B542F60800C2F24D
:1023B0000040FBF7E1FC80BD80B542F69C00C2F214
:1023C0000040FBF7D9FC80BD82B001900198406EBF
:1023D00040B9FFE701990120A1F86A000199A1F82D
:1023E000680032E010208DF803008DF8020001989B
:1023F00000688068C0F342608DF8010001980068B1
:102400008068400F8DF800009DF802009DF80020C4
:102410004DF22403C0F60103995C48434DF21C01C0
:10242000C0F601018A5CB0FBF2F0019AA2F86A00E2
:102430009DF803009DF801209B5C5843895CB0FB2C
:10244000F1F00199A1F86800FFE702B070470000C1
:1024500081B00090009890F82800000700280BD564
:10246000FFE700980068406820F40040009A116877
:10247000926B10434860FFE7009890F82800C0076F
:1024800058B1FFE700980068406820F40030009AD7
:102490001168D26A10434860FFE7009890F828005E
:1024A000800700280BD5FFE700980068406820F4FB
:1024B0008030009A1168126B10434860FFE7009863
:1024C00090F82800400700280BD5FFE70098006827
:1024D000406820F48020009A1168526B10434860D5
:1024E000FFE7009890F82800C00600280BD5FFE70A
:1024F00000980068806820F48050009A1168D26BC0
:1025000010438860FFE7009890F8280080060028B4
:102510000BD5FFE700980068806820F40050009A0F
:102520001168126C10438860FFE7009890F828004B
:10253000400600281CD5FFE700980068406820F49A
:102540008010009A1168526C104348600098406CEB
:10255000B0F5801F0BD1FFE700980068406820F4B9
:10256000C000009A1168926C10434860FFE7FFE7D3
:10257000009890F82800000600280BD5FFE7009887
:102580000068406820F40020009A1168D26C104363
:102590004860FFE701B0704780B588B006900699A3
:1025A0000020C1F89000F6F723F90590069800681E
:1025B0000068000700282FD5FFE70698059B6A46AC
:1025C0006FF07E4111604FF40011002201F0D4FB46
:1025D00008B3FFE7FFE7FFE70698006850E8000F41
:1025E00020F080000490FFE704990698026842E812
:1025F00000100028F0D1FFE7FFE706992020C1F87E
:102600008800FFE70699002081F88400FFE7032097
:102610008DF81F005FE0FFE706980068006840073C
:10262000002842D5FFE70698059B6A466FF07E4179
:1026300011604FF48001002201F09EFBA0B3FFE780
:10264000FFE7FFE70698006850E8000F20F490705D
:102650000390FFE703990698026842E800100028FB
:10266000F0D1FFE7FFE7FFE7FFE70698006850E8D3
:10267000020F20F001000290FFE70299069802681D
:1026800042E802100028F0D1FFE7FFE7069920207A
:10269000C1F88C00FFE70699002081F88400FFE76D
:1026A00003208DF81F0016E0FFE706992020C1F8EF
:1026B00088000699C1F88C0006990020C866069922
:1026C0000867FFE70699002081F88400FFE70020F3
:1026D0008DF81F00FFE79DF81F0008B080BD0000C7
:1026E00080B582B001900198806B00900099002025
:1026F000A1F85E000098FBF70FFB02B080BD000060
:1027000084B00390FFE7FFE70398006850E8000FEC
:1027100020F490700290FFE702990398026842E863
:1027200000100028F0D1FFE7FFE7FFE7FFE703987D
:10273000006850E8020F4FF6FE71CEF6FF710840B8
:102740000190FFE701990398026842E8021000280F
:10275000EDD1FFE7FFE70398C06E012814D1FFE732
:10276000FFE7FFE70398006850E8000F20F0100033
:102770000090FFE700990398026842E800100028E3
:10278000F0D1FFE7FFE7FFE703992020C1F88C00B5
:1027900003990020C8660399486704B07047000099
:1027A00080B582B00190FFE7FFE70198006850E82C
:1027B000000F20F040000090FFE7009901980268A8
:1027C00042E800100028F0D1FFE7FFE70199202040
:1027D000C1F888000199002088670198FCF710FB78
:1027E00002B080BD0000000080B588B00790079857
:1027F000B0F86000ADF816000798D0F88C002228D9
:1028000040F0AB80FFE707980068406AADF814001D
:102810000798806D0690BDF81400BDF816100840AA
:10282000069908800799886D023088650799B1F884
:102830005E000138A1F85E000798B0F85E0000283D
:1028400040F08A80FFE7FFE7FFE70798006850E85D
:10285000000F20F490700490FFE704990798026835
:1028600042E800100028F0D1FFE7FFE7FFE7FFE7AD
:102870000798006850E8020F20F001000390FFE77E
:1028800003990798026842E802100028F0D1FFE798
:10289000FFE707992020C1F88C00079900204867BE
:1028A000079908670798006840F60041C5F60001DF
:1028B00088421CD0FFE707980068406800020028A3
:1028C00014D5FFE7FFE7FFE70798006850E8000F1F
:1028D00020F080600290FFE702990798026842E8C2
:1028E00000100028F0D1FFE7FFE7FFE7FFE70798B8
:1028F000C06E01282BD1FFE707990020C866FFE7CB
:10290000FFE70798006850E8000F20F010000190E2
:10291000FFE701990798026842E800100028F0D10B
:10292000FFE7FFE707980068C06900F01001012089
:10293000B0EB111F05D1FFE707980168102008626E
:10294000FFE70798B0F85C10FBF7A2F803E00798E0
:10295000FCF75EF9FFE7FFE706E007980168886982
:1029600040F008008861FFE708B080BD000000006B
:1029700080B58EB00D900D98B0F86000ADF82E00C7
:102980000D980068C06909900D980068006808906B
:102990000D980068806807900D98D0F88C00222868
:1029A00040F06181FFE70D98B0F86800ADF82A00AB
:1029B000FFE7BDF82A100020009031B1FFE79DF835
:1029C0002400C0F340100090FFE70098C0070028E3
:1029D00000F00A81FFE70D980068406AADF82C000E
:1029E0000D98806D0C90BDF82C00BDF82E1008409D
:1029F0000C9908800D99886D023088650D99B1F8A1
:102A00005E000138A1F85E000D980068C069099069
:102A10009DF824004007002852D0FFE79DF82400CD
:102A2000C00788B1FFE79DF82100C00760B1FFE74C
:102A30000D980168012008620D99D1F8900040F0CE
:102A40000100C1F89000FFE79DF8240080070028EE
:102A500011D5FFE79DF81C00C00760B1FFE70D9896
:102A60000168022008620D99D1F8900040F004003E
:102A7000C1F89000FFE79DF824004007002811D519
:102A8000FFE79DF81C00C00760B1FFE70D980168E3
:102A9000042008620D99D1F8900040F00200C1F8BE
:102AA0009000FFE70D98D0F8900040B1FFE70D9837
:102AB000FBF732F90D990020C1F89000FFE7FFE71E
:102AC0000D98B0F85E00002840F08D80FFE7FFE72A
:102AD000FFE70D98006850E8000F20F48070069022
:102AE000FFE706990D98026842E800100028F0D12F
:102AF000FFE7FFE7FFE7FFE70D98006850E8020FE8
:102B00004FF6FE71CEF6FF7108400590FFE705997C
:102B10000D98026842E802100028EDD1FFE7FFE7B8
:102B20000D992020C1F88C000D99002048670D995F
:102B300008670D98006840F60041C5F6000188421C
:102B40001CD0FFE70D98006840680002002814D5EB
:102B5000FFE7FFE7FFE70D98006850E8000F20F05F
:102B600080600490FFE704990D98026842E8001025
:102B70000028F0D1FFE7FFE7FFE7FFE70D98C06E01
:102B800001282BD1FFE70D990020C866FFE7FFE77A
:102B90000D98006850E8000F20F010000390FFE748
:102BA00003990D98026842E800100028F0D1FFE771
:102BB000FFE70D980068C06900F010010120B0EB3C
:102BC000111F05D1FFE70D98016810200862FFE78B
:102BD0000D98B0F85C10FAF75BFF03E00D98FCF776
:102BE00017F8FFE700E0E4E60D98B0F85E00ADF8F6
:102BF0002800BDF82800A8B3FFE7BDF828000D990C
:102C0000B1F8681088422DDAFFE7FFE7FFE70D987B
:102C1000006850E8020F20F080500290FFE7029910
:102C20000D98026842E802100028F0D1FFE7FFE7A4
:102C30000D9942F2E970C0F601004867FFE7FFE72F
:102C40000D98006850E8000F40F020000190FFE769
:102C500001990D98026842E800100028F0D1FFE7C2
:102C6000FFE7FFE706E00D980168886940F008007B
:102C70008861FFE70EB080BD80B586B005900598ED
:102C8000B0F86000ADF812000598D0F88C0022284A
:102C900040F0A980FFE705980068406AADF8100091
:102CA000BDF810009DF8121008400599896D087054
:102CB0000599886D013088650599B1F85E00013885
:102CC000A1F85E000598B0F85E00002840F08A8008
:102CD000FFE7FFE7FFE70598006850E8000F20F4E2
:102CE00090700390FFE703990598026842E800108E
:102CF0000028F0D1FFE7FFE7FFE7FFE7059800684E
:102D000050E8020F20F001000290FFE702990598B9
:102D1000026842E802100028F0D1FFE7FFE70599BA
:102D20002020C1F88C0005990020486705990867A4
:102D30000598006840F60041C5F6000188421CD0A5
:102D4000FFE70598006840680002002814D5FFE7F7
:102D5000FFE7FFE70598006850E8000F20F080606B
:102D60000190FFE701990598026842E800100028E9
:102D7000F0D1FFE7FFE7FFE7FFE70598C06E012806
:102D80002BD1FFE705990020C866FFE7FFE705980C
:102D9000006850E8000F20F010000090FFE7009955
:102DA0000598026842E800100028F0D1FFE7FFE72D
:102DB00005980068C06900F010010120B0EB111FF8
:102DC00005D1FFE70598016810200862FFE7059824
:102DD000B0F85C10FAF75CFE03E00598FBF718FF0B
:102DE000FFE7FFE706E005980168886940F0080002
:102DF0008861FFE706B080BD80B58EB00D900D985C
:102E0000B0F86000ADF832000D980068C0690A9013
:102E10000D980068006809900D9800688068089017
:102E20000D98D0F88C00222840F05F81FFE70D98C4
:102E3000B0F86800ADF82E00FFE7BDF82E100020B6
:102E4000019031B1FFE79DF82800C0F340100190D8
:102E5000FFE70198C007002800F00881FFE70D9800
:102E60000068406AADF83000BDF830009DF83210BF
:102E700008400D99896D08700D99886D013088653D
:102E80000D99B1F85E000138A1F85E000D98006858
:102E9000C0690A909DF828004007002852D0FFE73B
:102EA0009DF82800C00788B1FFE79DF82500C007FE
:102EB00060B1FFE70D980168012008620D99D1F813
:102EC000900040F00100C1F89000FFE79DF8280055
:102ED0008007002811D5FFE79DF82000C00760B1EA
:102EE000FFE70D980168022008620D99D1F8900063
:102EF00040F00400C1F89000FFE79DF8280040076B
:102F0000002811D5FFE79DF82000C00760B1FFE75A
:102F10000D980168042008620D99D1F8900040F0E6
:102F20000200C1F89000FFE70D98D0F8900040B182
:102F3000FFE70D98FAF7F0FE0D990020C1F8900018
:102F4000FFE7FFE70D98B0F85E00002840F08D80A5
:102F5000FFE7FFE7FFE70D98006850E8000F20F457
:102F600080700790FFE707990D98026842E800100B
:102F70000028F0D1FFE7FFE7FFE7FFE70D980068C3
:102F800050E8020F4FF6FE71CEF6FF710840069032
:102F9000FFE706990D98026842E802100028EDD17B
:102FA000FFE7FFE70D992020C1F88C000D99002064
:102FB00048670D9908670D98006840F60041C5F60E
:102FC000000188421CD0FFE70D98006840680002AD
:102FD000002814D5FFE7FFE7FFE70D98006850E8E9
:102FE000000F20F080600590FFE705990D980268BA
:102FF00042E800100028F0D1FFE7FFE7FFE7FFE716
:103000000D98C06E01282BD1FFE70D990020C866EE
:10301000FFE7FFE70D98006850E8000F20F0100070
:103020000490FFE704990D98026842E80010002818
:10303000F0D1FFE7FFE70D980068C06900F01001CC
:103040000120B0EB111F05D1FFE70D98016810209A
:103050000862FFE70D98B0F85C10FAF719FD03E07D
:103060000D98FBF7D5FDFFE700E0E6E60D98B0F818
:103070005E00ADF82C00BDF82C00A8B3FFE7BDF84A
:103080002C000D99B1F8681088422DDAFFE7FFE7B0
:10309000FFE70D98006850E8020F20F08050039081
:1030A000FFE703990D98026842E802100028F0D16A
:1030B000FFE7FFE70D9942F67940C0F60100486747
:1030C000FFE7FFE70D98006850E8000F40F0200090
:1030D0000290FFE702990D98026842E8001000286C
:1030E000F0D1FFE7FFE7FFE706E00D980168886988
:1030F00040F008008861FFE70EB080BD00000000CE
:1031000080B59EB01D9000208DF867001D98006866
:1031100040F60041C5F60001884201D1FFE700E01A
:10312000FFE71D9988680B694A69C969184310430C
:1031300008431C901D980068006846F6F311CCF611
:10314000FF7108401C9908431D99096808601D9883
:103150000068406820F440501D9A1168D2681043FE
:1031600048601D9880691C901D98006840F60041D9
:10317000C5F60001884206D0FFE71D98016A1C9839
:1031800008431C90FFE71D98006880684FF2FF41DC
:10319000C1F2FF1108401C9908431D990968886015
:1031A0001D980068C06A20F00F001D9A1168526ACD
:1031B0001043C862FFE71D98006841F20001C4F2A5
:1031C0000101884240F04180FFE744F25440C5F6D7
:1031D0000200006800F038000146109128282FD81E
:1031E0001099DFE801F0152D2D2D2D2D2D2D192DE8
:1031F0002D2D2D2D2D2D1D2D2D2D2D2D2D2D212D1B
:103200002D2D2D2D2D2D252D2D2D2D2D2D2D290027
:1032100001208DF86D0017E004208DF86D0013E09B
:1032200008208DF86D000FE010208DF86D000BE088
:1032300020208DF86D0007E040208DF86D0003E040
:1032400080208DF86D00FFE76CE21D98006844F265
:103250000041C4F2000188422ED1FFE744F25440FD
:10326000C5F60200006800F0070001460F9105282E
:103270001DD80F99DFE801F003070B0F131700208B
:103280008DF86D0017E004208DF86D0013E0082024
:103290008DF86D000FE010208DF86D000BE0202000
:1032A0008DF86D0007E040208DF86D0003E0802070
:1032B0008DF86D00FFE734E21D98006844F60001C8
:1032C000C4F2000188422ED1FFE744F25440C5F613
:1032D0000200006800F0070001460E9105281DD885
:1032E0000E99DFE801F003070B0F131700208DF88C
:1032F0006D0017E004208DF86D0013E008208DF8B4
:103300006D000FE010208DF86D000BE020208DF88F
:103310006D0007E040208DF86D0003E080208DF8FF
:103320006D00FFE7FCE11D98006844F60041C4F21F
:10333000000188422ED1FFE744F25440C5F6020056
:10334000006800F0070001460D9105281DD80D9971
:10335000DFE801F003070B0F131700208DF86D0055
:1033600017E004208DF86D0013E008208DF86D0043
:103370000FE010208DF86D000BE020208DF86D001F
:1033800007E040208DF86D0003E080208DF86D008F
:10339000FFE7C4E11D98006845F20001C4F2000196
:1033A00088422ED1FFE744F25440C5F6020000687F
:1033B00000F0070001460C9105281DD80C99DFE8A4
:1033C00001F003070B0F131700208DF86D0017E0B5
:1033D00004208DF86D0013E008208DF86D000FE0DB
:1033E00010208DF86D000BE020208DF86D0007E0B7
:1033F00040208DF86D0003E080208DF86D00FFE720
:103400008CE11D98006841F20041C4F2010188423C
:1034100040F04180FFE744F25440C5F602000068E6
:1034200000F0380001460B9128282FD80B99DFE8CF
:1034300001F0152D2D2D2D2D2D2D192D2D2D2D2D51
:103440002D2D1D2D2D2D2D2D2D2D212D2D2D2D2DC8
:103450002D2D252D2D2D2D2D2D2D290001208DF8E3
:103460006D0017E004208DF86D0013E008208DF842
:103470006D000FE010208DF86D000BE020208DF81E
:103480006D0007E040208DF86D0003E080208DF88E
:103490006D00FFE741E11D98006847F60001C4F2A6
:1034A000000188422ED1FFE744F25440C5F60200E5
:1034B000006800F0070001460A9105281DD80A9906
:1034C000DFE801F003070B0F131700208DF86D00E4
:1034D00017E004208DF86D0013E008208DF86D00D2
:1034E0000FE010208DF86D000BE020208DF86D00AE
:1034F00007E040208DF86D0003E080208DF86D001E
:10350000FFE709E11D98006847F60041C4F2000199
:1035100088422ED1FFE744F25440C5F6020000680D
:1035200000F007000146099105281DD80999DFE838
:1035300001F003070B0F131700208DF86D0017E043
:1035400004208DF86D0013E008208DF86D000FE069
:1035500010208DF86D000BE020208DF86D0007E045
:1035600040208DF86D0003E080208DF86D00FFE7AE
:10357000D1E01D98006841F60001C4F201018842C3
:1035800040F04180FFE744F25440C5F60200006875
:1035900000F038000146089128282FD80899DFE864
:1035A00001F0152D2D2D2D2D2D2D192D2D2D2D2DE0
:1035B0002D2D1D2D2D2D2D2D2D2D212D2D2D2D2D57
:1035C0002D2D252D2D2D2D2D2D2D290001208DF872
:1035D0006D0017E004208DF86D0013E008208DF8D1
:1035E0006D000FE010208DF86D000BE020208DF8AD
:1035F0006D0007E040208DF86D0003E080208DF81D
:103600006D00FFE786E01D98006841F60041C4F2B6
:103610000101884240F04180FFE744F25440C5F682
:103620000200006800F038000146079128282FD8D2
:103630000799DFE801F0152D2D2D2D2D2D2D192D9C
:103640002D2D2D2D2D2D1D2D2D2D2D2D2D2D212DC6
:103650002D2D2D2D2D2D252D2D2D2D2D2D2D2900D3
:1036600001208DF86D0017E004208DF86D0013E047
:1036700008208DF86D000FE010208DF86D000BE034
:1036800020208DF86D0007E040208DF86D0003E0EC
:1036900080208DF86D00FFE73BE01D98006840F644
:1036A0000041C5F6000188422ED1FFE744F25840A0
:1036B000C5F60200006800F00700014606910528E3
:1036C0001DD80699DFE801F003070B0F131702203E
:1036D0008DF86D0017E004208DF86D0013E00820D0
:1036E0008DF86D000FE010208DF86D000BE02020AC
:1036F0008DF86D0007E040208DF86D0003E080201C
:103700008DF86D00FFE703E080208DF86D00FFE786
:10371000FFE7FFE7FFE7FFE7FFE7FFE7FFE7FFE779
:10372000FFE7FFE7FFE71D98006840F60041C5F698
:103730000001884240F0B480FFE79DF86D0001462B
:103740000591022814D0FFE70598042814D0FFE75C
:103750000598082816D0FFE70598102818D0FFE72D
:103760000598202835D0FFE70598402837D03AE063
:10377000F6F77EFB11903CE015A8F6F78DFB169846
:10378000119036E012A8F6F7DFFC1398119030E0A4
:1037900044F20040C5F60200006800F0200100205D
:1037A000B0EB511F0ED0FFE744F20040C5F6020017
:1037B0000068C0F3C10149F20000C0F2D030C84037
:1037C000119005E049F20000C0F2D0301190FFE7FF
:1037D0000FE040F60010C0F23D00119009E04FF4F8
:1037E0000040119005E00020119001208DF8670045
:1037F000FFE71198002852D0FFE711981D994A6AF7
:103800004DF22C01C0F6010131F81210B0FBF1F0BD
:10381000189018981D99496801EB4101884207D317
:10382000FFE718981D994968B0EB013F04D9FFE7FD
:1038300001208DF8670031E011981D994A680392C4
:103840004A6A4DF22C01C0F6010131F81220002322
:1038500004931946ECF704FE039A049B090241EA1B
:103860001061000210EB520041F10001ECF7F8FD8D
:103870001A901A98B0F5407F0BD3FFE71A990020F1
:10388000B0EB115F05D1FFE71A981D990968C86070
:1038900003E001208DF86700FFE7FFE7FFE746E15F
:1038A0001D98C069B0F5004F40F0A880FFE79DF873
:1038B0006D0001460291402800F263800299DFE822
:1038C00001F021256060296060602F6060606060A9
:1038D0006060356060606060606060606060606013
:1038E00060605660606060606060606060606060E2
:1038F00060606060606060606060606060606060C8
:1039000060605C00F8F72CF8119040E0F8F73CF8A4
:1039100011903CE015A8F6F7BFFA1698119036E022
:1039200012A8F6F711FC1398119030E044F2004011
:10393000C5F60200006800F020010020B0EB511F26
:103940000ED0FFE744F20040C5F602000068C0F365
:10395000C10149F20000C0F2D030C840119005E02A
:1039600049F20000C0F2D0301190FFE70FE040F6BE
:103970000010C0F23D00119009E04FF4004011909A
:1039800005E00020119001208DF86700FFE71198F5
:1039900098B3FFE711981D9A5168536A4DF22C02B3
:1039A000C0F6010232F81320B0FBF2F0400000EB49
:1039B0005100B0FBF1F01A901A98102818D3FFE7C5
:1039C000BDF86A00A0B9FFE71A9820F00F00ADF823
:1039D0006E001A9800F00E01BDF86E0040EA51002A
:1039E000ADF86E00BDF86E001D990968C86003E06F
:1039F00001208DF86700FFE7FFE797E09DF86D0075
:103A000001460191402800F263800199DFE801F04E
:103A100021256060296060602F6060606060606088
:103A200035606060606060606060606060606060C1
:103A30005660606060606060606060606060606090
:103A40006060606060606060606060606060606076
:103A50005C00F7F785FF119040E0F7F795FF1190B4
:103A60003CE015A8F6F718FA1698119036E012A85F
:103A7000F6F76AFB1398119030E044F20040C5F667
:103A80000200006800F020010020B0EB511F0ED0B2
:103A9000FFE744F20040C5F602000068C0F3C10130
:103AA00049F20000C0F2D030C840119005E049F260
:103AB0000000C0F2D0301190FFE70FE040F6001098
:103AC000C0F23D00119009E04FF40040119005E074
:103AD0000020119001208DF86700FFE7119820B3B6
:103AE000FFE711981D9A5168536A4DF22C02C0F6F7
:103AF000010232F81320B0FBF2F000EB5100B0FBF2
:103B0000F1F01A901A9810280AD3FFE7BDF86A005E
:103B100030B9FFE7BDF868001D990968C86003E087
:103B200001208DF86700FFE7FFE7FFE7FFE71D993A
:103B30000120A1F86A001D99A1F868001D990020D4
:103B400048671D9988679DF867001EB080BD00001A
:103B500088B007900691ADF81620069807998865F9
:103B6000BDF816000799A1F85C00BDF8160007998A
:103B7000A1F85E00079900204867FFE70798806872
:103B8000B0F5805F10D1FFE70798006930B9FFE713
:103B9000079940F2FF10A1F8600004E00799FF20A8
:103BA000A1F86000FFE72EE00798806878B9FFE78A
:103BB0000798006928B9FFE70799FF20A1F860007E
:103BC00004E007997F20A1F86000FFE71AE007985A
:103BD0008068B0F1805F0FD1FFE70798006928B9CE
:103BE000FFE707997F20A1F8600004E007993F20D4
:103BF000A1F86000FFE704E007990020A1F8600049
:103C0000FFE7FFE7FFE7FFE707990020C1F8900013
:103C100007992220C1F88C00FFE7FFE707980068AA
:103C200050E8020F40F001000490FFE70499079864
:103C3000026842E802100028F0D1FFE7FFE707988A
:103C4000406EB0F1005F4CD1FFE7BDF81600079958
:103C5000B1F86810884244DBFFE707988068B0F548
:103C6000805F0BD1FFE70798006938B9FFE7079934
:103C700042F67110C0F60100486706E0079942F667
:103C8000F950C0F601004867FFE707980069A0B146
:103C9000FFE7FFE7FFE70798006850E8000F40F4F0
:103CA00080700390FFE703990798026842E80010CC
:103CB0000028F0D1FFE7FFE7FFE7FFE7FFE70798FE
:103CC000006850E8020F40F080500290FFE7029930
:103CD0000798026842E802100028F0D1FFE7FFE7EA
:103CE00044E007988068B0F5805F0BD1FFE7079844
:103CF000006938B9FFE7079942F2E970C0F60100A0
:103D0000486706E0079942F67940C0F60100486727
:103D1000FFE707980069A0B1FFE7FFE7FFE7079813
:103D2000006850E8000F40F490700190FFE701999F
:103D30000798026842E800100028F0D1FFE7FFE78B
:103D400013E0FFE7FFE70798006850E8000F40F036
:103D500020000090FFE700990798026842E80010F1
:103D60000028F0D1FFE7FFE7FFE7FFE7002008B0FA
:103D7000704700000000000080B586B0DDF820C06C
:103D8000049003918DF80B200193FFE704980068DD
:103D9000C06903990840401AB0FA80F040099DF8C4
:103DA0000B10884266D1FFE708980130002860D0E8
:103DB000FFE7F4F71DFD0199401A0899884203D8DE
:103DC000FFE7089820B9FFE703208DF8170055E0BA
:103DD0000498006800684007002849D5FFE7039869
:103DE000802845D0FFE70398402841D0FFE704989A
:103DF0000068C06900F008010120B0EBD10F16D1B6
:103E0000FFE7049801680820009008620498FEF714
:103E100077FC00980499C1F89000FFE7049900200E
:103E200081F88400FFE701208DF8170026E0049850
:103E30000068C06900F400610120B0EBD12F16D1F9
:103E4000FFE7049801684FF4006008620498FEF7E9
:103E500057FC04992020C1F89000FFE70499002046
:103E600081F88400FFE703208DF8170006E0FFE7E4
:103E7000FFE78BE700208DF81700FFE79DF817009C
:103E800006B080BD0000000080B543F2E851C2F2E8
:103E900000410020087043F27861C2F200410870CE
:103EA000F4F7A6FC643842F63411C2F2004108600F
:103EB00080BD00000000000042F6C071C2F2004167
:103EC000012008707047000010B5E0B05F905F9867
:103ED00042F63411C2F200410968401A632801D841
:103EE000FFE753E15F9842F63411C2F200410860E7
:103EF00042F6C070C2F20040007860B1FFE742F6BF
:103F0000C071C2F200410020087043F27861C2F231
:103F100000410870FFE74FA8FCF792FE9DF878017A
:103F200038B1FFE75F985899401AB0F5FA7F01D988
:103F3000FFE72BE19DF83C0128B1FFE79DF83C012C
:103F400007280BD3FFE79DF83C01652805D3FFE761
:103F50009DF83C016B2801D3FFE717E143F2E850DD
:103F6000C2F2004000789DF83C1188420ED0FFE775
:103F70009DF83C0143F2E851C2F20041087043F25F
:103F80007861C2F2004100200870FFE743F2E85078
:103F9000C2F20040007800F58070ADF83A0143F2BB
:103FA0007860C2F200400078002854D1FFE76946EB
:103FB0000E914FF40770C8614FF475728A614861C1
:103FC0004FF46B70086102200F90C86000231193BA
:103FD0008B604B6008604DF26911C0F6010147A883
:103FE00013900122109204F01FFC0F99109A119B5C
:103FF00013980F30EC46CDF848C04FF40C7ECCF847
:104000001CE04FF4707ECCF818E04FF40274CCF84A
:104010001440CCF810E0CCF80C10CCF80830CCF8F8
:104020000430CCF800104DF26D11C0F6010104F01F
:10403000FBFB139ABDF83A114FF481701E23FCF775
:104040006FFF38B9FFE743F27861C2F20041012007
:104050000870FFE79AE00DF1EF002D21ECF7E1FB8E
:1040600031A8EEF795FB2FA8EFF7AAFC2CA8EFF7E5
:1040700083F816A8FCF7D4FF9DED310A9FED441A92
:1040800020EE010ABDEEC00A8DED150A15980C90C0
:104090009DF8C1000D909DED2C0A0020B5EE400A60
:1040A000F1EE10FA18BF01200B909DF8A8000A90BD
:1040B000EEF726F8DDF828C00B9A0C9B86460D9883
:1040C0006946C1F80CE0C1F808C04A6008604DF2CA
:1040D0007512C0F6010234A81F21ECF739FA1490CA
:1040E0001498B0F1FF3F01DCFFE74FE014981F2860
:1040F00003DBFFE71E201490FFE743F27860C2F273
:1041000000400278012A18BF02229DF8A910012060
:10411000002918BF0220149B694608914FF0000C3B
:10412000C1F81CC0C1F818C040F2523CC1F814C01C
:104130004FF03C0CC1F810C04FF0020CC1F80CC09D
:104140008B6012234B6008604DF27111C0F60101C3
:104150000DF1EF000990072304F066FB09980F307A
:10416000149A34A9ECF79CFA099ABDF83A114FF465
:1041700088702D23FCF7D4FE38B9FFE743F278614D
:10418000C2F2004102200870FFE7FFE760B010BDF7
:10419000E12E65420000000080B542F24C60C2F2A0
:1041A0000040F9F7E9FD80BD80B542F2E060C2F25F
:1041B0000040F9F7E1FD80BD80B542F27470C2F2B3
:1041C0000040F9F7D9FD80BD80B586B004908DF828
:1041D0000F100498D0F8C80201900498D0F8D412B7
:1041E00000EB8100D0F8C00220B9FFE703208DF872
:1041F00017005FE00498D0F8D41200EB8100D0F8EB
:10420000C002029004989DF80F1001F00F0101EB1D
:10421000810100EB8100806940B3FFE704989DF8BD
:104220000F1001F00F0101EB810200EB82008269A7
:10423000019801EBC10100EB8100C169B2FBF1F013
:1042400000FB112090B9FFE704989DF80F1001F0D2
:104250000F0101EB810100EB8100002383610498D1
:104260009DF80F101A4601F0BFFD1FE002990020D3
:10427000C1F814020498D0F8D41200EB8100D0F8F1
:10428000C402006988B1FFE70498D0F8D41200EBAB
:104290008100D0F8C40203690299D1F8080201F53F
:1042A00004719DF80F209847FFE7FFE700208DF885
:1042B0001700FFE79DF8170006B080BD0000000062
:1042C00080B584B002908DF807100298D0F8D4120F
:1042D00000EB8100D0F8C00200900298D0F8D41210
:1042E00000EB8100D0F8C00220B9FFE703208DF871
:1042F0000F0019E002989DF8071001F0E5FA009907
:10430000C1F80C020298D0F8D41200EB8100D0F86A
:10431000C402C2680099D1F8040201F50371904704
:1043200000208DF80F00FFE79DF80F0004B080BD5E
:1043300080B586B005908DF81310059840F2010104
:10434000C2F200410091097801F0D2F80099059875
:10435000097801F00F0101EB810100EB81010020E0
:1043600003908884059840F20201C2F20041019155
:10437000097801F0BDF8019A03980599127802F0C6
:104380000F0202EB820201EB8201A1F864010598A1
:1043900040F20001C2F200410291097801F0A8F850
:1043A000029A03980599137803F00F0303EB830334
:1043B00001EB830188840599127802F00F0202EB69
:1043C000820201EB8201C8840598D0F8D41200EB78
:1043D0008100D0F8C002F0B1FFE70598D0F8D41200
:1043E00000EB8100D0F8C402406880470598D0F8FF
:1043F000D41200EB8100D0F8C00202F0A1F90598B8
:10440000D0F8D41200EB81010020C1F8C002059958
:10441000C1F8BC02FFE7002006B080BD000000002C
:1044200080B584B002900298D0F8D41200EB8100DD
:10443000D0F8C0020190019820B9FFE703208DF861
:104440000F0025E00298D0F8D41200EB8100D0F8DC
:10445000C402C8B1FFE7019890F80002FF2813D00A
:10446000FFE70298D0F8D41200EB8100D0F8C40224
:104470008368019991F8000291F801229847019907
:10448000FF2081F80002FFE700208DF80F00FFE712
:104490009DF80F0004B080BD81B0009000990A2003
:1044A000088040F2AC00C2F2004001B0704700004A
:1044B00080B586B0059040F26800C2F200400190DD
:1044C000822100F0D5FD014601980491012100F000
:1044D000CFFD014601980391812100F0C9FD0290B2
:1044E000049820B1FFE7049910208871FFE7039832
:1044F00020B1FFE7039940208880FFE7029820B1B0
:10450000FFE7029940208880FFE705994320088053
:1045100040F26800C2F2004006B080BD000000001A
:1045200080B586B0059040F26800C2F2004001906C
:10453000822100F09DFD014601980491012100F0C7
:1045400097FD014601980391812100F091FD0290B1
:10455000049820B1FFE7049910208871FFE70398C1
:1045600028B1FFE703994FF400708880FFE70298B5
:1045700028B1FFE702994FF400708880FFE70599A2
:104580004320088040F26800C2F2004006B080BDBF
:1045900080B586B0059040F26800C2F200400190FC
:1045A000822100F065FD014601980491012100F08F
:1045B0005FFD014601980391812100F059FD0290B1
:1045C000049820B1FFE7049910208871FFE7039851
:1045D00020B1FFE7039940208880FFE7029820B1CF
:1045E000FFE7029940208880FFE705994320088073
:1045F00040F26800C2F2004006B080BD000000003A
:1046000080B590B00E908DF837104FF4077002F01F
:104610009BF80C900C9860B9FFE70E98D0F8D41274
:1046200000EB81010020C1F8C00202208DF83F009C
:10463000F0E00C984FF40771ECF715F90C980E990F
:10464000D1F8D42201EB8201C1F8C0020E99D1F851
:10465000D40201EB8000D0F8C002C1F8BC020E9871
:10466000007C002840D1FFE70E9840F20101C2F221
:10467000004107910978022208924FF400730993D0
:1046800001F016FA0799089A099B0E98097801F02B
:104690000F0101EB810100EB810101200B90888467
:1046A0000E9840F20201C2F200410A91097801F02D
:1046B000FFF90A9A0B980E99127802F00F0202EB9A
:1046C000820201EB8201A1F864010E9840F2000120
:1046D000C2F20041097801F00F0101EB810100EB0A
:1046E00081011020C8843EE00E9840F20101C2F220
:1046F000004102910978022203924023049301F0C1
:10470000D7F90299039A049B0E98097801F00F01DA
:1047100001EB810100EB81010120069088840E9855
:1047200040F20201C2F200410591097801F0C0F99E
:10473000059A06980E99127802F00F0202EB820297
:1047400001EB8201A1F864010E9840F20001C2F26F
:104750000041097801F00F0101EB810100EB8101BB
:104760001020C884FFE70E9840F20001C2F2004119
:10477000009109780322082301F09AF900990E9814
:10478000097801F00F0101EB810100EB81010120AB
:1047900088840C9900200190C1F804020E98D0F88A
:1047A000D41200EB8100D0F8C40200688047019861
:1047B0000C99C1F814020C99C1F818020C98D0F8A1
:1047C000040220B9FFE702208DF83F0022E00E9896
:1047D000007C70B9FFE70E9840F20201C2F200417E
:1047E00009780C9AD2F804224FF4007301F088F98A
:1047F0000CE00E9840F20201C2F2004109780C9AD6
:10480000D2F80422402301F07BF9FFE700208DF865
:104810003F00FFE79DF83F0010B080BD00000000A2
:1048200080B584B002900298D0F8D41200EB8100D9
:10483000D0F8C00201900298D0F8D41200EB8100A9
:10484000D0F8C00220B9FFE703208DF80F0022E066
:104850000298007C70B9FFE7029840F20201C2F2B0
:1048600000410978019AD2F804224FF4007301F054
:1048700047F90CE0029840F20201C2F200410978C7
:10488000019AD2F80422402301F03AF9FFE7002010
:104890008DF80F00FFE79DF80F0004B080BD000009
:1048A00083B001900091009820B9FFE703208DF8B4
:1048B0000B000BE000980199D1F8D42201EB8201A2
:1048C000C1F8C40200208DF80B00FFE79DF80B0033
:1048D00003B070470000000084B00290019102987C
:1048E000D0F8D41200EB8100D0F8C00200900098FC
:1048F00020B9FFE703208DF80F0007E00198009929
:10490000C1F8040200208DF80F00FFE79DF80F00AA
:1049100004B070470000000085B00390029101923E
:104920000398D0F8D41200EB8100D0F8C0020090B8
:10493000009820B9FFE703208DF813000BE00298E0
:104940000099C1F8080201980099C1F810020020EE
:104950008DF81300FFE79DF8130005B070470000C5
:1049600080B58AB0089007910898D0F8D41200EB6F
:104970008100D0F8C002069000208DF81500ADF837
:1049800012008DF81100069820B9FFE703208DF87A
:104990002700C7E00798007800F060000146039107
:1049A00000285ED0FFE70398202840F0AE80FFE7A4
:1049B0000798C088002846D0FFE7079800780006CF
:1049C000002823D5FFE70898D0F8D41200EB810027
:1049D000D0F8C4028368079A50780699D28898471D
:1049E0000798C088082803D3FFE70720029003E058
:1049F0000798C0880290FFE70298ADF81600089863
:104A00000699BDF8162000F03FF91BE007984078A2
:104A1000069981F800020798C0883F2804D8FFE76C
:104A20000798C088019002E040200190FFE70198BC
:104A3000069981F801020898069991F8012200F080
:104A4000F3F8FFE70CE00898D0F8D41200EB8100EF
:104A5000D0F8C40283680799487800229847FFE796
:104A60005BE007984078014600910B2844D80099F4
:104A7000DFE801F0064142424242424242421C32D9
:104A8000089890F89C02032807D1FFE708980DF1D9
:104A90001201022200F0F8F807E00898079900F0E8
:104AA000B3F803208DF81100FFE72DE0089890F887
:104AB0009C02032807D1FFE708980DF11501012298
:104AC00000F0E2F807E00898079900F09DF803204D
:104AD0008DF81100FFE717E0089890F89C02032872
:104AE00008D0FFE70898079900F08EF803208DF8AA
:104AF0001100FFE708E007E00898079900F084F844
:104B000003208DF81100FFE707E00898079900F0EF
:104B10007BF803208DF81100FFE79DF811008DF858
:104B20002700FFE79DF827000AB080BD00000000C5
:104B300080B582B001908DF8031000208DF802003E
:104B40000198D0F8B8124A689DF80310904720B138
:104B5000FFE703208DF80200FFE79DF8020002B096
:104B600080BD00000000000080B582B0019000917F
:104B7000019890F89C02013802280ED8FFE70098AF
:104B80004088012808D1FFE701990020C1F8A4025C
:104B9000019800F095F8FFE704E00198009900F013
:104BA00033F8FFE702B080BD82B001908DF80310AA
:104BB000002002B07047000082B001908DF8031011
:104BC000002002B07047000080B584B003900291CD
:104BD00001920398029A019B0021009100F090FF3E
:104BE000009804B080BD000080B584B003900291AD
:104BF00001920398029A019B0021009101F0F4F8C0
:104C0000009804B080BD000080B582B00190009192
:104C10000198802101F094F80198002101F090F8AA
:104C200002B080BD0000000080B584B00390029106
:104C3000019203990320C1F8940201980399C1F8E5
:104C4000580101980399C1F85C010398029A019BED
:104C50000021009100F054FF009804B080BD0000D6
:104C600080B582B0019001990520C1F894020198A5
:104C70000023009319461A4600F042FF009802B044
:104C800080BD00000000000080B584B00390029158
:104C9000019203990220C1F8940201980399886156
:104CA00001980399C8610398029A019B0021009121
:104CB00001F09AF8009804B080BD000000000000E8
:104CC00080B582B0019001990420C1F89402019846
:104CD0000023009319461A4601F086F8009802B0A6
:104CE00080BD00000000000080B584B003900291F8
:104CF0000298C088012805D0FFE703980299FFF7C2
:104D000083FF21E0039890F89C12481E019102282D
:104D100004D3FFE7019803280AD00FE0039900208D
:104D20008860039800F108010122FFF7ADFF0AE057
:104D30000398011D0122FFF7A7FF04E003980299E1
:104D4000FFF762FFFFE7FFE704B080BD000000004F
:104D500080B588B0079006910020ADF81600049049
:104D60008DF80F000698C0780138014602910E2890
:104D700000F241810299DFE811F02A00340051006D
:104D80003E013E010B0123013E013E013E013E0179
:104D90003E013E013E010F000798D0F8B402C06901
:104DA00050B1FFE70798D0F8B412CA69007C0DF142
:104DB00016019047049009E007980699FFF724FF31
:104DC0009DF80F0001308DF80F00FFE71DE10798F7
:104DD000D0F8B4120A68007C0DF1160190470490D7
:104DE00013E10798007C60B9FFE70798D0F8B80294
:104DF000816A0DF1160088470490049902204870DA
:104E00000BE00798D0F8B802C16A0DF11600884788
:104E10000490049902204870FFE7F6E00698807835
:104E200001460191052800F2A8800199DFE801F010
:104E3000031E39546F8A0798D0F8B402406850B105
:104E4000FFE70798D0F8B4124A68007C0DF116010C
:104E50009047049009E007980699FFF7D5FE9DF862
:104E60000F0001308DF80F00FFE790E00798D0F8B1
:104E7000B402806850B1FFE70798D0F8B4128A688E
:104E8000007C0DF116019047049009E007980699FF
:104E9000FFF7BAFE9DF80F0001308DF80F00FFE715
:104EA00075E00798D0F8B402C06850B1FFE70798E2
:104EB000D0F8B412CA68007C0DF116019047049036
:104EC00009E007980699FFF79FFE9DF80F00013053
:104ED0008DF80F00FFE75AE00798D0F8B402006998
:104EE00050B1FFE70798D0F8B4120A69007C0DF1C1
:104EF00016019047049009E007980699FFF784FE91
:104F00009DF80F0001308DF80F00FFE73FE0079894
:104F1000D0F8B402406950B1FFE70798D0F8B41256
:104F20004A69007C0DF116019047049009E007984A
:104F30000699FFF769FE9DF80F0001308DF80F000C
:104F4000FFE724E00798D0F8B402806950B1FFE78A
:104F50000798D0F8B4128A69007C0DF116019047C9
:104F6000049009E007980699FFF74EFE9DF80F00A0
:104F700001308DF80F00FFE709E007980699FFF769
:104F800043FE9DF80F0001308DF80F00FFE73CE075
:104F90000798007C48B9FFE70798D0F8B802416B42
:104FA0000DF116008847049009E007980699FFF76D
:104FB0002BFE9DF80F0001308DF80F00FFE724E075
:104FC0000798007C60B9FFE70798D0F8B802016B3A
:104FD0000DF116008847049004990720487009E0F5
:104FE00007980699FFF710FE9DF80F0001308DF825
:104FF0000F00FFE709E007980699FFF705FE9DF807
:105000000F0001308DF80F00FFE79DF80F0008B189
:10501000FFE72AE00698C08818B3FFE7BDF816003E
:10502000C8B1FFE7BDF816000699C988884204DABE
:10503000FFE7BDF81600009003E00698C0880090D6
:10504000FFE70098ADF8160007980499BDF8162000
:10505000FFF71AFE04E007980699FFF7D5FDFFE772
:1050600003E00798FFF72CFEFFE708B080BD0000C3
:1050700080B586B005908DF81310059803900598BB
:10508000029000200190029948880978884227DD23
:10509000FFE702980078ADF80200FFE7BDF80200D4
:1050A0000299498888421ADAFFE703980DF1020154
:1050B00000F036F803900398407805280ED1FFE7FA
:1050C00003980190019880789DF81310884201D1CF
:1050D000FFE704E000200190FFE7FFE7DEE7FFE7DE
:1050E000019806B080BD000083B0029000208DF8CA
:1050F000070002980090FFE70098007848B1FFE7AA
:105100009DF8070001308DF80700009801300090ED
:10511000F2E79DF8070003B07047000000000000B0
:1051200083B0029001910298009000980278019952
:105130000888104408800298009909780844009073
:10514000009803B07047000080B582B001900091D4
:10515000019890F89C02013802281FD8FFE70098B8
:10516000C088022805D0FFE701980099FFF74CFDA1
:1051700019E001990120C8600198D0F8A40230B16B
:10518000FFE70199C86840F00200C860FFE7019896
:1051900000F10C010222FFF777FD04E0019800996D
:1051A000FFF732FDFFE702B080BD00000000000005
:1051B00080B586B005900491039200208DF80B0015
:1051C000059808B9FFE74FE0059801900198FFF7AF
:1051D0008BFF0146022000EB4100B0F5007F04D9AF
:1051E000FFE74FF40070009008E00198FFF77CFFA4
:1051F0000146022000EB41000090FFE70098039970
:1052000008800398007804999DF80B2088549DF835
:105210000B0001308DF80B0004999DF80B20032042
:1052200088549DF80B0001308DF80B00FFE70198C2
:105230000078C8B1FFE70198007804999DF80B2029
:1052400088540198013001909DF80B0001308DF8D1
:105250000B0004999DF80B20002088549DF80B004A
:1052600001308DF80B00E2E706B080BD00000000C1
:1052700082B08DF8070000208DF806009DF8070029
:1052800001460091032814D80099DFE801F00206D6
:105290000A0E00208DF806000FE003208DF80600AE
:1052A0000BE001208DF8060007E003208DF80600D2
:1052B00003E003208DF80600FFE79DF8060002B02A
:1052C000704700000000000080B582B08DF8070034
:1052D00000919DF8070060B9FFE7009A4DF21610A3
:1052E000C0F6010040F2D411C2F20041FFF760FFA6
:1052F0000BE0009A4DF21610C0F6010040F2D411F6
:10530000C2F20041FFF754FFFFE740F2D410C2F2AF
:10531000004002B080BD000082B08DF8070000910F
:1053200000991220088040F2B800C2F2004002B09A
:10533000704700000000000080B582B08DF80700C3
:1053400000919DF8070060B9FFE7009A4DF2081040
:10535000C0F6010040F2D411C2F20041FFF728FF6D
:105360000BE0009A4DF20810C0F6010040F2D41193
:10537000C2F20041FFF71CFFFFE740F2D410C2F277
:10538000004002B080BD000082B08DF8070000919F
:1053900000990420088040F2E000C2F2004002B010
:1053A000704700000000000080B584B08DF80F0049
:1053B0000291029A4DF22110C0F6010040F2D41180
:1053C000C2F200410191FFF7F3FE019804B080BDE5
:1053D00080B582B08DF8070000919DF8070060B994
:1053E000FFE7009A4DF23410C0F6010040F2D411EC
:1053F000C2F20041FFF7DCFE0BE0009A4DF23410E0
:10540000C0F6010040F2D411C2F20041FFF7D0FE15
:10541000FFE740F2D410C2F2004002B080BD0000AD
:1054200080B582B08DF80700009100991A2008809D
:10543000EEF73AFD40F2E400C2F2004002B080BD57
:1054400080B584B0029001918DF80320029820B9B4
:10545000FFE703208DF80F0023E002990020C1F838
:10546000B8020299C1F8C4020299C1F8D0020198A9
:1054700028B1FFE701980299C1F8B402FFE7029949
:10548000012081F89C029DF803000299087002989F
:1054900000F02AFA8DF802009DF802008DF80F0046
:1054A000FFE79DF80F0004B080BD00000000000081
:1054B00080B582B001908DF8031000208DF80200B5
:1054C0008DF801000198D0F8C8029DF80310F3F799
:1054D000FBFB8DF802009DF80200FFF7C9FE8DF876
:1054E00001009DF8010002B080BD00000000000036
:1054F00080B582B001908DF8031000208DF8020075
:105500008DF801000198D0F8C8029DF80310F3F758
:1055100087FB8DF802009DF80200FFF7A9FE8DF8C9
:1055200001009DF8010002B080BD000000000000F5
:1055300080B588B006908DF8171004929DF817007A
:10554000002874D1FFE70698143003900698D0F82D
:10555000940202285DD1FFE703998868C9688842F0
:1055600012D9FFE703998868CA68801A886006988C
:105570000499039A9268FFF737FB069800231946AF
:105580001A4600F0BDFA43E003988168C06888427B
:105590001ED1FFE703994868C968884218D3FFE71E
:1055A000039840680699D1F89812884210D2FFE714
:1055B0000698002201921146FFF716FB019B069800
:1055C000C0F89832069819461A4600F099FA1EE07B
:1055D000069890F89C02032811D1FFE70698D0F8AE
:1055E000B802C06850B1FFE706990020C1F8D402A4
:1055F0000698D0F8B812C9688847FFE7FFE7069811
:10560000802100F09DFB0698FFF72AFBFFE7FFE7EC
:10561000FFE7069890F8A00240B1FFE7069800F077
:1056200077FC0699002081F8A002FFE740E0069889
:105630009DF8171041F08001FFF7B6FA8DF80A00C7
:105640009DF80A00FF2832D0FFE79DF80A0070BBE2
:10565000FFE7069890F89C02032827D1FFE70698F9
:105660009DF80A1000EB8100D0F8B8024069E0B163
:10567000FFE79DF80A000699C1F8D40206989DF844
:105680000A1000EB8101D1F8B8124A699DF8171091
:1056900090478DF80B009DF80B0028B1FFE79DF8AF
:1056A0000B008DF81F0007E0FFE7FFE7FFE7FFE7CC
:1056B00000208DF81F00FFE79DF81F0008B080BD97
:1056C00080B58AB008908DF81F10069200208DF8E2
:1056D00013009DF81F00002840F08280FFE7089823
:1056E00000F5AA7005900898D0F89402032876D1A6
:1056F000FFE705998868C96888421DD9FFE70599C1
:105700008868CA68801A8860089802900698039092
:1057100005998868C968884204D2FFE705988068BF
:10572000019003E00598C0680190FFE70399029893
:10573000019AFFF749FA51E0089890F8AA0200F0A0
:105740001F000146009140B1FFE70098012808D0F2
:10575000FFE7009802280CD013E000208DF812001B
:1057600013E0089890F8AE12FFF726FA8DF81200B1
:105770000BE0089890F8AE12FFF716FA8DF81200B9
:1057800003E000208DF81200FFE79DF8120008BB2F
:10579000FFE7089890F89C0203281AD1FFE70898C1
:1057A0009DF8121000EB8100D0F8B802006978B1C2
:1057B000FFE79DF812000899C1F8D40208989DF8F7
:1057C000121000EB8101D1F8B81209698847FFE790
:1057D000FFE7FFE70898FFF773FAFFE7FFE740E00E
:1057E00008989DF81F1001F07F01FFF7DDF98DF893
:1057F00012009DF81200FF2832D0FFE79DF812003A
:1058000070BBFFE7089890F89C0203281ED1FFE7C1
:1058100008989DF8121000EB8100D0F8B80280695A
:1058200098B1FFE79DF812000899C1F8D4020898D2
:105830009DF8121000EB8101D1F8B8128A699DF829
:105840001F1090478DF81300FFE7FFE79DF8130046
:1058500028B1FFE79DF813008DF8270005E0FFE76A
:10586000FFE700208DF82700FFE79DF827000AB02A
:1058700080BD00000000000081B00090002001B059
:10588000704700000000000080B582B00190002049
:105890008DF803000199012081F89C020198D0F84D
:1058A000B80268B1FFE70198D0F8B8124A680179E8
:1058B000904720B1FFE703208DF80300FFE7FFE7E3
:1058C0009DF8030002B080BD80B582B001908DF8D4
:1058D00003100198D0F8C8029DF80310F3F758FAA6
:1058E00002B080BD0000000080B584B00390039832
:1058F0000078012838D1FFE7039941F6D870C2F249
:1059000000400290C0F8E0140399C1F8C8020021D9
:10591000C4F204010160092101710222C271002157
:10592000817142728172C17201738173C17301749A
:10593000F4F702F818B1FFE7EDF74EFEFFE741F686
:10594000D870C2F2004001904FF40071F3F79CF858
:10595000019800218022F3F7A3F8019801214FF468
:10596000BA72F3F79DF8FFE7002004B080BD000095
:1059700084B002908DF807100298D0F8C802009009
:105980009DF80700000600280DD5FFE700989DF858
:10599000071001F07F0101EBC10100EB8100807D68
:1059A0008DF80F000DE000989DF8071001F07F01C1
:1059B00001EBC10100EB810090F856028DF80F0059
:1059C000FFE79DF80F0004B07047000000000000E2
:1059D00080B584B002908DF807100298D0F8D412E8
:1059E00000EB8100D0F8B80220B9FFE703208DF862
:1059F0000F0020E0029890F89C02032817D1FFE7DF
:105A00000298D0F8D41200EB8100D0F8B802006AF6
:105A100060B1FFE70298D0F8D41200EB8101D1F811
:105A2000B8120A6A9DF807109047FFE7FFE70020C9
:105A30008DF80F00FFE79DF80F0004B080BD000057
:105A400080B584B002908DF807100298D0F8D41277
:105A500000EB8100D0F8B80220B9FFE703208DF8F1
:105A60000F0020E0029890F89C02032817D1FFE76E
:105A70000298D0F8D41200EB8100D0F8B802406A46
:105A800060B1FFE70298D0F8D41200EB8101D1F8A1
:105A9000B8124A6A9DF807109047FFE7FFE7002019
:105AA0008DF80F00FFE79DF80F0004B080BD0000E7
:105AB00080B584B003908DF80B108DF80A20ADF8F6
:105AC000083000208DF807008DF806000398D0F804
:105AD000C8029DF80B10BDF808209DF80A30F3F7B6
:105AE0006BF98DF807009DF80700FFF7C1FB8DF8F3
:105AF00006009DF8060004B080BD00000000000014
:105B000080B586B005908DF81310039202930020A3
:105B10008DF807008DF806000598D0F8C8029DF8AA
:105B20001310039A029BF3F7BFF98DF807009DF855
:105B30000700FFF79DFB8DF806009DF8060006B0F4
:105B400080BD00000000000080B586B005900020F8
:105B50008DF81300059A012182F89C120599C1F86D
:105B60009402059948600599C1F8A402059981F845
:105B7000A0020598D0F8B802A0B1FFE70598D0F8C8
:105B8000B802406868B1FFE70598D0F8B8124A68D3
:105B90000179904720B1FFE703208DF81300FFE75C
:105BA000FFE7FFE705980022019240230393114687
:105BB000FFF77EFF019A039B059901200290A1F84F
:105BC00064010598C0F8603105988021FFF770FFE7
:105BD00002990398059A9184059908629DF813002B
:105BE00006B080BD0000000081B00090009890F8E1
:105BF0009C02042807D1FFE7009890F89D020099C5
:105C000081F89C02FFE7002001B07047000000000F
:105C100080B582B00190019890F89C02032813D1BE
:105C2000FFE70198D0F8B80268B1FFE70198D0F813
:105C3000B802C06930B1FFE70198D0F8B812C9695D
:105C40008847FFE7FFE7FFE7002002B080BD0000C4
:105C500082B001908DF803109DF80300019908743B
:105C6000002002B07047000080B582B001908DF82E
:105C7000031000208DF802008DF801000198D0F883
:105C8000C8029DF80310F3F7F7FF8DF802009DF8A6
:105C90000200FFF7EDFA8DF801009DF8010002B057
:105CA00080BD00000000000080B584B00390029128
:105CB000039800F2AA20029900F0BAF80399012093
:105CC000C1F894020399B1F8B002C1F898020398A0
:105CD00090F8AA0200F01F000146009140B1FFE7D2
:105CE000009801280CD0FFE70098022810D017E098
:105CF000039800F2AA2100F067FA8DF8070019E076
:105D0000039800F2AA2100F09FFC8DF8070011E033
:105D1000039800F2AA2100F0BFFA8DF8070009E00D
:105D2000039890F8AA1201F0800100F009F88DF8AC
:105D30000700FFE79DF8070004B080BD00000000E9
:105D400080B582B001908DF8031000208DF802001C
:105D50008DF801000198D0F8C8029DF80310F3F700
:105D6000DBF88DF802009DF80200FFF781FA8DF84C
:105D700001009DF8010002B080BD0000000000009D
:105D800080B582B0019000208DF803008DF80200EC
:105D90000198D0F8C802F3F7ABFF8DF803009DF827
:105DA0000300FFF765FA8DF802009DF8020002B0CB
:105DB00080BD00000000000081B00090009890F8C5
:105DC0009C02042807D0FFE7009890F89C020099F5
:105DD00081F89D02FFE70099042081F89C020020D1
:105DE00001B070470000000080B586B005908DF8C6
:105DF00013100392029300208DF807008DF806001F
:105E00000598D0F8C8029DF81310039A029BF3F787
:105E1000F3F88DF807009DF80700FFF729FA8DF8D1
:105E200006009DF8060006B080BD000000000000DE
:105E300080B584B003900291029801900198007897
:105E40000399087001980130019001980078039936
:105E500048700198013001900198FBF725FA0399E9
:105E6000488001980130019001980130019001981B
:105E7000FBF71AFA03998880019801300190019884
:105E8000013001900198FBF70FFA0399C88004B024
:105E900080BD00000000000080B584B00290019138
:105EA0000020ADF80200019820B9FFE703208DF82B
:105EB0000F0026E001980299C1F8B8020298D0F8C4
:105EC000D41200EB8100D0F8B802C06A78B1FFE7C5
:105ED0000298D0F8D41200EB8100D0F8B802C16A61
:105EE0000DF1020088470299C1F8D002FFE702993C
:105EF000D1F8D8020130C1F8D80200208DF80F0087
:105F0000FFE79DF80F0004B080BD00000000000016
:105F100081B00090002001B0704700000000000038
:105F200080B584B00390029102988088B8BBFFE7E7
:105F30000298C08898BBFFE7029840887F282ED837
:105F4000FFE70298807800F07F008DF80700039843
:105F500090F89C02032805D1FFE703980299FEF709
:105F600053FE1BE09DF80700039981F89E020398F9
:105F70009DF80710FFF778FE0398FEF7A1FE9DF845
:105F8000070028B1FFE70399022081F89C0204E092
:105F90000399012081F89C02FFE7FFE704E00398E2
:105FA0000299FEF731FEFFE704B080BD000000005B
:105FB00080B582B001908DF8031000208DF80200AA
:105FC0000198D0F8B80250B1FFE70198D0F8B812A4
:105FD0000A689DF8031090478DF80200FFE79DF8CE
:105FE000020002B080BD000080B586B0049003912D
:105FF00000208DF80B000398817840F2D010C2F297
:10600000004001700078022808D3FFE70498039944
:10601000FEF7FAFD03208DF81700A0E0049890F831
:106020009C0201460191022804D0FFE70198032851
:106030002FD07FE040F2D010C2F20040007818B3B9
:10604000FFE740F2D011C2F200410878049A506094
:1060500004980978FFF7ACFF8DF80B009DF80B0052
:1060600048B1FFE704980399FEF7CEFD049902209A
:1060700081F89C0207E00498FEF722FE04990320B1
:1060800081F89C02FFE703E00498FEF719FEFFE7A2
:1060900060E040F2D010C2F20040007898B9FFE70B
:1060A0000499022081F89C0240F2D011C2F2004112
:1060B0000878049A506004980978FEF739FD04982E
:1060C000FEF7FEFD35E040F2D010C2F2004000784D
:1060D00004994968884227D0FFE704980179FEF7C0
:1060E00027FD40F2D011C2F200410878049A5060B6
:1060F00004980978FFF75CFF8DF80B009DF80B0002
:1061000068B1FFE704980399FEF77EFD04980179D2
:10611000FEF70EFD0499022081F89C0203E004982A
:10612000FEF7CEFDFFE703E00498FEF7C9FDFFE7A9
:10613000FFE70FE004980399FEF766FD049840F22C
:10614000D011C2F200410978FEF7F2FC03208DF86D
:106150000B00FFE79DF80B008DF81700FFE79DF897
:10616000170006B080BD000080B582B0019000919C
:1061700000984088012808D1FFE701990120C1F863
:10618000A4020198FEF79CFD13E0009840880228C5
:1061900009D1FFE700984079019981F8A0020198A0
:1061A000FEF78EFD04E001980099FEF72DFDFFE754
:1061B000FFE702B080BD000080B582B00190019879
:1061C000FFF7DEFD02B080BD80B586B0059004917A
:1061D00000208DF80F000498007800F06000014660
:1061E0000291A8B1FFE70298202804D0FFE70298A7
:1061F000402846D1FFE70598D0F8D41200EB810182
:10620000D1F8B8128A68049990478DF80F003DE0E4
:10621000049840780146019109282CD80199DFE8BB
:1062200001F01B252A202A0A052A160F0598049931
:10623000FEF78EFD24E005980499FFF771FE1FE03C
:1062400005980499FFF7D0FE8DF80F0018E0059827
:106250000499FEF749FD13E005980499FEF774FFD1
:106260000EE005980499FFF77FFF09E0059804996F
:10627000FEF77AFC04E005980499FEF7C5FCFFE7F9
:1062800004E005980499FEF7BFFCFFE79DF80F00B6
:1062900006B080BD0000000080B58CB00B900A9164
:1062A00000208DF821000A9880888DF823000A9834
:1062B000007800F0600001460791B8B3FFE7079847
:1062C000202805D0FFE70798402840F0B281FFE77B
:1062D0000B989DF82310FEF767FC8DF822009DF8BF
:1062E0002200FF2821D0FFE79DF82200E8B9FFE750
:1062F0009DF822000B99C1F8D4020B989DF822104A
:1063000000EB8100D0F8B802806868B1FFE70B9815
:106310009DF8221000EB8101D1F8B8128A680A9921
:1063200090478DF82100FFE7FFE787E10A98407862
:1063300001460691002800F0BD80FFE7069801287D
:106340004CD0FFE70698032840F06D81FFE70B98DB
:1063500090F89C0201460591022804D0FFE70598B9
:10636000032819D034E09DF8230078B1FFE79DF8A9
:10637000230080280AD0FFE70B989DF82310FFF731
:10638000DFFC0B988021FFF7DBFC04E00B980A99F7
:10639000FEF73AFCFFE720E00A984088A0B9FFE743
:1063A0009DF8230078B1FFE79DF8230080280AD0EC
:1063B000FFE70A98C08830B9FFE70B989DF82310D3
:1063C000FFF7BEFCFFE7FFE70B98FEF779FC04E060
:1063D0000B980A99FEF718FCFFE729E10B9890F853
:1063E0009C0201460491022804D0FFE70498032888
:1063F00019D059E09DF8230078B1FFE79DF82300FC
:1064000080280AD0FFE70B989DF82310FFF798FC2F
:106410000B988021FFF794FC04E00B980A99FEF793
:10642000F3FBFFE745E00A984088E0BBFFE79DF8F3
:106430002300400630B1FFE70B989DF82310FFF7CB
:1064400037F8FFE70B98FEF73BFC0B989DF82310FD
:10645000FEF7AAFB8DF822009DF82200FF2821D02C
:10646000FFE79DF82200E8B9FFE79DF822000B99AD
:10647000C1F8D4020B989DF8221000EB8100D0F8EF
:10648000B802806868B1FFE70B989DF8221000EB16
:106490008101D1F8B8128A680A9990478DF82100D5
:1064A000FFE7FFE7FFE704E00B980A99FEF7ACFB74
:1064B000FFE7BDE00B9890F89C020146039102288B
:1064C00004D0FFE70398032838D0A6E09DF8230006
:1064D00050B1FFE79DF82300802805D0FFE70B9817
:1064E0000A99FEF791FB9DE09DF823000006002825
:1064F0000CD5FFE70B989DF8231001F07F0101EB0D
:10650000810100EB8100143002900CE00B989DF8A3
:10651000231001F07F0101EB810100EB810000F508
:10652000AA700290FFE7029809900999002008607C
:106530000B9809990222FEF7A7FB73E09DF8230050
:106540000006002812D5FFE70B989DF8231001F0F4
:106550000F0101EB810100EB8100808C28B9FFE77E
:106560000B980A99FEF750FB5CE012E00B989DF83F
:10657000231001F00F0101EB810100EB8100B0F865
:10658000640128B9FFE70B980A99FEF73DFB49E043
:10659000FFE79DF82300000600280CD5FFE70B98C5
:1065A0009DF8231001F07F0101EB810100EB8100D8
:1065B000143001900CE00B989DF8231001F07F013E
:1065C00001EB810100EB810000F5AA700190FFE76B
:1065D000019809909DF8230028B1FFE79DF823005A
:1065E000802804D1FFE70999002008600FE00B988C
:1065F0009DF82310FFF7BCF920B1FFE709990120AE
:10660000086003E0099900200860FFE7FFE70B98A6
:1066100009990222FEF738FB04E00B980A99FEF76D
:10662000F3FAFFE704E00B980A99FEF7EDFAFFE7AB
:1066300004E00B980A99FEF7E7FAFFE79DF82100BE
:106640000CB080BD0000000080B584B003900291C2
:1066500000208DF807000298007800F060000146E5
:10666000009140B1FFE70098202804D0FFE7009890
:1066700040285AD1FFE7039890F89C02013802287D
:106680004DD8FFE702980079012842D8FFE7039828
:1066900002990979FEF790FA8DF806009DF8060038
:1066A000FF2825D0FFE79DF8060008BBFFE7039809
:1066B0009DF8061000EB8100D0F8B802806890B118
:1066C000FFE79DF806000399C1F8D40203989DF8EE
:1066D000061000EB8101D1F8B8128A680299904740
:1066E0008DF8070003E003208DF80700FFE703E0C3
:1066F00003208DF80700FFE70298C08840B9FFE744
:106700009DF8070020B9FFE70398FEF7D9FAFFE7E5
:1067100004E003980299FEF777FAFFE704E0039894
:106720000299FEF771FAFFE704E003980299FEF779
:106730006BFAFFE79DF8070004B080BD0000000081
:1067400081B0009001B0704781B0009040F2D43029
:10675000C2F2004001B0704784B0039002910398E8
:10676000019002980078009002984078012830D17A
:10677000FFE70298007800F00F01012000FA01F213
:106780000199D1F81C081043C1F81C080198009920
:1067900000EB4110D0F800090004002818D4FFE7EE
:1067A000029988686FF3DF20097940EA8140009AF6
:1067B00040EA8250019901EB4211D1F800291043BF
:1067C00048F20002C1F200021043C1F80009FFE7DD
:1067D0002EE00298007800F00F01012000FA01F28B
:1067E0000199D1F81C0840EA0240C1F81C08019840
:1067F000009900EB4110D0F8000B0004002816D4DB
:10680000FFE7029988686FF3DF20097940EA814049
:106810000199009A01EB4211D1F8002B104348F284
:106820000002C1F200021043C1F8000BFFE7FFE7CE
:10683000002004B07047000082B0019001980090E1
:106840000099D1F8000940F2FF729043C1F80009A5
:106850000099D1F8040840F48070C1F804080020C1
:1068600002B070470000000080B58AB0DDF830C08B
:10687000CDF814C00493039202919DF814108DF882
:1068800024100299039A049B0893079206910190A1
:106890009DF81D00012823D1FFE70199886B20F4A2
:1068A000803088630199C8684FF6BF72CFF6BD7219
:1068B0001040C8600199C86820F44010C8609DF875
:1068C0002400012806D1FFE70199C86840F4801030
:1068D000C860FFE7019800F03FF88DF803001AE068
:1068E0000199C86840F04000C860019800F034F891
:1068F0008DF803009DF8210030B9FFE70199886BFE
:1069000040F48030886305E00199886B20F4803082
:106910008863FFE7FFE79DF81A00012816D1FFE71B
:106920000199C86D80B2C8650199C86D0022C0F296
:10693000EE321043C8650199886840F0060088600F
:106940000199886840F020008860FFE79DF8030007
:106950000AB080BD0000000083B0019000200090CC
:10696000FFE70098013000900098B0F1706F04D9F3
:10697000FFE703208DF80B0025E0FFE70198006991
:10698000C00F0028EDD0FFE70020009001990869B2
:1069900040F001000861FFE7009801300090009886
:1069A000B0F1706F04D9FFE703208DF80B000AE007
:1069B000FFE701980069C0070028EDD1FFE700203C
:1069C0008DF80B00FFE79DF80B0003B07047000047
:1069D00084B003900291039801900298007800908F
:1069E00002984078012845D1FFE70198009900EB13
:1069F0004110D0F80009C00FA8B1FFE70198009935
:106A000000EB4111D1F8000940F00060C1F8000925
:106A10000198009900EB4111D1F8000940F0804045
:106A2000C1F80009FFE70298007800F00F0101208B
:106A300000FA01F3019AD2F83C189943C2F83C18C5
:106A40000299097801F00F0100FA01F20199D1F8D9
:106A50001C089043C1F81C080198009900EB4111F3
:106A6000D1F8000947F60002CEF633421040C1F8D3
:106A7000000946E00198009900EB4110D0F8000BA6
:106A8000C00FA8B1FFE70198009900EB4111D1F8C0
:106A9000000B40F00060C1F8000B0198009900EB7A
:106AA0004111D1F8000B40F08040C1F8000BFFE726
:106AB0000298007800F00F01012000FA01F3019A1A
:106AC000D2F83C1821EA0341C2F83C18029909782F
:106AD00001F00F0100FA01F20199D1F81C0820EA37
:106AE0000240C1F81C080198009900EB4111D1F84F
:106AF000000B47F60002CEF6F3721040C1F8000B0F
:106B0000FFE7002004B0704782B001900198009028
:106B10000099D1F8000E20F00300C1F8000E009992
:106B2000D1F8040820F00200C1F80408002002B0E7
:106B3000704700000000000082B0019001980090B2
:106B40000099D1F8000E20F00300C1F8000E009962
:106B5000D1F8040840F00200C1F80408002002B097
:106B6000704700000000000080B58CB0DDF838C030
:106B7000CDF81CC00693059204919DF81C108DF869
:106B80002C100499059A069B0A9309920891039088
:106B900000208DF80B00039901910090FFE7009809
:106BA0000E280CD8FFE70398009900EB8101002024
:106BB000C1F80401FFE7009801300090EFE79DF86D
:106BC0002A00B8B9FFE70199D1F8040840F00200A3
:106BD000C1F804080399886B20F4001088630399B6
:106BE000086840F0400008600399086840F08000A1
:106BF000086005E00399886B40F400108863FFE7A4
:106C000001990020C1F8000E9DF8250001280FD140
:106C1000FFE79DF8230028B9FFE70398002100F063
:106C20008FFE04E00398012100F08AFEFFE704E0F4
:106C30000398032100F084FEFFE70398102100F081
:106C4000AFFC20B1FFE701208DF80B00FFE70398B0
:106C500000F06AFC20B1FFE701208DF80B00FFE790
:106C600001990020C1F810080199C1F81408019990
:106C7000C1F81C080090FFE700989DF8201088429A
:106C80003BD2FFE70198009900EB4110D0F80009D2
:106C9000C00FB0B1FFE7009848B9FFE7019800992D
:106CA00000EB41114FF00060C1F8000908E00198C5
:106CB000009900EB41114FF09040C1F80009FFE747
:106CC00007E00198009900EB41110020C1F800098C
:106CD000FFE70198009900EB41110020C1F810096D
:106CE0000198009900EB41114FF67F30C1F8080977
:106CF000FFE7009801300090BEE700200090FFE71A
:106D000000989DF8201088423BD2FFE70198009937
:106D100000EB4110D0F8000BC00FB0B1FFE70098B6
:106D200048B9FFE70198009900EB41114FF000606E
:106D3000C1F8000B08E00198009900EB41114FF0F9
:106D40009040C1F8000BFFE707E00198009900EBC5
:106D500041110020C1F8000BFFE70198009900EBFA
:106D600041110020C1F8100B0198009900EB41116E
:106D70004FF67F30C1F8080BFFE700980130009014
:106D8000BEE70199D1F8100820F48070C1F810080E
:106D900003990020886103996FF0804048619DF855
:106DA000220030B9FFE70399886940F0100088613C
:106DB000FFE70399886943F60002C8F23C021043DA
:106DC00088619DF8260030B1FFE70399886940F09B
:106DD00008008861FFE79DF82A00012808D1FFE735
:106DE000039988690422C4F2000210438861FFE716
:106DF0009DF80B000CB080BD81B0009000998868B0
:106E000020F001008860002001B070470000000001
:106E100086B004908DF80F100292049801900498A7
:106E2000006C0090009843F20B01C4F65471884244
:106E30000BD3FFE70198D0F8000BC00F20B1FFE79C
:106E400000208DF817002EE0FFE701990020C1F81F
:106E5000100B0199D1F8100B40F40020C1F8100B71
:106E60000199D1F8100B40F01800C1F8100B0199EE
:106E7000D1F8100B40F0C040C1F8100B9DF80F0086
:106E800001280CD1FFE702980199C1F8140B019970
:106E9000D1F8000B40F08020C1F8000BFFE7002084
:106EA0008DF81700FFE79DF8170006B07047000047
:106EB00084B00390029103980190029800780090AA
:106EC00002984078012820D1FFE70198009900EB53
:106ED0004111D1F8000920F40010C1F8000902980E
:106EE0000079032805D0FFE70298007902280BD12A
:106EF000FFE70198009900EB4111D1F8000940F03B
:106F00008050C1F80009FFE71FE00198009900EBED
:106F10004111D1F8000B20F40010C1F8000B0298C9
:106F20000079032805D0FFE70298007902280BD1E9
:106F3000FFE70198009900EB4111D1F8000B40F0F8
:106F40008050C1F8000BFFE7FFE7002004B0704756
:106F500084B0039002910398019002980078009009
:106F600002984078012822D1FFE70198009900EBB0
:106F70004110D0F80009C00F70B9FFE7009858B170
:106F8000FFE70198009900EB4111D1F8000920F0CA
:106F90008040C1F80009FFE70198009900EB41111A
:106FA000D1F8000940F40010C1F8000921E001986F
:106FB000009900EB4110D0F8000BC00F70B9FFE74B
:106FC000009858B1FFE70198009900EB4111D1F802
:106FD000000B20F08040C1F8000BFFE701980099FA
:106FE00000EB4111D1F8000B40F40010C1F8000B88
:106FF000FFE7002004B0704780B588B00790069185
:107000008DF817200798049006980078039006984A
:107010004078012840F02481FFE706980069F8B91C
:10702000FFE70498039900EB4111D1F810096FF3C1
:10703000DC40C1F810090498039900EB4111D1F824
:10704000100940F40020C1F810090498039900EBDE
:107050004111D1F810096FF31200C1F8100971E065
:107060000498039900EB4111D1F810096FF3120055
:10707000C1F810090498039900EB4111D1F81009E7
:107080006FF3DC40C1F810090398A8B9FFE7069830
:1070900081680069884204D9FFE706998868086119
:1070A000FFE70498039900EB4111D1F8100940F46F
:1070B0000020C1F8100937E006988168006908448B
:1070C0000138B0FBF1F0ADF80A00BDF80A1000205D
:1070D000C1F6F87000EAC1420498039900EB41112F
:1070E000D1F810091043C1F8100906980079012859
:1070F00019D1FFE70498039900EB4111D1F8100969
:1071000020F0C040C1F81009BDF80A0000F00302E9
:107110000498039900EB4111D1F8100940EA42703C
:10712000C1F81009FFE7FFE7069802696FF3DF4235
:107130000498039900EB4111D1F810091043C1F8EC
:107140001009FFE79DF8170001283BD1FFE70698DB
:10715000C06948B1FFE70698C0690499039A01EB3A
:107160004211C1F81409FFE70698007901281ED1E1
:10717000FFE70498D0F80808C00500280BD4FFE703
:107180000498039900EB4111D1F8000940F0005038
:10719000C1F800090AE00498039900EB4111D1F805
:1071A000000940F08050C1F80009FFE7FFE70498AC
:1071B000039900EB4111D1F8000940F00440C1F8F7
:1071C00000094CE00498039900EB4111D1F8000943
:1071D00040F00440C1F8000906980079012813D056
:1071E000FFE70698006970B1FFE70698007800F0A5
:1071F0000F01012000FA01F20499D1F8340810437C
:10720000C1F83408FFE729E00498D0F80808C00561
:1072100000280BD4FFE70498039900EB4111D1F843
:10722000000940F00050C1F800090AE004980399F1
:1072300000EB4111D1F8000940F08050C1F800097D
:10724000FFE70798069BD9681A781B8A9DF817C034
:10725000EE46CEF800C000F067FCFFE7FFE7C4E0B1
:107260000498039900EB4111D1F8100B6FF3120051
:10727000C1F8100B0498039900EB4111D1F8100BE1
:107280006FF3DC40C1F8100B039818BBFFE70698BA
:10729000006920B1FFE7069988680861FFE7069951
:1072A000886808620698026A6FF3DF4204980399BF
:1072B00000EB4111D1F8100B1043C1F8100B0498EA
:1072C000039900EB4111D1F8100B40F40020C1F8F4
:1072D000100B49E006980069C0B9FFE7069882687C
:1072E0006FF3DF420498039900EB4111D1F8100BC2
:1072F0001043C1F8100B0498039900EB4111D1F829
:10730000100B40F40020C1F8100B2CE006988168A7
:10731000006908440138B0FBF1F0ADF80A000699A5
:107320008868BDF80A2050430862BDF80A100020A2
:10733000C1F6F87000EAC1420498039900EB4111CC
:10734000D1F8100B1043C1F8100B0698026A6FF3C6
:10735000DF420498039900EB4111D1F8100B104360
:10736000C1F8100BFFE7FFE79DF8170001280ED1C9
:10737000FFE70698C06848B1FFE70698C06804991F
:10738000039A01EB4211C1F8140BFFE7FFE70698DF
:10739000007901281ED1FFE70498D0F80808C0053D
:1073A00000280BD4FFE70498039900EB4111D1F8B2
:1073B000000B40F00050C1F8000B0AE0049803995C
:1073C00000EB4111D1F8000B40F08050C1F8000BE8
:1073D000FFE7FFE70498039900EB4111D1F8000B98
:1073E00040F00440C1F8000BFFE7002008B080BD6A
:1073F00085B004900391002002908DF80700049856
:1074000000900398407801283ED1FFE70098039947
:10741000097800EB4110D0F80009C00F98B3FFE7DE
:1074200000980399097800EB4111D1F8000940F068
:107430000060C1F8000900980399097800EB411138
:10744000D1F8000940F08040C1F80009FFE7029838
:1074500001300290029842F21171884204D3FFE792
:1074600001208DF807000DE0FFE7009803990978E7
:1074700000EB4110D0F8000900F00040B0F1004FDF
:10748000E5D0FFE7FFE73DE000980399097800EBBE
:107490004110D0F8000BC00F98B3FFE70098039994
:1074A000097800EB4111D1F8000B40F00060C1F801
:1074B000000B00980399097800EB4111D1F8000BFB
:1074C00040F08040C1F8000BFFE7029801300290C5
:1074D000029842F21171884204D3FFE701208DF82F
:1074E00007000DE0FFE700980399097800EB4110D1
:1074F000D0F8000B00F00040B0F1004FE5D0FFE7FE
:10750000FFE7FFE79DF8070005B0704700000000A7
:1075100081B000900099886840F0010088600020E8
:1075200001B070470000000083B00190002000907F
:10753000FFE70098013000900098B0F1706F04D917
:10754000FFE703208DF80B0024E0FFE701980069B6
:10755000C00F0028EDD0FFE7002000900199102017
:107560000861FFE70098013000900098B0F1706F5B
:1075700004D9FFE703208DF80B000BE0FFE701982B
:10758000006900F010001028ECD0FFE700208DF813
:107590000B00FFE79DF80B0003B0704700000000F0
:1075A00084B00290019100200090FFE70098013024
:1075B00000900098B0F1706F04D9FFE703208DF8B8
:1075C0000F0026E0FFE702980069C00F0028EDD009
:1075D000FFE70020009001988001203002990861A7
:1075E000FFE70098013000900098B0F1706F04D967
:1075F000FFE703208DF80F000BE0FFE7029800691A
:1076000000F020002028ECD0FFE700208DF80F00CC
:10761000FFE79DF80F0004B0704700000000000075
:1076200084B00390039802900298D0F8080800F004
:1076300006000090009820B9FFE700208DF80700B1
:1076400010E00098022804D0FFE70098062804D133
:10765000FFE702208DF8070003E00F208DF80700F8
:10766000FFE7FFE79DF8070004B070470000000047
:1076700081B000900098406900F0010001B07047AF
:1076800083B00290029801900198D0F818080090F9
:107690000198D0F81C18009808400090BDF8000030
:1076A00003B070470000000083B002900298019080
:1076B0000198D0F8180800900198D0F81C1800988C
:1076C00008400090BDF8020003B0704700000000C1
:1076D00086B005908DF81310059803900398D0F8A4
:1076E000100801900398D0F83408009000989DF895
:1076F000131001F00F01C84000F00101019840EAA9
:10770000C110019003989DF8131000EB4110D0F8C0
:107710000809019908400290029806B070470000DD
:1077200084B003908DF80B100398019001989DF898
:107730000B1000EB4110D0F8080B00900198D0F826
:107740001418009808400090009804B0704700009A
:1077500082B0019001984069009001988169009879
:1077600008400090009802B0704700000000000040
:1077700089B008900791ADF81A20089805900798ED
:107780000490BDF81A0080080190BDF81A0000F0BE
:107790000300ADF8020000200290FFE70298019973
:1077A000884217D2FFE705984FF48051405804995A
:1077B0000860049801300490049801300490049803
:1077C00001300490049801300490FFE702980130E2
:1077D0000290E3E7BDF8020008B3FFE70020029043
:1077E00005984FF4805140580390FFE703989DF8A7
:1077F0000810C900C840049908700298013002902E
:10780000049801300490BDF802000138ADF8020080
:10781000FFE7BDF802000028E8D1FFE7FFE7049882
:1078200009B070470000000080B586B004908DF864
:107830000F10002002900499C86820F0C040C86072
:107840009DF80F00012823D1FFE70499C86840F094
:107850000050C860FFE70A20EFF742FB02980A30A9
:107860000290FFE70498FFF703FF0146002001297B
:10787000019007D0FFE702990020C82938BF0120F6
:107880000190FFE70198C0070028E4D1FFE72AE054
:107890009DF80F0010BBFFE70499C86840F08040D6
:1078A000C860FFE70A20EFF71BFB02980A3002903E
:1078B000FFE70498FFF7DCFE01460020009039B195
:1078C000FFE702990020C82938BF01200090FFE798
:1078D0000098C0070028E5D1FFE703E001208DF8FC
:1078E00017000CE0FFE70298C82804D1FFE7012049
:1078F0008DF8170003E000208DF81700FFE79DF8D2
:10790000170006B080BD000083B002908DF807100C
:10791000029800900099D1F8000820F4FE60C1F8A8
:1079200000089DF8070000F07F020099D1F80008D8
:1079300040EA0210C1F80008002003B070470000C0
:1079400083B002908DF80710029800909DF80720F0
:107950000099D1F800081043C1F80008002003B0D6
:10796000704700000000000084B0039002918DF881
:1079700007209DF80700022840F0B880FFE7029832
:107980004AF6C041C0F2D80188420BD3FFE7029803
:107990004EF2BF11C0F2E401884203D8FFE70F2086
:1079A0000090A2E002984EF2C011C0F2E4018842B9
:1079B0000BD3FFE7029842F2FF31C0F2F401884294
:1079C00003D8FFE70E2000908EE0029842F20041BB
:1079D000C0F2F40188420BD3FFE7029847F27F31EF
:1079E000C0F20611884203D8FFE70D2000907AE02C
:1079F000029847F28031C0F2061188420BD3FFE7AC
:107A0000029844F69F11C0F21A11884203D8FFE78A
:107A10000C20009066E0029844F6A011C0F21A1102
:107A200088420BD3FFE7029842F6FF41C0F23111C2
:107A3000884203D8FFE70B20009052E0029842F6FC
:107A40000051C0F2311188420BD3FFE702984AF28D
:107A50003F41C0F24C11884203D8FFE70A20009052
:107A60003EE002984AF24041C0F24C1188420BD3EA
:107A7000FFE7029843F2FF51C0F26E11884203D82B
:107A8000FFE7092000902AE0029843F20061C0F26B
:107A90006E1188420BD3FFE702984AF61F31C0F2FD
:107AA000A611884203D8FFE70820009016E002984C
:107AB0004AF62031C0F2A61188420BD3FFE70298A4
:107AC00044F2FF71C0F2E811884203D8FFE70720B3
:107AD000009002E006200090FFE7FFE7FFE7FFE7E6
:107AE000FFE7FFE7FFE7FFE7FFE70AE09DF8070092
:107AF00018B9FFE70920009002E009200090FFE795
:107B0000FFE70399C86820F47050C860009800F03F
:107B10000F020399C86840EA8220C860002004B0C0
:107B2000704700000000000080B588B084460A98C5
:107B3000CDF81CC006918DF81720ADF814308DF8E3
:107B4000130007980390069802909DF8130048BB15
:107B5000FFE7BDF81400033080080190002000907A
:107B6000FFE70098019988421BD2FFE7029800685E
:107B700003999DF8172001EB02314FF48052885091
:107B80000298013002900298013002900298013070
:107B90000290029801300290FFE7009801300090B7
:107BA000DFE7FFE7002008B080BD00000000000014
:107BB000FFE7FEE70000000080B586B00490039167
:107BC0000020ADF80A00049820B1FFE703980228CE
:107BD00003D8FFE70020059029E0049803990239B3
:107BE00040F20402C2F200421288ECF705F9ADF847
:107BF0000A009DF80A10049A0398104410F8022C09
:107C00000020914201900DD1FFE79DF80B00049AEE
:107C10000399114411F8011C401AB0FA80F0400990
:107C20000190FFE7019800F001000590FFE705983B
:107C300006B080BD0000000080B584B002900191C4
:107C400000208DF80300029820B1FFE70198022878
:107C500003D8FFE70020039014E00298019901394E
:107C6000FF22ECF7FDF88DF803009DF80300029A5F
:107C70000199114411F8011C401AB0FA80F0400932
:107C80000390FFE7039804B080BD000000000000EF
:107C900042F66810C2F20040006870470000000021
:107CA00080B541F2F450C2F200404021E8F7DBFD1C
:107CB00047F68451C2F200410020886048600860A5
:107CC00042F66811C2F200411420086000F0F0F89A
:107CD00080BD00000000000080B592B011908DF8CA
:107CE000431011999DF843200DF1030000F020F896
:107CF000ADF80000BDF80000A8B1FFE7BDF8002016
:107D000042F69C00C2F200400DF103010F23F6F78A
:107D1000DBFF40B1FFE747F68451C2F200418868BB
:107D200001308860FFE712B080BD00000000000055
:107D300080B586B0049003918DF80B20049860B153
:107D4000FFE7039848B1FFE79DF80B0028B1FFE774
:107D50009DF80B00102804DBFFE70020ADF81600AB
:107D600017E0049803999DF80B209200E8F798FC1F
:107D70004FF0FF40019004999DF80B20019841F8C5
:107D800022009DF80B10042000EB8100ADF81600D6
:107D9000FFE7BDF8160006B080BD0000000000003F
:107DA00080B584B00390ADF80A10039808B9FFE7D6
:107DB00079E00020ADF80800FFE7BDF80800BDF845
:107DC0000A1088426FDAFFE70398BDF80810405C9C
:107DD0008DF807009DF807000D2801D1FFE75CE052
:107DE0009DF807000A281FD1FFE743F2E950C2F2CD
:107DF00000400078A8B9FFE743F22B60C2F20040D0
:107E0000007870B1FFE743F22B60C2F200400278C5
:107E100043F2EA51C2F200410020885400F0CCF94C
:107E2000FFE700F045F837E043F2E950C2F20040C6
:107E3000007880BBFFE79DF8070020280DDBFFE7F7
:107E40009DF807007E2808DCFFE743F22B60C2F2B2
:107E5000004000783F280ED1FFE743F2E951C2F21B
:107E600000410120087047F68451C2F20041486881
:107E7000013048600EE09DF8070043F22B63C2F228
:107E800000431A78511C197043F2EA51C2F20041C2
:107E90008854FFE7FFE7FFE7FFE7BDF80800013080
:107EA000ADF8080089E704B080BD000000000000C4
:107EB00043F2E951C2F200410020087043F22B6105
:107EC000C2F200410870704782B041EC100B8DED9A
:107ED000000B0198C0F30A5040F2FF71401A18BF1E
:107EE000012002B07047000082B041EC100B8DED14
:107EF000000B0198C0F30A5040F2FF71401A18BFFE
:107F0000012002B07047000082B041EC100B8DEDF3
:107F1000000B0198C0F30A5040F2FF71401A18BFDD
:107F2000012002B07047000082B041EC100B8DEDD3
:107F3000000B0198C0F30A5040F2FF71401A18BFBD
:107F4000012002B07047000082B041EC100B8DEDB3
:107F5000000B0198C0F30A5040F2FF71401A18BF9D
:107F6000012002B07047000082B041EC100B8DED93
:107F7000000B0198C0F30A5040F2FF71401A18BF7D
:107F8000012002B07047000082B041EC100B8DED73
:107F9000000B0198C0F30A5040F2FF71401A18BF5D
:107FA000012002B07047000081B000EE100A00907E
:107FB0000098C0F3C750FF3818BF012001B07047C8
:107FC00081B000EE100A00900098C0F3C750FF384F
:107FD00018BF012001B0704781B000EE100A009078
:107FE0000098C0F3C750FF3818BF012001B0704798
:107FF00081B000EE100A00900098C0F3C750FF381F
:1080000018BF012001B0704781B000EE100A009047
:108010000098C0F3C750FF3818BF012001B0704767
:1080200081B000EE100A00900098C0F3C750FF38EE
:1080300018BF012001B0704781B000EE100A009017
:108040000098C0F3C750FF3818BF012001B0704737
:1080500081B0ADF80200BDF9020000280ED4FFE7A0
:10806000BDF9021001F01F02012090404A094EF2B2
:108070000011CEF2000141F82200FFE701B0704785
:108080004EF60C50CEF200000068C0F3022070479C
:1080900082B0ADF806000091BDF9060000280AD4B0
:1080A000FFE700980001BDF906104EF20042CEF243
:1080B000000288540BE000980001BDF8061001F0A2
:1080C0000F014EF61452CEF200028854FFE702B0C0
:1080D000704700000000000082B0ADF8060000917B
:1080E000BDF9060000280AD4FFE700980001BDF999
:1080F00006104EF20042CEF2000288540BE00098C7
:108100000001BDF8061001F00F014EF61452CEF238
:1081100000028854FFE702B0704700000000000032
:1081200083B00290029800F0070000904EF60C51C8
:10813000CEF200010868019001984FF6FF0210404E
:1081400001900198009A40EA02200022C0F2FA52FF
:10815000104301900198086003B0704700000000D0
:1081600082B00090009841F6F851C2F20041884276
:1081700003D1FFE70020019019E0009841F69861D3
:10818000C2F20041884203D1FFE7012001900EE0D6
:10819000009841F63871C2F20041884203D1FFE7EE
:1081A0000220019003E04FF0FF300190FFE70198BB
:1081B00002B070470000000080B582B043F2EA5080
:1081C000C2F200404DF25C11C0F60101E8F774FB09
:1081D00018B9FFE7FBF770FE4BE043F2EA50C2F23A
:1081E00000404DF26111C0F601010722E8F70DFAD7
:1081F000B0BBFFE743F2EA50C2F20040C07930283A
:108200002EDBFFE743F2EA50C2F20040C079392882
:1082100026DCFFE743F2EA50C2F20040073001A932
:108220000A22E8F7B5F900900198007848B9FFE70D
:1082300000980A2805D3FFE70098B0F57A7F08D99F
:10824000FFE747F68451C2F20041486801304860B8
:1082500017E0009842F66811C2F20041086007E09A
:1082600047F68451C2F2004148680130486008E096
:10827000FFE747F68451C2F2004108680130086008
:10828000FFE702B080BD000083B002908DED010ACF
:1082900000919DED020AB8EE400A9DED011A31EE03
:1082A000012A20EE020A009901208840013802EEDE
:1082B000100AB8EE422A80EE020A30EE410A03B0FC
:1082C000704700000000000080B5AEB041F2EC60E5
:1082D000C2F2004000780F2811D1FFE741F2EC60B4
:1082E000C2F20040007E68B1FFE741F2EC60C2F2EA
:1082F0000040007E00F00F00042803D0FFE70020BC
:108300002D9026E241F2EC60C2F20040C07D10F0F8
:108310000C0F05D0FFE7F8F75FFF01202D9018E262
:1083200017A85821E8F79FFA00201690FFE7169843
:108330000F2834D8FFE716980B214843159015995C
:10834000012000EBD1001490159800F00700139065
:10835000149941F2EC60C2F20040405A1290149815
:10836000023016280CD8FFE7149841F2EC61C2F2F3
:10837000004108448178129840EA01401290FFE7DA
:1083800012981399C8406FF3DF20169A17A901EBD2
:1083900042010885FFE7169801301690C7E740F2C2
:1083A0000450C0F20670119040F20010C0F202308A
:1083B000109000200F90FFE70F98072820D8FFE7C4
:1083C0000F9910A8415C17A800EB4100008DADF893
:1083D0003A00BDF83A00B0F5877F07D9FFE7BDF84E
:1083E0003A0040F2B261884205D3FFE7F8F7F4FEA5
:1083F00001202D90ADE1FFE70F9801300F90DBE7F2
:10840000E9F732FC0D9041F28C60C2F2004090F826
:10841000500058B1FFE7F0F7EBF941F28C61C2F27E
:108420000041C96C401A65280CD3FFE741F2346162
:10843000C2F200410020087043F22C61C2F20041F8
:108440000870FFE7BDF88C0001F0DEFF8DF8330007
:108450009DF8330002281ED0FFE79DF8331001205D
:1084600001290A9008D0FFE79DF833000338B0FADD
:1084700080F040090A90FFE70A9800F0010043F2FB
:108480002C61C2F20041087041F23461C2F2004135
:108490000020087017E043F22C60C2F20040007820
:1084A00080B1FFE741F23460C2F200400078012859
:1084B00008D8FFE741F23461C2F200410878013088
:1084C0000870FFE7FFE743F22C60C2F2004001783A
:1084D0000020099091B1FFE741F23460C2F2004000
:1084E000017800200229099008D3FFE79DF83300A6
:1084F0000238B0FA80F040090990FFE7099800F0CF
:1085000001008DF8AD009DF8AD100020089051B12C
:10851000FFE7BDF88E0001F077FF0338B0FA80F076
:1085200040090890FFE7089800F001008DF8AE00C0
:108530009DF8AE100020079051B1FFE7BDF8900004
:1085400001F062FF0338B0FA80F040090790FFE7BE
:10855000079800F001008DF8AF00BDF8920001F01F
:1085600053FF0338B0FA80F040098DF8B000F0F7FF
:108570003FF941F28C61C2F20041C96C401A00EE31
:10858000100AB8EE400A9FED741A80EE010A8DEDD4
:108590000B0A9DED0B0AB5EE400AF1EE10FA0ADD6A
:1085A000FFE79DED0B0A9FED6D1AB4EE410AF1EE67
:1085B00010FA06DDFFE74DF20A70C3F6A3400B90F8
:1085C000FFE741F28C60C2F20040059090ED020A94
:1085D0008DED040ABDF89C009FED610ADFED5F0A96
:1085E00000F002FAB0EE402A9DED040A9FED5D1AFC
:1085F00071EE420ADDED0B1A9FED5B1AF8F7D8FA1F
:1086000005988DED190A90ED090A8DED060ABDF861
:108610008800B8EE000AF0EE000A00F0E5F9F0EE8E
:10862000400A9DED060ADDED0B1AB7EE001AF8F7C9
:10863000BFFA8DED200ABDF9960000F051FA8DEDDC
:108640001C0ABDF99A0000F04BFA8DED1F0ABDF926
:10865000980000F045FA8DED1E0A9DF8330000EEFB
:10866000100AB8EE400A8DED1D0A9DF8AD000028F5
:108670005AD0FFE741F28C60C2F20040039090EDC7
:10868000000A8DED010ABDF88600B8EE040AF0EE8E
:10869000040A00F0A9F9F0EE400A9DED010ADDEDB3
:1086A0000B1AB7EE0C1AF8F783FA03988DED170A38
:1086B00090ED010A8DED020ABDF88A00B8EE000ABD
:1086C000F0EE000A00F090F9F0EE400A9DED020A8B
:1086D000DDED0B1AB0EE081AF8F76AFA8DED180AFC
:1086E000BDF88400B9EE080AF1EE080A00F07CF942
:1086F0000398B1EE400A8DED1B0A90ED030ADDED03
:108700001B0ADDED0B1A9FED181AF8F751FA8DEDE3
:108710001A0ABDF88800BFEE000AF7EE000A00F062
:1087200063F98DED290AFFE7012000908DF8AC0078
:10873000F0F75EF82A9041F28C60C2F2004017A96F
:108740005822E8F734F80D98E9F79EFC00982D9030
:10875000FFE72D982EB080BD00007A44CDCCCC3DF3
:10876000CDCCCCBDC3F5A83ECDCC4C3E0000000026
:1087700080B582B0ADF8060047F2B262C2F20042A4
:108780001088BDF80610401A1080BDF8061041F29E
:108790000570C2F2004001441288E7F7C6FF02B03C
:1087A00080BD00000000000084B08DED030ACDED17
:1087B000020A8DED011A00909DED030A9DED021A4B
:1087C000B4EE410AF1EE10FA03DAFFE702980390E3
:1087D000FFE79DED030A9DED011AB4EE410AF1EEAB
:1087E00010FA03DDFFE701980390FFE79DED030A10
:1087F0009DED022A30EE420A00990120884001389E
:1088000001EE100AB8EE411A20EE010A9DED011AA0
:1088100031EE421A80EE010ABCEEC00A10EE100AD8
:1088200004B070470000000080B584B084460D9805
:108830000C980B980A980998089807980698CDF80C
:108840000CC002918DF807208DF806308DF80500D8
:108850000399029882788A70008808800398033010
:108860009DF807109DF8062041EAC2019DF80520F9
:1088700041EA8221079A41EA8231089A41EAC251CB
:1088800000F042F80398073009990A9A41EA8221D8
:108890000B9A41EA425100F037F803980B300C99DB
:1088A00089020D9A41EA425100F02EF804B080BDD1
:1088B00082B00090009842F60801C2F2004188425E
:1088C00003D1FFE70020019019E0009842F24C61CB
:1088D000C2F20041884203D1FFE7012001900EE07F
:1088E000009842F69C01C2F20041884203D1FFE7A2
:1088F0000220019003E04FF0FF300190FFE7019864
:1089000002B070470000000082B001900091009812
:10891000019908700098000A01994870BDF802009A
:10892000019988709DF803000199C87002B07047E2
:1089300083B08DED010ACDED000A9DED010A9DED9C
:10894000001AB4EE410AF1EE10FA03DDFFE70098D9
:10895000029015E09DED010A9DED001AB1EE411A5D
:10896000B4EE410AF1EE10FA07DAFFE79DED000AD6
:10897000B1EE400A8DED020A02E001980290FFE795
:108980009DED020A03B0704780B582B000200190CF
:10899000EFF762FFF8F7A0FFF7F77AF8F6F7BCFEFB
:1089A000F7F77AF9F6F714FFF6F752FFF7F760FBDF
:1089B000F7F7AEFBF6F78CFEF7F7CAFAF7F728FAE7
:1089C000F6F786FFF7F70CFBF7F772FAF7F79CF963
:1089D000F7F70EF900F0FCF9F6F7BAFF00F01CFA11
:1089E000FFE7FEE70000000080B586B0ADF812009A
:1089F0008DED030ACDED020ABDF81200B0F5A07F9F
:108A000005DCFFE740F24110ADF81200FFE7BDF8CA
:108A10001200B0F5D06F05DBFFE740F27F60ADF8E4
:108A20001200FFE7BDF81200A0F57870E7F7E9FD46
:108A300000EE100AB8EEC00A9FED271AB4EE410A04
:108A4000F1EE10FA03DCFFE7002005903FE0BDF8EF
:108A50001200B0F5787F1DDDFFE740F21240ADF85F
:108A60000600BDF81200BDF80610401A00EE100A0C
:108A7000B8EEC00A40F27F60401A01EE100AB8EE6C
:108A8000C11A80EE010A9DED021A20EE010A8DED59
:108A9000050A1CE040F2AE30ADF80400BDF812004B
:108AA000BDF80410401A00EE100AB8EEC00A40F2F9
:108AB0004110401A01EE100AB8EEC11A80EE010A08
:108AC0009DED031A20EE010A8DED050AFFE79DEDED
:108AD000050A06B080BD00BF00004842000000004B
:108AE00082B0ADF80200BDF90200B0F5BA7F04DA39
:108AF000FFE74FF07E5001900EE0BDF9020040F21A
:108B00004D61884204DBFFE74FF08040019003E0B5
:108B1000FFE700200190FFE79DED010A02B07047DA
:108B200080B584B00290EFF305800390039820B1E4
:108B3000FFE76FF00500019009E000200190029826
:108B400020B1FFE7029801F01BFFFFE7FFE7019864
:108B500004B080BD0000000080B586B00490EFF343
:108B600005800590059820B1FFE76FF005000190A2
:108B70001BE00020019003F04BF903900498039947
:108B8000401A0290029858B1FFE702990020B0EB1A
:108B9000D17F05D1FFE7029903A801F029FF03E087
:108BA0006FF003000190FFE7FFE7019806B080BD7A
:108BB00080B584B0029000200190EFF3058003900F
:108BC0000398A8BBFFE74FF0FF3000900298C8B1B0
:108BD000FFE70298806840B1FFE70298C06820284C
:108BE00003D3FFE7012000900BE00298806838B9BA
:108BF000FFE70298C06818B9FFE700200090FFE780
:108C0000FFE702E000200090FFE70098012806D16E
:108C1000FFE70298806802F09FF9019007E0009852
:108C200020B9FFE702F07CF90190FFE7FFE7FFE7DB
:108C3000019804B080BD000080B586B00490039117
:108C400004980290029820B1FFE79DF80F0020B130
:108C5000FFE76FF0030001902CE0EFF30580059033
:108C6000059800B3FFE700200090029803996A4638
:108C700002F03AFA20B9FFE76FF00200019011E02C
:108C800003980190009860B1FFE74EF60451CEF2D0
:108C900000014FF080500860BFF34F8FBFF36F8F1C
:108CA000FFE7FFE705E00298039902F08DF90190D4
:108CB000FFE7FFE7019806B080BD0000000000005C
:108CC00080B58AB0089007910692059308980490A1
:108CD000049820B1FFE79DF81F0020B1FFE76FF077
:108CE0000300019058E0EFF305800990099820B146
:108CF000FFE76FF0050001904DE09DF81800C007F8
:108D000018B1FFE70120039002E000200390FFE785
:108D10009DF818008007002803D5FFE70020029087
:108D200002E001200290FFE704980799029A039B52
:108D3000DDF814C0EE46CEF800C002F0E9F901906B
:108D40009DF81800C00798B1FFE7079901980840FF
:108D500088420CD0FFE7059820B1FFE76FF00100D3
:108D6000019003E06FF002000190FFE7FFE711E0E0
:108D70000798019908420CD1FFE7059820B1FFE759
:108D80006FF00100019003E06FF002000190FFE737
:108D9000FFE7FFE7FFE7FFE701980AB080BD0000AB
:108DA00080B582B0EFF305800190019820B1FFE714
:108DB00003F03AF8009003E003F02AF80090FFE790
:108DC000009802B080BD00004FF47A707047000038
:108DD00082B0EFF305800190019820B1FFE76FF0BA
:108DE0000500009014E040F2CC10C2F20040006890
:108DF00048B9FFE740F2CC11C2F2004101200860FF
:108E00000020009003E04FF0FF300090FFE7FFE705
:108E1000009802B07047000080B582B0EFF3058083
:108E20000190019820B1FFE76FF00500009019E074
:108E300040F2CC10C2F20040006801280DD1FFE7DB
:108E4000F8F72AFA40F2CC11C2F200410220086081
:108E500001F06AFF0020009003E04FF0FF30009027
:108E6000FFE7FFE7009802B080BD000000000000AF
:108E7000B0B58EB00B900A91099200200690EFF3E6
:108E800005800D900D98002840F09980FFE70B9821
:108E9000002800F09480FFE78020079018200590BC
:108EA000002008904FF0FF300490099800284DD022
:108EB000FFE70998006820B1FFE70998006808906B
:108EC000FFE70998806920B1FFE70998806905905C
:108ED000FFE7059848B1FFE70598382805D8FFE770
:108EE00009980079C00718B1FFE700200C9069E0ED
:108EF0000998406928B1FFE7099840698008079000
:108F0000FFE70998806880B1FFE70998C0685C288E
:108F10000BD3FFE70998006938B1FFE7099840696A
:108F200018B1FFE7012004900FE00998806858B954
:108F3000FFE70998C06838B9FFE70998006918B9D0
:108F4000FFE700200490FFE7FFE702E00020049025
:108F5000FFE70498012817D1FFE70B980899079AB3
:108F60000A9BDDF814C0DDF824E0DEF80850DEF8D6
:108F70001040EE46CEF80850CEF80440CEF800C0BF
:108F800002F0C2FE069019E00498B0B9FFE70B9812
:108F90000899BDF81C200A9BDDF814C0EE4606AC0B
:108FA000CEF80440CEF800C002F05EFE012803D0E7
:108FB000FFE700200690FFE7FFE7FFE7FFE70698DF
:108FC0000C90FFE70C980EB0B0BD00000000000050
:108FD00080B584B00390029147F69060C2F20040E1
:108FE0000068009042F6EC20C2F2004000680430B5
:108FF00001F04AFA08B9FFE700E0FFE70398013003
:1090000080B9FFE7029868B1FFE742F6EC20C2F2B0
:1090100000400068011D47F66860C2F2004001F0A0
:10902000FFFA3DE00098039908440190019842F648
:10903000EC21C2F200410968486001980099884219
:109040000ED2FFE742F6FC20C2F20040006842F672
:10905000EC21C2F200410968043101F0A9FA1EE0D6
:1090600042F6F420C2F20040006842F6EC21C2F25F
:1090700000410968043101F09BFA019847F6F45168
:10908000C2F200410968884207D2FFE7019847F61B
:10909000F451C2F20041086000E0FFE7FFE7FFE79C
:1090A00004B080BD0000000080B582B0019001F0E6
:1090B000E3FA47F2B861C2F2004108680130086083
:1090C00042F6EC20C2F20040006898B9FFE7019830
:1090D00042F6EC21C2F20041086047F2B860C2F2E9
:1090E00000400068012803D1FFE700F005FB00E025
:1090F000FFE71CE047F65C60C2F200400068A0B9E0
:10910000FFE742F6EC20C2F200400068C06A019915
:10911000C96A884207D8FFE7019842F6EC21C2F2FB
:109120000041086000E0FFE700E0FFE7FFE747F2EB
:10913000C460C2F200400168013101600068019919
:1091400048640198C06A47F2C861C2F200410968E8
:10915000884208D9FFE70198C06A47F2C861C2F2A5
:1091600000410860FFE70199C86A00EB800242F6FF
:109170000430C2F2004000EB8200043101F050FAEA
:1091800001F0A6FA47F65C60C2F200400068C8B180
:10919000FFE742F6EC20C2F200400068C06A019985
:1091A000C96A88420CD2FFE74EF60451CEF20001A4
:1091B0004FF080500860BFF34F8FBFF36F8F00E018
:1091C000FFE700E0FFE702B080BD00000000000004
:1091D00080B584B001F050FA47F69460C2F20040C6
:1091E0000068002840D1FFE747F69450C2F20040E3
:1091F000029001F0BDF947F6A850C2F2004003907A
:1092000001F0B6F90299039842F6F022C2F2004248
:10921000116042F60031C2F2004108606946002048
:10922000086042F6F812C2F2004242F69823C2F2F7
:1092300000430A20102102F017F9014647F6946016
:10924000C2F200400160006860B1FFE747F6946039
:10925000C2F2004000684DF24F11C0F6010101F06A
:109260002FFB00E0FFE700E0FFE701F031FA04B078
:1092700080BD00000000000080B582B0FFE747F22B
:10928000BC60C2F20040006808B3FFE701F0F4F9E7
:1092900047F67C60C2F20040C068C0680190019847
:1092A000043001F0F1F847F2B861C2F200410868F9
:1092B0000138086047F2BC61C2F200410868013819
:1092C000086001F005FA019800F092F8D7E702B0C3
:1092D00080BD00000000000080B582B001900091C8
:1092E0000198006CB8B1FFE70199C8680A6C104496
:1092F000C86001988168C068884204D3FFE701997B
:109300000868C86000E0FFE70098019AD168126C15
:10931000E7F7C6F9FFE702B080BD000000000000DB
:1093200080B586B0059004910392002002900598C4
:10933000806B01900598006C78B9FFE7059800688C
:1093400048B9FFE70598806802F062FE029005992F
:109350000020886000E0FFE741E00398B8B9FFE72C
:10936000059A04995068126CE7F79AF905994868CC
:109370000A6C10444860059948688968884204D39B
:10938000FFE705990868486000E0FFE726E0059AD6
:109390000499D068126CE7F783F90599C8680A6CDC
:1093A000801AC86005980168C068884206D2FFE745
:1093B000059988680A6C801AC86000E0FFE7039886
:1093C000022809D1FFE7019820B1FFE70198013891
:1093D000019000E0FFE700E0FFE7FFE7FFE701980B
:1093E000013005998863029806B080BD0000000036
:1093F00080B582B00090009890F8590040B9FFE71E
:109400000098006B01F08CF9009801F089F91CE0DC
:10941000009890F85900012804D1FFE7009801F066
:109420007FF911E0009890F8590002280BD0FFE76F
:109430004FF0500080F31188BFF36F8FBFF34F8F51
:109440000190FFE7FEE7FFE7FFE702B080BD000005
:1094500082B0019042F6F020C2F20040006800683D
:10946000B0FA80F04009019908600198006848B995
:10947000FFE742F6F020C2F200400068C0680068D2
:10948000009002E000200090FFE7009802B07047D3
:1094900084B04FF48040009043F2A860C2F20040D4
:1094A00001909DF80400400788B1FFE7019807305C
:1094B0000190019820F007000190019A43F2A86101
:1094C000C2F200410098891A08440090FFE7019811
:1094D0000290029947F66060C2F2004001600021EC
:1094E00041600298009A1044019001980838019058
:1094F000019820F007000190019A42F6F820C2F28C
:109500000040026002685160026811600299039194
:109510000199039A891A51600068039908600398B9
:10952000406847F6F051C2F2004108600398406875
:1095300047F6E851C2F20041086047F6BC51C2F25A
:1095400000414FF00040086004B070470000000088
:1095500080B582B00190FFE7FFF78EFE42F604303F
:10956000C2F20040006802280CD3FFE74EF6045117
:10957000CEF200014FF080500860BFF34F8FBFF371
:109580006F8F00E0FFE7E7E780B584B0DDF818C033
:109590000390029101928DF80330029818B9FFE709
:1095A0000698006003E0019806990860FFE70398B9
:1095B0000699C8630298069908640698012101F08B
:1095C000DBFF9DF80300069981F84C0004B080BDD4
:1095D00080B588B0DDF834C0DDF830C0DDF82CC0CF
:1095E000DDF828C006900591049203930C98006B57
:1095F00004998900A522E7F70CF90C98006B0499EF
:1096000000EB810004380290029820F007000290DD
:109610009DF80800400758B1FFE74FF0500080F375
:109620001188BFF36F8FBFF34F8F0790FFE7FEE7FF
:109630000598F8B1FFE700200190FFE701980F2897
:1096400013D8FFE70598019A805C0C99114481F8C2
:10965000340005980199405C08B9FFE705E0FFE791
:10966000FFE7019801300190E8E70C99002081F8AC
:10967000430004E00C99002081F83400FFE70A98C9
:10968000382803D3FFE737200A9000E0FFE70A9865
:109690000C99C8620A980C99C8640C990020009033
:1096A00008650C98043000F07BFF0C98183000F02F
:1096B00077FF00980C9909610A99C1F138010C9A59
:1096C00091610C9949620C9948650C9981F8580090
:1096D00002980699039A00F003FD0C9908600B9814
:1096E00020B1FFE70C980B99086000E0FFE708B095
:1096F00080BD00000000000080B584B00020039011
:10970000FFE70398372810D8FFE7039800EB8001A4
:1097100042F60430C2F2004000EB810000F028FF66
:10972000FFE7039801300390EBE747F6C050C2F221
:109730000040019000F01CFF47F6D450C2F20040F8
:10974000029000F015FF47F60860C2F2004000F0FA
:109750000FFF47F67C60C2F2004000F009FF47F6B9
:109760006860C2F2004000F003FF0199029842F6DF
:10977000F422C2F20042116042F6FC21C2F2004122
:10978000086004B080BD000083B0029047F66060BE
:10979000C2F200400190FFE70198006802998842F8
:1097A00005D2FFE7FFE7019800680190F4E7019810
:1097B000009000980199496808440299884209D1AB
:1097C000FFE7029842680199486810444860019890
:1097D000029000E0FFE70298009000980299496823
:1097E000084401990968884220D1FFE70198006880
:1097F00042F6F821C2F20041096888420DD0FFE725
:1098000001980068426802994868104448600198CD
:10981000006800680299086007E042F6F820C2F28A
:109820000040006802990860FFE704E001980068C2
:1098300002990860FFE701980299884204D0FFE787
:1098400002980199086000E0FFE703B0704700004C
:1098500080B586B005900491039202930020019098
:109860000498059948600598006104980399884216
:1098700016D8FFE703980299401A0599896988422A
:1098800003D3FFE70120019009E042F60030C2F265
:10989000004000680599043100F08AFEFFE717E0F8
:1098A00003980299884208D2FFE7049802998842F7
:1098B00003D3FFE70120019009E042F6F020C2F255
:1098C000004000680599043100F072FEFFE7FFE7F1
:1098D000019806B080BD000080B582B0019000F014
:1098E000CBFE0198806B18B9FFE70120009002E0E1
:1098F00000200090FFE700F0EBFE009802B080BD72
:1099000080B582B0019000F0B7FE0198806B01999C
:10991000C96B884203D1FFE70120009002E00020DC
:109920000090FFE700F0D4FE009802B080BD000078
:1099300008480068006880F308884FF0000080F352
:10994000148862B661B6BFF34F8FBFF36F8F00DF2D
:1099500000BF000008ED00E080B586B004900391E0
:1099600042F6F020C2F200400068C068C068019072
:109970000198043000F088FD019890F82800400715
:10998000002823D5FFE70198049B81691944039AB5
:10999000FFF75EFFC0B1FFE70198049A6946002314
:1099A0000B60194602F024FD0290029858B9FFE7B7
:1099B0004FF0500080F31188BFF36F8FBFF34F8FCC
:1099C0000590FFE7FEE700E0FFE707E0019991F867
:1099D000280000F0FE0081F82800FFE70198016AE6
:1099E000884706B080BD000080B58EB0FFE747F61F
:1099F0009460C2F20040006807A9002201F0DCFF79
:109A0000002800F0B880FFE70798B0F1FF3F17DCAF
:109A1000FFE707A804300290029858B9FFE74FF01B
:109A2000500080F31188BFF36F8FBFF34F8F0D90FD
:109A3000FFE7FEE702990A6848688968904700E0F6
:109A4000FFE70798002800F19580FFE70998069046
:109A50000698406928B1FFE70698043000F014FD2D
:109A600000E0FFE705A800F0FFF8039007980190D9
:109A7000092800F27D800199DFE801F00505053D28
:109A8000456605053D45069991F8280040F001001E
:109A900081F828000698089B81691944039AFFF70A
:109AA000D7FE30B3FFE70698016A8847069890F81A
:109AB0002800400700281AD5FFE706980899826910
:109AC0000A44694600230B60194602F091FC049099
:109AD000049858B9FFE74FF0500080F31188BFF3A6
:109AE0006F8FBFF34F8F0C90FFE7FEE700E0FFE7BB
:109AF00000E0FFE73DE0069991F8280000F0FE0045
:109B000081F8280035E0069991F8280040F001001E
:109B100081F828000898069988610698806958B9E4
:109B2000FFE74FF0500080F31188BFF36F8FBFF352
:109B30004F8F0B90FFE7FEE70698039B816919445E
:109B40001A46FFF785FE14E0069890F82800800773
:109B5000002804D4FFE7069800F0E2FD07E006992C
:109B600091F8280000F0FE0081F82800FFE700E0EF
:109B7000FFE7FFE73BE70EB080BD000000000000FC
:109B800080B584B00390029101F03EF9684600F080
:109B90006BF801900098D8BBFFE7029860B9FFE727
:109BA00003980199884207D8FFE702F011FB039858
:109BB0000199FFF7D1FE2AE0029858B1FFE742F67B
:109BC0000030C2F2004000680068B0FA80F040093E
:109BD0000290FFE747F69460C2F2004000680399E4
:109BE000019A891A029A00F097FE02F0F1FA60B920
:109BF000FFE74EF60451CEF200014FF080500860AE
:109C0000BFF34F8FBFF36F8F00E0FFE7FFE702E086
:109C100002F0DEFAFFE704B080BD000000000000A3
:109C200081B042F6F420C2F200400068006840B9FA
:109C3000FFE747F6F451C2F200414FF0FF300860F1
:109C40000FE042F6F420C2F200400068C068C0682D
:109C500000900098406847F6F451C2F20041086055
:109C6000FFE701B07047000080B582B0019002F0BC
:109C7000CFF80090009842F6E821C2F2004109684E
:109C8000884206D2FFE700F013F80199012008602E
:109C900003E0019900200860FFE7009842F6E82100
:109CA000C2F200410860009802B080BD00000000D0
:109CB00080B588B0FFE742F6F020C2F200400068AD
:109CC000006800284ED0FFE742F6F020C2F20040C4
:109CD0000168C968096806910068C068C068039097
:109CE0000398043000F0D0FB0398016A884703987A
:109CF00090F828004007002832D5FFE7069803991E
:109D00008969084405900598069988420FD9FFE7AC
:109D10000598039948600398006142F6F020C2F26A
:109D2000004000680399043100F042FC17E00398FA
:109D3000069A694600230B60194602F059FB02900F
:109D4000029858B9FFE74FF0500080F31188BFF335
:109D50006F8FBFF34F8F0790FFE7FEE7FFE700E04D
:109D6000FFE7A8E742F6F022C2F200421068049032
:109D700042F60031C2F200410868106004980860A1
:109D800008B080BD0000000083B00020009040F2C9
:109D90000410C2F200400068013058B1FFE74FF0F4
:109DA000500080F31188BFF36F8FBFF34F8F029085
:109DB000FFE7FEE74FF0500080F31188BFF36F8F8D
:109DC000BFF34F8F0190FFE7009808B9FFE7FBE76B
:109DD00003B070470000000084B00390029101922C
:109DE00000200090019850B9FFE7039802990842BB
:109DF00003D0FFE70120009000E0FFE70AE00398AE
:109E000002990840884203D1FFE70120009000E05A
:109E1000FFE7FFE7009804B0704700000000000073
:109E200080B584B00390FFE701A8FFF711FB029013
:109E300002980199FFF7A4FEFFF7D6FDF4E70000B2
:109E400080B582B0019000F017FC019890F84500B1
:109E50008DF80300FFE79DF90300012816DBFFE7FB
:109E60000198406A58B1FFE70198243002F048F9A0
:109E700018B1FFE700F05CFE00E0FFE700E005E05E
:109E80009DF8030001388DF80300E4E70199FF20F5
:109E900081F8450000F01CFC00F0EEFB019890F802
:109EA00044008DF80200FFE79DF90200012816DB4F
:109EB000FFE70198006980B1FFE70198103002F0D8
:109EC0001FF918B1FFE700F033FE00E0FFE79DF84F
:109ED000020001388DF8020000E000E0E4E701999B
:109EE000FF2081F8440000F0F3FB02B080BD0000C9
:109EF00080B58AB006900020029000F085FF42F6FF
:109F0000F820C2F20040006818B9FFE7FFF7C0FA76
:109F100000E0FFE7069847F6BC51C2F2004109682D
:109F2000084240F0C580FFE7069800B3FFE70698B7
:109F3000083006909DF818004007B0B1FFE706987A
:109F400020F00700083006909DF81800400758B12F
:109F5000FFE74FF0500080F31188BFF36F8FBFF31E
:109F60004F8F0990FFE7FEE700E0FFE700E0FFE723
:109F70000698002800F09A80FFE7069847F6E85117
:109F8000C2F200410968884200F29080FFE747F67C
:109F90006060C2F20040049000680590FFE70598F9
:109FA0004168069A00209142019007D2FFE7059888
:109FB0000068002818BF01200190FFE70198C00742
:109FC00030B1FFE705980490059800680590E6E732
:109FD000059842F6F821C2F200410968884263D030
:109FE000FFE704980068083002900598006804991B
:109FF0000860059840680699401A112821D3FFE7A8
:10A0000005980699084403909DF80C00400758B144
:10A01000FFE74FF0500080F31188BFF36F8FBFF35D
:10A020004F8F0890FFE7FEE7059840680699401AB1
:10A03000039948600698059948600398FFF7A4FBC8
:10A0400000E0FFE70598426847F6E850C2F200409A
:10A050000168891A0160006847F6F051C2F20041B8
:10A06000096888420BD2FFE747F6E850C2F2004089
:10A07000006847F6F051C2F20041086000E0FFE7D7
:10A0800047F6BC50C2F20040026805994868104388
:10A09000486005990020086047F6FC51C2F2004173
:10A0A00008680130086000E0FFE700E0FFE700E03B
:10A0B000FFE702F08DF89DF80800400758B1FFE770
:10A0C0004FF0500080F31188BFF36F8FBFF34F8FB5
:10A0D0000790FFE7FEE702980AB080BD000000008D
:10A0E00083B0029001910092029804380290029984
:10A0F0004FF080700860029804380290019820F0B8
:10A10000010002990860029804380290029949F609
:10A110008950C0F601000860029814380290009837
:10A120000299086002980438029002996FF00200C8
:10A130000860029820380290029803B0704700002F
:10A1400081B000900098008801B0704700000000C6
:10A1500081B0009000980178407840EA012000B278
:10A1600001B070470000000080B58CB0ADF82E0043
:10A170000A91ADF82620EEF73BFB0890E7F7B4FD17
:10A18000079042F66C71C2F20041012081F83E0056
:10A1900008980863BDF82E0001460591012813D0E8
:10A1A000FFE7059840F20121884226D0FFE7059895
:10A1B00040F2022188425ED0FFE7059840F2072175
:10A1C000884200F0AE80E6E0BDF826000B2801D002
:10A1D000FFE7EBE00A980078000942F66C71C2F2E2
:10A1E0000041049188700A980130FFF7A9FF049993
:10A1F00048830798E7F778FF01E1BDF826000D28AE
:10A2000001D0FFE7D2E00A98007842F66C71C2F202
:10A210000041039108700A98407848700A9802300B
:10A22000FFF78EFF039908810A980430FFF788FF33
:10A23000039948810A980630FFF782FF0399C88185
:10A240000A980830FFF77CFF039988810A980A3042
:10A25000FFF776FF039908820A98007BC870089878
:10A260004862012081F83C00486B01304863079840
:10A27000E7F73AFFC3E0BDF82600102801D0FFE75A
:10A2800094E00A98FFF75CFF42F66C71C2F200415D
:10A29000029148820A980230FFF752FF02998882A1
:10A2A0000A984068C861002048B9FFE742F66C7020
:10A2B000C2F20040C069FDF7BFFEB0B90DE042F642
:10A2C0006C70C2F2004090ED070AB7EEC00A51EC84
:10A2D000100BFDF759FE40B9FFE742F66C71C2F270
:10A2E0000041002081F83D0060E00A980830FFF747
:10A2F00027FF42F66C71C2F200410191C8820A98B0
:10A300000A30FFF71DFF0199088308988862012031
:10A3100081F83D00886B013088630798E7F7E4FE19
:10A320006DE0BDF82600072801D0FFE73EE00A985F
:10A33000D0F803000690002028B9FFE70698FDF743
:10A340007BFE50B911E09DED060AB7EEC00A51EC54
:10A35000100BFDF719FE40B1FFE79DED060AB5EEC3
:10A36000400AF1EE10FA01DAFFE71FE00A980078E0
:10A3700042F66C71C2F2004108710A984078487147
:10A380000A9880788871069808620898C8620798C9
:10A39000E7F7AAFE33E042F6AC71C2F20041C868AA
:10A3A0000130C8600798E7F79FFE28E042F6AC71DD
:10A3B000C2F20041486801304860BDF82E0040F20A
:10A3C0000121884208D1FFE742F66C71C2F20041D8
:10A3D000002081F83C00FFE7BDF82E0040F202218A
:10A3E000884208D1FFE742F66C71C2F200410020BA
:10A3F00081F83D00FFE70798E7F776FEFFE70CB02E
:10A4000080BD00000000000081B0ADF80000BDF884
:10A410000000B0F5877F0AD9FFE7BDF8000080088B
:10A420005C2804D8FFE701208DF8030027E0BDF881
:10A43000000040F2AE3188420BD3FFE7BDF80000C8
:10A4400040F21241884204D8FFE702208DF8030051
:10A4500015E0BDF8000040F24D6188420BD3FFE7E4
:10A46000BDF8000040F2B161884204D8FFE7032044
:10A470008DF8030003E000208DF80300FFE79DF84E
:10A48000030001B07047000082B00190019800699C
:10A4900000900198416880688860019948688968DF
:10A4A0004860009840680199884205D1FFE701980B
:10A4B00080680099486000E0FFE70199002008618A
:10A4C00000990868013808600098006802B0704779
:10A4D00081B042F6EC21C2F2004108688069009028
:10A4E0000868C06AC0F1380009688861009801B046
:10A4F000704700000000000083B0029001910092BC
:10A50000029947F6CC00C2F200400860019947F278
:10A51000CC60C2F20040086000998020086003B05F
:10A52000704700000000000083B00290019100928B
:10A53000029947F62850C2F200400860019947F698
:10A540002810C2F20040086000994FF48070086043
:10A5500003B070470000000080B582B00190009108
:10A560000198009900F030FD02B080BD00000000AD
:10A5700081B00090009901F10800486000994FF007
:10A58000FF308860009901F10800C860009901F16E
:10A590000800086100990020086001B070470000C1
:10A5A00081B0009000990020086101B07047000060
:10A5B00084B00390029102980068009000980130E6
:10A5C00020B9FFE703980069019010E00398083074
:10A5D0000190FFE70198406800680099884205D81B
:10A5E000FFE7FFE7019840680190F3E7FFE7019874
:10A5F0004068029948600298416888600198029911
:10A60000886002980199486003980299086103994B
:10A6100008680130086004B07047000000000000C6
:10A6200083B00290019102984068009000980199CF
:10A63000486000988068019988600198009989684D
:10A640004860019800998860029801990861029910
:10A6500008680130086003B0704700000000000087
:10A66000DFF80C00016841F47001016070470000E0
:10A6700088ED00E00000000082B04FF0500080F351
:10A680001188BFF36F8FBFF34F8F019040F204101A
:10A69000C2F200400168013101600068012814D154
:10A6A000FFE74EF60450CEF200000068000658B1F5
:10A6B000FFE74FF0500080F31188BFF36F8FBFF3B7
:10A6C0004F8F0090FFE7FEE7FFE702B07047000002
:10A6D00082B040F20410C2F20040006858B9FFE7AF
:10A6E0004FF0500080F31188BFF36F8FBFF34F8F8F
:10A6F0000090FFE7FEE740F20410C2F2004001685C
:10A7000001390160006830B9FFE70020019001982D
:10A7100080F31188FFE702B07047000000000000DE
:10A7200080B586B0039003980290039800285CD00F
:10A73000FFE702980838029002980190019840685B
:10A7400047F6BC51C2F20041096808420BD1FFE74D
:10A750004FF0500080F31188BFF36F8FBFF34F8F1E
:10A760000590FFE7FEE70198006858B1FFE74FF05A
:10A77000500080F31188BFF36F8FBFF34F8F0490A9
:10A78000FFE7FEE70198406847F6BC51C2F200417E
:10A790000968084227D0FFE70198006808BBFFE777
:10A7A00047F6BC50C2F200400268019948689043E5
:10A7B000486000F029FB0198426847F6E851C2F270
:10A7C00000410868104408600198FEF7DDFF47F675
:10A7D0000061C2F2004108680130086001F0F8FC35
:10A7E00000E0FFE700E0FFE7FFE706B080BD000004
:10A7F0004EF21001CEF20001002008604EF2180265
:10A80000CEF20002106040F22800C2F20040006860
:10A8100044F6D352C1F26202A0FB02024FF0FF30B5
:10A8200000EB92104EF21402CEF2000210600720EC
:10A83000086070470000000084B0EFF305800190CD
:10A84000019810281ED3FFE701984EF2F031CEF2A6
:10A850000001405C8DF803009DF8030047F2A861F9
:10A86000C2F20041097888420BDAFFE74FF050004E
:10A8700080F31188BFF36F8FBFF34F8F0390FFE713
:10A88000FEE7FFE74EF60C50CEF20000006800F441
:10A89000E06047F2AC61C2F20041096888420BD91E
:10A8A000FFE74FF0500080F31188BFF36F8FBFF3C5
:10A8B0004F8F0290FFE7FEE704B0704700000000F2
:10A8C00083B00290019100200090FFE700980728D4
:10A8D0001DD8FFE7009947F61C60C2F2004050F80F
:10A8E000310070B9FFE70198009A47F61C61C2F287
:10A8F000004141F832000298009A01EBC201486021
:10A9000005E0FFE7FFE7009801300090DEE703B0C5
:10A91000704700000000000080B584B003900291F1
:10A92000019203980090FFF7A7FE009890F9440069
:10A93000013028B9FFE70099002081F84400FFE7C3
:10A94000009890F94500013028B9FFE700990020F0
:10A9500081F84500FFE7FFF7BBFE0098806B38B930
:10A96000FFE7009824300299019A00F00DF900E009
:10A97000FFE70098FFF764FA04B080BD0000000014
:10A9800080B584B00290002001900298E0B1FFE70A
:10A9900047F2C060C2F20040006858B1FFE74FF0D4
:10A9A000500080F31188BFF36F8FBFF34F8F039078
:10A9B000FFE7FEE700F028FA02980021FEF708FB07
:10A9C00001F006FC019000E0FFE7019860B9FFE7A5
:10A9D0004EF60451CEF200014FF080500860BFF3F4
:10A9E0004F8FBFF36F8F00E0FFE704B080BD000022
:10A9F00080B58AB00690059100200290069858B95B
:10AA0000FFE74FF0500080F31188BFF36F8FBFF363
:10AA10004F8F0990FFE7FEE7059858B9FFE74FF021
:10AA2000500080F31188BFF36F8FBFF34F8F0890F2
:10AA3000FFE7FEE747F2C060C2F20040006858B18D
:10AA4000FFE74FF0500080F31188BFF36F8FBFF323
:10AA50004F8F0790FFE7FEE700F0D6F947F69060CA
:10AA6000C2F2004000680190069800680599084409
:10AA70000490019806990968884210D2FFE704986B
:10AA800006990968884208D2FFE70498019988422C
:10AA900003D9FFE70120029000E0FFE70FE00498F0
:10AAA00006990968884205D3FFE70498019988420E
:10AAB00003D9FFE70120029000E0FFE7FFE70498D9
:10AAC00006990860029838B1FFE704980199401A86
:10AAD0000021FEF77DFA00E0FFE701F079FB03902B
:10AAE000039860B9FFE74EF60451CEF200014FF033
:10AAF00080500860BFF34F8FBFF36F8F00E0FFE718
:10AB00000AB080BD0000000081B0009047F6F85008
:10AB1000C2F2004000680099086047F69060C2F2F7
:10AB2000004000680099486001B0704700000000D4
:10AB300047F69C61C2F200410120086070470000A6
:10AB400080B584B002900191029858B9FFE74FF0A8
:10AB5000500080F31188BFF36F8FBFF34F8F0390C6
:10AB6000FFE7FEE7029842F6EC21C2F200410968D5
:10AB70001831FFF71DFD01980121FEF729FA04B0F5
:10AB800080BD00000000000080B584B002900191FB
:10AB90000092029858B9FFE74FF0500080F31188F7
:10ABA000BFF36F8FBFF34F8F0390FFE7FEE702986D
:10ABB00042F6EC21C2F2004109681831FFF730FD7E
:10ABC000009820B1FFE74FF0FF300190FFE70198B8
:10ABD0000099FEF7FDF904B080BD00000000000000
:10ABE00080B586B0039002910192039858B9FFE7AF
:10ABF0004FF0500080F31188BFF36F8FBFF34F8F7A
:10AC00000590FFE7FEE747F2C060C2F2004000682F
:10AC100058B9FFE74FF0500080F31188BFF36F8FF2
:10AC2000BFF34F8F0490FFE7FEE7029840F000402B
:10AC300042F6EC21C2F200410A689061039809686B
:10AC40001831FFF7EDFC01980121FEF7C1F906B0BC
:10AC500080BD00000000000080B586B00390029126
:10AC600047F2C060C2F20040006858B9FFE74FF0F9
:10AC7000500080F31188BFF36F8FBFF34F8F0590A3
:10AC8000FFE7FEE7029840F0004003990860039850
:10AC9000C0680190019858B9FFE74FF0500080F369
:10ACA0001188BFF36F8FBFF34F8F0490FFE7FEE76C
:10ACB0000398FFF7E9FB01980430FFF7E5FB0198E3
:10ACC000C06A47F2C861C2F200410968884208D9E7
:10ACD000FFE70198C06A47F2C861C2F2004108600C
:10ACE000FFE70199C86A00EB800242F60430C2F225
:10ACF000004000EB82000431FFF792FC0198C06A2B
:10AD000042F6EC21C2F200410968C96A884207D9BB
:10AD1000FFE747F69C61C2F2004101200860FFE7AF
:10AD200006B080BD0000000080B58AB0002003900E
:10AD30000690059006A805A904AAFFF7DDFB039B72
:10AD4000049A0599DDF818C06846C0F808C041604B
:10AD5000036049F25150C0F601004DF24A11C0F6AD
:10AD6000010100F0D1FF014647F6EC50C2F200406D
:10AD70000160006818B1FFE70120079002E00020A1
:10AD80000790FFE70798012804D1FFE701F0E4FAF4
:10AD9000079000E0FFE70798012823D1FFE74FF075
:10ADA000500080F31188BFF36F8FBFF34F8F09906E
:10ADB00047F6F451C2F200414FF0FF30086047F609
:10ADC0005C61C2F200410120086047F69061C2F266
:10ADD00000410020086000F07BFA08B1FFE700E0C6
:10ADE000FFE70FE00798013058B9FFE74FF0500038
:10ADF00080F31188BFF36F8FBFF34F8F0890FFE789
:10AE0000FEE7FFE70AB080BD47F2C061C2F2004131
:10AE1000086801300860704783B047F2C060C2F232
:10AE20000040006838B1FFE747F69C61C2F200417C
:10AE30000120086051E047F69C61C2F20041002009
:10AE4000086047F2C860C2F2004000680190FFE766
:10AE5000019800EB800142F60430C2F2004050F845
:10AE6000210090B9FFE7019858B9FFE74FF0500073
:10AE700080F31188BFF36F8FBFF34F8F0290FFE70E
:10AE8000FEE7019801380190E2E7019800EB8001AC
:10AE900042F60430C2F2004000EB810000900099BD
:10AEA000486840684860009948680831884205D180
:10AEB000FFE70099486840684860FFE700984068ED
:10AEC000C06842F6EC21C2F200410860019847F2E6
:10AED000C861C2F200410860FFE703B0704700009C
:10AEE00082B00190ADF802109DF80200019908703F
:10AEF0009DF803000199487002B0704700000000FF
:10AF000082B00190ADF802109DF80300019908701D
:10AF10009DF802000199487002B0704700000000DF
:10AF200080B582B02020FEF7E3FF0190019860B168
:10AF3000FFE7019900200090086001980430FFF7B6
:10AF400017FB00980199087700E0FFE7019802B02D
:10AF500080BD00000000000080B586B0039003981B
:10AF600058B9FFE74FF0500080F31188BFF36F8F9F
:10AF7000BFF34F8F0590FFE7FEE720200190019877
:10AF800020280BD0FFE74FF0500080F31188BFF36B
:10AF90006F8FBFF34F8F0490FFE7FEE70398029097
:10AFA000029858B1FFE70299002008600298043027
:10AFB000FFF7DEFA02990120087700E0FFE7029828
:10AFC00006B080BD0000000080B58EB00B900A91E5
:10AFD000002005900B99029101900B9858B9FFE75A
:10AFE0004FF0500080F31188BFF36F8FBFF34F8F86
:10AFF0000D90FFE7FEE79DF82B0058B1FFE74FF0FB
:10B00000500080F31188BFF36F8FBFF34F8F0C9008
:10B01000FFE7FEE702980430069006980830079094
:10B02000FFF7F2FE0698C06809900A9A029908682C
:10B0300010430860FFE709980799884246D0FFE768
:10B0400009984068089009980068049000200190D1
:10B050009DF8130000060390049820F07F400490B0
:10B060009DF80F00400700280BD4FFE704980299D1
:10B070000968084203D0FFE70120019000E0FFE7E4
:10B080000BE00499029800680840884203D1FFE76A
:10B090000120019000E0FFE7FFE7019898B1FFE78A
:10B0A0009DF80F00C00728B1FFE7049905980843F1
:10B0B000059000E0FFE709980299096841F00071E6
:10B0C000FFF7CAFDFFE708980990B4E7059A0299CF
:10B0D00008689043086001F07BF8029800680EB0A1
:10B0E00080BD00000000000080B584B00390029194
:10B0F00001920399029A019B4AF25950C0F601004D
:10B1000001F0CEF90090009804B080BD000000006E
:10B1100080B590B0DDF848C00B900A910992089371
:10B120000B9807900020059002900B9858B9FFE704
:10B130004FF0500080F31188BFF36F8FBFF34F8F34
:10B140000F90FFE7FEE79DF82B0058B1FFE74FF0A7
:10B15000500080F31188BFF36F8FBFF34F8F0E90B5
:10B16000FFE7FEE70A9858B9FFE74FF0500080F379
:10B170001188BFF36F8FBFF34F8F0D90FFE7FEE78E
:10B1800000F02AFE01460020009031B9FFE7129836
:10B19000002818BF01200090FFE70098C00758B1B1
:10B1A000FFE74FF0500080F31188BFF36F8FBFF3BC
:10B1B0004F8F0C90FFE7FEE7FFF726FE0798006829
:10B1C000019001980A99089AFEF706FE04900498E7
:10B1D00078B1FFE70198069000201290099830B1ED
:10B1E000FFE70A9A079908689043086000E0FFE7C4
:10B1F00025E0129828B9FFE70198069001200290F7
:10B200001CE0099828B1FFE7059840F08070059090
:10B2100000E0FFE7089828B1FFE7059840F080605C
:10B22000059000E0FFE7079804300A99059A11435A
:10B23000129AFFF7D5FC00200690FFE7FFE700F029
:10B24000C7FF0390129800283CD0FFE7039860B92D
:10B25000FFE74EF60451CEF200014FF08050086037
:10B26000BFF34F8FBFF36F8F00E0FFE7FFF730F9B9
:10B2700006909DF81B00800700281DD4FFE7FFF70C
:10B28000FBF907980068069006980A99089AFEF755
:10B29000A3FD58B1FFE7099830B1FFE70A9A079973
:10B2A00008689043086000E0FFE700E0FFE7012046
:10B2B0000290FFF70DFA00E0FFE7069820F07F40CC
:10B2C0000690FFE7069810B080BD00000000000067
:10B2D00080B588B04EF60050CEF2000000684CF207
:10B2E0007121C4F20F1188420BD1FFE74FF05000DB
:10B2F00080F31188BFF36F8FBFF34F8F0790FFE785
:10B30000FEE74EF60050CEF2000000684CF27021CD
:10B31000C4F20F1188420BD1FFE74FF0500080F3C9
:10B320001188BFF36F8FBFF34F8F0690FFE7FEE7E3
:10B330004EF20040CEF20000039001780491FF210C
:10B34000017000788DF80B009DF80B0000F05000A4
:10B3500047F2A861C2F20041087047F2AC61C2F244
:10B36000004107200860FFE79DF80B000006002859
:10B370000DD5FFE747F2AC61C2F200410868013821
:10B3800008609DF80B0040008DF80B00ECE747F2D9
:10B39000AC60C2F20040006803280BD0FFE74FF01A
:10B3A000500080F31188BFF36F8FBFF34F8F05906C
:10B3B000FFE7FEE747F2AC61C2F200410868000215
:10B3C0000860086800F4E060086004984EF20041EC
:10B3D000CEF2000108704EF62051CEF2000108684E
:10B3E00040F470000860086840F070400860FFF7A3
:10B3F000FFF940F20411C2F2004100200190086000
:10B40000FFF72EF94EF63471CEF20001086840F0D5
:10B4100040400860FEF78CFAFFF7FEFCFEF7B4FC34
:10B42000019808B080BD000080B582B04FF0500098
:10B4300080F31188BFF36F8FBFF34F8F009000F040
:10B4400003FD40B1FFE74EF60451CEF200014FF08C
:10B4500080500860FFE700200190019880F3118878
:10B4600002B080BD0000000080B590B08446129804
:10B47000CDF828C00991089207938DF81B000A980F
:10B4800058B9FFE74FF0500080F31188BFF36F8F7A
:10B49000BFF34F8F0F90FFE7FEE7079858B9FFE71C
:10B4A0004FF0500080F31188BFF36F8FBFF34F8FC1
:10B4B0000E90FFE7FEE708990020039031B1FFE707
:10B4C0000998B0FA80F040090390FFE70398C0079D
:10B4D00058B1FFE74FF0500080F31188BFF36F8F32
:10B4E000BFF34F8F0D90FFE7FEE708990020029011
:10B4F00031B9FFE70998002818BF01200290FFE743
:10B500000298C00758B1FFE74FF0500080F3118850
:10B51000BFF36F8FBFF34F8F0C90FFE7FEE7502014
:10B520000490049850280BD0FFE74FF0500080F3B0
:10B530001188BFF36F8FBFF34F8F0B90FFE7FEE7CC
:10B54000049807980590059888B1FFE705990120B0
:10B5500081F846000A980999089A9DF81B30DDF891
:10B5600014C0EE46CEF800C0FEF70EF800E0FFE78C
:10B57000059810B080BD000080B584B002900191A4
:10B5800002980090009858B9FFE74FF0500080F300
:10B590001188BFF36F8FBFF34F8F0390FFE7FEE774
:10B5A000FFF76AF800990B68C86B0A6C00FB023061
:10B5B00088600099002088630099086848600099B5
:10B5C0000B68C86B0A6C013800FB0230C860009938
:10B5D000FF2081F84400009981F845000198D0B916
:10B5E000FFE700980069A0B1FFE70098103000F075
:10B5F00087FD60B1FFE74EF60451CEF200014FF037
:10B6000080500860BFF34F8FBFF36F8F00E0FFE7FC
:10B6100000E0FFE708E000981030FEF7A9FF00986F
:10B620002430FEF7A5FFFFE7FFF752F8012004B032
:10B6300080BD00000000000080B592B00C900B911E
:10B640000A920993002008900C980490049858B925
:10B65000FFE74FF0500080F31188BFF36F8FBFF307
:10B660004F8F1190FFE7FEE70B990020039039B947
:10B67000FFE70498006C002818BF01200390FFE743
:10B680000398C00758B1FFE74FF0500080F31188CE
:10B69000BFF36F8FBFF34F8F1090FFE7FEE709995D
:10B6A00000200229029007D1FFE70498C06B0138FF
:10B6B00018BF01200290FFE70298C00758B1FFE7CA
:10B6C0004FF0500080F31188BFF36F8FBFF34F8F9F
:10B6D0000F90FFE7FEE700F07FFB0146002001909E
:10B6E00031B9FFE70A98002818BF01200190FFE751
:10B6F0000198C00758B1FFE74FF0500080F3118860
:10B70000BFF36F8FBFF34F8F0E90FFE7FEE7FFE7AA
:10B71000FEF7B2FF0498806B0499C96B884204D38A
:10B72000FFE70998022834D1FFE704980B99099A9A
:10B73000FDF7F6FD07900498406AA0B1FFE7049872
:10B74000243000F0DDFC60B1FFE74EF60451CEF28C
:10B7500000014FF080500860BFF34F8FBFF36F8F31
:10B7600000E0FFE710E0079860B1FFE74EF60451F4
:10B77000CEF200014FF080500860BFF34F8FBFF34F
:10B780006F8F00E0FFE7FFE7FEF7A2FF01200D90BB
:10B7900065E00A9828B9FFE7FEF79AFF00200D90B0
:10B7A0005DE0089830B9FFE705A8FFF7ADF9012083
:10B7B000089000E0FFE7FFE7FFE7FEF789FFFFF7EC
:10B7C00023FBFEF759FF049890F94400013028B993
:10B7D000FFE70499002081F84400FFE7049890F9FE
:10B7E0004500013028B9FFE70499002081F84500A1
:10B7F000FFE7FEF76DFF05A80AA900F0CDF928BB09
:10B80000FFE70498FEF77CF8C8B1FFE70498103012
:10B810000A99FFF795F90498FEF712FB00F0D8FC9F
:10B8200060B9FFE74EF60451CEF200014FF08050B0
:10B830000860BFF34F8FBFF36F8FFFE705E00498F9
:10B84000FEF7FEFA00F0C4FCFFE707E00498FEF7FD
:10B85000F7FA00F0BDFC00200D9000E058E70D98CD
:10B8600012B080BD0000000080B592B00B900A912C
:10B87000099208930B980590059858B9FFE74FF087
:10B88000500080F31188BFF36F8FBFF34F8F0E907E
:10B89000FFE7FEE70A990020029039B9FFE7059813
:10B8A000006C002818BF01200290FFE70298C00733
:10B8B00058B1FFE74FF0500080F31188BFF36F8F4E
:10B8C000BFF34F8F0D90FFE7FEE708990020022994
:10B8D000019007D1FFE70598C06B013818BF012020
:10B8E0000190FFE70198C00758B1FFE74FF0500003
:10B8F00080F31188BFF36F8FBFF34F8F0C90FFE77A
:10B90000FEE7FEF799FFEFF311814FF0500080F34F
:10B910001188BFF36F8FBFF34F8F10910F90109866
:10B9200006900598806B0599C96B884204D3FFE7A0
:10B930000898022833D1FFE7059890F845008DF864
:10B9400013000598806B039005980A99089AFDF7F3
:10B95000E7FC9DF913000130B8B9FFE70598406A8C
:10B9600088B1FFE70598243000F0CAFB48B1FFE733
:10B97000099820B1FFE709990120086000E0FFE77E
:10B9800000E0FFE700E0FFE706E09DF8130001306C
:10B99000059981F84500FFE70120079002E00020AB
:10B9A0000790FFE706981190119880F31188079887
:10B9B00012B080BD0000000080B58EB009900891E3
:10B9C00007920020069009980390039858B9FFE762
:10B9D0004FF0500080F31188BFF36F8FBFF34F8F8C
:10B9E0000D90FFE7FEE708990020019039B9FFE7C5
:10B9F0000398006C002818BF01200190FFE7019810
:10BA0000C00758B1FFE74FF0500080F31188BFF333
:10BA10006F8FBFF34F8F0C90FFE7FEE700F0DCF96C
:10BA200001460020009031B9FFE70798002818BFB1
:10BA300001200090FFE70098C00758B1FFE74FF0E2
:10BA4000500080F31188BFF36F8FBFF34F8F0B90BF
:10BA5000FFE7FEE7FFE7FEF70FFE0398806B02901B
:10BA6000029830B3FFE703980899FDF735FC029878
:10BA700001380399886303980069A0B1FFE7039830
:10BA8000103000F03DFB60B1FFE74EF60451CEF2FE
:10BA900000014FF080500860BFF34F8FBFF36F8FEE
:10BAA00000E0FFE700E0FFE7FEF712FE01200A904A
:10BAB0006DE0079828B9FFE7FEF70AFE00200A901C
:10BAC00065E0069830B9FFE704A8FFF71DF80120EC
:10BAD000069000E0FFE7FFE7FFE7FEF7F9FDFFF75D
:10BAE00093F9FEF7C9FD039890F94400013028B995
:10BAF000FFE70399002081F84400FFE7039890F9DD
:10BB00004500013028B9FFE70399002081F845007E
:10BB1000FFE7FEF7DDFD04A807A900F03DF830BB04
:10BB2000FFE70398FDF7D8FED0B1FFE70398243074
:10BB30000799FFF705F80398FEF782F900F048FB34
:10BB400060B9FFE74EF60451CEF200014FF080508D
:10BB50000860BFF34F8FBFF36F8F00E0FFE705E092
:10BB60000398FEF76DF900F033FBFFE70EE0039852
:10BB7000FEF766F900F02CFB0398FDF7ADFE18B157
:10BB8000FFE700200A9002E0FFE7FFE763E70A987B
:10BB90000EB080BD0000000080B588B00590049113
:10BBA000059858B9FFE74FF0500080F31188BFF3B4
:10BBB0006F8FBFF34F8F0790FFE7FEE7049858B9E8
:10BBC000FFE74FF0500080F31188BFF36F8FBFF392
:10BBD0004F8F0690FFE7FEE7FEF74EFD47F69060B9
:10BBE000C2F2004000680290029805994968401A24
:10BBF000019004980068013018B9FFE70020039015
:10BC00002BE047F6F850C2F2004000680599096839
:10BC1000884209D0FFE7029805994968884203D312
:10BC2000FFE70120039017E0019804990968884212
:10BC30000BD2FFE7019A04990868801A08600598FA
:10BC4000FEF762FF0020039005E0049900200860E1
:10BC500001200390FFE7FFE7FFE7FEF739FD0398B8
:10BC600008B080BD0000000070B58CB0DDF844C0A5
:10BC7000DDF840C00B900A91ADF826200893BDF87E
:10BC800026008000FEF734F90590059880B1FFE7A3
:10BC90005C20FEF72DF90790079820B1FFE7059883
:10BCA0000799086303E00598FEF73AFDFFE702E015
:10BCB00000200790FFE70798F0B1FFE707980026FC
:10BCC00080F859600B980A99BDF82620089BDDF88A
:10BCD00040C0119C079DEE46CEF80C60CEF808508F
:10BCE000CEF80440CEF800C0FDF772FC0798FDF7CF
:10BCF000DBF90120069003E04FF0FF300690FFE7EC
:10BD000006980CB070BD0000B0B58EB0DDF850C024
:10BD1000DDF84CC0DDF848C00A90099108920793FD
:10BD2000139858B9FFE74FF0500080F31188BFF324
:10BD30006F8FBFF34F8F0D90FFE7FEE7149858B950
:10BD4000FFE74FF0500080F31188BFF36F8FBFF310
:10BD50004F8F0C90FFE7FEE75C20049004985C286E
:10BD60000BD0FFE74FF0500080F31188BFF36F8FC7
:10BD7000BFF34F8F0B90FFE7FEE70498149820B3B2
:10BD8000FFE7139808B3FFE71498069013980699F5
:10BD900008630699022081F859000A980999089ABF
:10BDA000079BDDF848C0069CEE460025CEF80C50F7
:10BDB000CEF8084005ACCEF80440CEF800C0FDF740
:10BDC00007FC0698FDF770F902E000200590FFE7F8
:10BDD00005980EB0B0BD000081B047F65C60C2F2BD
:10BDE0000040006818B9FFE7012000900DE047F21D
:10BDF000C060C2F20040006818B9FFE7022000905E
:10BE000002E000200090FFE7FFE7009801B07047D4
:10BE100081B047F69060C2F2004000680090009840
:10BE200001B070470000000080B582B0FEF704FD4D
:10BE30000020009047F69060C2F200400068019038
:10BE4000019802B080BD000080B586B0002002904D
:10BE500047F2C060C2F200400068002840F0CB808A
:10BE6000FFE747F69061C2F2004108680130019097
:10BE700001980860019858BBFFE742F6F420C2F22F
:10BE800000400068006858B1FFE74FF0500080F3B1
:10BE90001188BFF36F8FBFF34F8F0590FFE7FEE769
:10BEA00042F6F422C2F200421068009042F6FC21F1
:10BEB000C2F20041086810600098086047F6F85127
:10BEC000C2F20041086801300860FDF7A9FE00E0F9
:10BED000FFE7019847F6F451C2F200410968884231
:10BEE00068D3FFE7FFE742F6F420C2F200400068A3
:10BEF000006840B9FFE747F6F451C2F200414FF045
:10BF0000FF30086055E042F6F420C2F200400068BD
:10BF1000C068C06804900498406803900198039931
:10BF2000884207D2FFE7039847F6F451C2F2004176
:10BF300008603EE0FFE704980430FEF7A5FA049895
:10BF4000806A28B1FFE704981830FEF79DFA00E0F8
:10BF5000FFE70498C06A47F2C861C2F2004109686D
:10BF6000884208D9FFE70498C06A47F2C861C2F264
:10BF700000410860FFE70499C86A00EB800242F6BE
:10BF80000430C2F2004000EB82000431FEF748FBAF
:10BF90000498C06A42F6EC21C2F200410968C96AFD
:10BFA000884203D3FFE70120029000E0FFE7FFE7AC
:10BFB00099E7FFE742F6EC20C2F200400068C06A51
:10BFC00000EB800142F60430C2F2004050F821003C
:10BFD000022803D3FFE70120029000E0FFE747F6C5
:10BFE0009C60C2F20040006818B1FFE70120029097
:10BFF00000E0FFE707E047F60461C2F2004108688D
:10C0000001300860FFE7029806B080BD0000000024
:10C0100080B586B0039003980290002001900398A9
:10C02000002867D0FFE7029842F6EC21C2F20041F7
:10C03000096888420BD0FFE74FF0500080F3118869
:10C04000BFF36F8FBFF34F8F0590FFE7FEE70298B6
:10C05000006D58B9FFE74FF0500080F31188BFF32F
:10C060006F8FBFF34F8F0490FFE7FEE70299086DD3
:10C07000013808650299C86AC96C884238D0FFE760
:10C080000298006D90BBFFE702980430FEF7FCF9C0
:10C0900008B9FFE700E0FFE70299C86CC86202999F
:10C0A000C86AC0F1380088610298C06A47F2C86166
:10C0B000C2F200410968884208D9FFE70298C06AC5
:10C0C00047F2C861C2F200410860FFE70299C86AFE
:10C0D00000EB800242F60430C2F2004000EB820026
:10C0E0000431FEF79DFA0120019000E0FFE700E037
:10C0F000FFE700E0FFE7019806B080BD0000000008
:10C1000080B584B002900298C068C0680190019820
:10C1100058B9FFE74FF0500080F31188BFF36F8FDD
:10C12000BFF34F8F0390FFE7FEE701981830FEF74B
:10C13000ABF947F2C060C2F20040006820BBFFE7E5
:10C1400001980430FEF7A0F90198C06A47F2C8616F
:10C15000C2F200410968884208D9FFE70198C06A25
:10C1600047F2C861C2F200410860FFE70199C86A5E
:10C1700000EB800242F60430C2F2004000EB820085
:10C180000431FEF74DFA09E0019800F1180147F675
:10C190000860C2F20040FEF743FAFFE70198C06A68
:10C1A00042F6EC21C2F200410968C96A884208D906
:10C1B000FFE70120009047F69C61C2F20041086051
:10C1C00002E000200090FFE7009804B080BD00006E
:10C1D00080B584B000200290019047F2C060C2F2A6
:10C1E0000040006858B9FFE74FF0500080F3118815
:10C1F000BFF36F8FBFF34F8F0390FFE7FEE7FEF7AC
:10C200003BFA47F2C060C2F20040016801390160A8
:10C210000068002840F09980FFE747F2B860C2F25A
:10C2200000400068002800F08F80FFE7FFE747F636
:10C230000860C2F200400068002842D0FFE747F6DD
:10C240000860C2F20040C068C068029002981830CE
:10C25000FEF71AF902980430FEF716F90298C06A40
:10C2600047F2C861C2F200410968884208D9FFE775
:10C270000298C06A47F2C861C2F200410860FFE755
:10C280000299C86A00EB800242F60430C2F2004014
:10C2900000EB82000431FEF7C3F90298C06A42F64F
:10C2A000EC21C2F200410968C96A884207D3FFE75E
:10C2B00047F69C61C2F200410120086000E0FFE700
:10C2C000B5E7029818B1FFE7FDF7AAFCFFE747F6CC
:10C2D0000460C2F20040006800900098E0B1FFE7FF
:10C2E000FFE7FFF7B1FD38B1FFE747F69C61C2F207
:10C2F00000410120086000E0FFE70098013800904D
:10C30000FFE700980028ECD1FFE747F60461C2F28E
:10C3100000410020086000E0FFE747F69C60C2F2A1
:10C320000040006870B1FFE7012001904EF6045113
:10C33000CEF200014FF080500860BFF34F8FBFF383
:10C340006F8F00E0FFE7FFE700E0FFE7FEF7C0F9CF
:10C35000019804B080BD000080B58AB0002008902C
:10C36000FCF736FF47F69460C2F20040006858B30D
:10C37000FFE7002004900790069007A806A905AAE9
:10C38000FEF7D2F8049B059A0698DDF81CC06946B2
:10C39000C1F808C048600220086049F62160C0F674
:10C3A00001004DF25411C0F60101FFF7ADFC01464A
:10C3B00047F69860C2F200400160006818B1FFE7DC
:10C3C00001200890FFE700E0FFE7089858B9FFE771
:10C3D0004FF0500080F31188BFF36F8FBFF34F8F82
:10C3E0000990FFE7FEE708980AB080BD0000000052
:10C3F00080B58AB0DDF830C00890079106920593A9
:10C4000000200490089858B9FFE74FF0500080F3DF
:10C410001188BFF36F8FBFF34F8F0990FFE7FEE7DF
:10C4200047F69460C2F200400068A8B3FFE707989F
:10C4300000900698019008980290079805281EDC45
:10C44000FFE7FFF7C9FC02280CD1FFE747F694602D
:10C45000C2F2004000680C9A69460023FFF7ECF82E
:10C4600004900BE047F69460C2F200400068694611
:10C4700000231A46FFF7E0F80490FFE70BE047F6C9
:10C480009460C2F200400068059A69460023FFF7F5
:10C49000EBF90490FFE700E0FFE704980AB080BDE5
:10C4A00080B58AB009900891079206936FF0010059
:10C4B000029009980390089804900798059047F611
:10C4C0009460C2F200400068069A02A90023FFF7B8
:10C4D000CBF9019001980AB080BD5FEA400C08BF1B
:10C4E00091F0000F4FEA8C234FEAC12243EA5151E9
:10C4F0004FEA1C5018BF00F5F0404FEA300018BF5B
:10C5000041F000415FEA6C5C00F02980BCF1FF3F24
:10C5100008BF40F080407047130C06BF12044FF074
:10C52000100C4FF0000C130E04BF12020CF1080C9B
:10C53000130F04BF12010CF1040C930F04BF9200FF
:10C540000CF1020CD30F04BF52000CF1010C114688
:10C550004FF00002A0F11F00A0EB0C00704711F09B
:10C56000004F08BF704731F000413FF4D5AF0B0CCE
:10C5700006BF09044FF0100C4FF0000C0B0E04BF67
:10C5800009020CF1080C0B0F04BF09010CF1040C9B
:10C590008B0F04BF89000CF1020CCB0F04BF4900C4
:10C5A0000CF1010CCCF1200322FA03F341EA030160
:10C5B00002FA0CF2A0EB0C0000F101007047000041
:10C5C00023F07F4720F07F4C80EA030000F000401A
:10C5D000ACEB070303F57C5303F1FF032DE980491E
:10C5E00009B44FEA144324EA03484FEA154B25EAFD
:10C5F0000B4E0FF2042606EB13273E7803FB06676B
:10C60000C7F5000707FB06F64FEAD64606F1020615
:10C610004FEA543707FB066CCCF1005C4FEA1C472D
:10C620002CEA074C0CFB06F507FB06F404EB154659
:10C630004FEA961649085FEA320234BF00204FF0F5
:10C6400000404FEAD13706FB07FC4FEA1C4C0CFBBD
:10C650000BF7D21B03FB0CF761EB07010CFB0EF78A
:10C66000B0EB074072EB17420CFB08F734BFA2EBAC
:10C670000742B2EB074261EB17414FEA0C444FEA25
:10C68000910706FB07FC4FEA1C4C0CFB0BF7B0EBC9
:10C69000C74072EB573203FB0CF734BFA2EBC74223
:10C6A000B2EBC74261EB57310CFB0EF7B0EBC700A2
:10C6B00072EB57720CFB08F734BFA2EBC702B2EB68
:10C6C000C70261EB57714FEA816141EA92114FEA6B
:10C6D000826242EA90124FEA806004EBCC04039F2E
:10C6E0004FEAD13706FB07FC4FEA1C4C0CFB0BF75B
:10C6F000D21B03FB0CF761EB07010CFB0EF7B0EB51
:10C70000074072EB17420CFB08F734BFA2EB07425D
:10C71000B2EB074261EB17414FEA8C5504EB9C24C6
:10C720004FEA910706FB07FC4FEA1C4C0CFB0BF78A
:10C73000B0EBC74072EB573203FB0CF734BFA2EBF0
:10C74000C742B2EBC74261EB57310CFB0EF7B0EBBF
:10C75000C70072EB57720CFB08F734BFA2EBC7029D
:10C76000B2EBC70261EB57714FEA816141EA921166
:10C770004FEA826242EA90124FEA806015EB4C2544
:10C7800044F100044FEAD13706FB07FC4FEA1C4C8A
:10C790000CFB0BF7D21B03FB0CF761EB07010CFB47
:10C7A0000EF7B0EB074072EB17420CFB08F734BFF3
:10C7B000A2EB0742B2EB074261EB17414FEA81312E
:10C7C00041EA92414FEA823242EA90424FEA803097
:10C7D0004FEA0C7615EB1C1544F1000448EA0343BC
:10C7E0004EEA0B484FF0000EB2EB080C71EB03075A
:10C7F00024BF624639464EEB0E0E4FF0000B001878
:10C80000524149414BEB0B0BB2EB080C71EB0307A8
:10C810007BF1000B24BF624639464EEB0E0E4FF003
:10C82000000B0018524149414BEB0B0BB2EB080CCB
:10C8300071EB03077BF1000B24BF624639464EEBD8
:10C840000E0E51EA020718BF46F0010616EB0E76EF
:10C8500055F1000254F1000103D5BDE88901BDE89E
:10C860000088BDE88901BDE80048B619524141EB96
:10C870000101A3F10103704780807F7E7D7C7B7A7C
:10C880007978777676757473727171706F6E6E6D7C
:10C890006C6C6B6A6A696868676666656464636322
:10C8A00062616160605F5F5E5E5D5D5C5C5B5B5AA8
:10C8B0005A59595858575756565555555454535315
:10C8C00052525251515050504F4F4F4E4E4D4D4D70
:10C8D0004C4C4C4B4B4B4A4A4A49494948484847BB
:10C8E00047474746464645454544444444434343F9
:10C8F00043424242424141419C46002B30D47700A2
:10C900002BD04FEA37071CB503B44FF010004FF09F
:10C910001001BAF1000F06D0BCF1000FDCBF40F0EF
:10C92000080040F008014FF000000FBCBDE81040C7
:10C930000BF1010BBBF1010F08BF5FEA170722BF24
:10C9400012F1010211F101014FF0004143F1000326
:10C9500000F0004043EA00007047F9D35708D0E7E1
:10C9600046EA06464FEA164613F1400F1FDD13F163
:10C97000200FDFBF16430A46002120335B42BED0A2
:10C98000C3F1200746EA06464FEA164602FA07F7C1
:10C9900046EA070622FA03F2C3F1200701FA07F775
:10C9A00042EA070221FA03F14FF00003A7E746EA43
:10C9B000020646EA06464FEA164646EA0106BCBFAC
:10C9C00046EA0646360C4FF000034FF000024FF0E7
:10C9D000000194E72DE9804C70B49A46934691E8A3
:10C9E000380007C831EA400C48BF34EA430C03D58D
:10C9F000FFF7E6FDFFF780FFF0BCBDE8008C2DE9F6
:10CA0000804C70B49A46934691E8380007C810F0FD
:10CA1000804F08BF13F0804F03D100F005F8FFF7F7
:10CA20006BFFF0BCBDE8008C20F07F4723F07F4C0B
:10CA300080EA030000F0004007EB0C03A3F57C53F1
:10CA4000A3F1FE0392F0000F00F0B38095F0000F09
:10CA500000F077802DE901494FEA114021EA0048B2
:10CA60004FEA144624EA064700FB06FC08FB06F6DC
:10CA700007FB08F818EB06484CEB164C00FB07F7D1
:10CA800018EB07484CEB17404FEA124B22EA0B4ECB
:10CA90004FEA154625EA06470BFB06FC0EFB06F699
:10CAA00007FB0EFE1EEB064E4CEB164C0BFB07F77E
:10CAB0001EEB074E4CEB174B18EB0B0840F1000038
:10CAC00018EB0E0B58EB000840F100008F1A4FF0E6
:10CAD00000014FF000063CBFC943661B14BFB5EB15
:10CAE000040C00213CBFC943F61B4FEA174427EA58
:10CAF00004454FEA1C472CEA074C04FB076205FB80
:10CB000007F70CFB05F616EB074642EB174204FB52
:10CB10000CFC16EB0C4642EB1C421BEB060658EBDA
:10CB2000020241414EEA8E0E46EA9E0601D5BDE85C
:10CB30000189B619524141EB0101A3F10103BDE89E
:10CB400001894FEA144524EA05464FEA114721EAD4
:10CB5000074C05FB07F406FB07F70CFB06F111EB8E
:10CB6000074144EB174405FB0CFC11EB0C4144EB73
:10CB70001C444FEA124722EA074C05FB07F206FB6A
:10CB800007F70CFB06F616EB074642EB174205FBD0
:10CB90000CFC16EB0C4642EB1C456A1854F10001E4
:10CBA00048BF7047B619524141EB0101A3F101039F
:10CBB000704795F0000F37D04FEA114221EA024644
:10CBC0004FEA144724EA074C02FB07F106FB07F77C
:10CBD0000CFB06F414EB074441EB174102FB0CFC81
:10CBE00014EB0C4441EB1C414FEA154725EA074C76
:10CBF00002FB07F506FB07F70CFB06F616EB0746EC
:10CC000045EB174502FB0CFC16EB0C4645EB1C42B2
:10CC1000121951F1000148BF7047B619524141EB5A
:10CC20000101A3F1010370474FEA144524EA0546C8
:10CC30004FEA114721EA074C05FB07F106FB07F70E
:10CC40000CFB06F212EB074241EB174105FB0CFC13
:10CC500012EB0C4251EB1C414FF0000648BF7047ED
:10CC6000921841EB0101A3F10103704703B401984D
:10CC70004100009850EAC12018BF04204A0D18BF97
:10CC800040F0010040F2FF72B2EB515F08BF40F08C
:10CC90000200012808BF052002B0704730380A287A
:10CCA00001D20120704700207047000010B5002914
:10CCB0000AD00878002807D005487844E3F7FCFD3F
:10CCC000002801D0002010BD0248784410BD0000AB
:10CCD0001A0700001207000010B500290AD00878D2
:10CCE000002807D005487844E3F7E6FD002801D086
:10CCF000002010BD0248784410BD0000FE0700006F
:10CD0000F60700004FF07E5209E011F0004204D512
:10CD10004042C1F1000138BF491E42F07E5202F18B
:10CD200070620B0012BF20235FEA00017047B1FA66
:10CD300081FC01FA0CF1A3EB0C0320FA03FC41EA9D
:10CD40000C0102EBC352C3F1200310FA03FC5CEAAE
:10CD5000416C42EB112018BF5FF0806C28BF20F0BF
:10CD600001007047F1EE100A4FF6FF71C0F2C031BA
:10CD700020EA010040F04070E1EE100A7047E4F74D
:10CD8000A7BAE4F7DBBB00000000000000000000D1
:10CD900030313233343536373839414243444546F1
:10CDA00040305800303132333435363738396162EB
:10CDB00063646566403078000400000800000000ED
:10CDC00000000002000100001030313233343536EB
:10CDD00037383961626364656678700030313233A8
:10CDE00034353637383941424344454658500000BF
:10CDF00002400000000000A000000000054000000C
:10CE0000000000C8000000000C4000000000409C32
:10CE100000000000194000000020BCBE000000001F
:10CE200034400000BFC91B8E00000004B540000064
:10CE3000504BCFD06607E2CF010000006C410000EC
:10CE40003E8251AADFEEA73401000000D942000063
:10CE5000DCB5A0E23A301F97FFFFFFFFB4450000AA
:10CE6000FD25A0C8E9A3C14FFFFFFFFFFF3F000062
:10CE70000000008000000000FF3F00000000008074
:10CE800000000000000000000000000000000000A2
:10CE9000000000000000000001000000020000008F
:10CEA0000300000004000000000000000500000076
:10CEB000000000000000000000000000060000006C
:10CEC000000000000000000000000000070000005B
:10CED000005EBCE2613FDD83C29C7E20A3FD1F415A
:10CEE0009DC3217FFCA2401E5F01E3BD3E6082DC4A
:10CEF000237D9FC1421CFEA0E1BF5D0380DE3C623A
:10CF0000BEE0025CDF81633D7C22C09E1D43A1FF29
:10CF10004618FAA427799BC584DA3866E5BB590719
:10CF2000DB856739BAE406581947A5FB7826C49A09
:10CF3000653BD987045AB8E6A7F91B45C6987A24F9
:10CF4000F8A6441A99C7257B3A6486D85B05E7B9E9
:10CF50008CD2306EEDB3510F4E10F2AC2F7193CDD9
:10CF6000114FADF3702ECC92D38D6F31B2EC0E50C9
:10CF7000AFF1134DCE90722C6D33D18F0C52B0EEB9
:10CF8000326C8ED0530DEFB1F0AE4C1291CF2D73A9
:10CF9000CA947628ABF517490856B4EA6937D58B99
:10CFA0005709EBB536688AD495CB2977F4AA481689
:10CFB000E9B7550B88D6346A2B7597C94A14F6A879
:10CFC000742AC896154BA9F7B6E80A54D7896B3569
:10CFD000E6D0010800000000000000000000000092
:10CFE0000000000000080000300000000000000009
:10CFF000000000000000000001020304010203041D
:10D00000060708090001020304050607080C1014AE
:10D0100018203040000610160006101608040204FE
:10D0200008010101010101030701000001000200E4
:10D030000400060008000A000C0010002000400058
:10D0400080000001F6D00108000000000000000090
:10D0500000000000000000000002000018000000B6
:10D060000000000000000000DED001080000000009
:10D0700000000000000000000000000000080000A8
:10D08000180000000000000000000000D9D00108D6
:10D090000000000000000000000000000000000090
:10D0A0000004000028000000000000000000000054
:10D0B00002D1010800000000000000000000000094
:10D0C000000000000006000020000000000000003A
:10D0D00000000000564F4641005342555300526530
:10D0E000666572656500436F6E74726F6C4C6F6F2E
:10D0F000705461736B0064656661756C7454617320
:10D100006B0053686F6F740043444320496E74652D
:10D1100072666163650043444320436F6E666967CE
:10D120000053544D6963726F656C656374726F6E02
:10D130006963730053544D333220566972747561BC
:10D140006C20436F6D506F72740049444C4500541D
:10D150006D725100546D72205376630075693D31D4
:10D1600000706572696F643D00474C3100474C3276
:10D170000047535400503A252B346420463A257515
:10D1800020443A257520523A257520433A257500EA
:10D19000D4D00108000000000000000000000000E2
:10D1A0000000000000060000100000000000000069
:10D1B000000000000000891112239B322446AD5765
:10D1C0003665BF74488CC19D5AAFD3BE6CCAE5DBCF
:10D1D0007EE9F7F88110080193331A22A5562C47EF
:10D1E000B7753E64C99C408DDBBF52AEEDDA64CBAF
:10D1F000FFF976E802218B30100299132667AF768B
:10D200003444BD554AADC3BC588ED19F6EEBE7FA8E
:10D210007CC8F5D983310A2091121803A7772E66AE
:10D22000B5543C45CBBD42ACD99E508FEFFB66EA6E
:10D23000FDD874C904428D5316619F702004A9154E
:10D240003227BB364CCEC5DF5EEDD7FC6888E1994E
:10D250007AABF3BA85520C4397711E60A11428056E
:10D26000B3373A26CDDE44CFDFFD56ECE99860892E
:10D27000FBBB72AA06638F7214409D512225AB340A
:10D280003006B9174EEFC7FE5CCCD5DD6AA9E3B80E
:10D29000788AF19B87730E6295501C41A3352A242E
:10D2A000B1163807CFFF46EEDDDC54CDEBB962A8EE
:10D2B000F99A708B088481951AA793B62CC2A5D3CE
:10D2C0003EE1B7F04008C919522BDB3A644EED5FDE
:10D2D000766DFF7C899400859BB712A6ADD224C3DE
:10D2E000BFF136E0C1184809D33B5A2AE55E6C4FBE
:10D2F000F77D7E6C0AA583B4188691972EE3A7F27A
:10D300003CC0B5D14229CB38500AD91B666FEF7E9D
:10D31000744CFD5D8BB502A499961087AFF326E29D
:10D32000BDD034C1C3394A28D11A580BE77F6E6E7D
:10D33000F55C7C4D0CC685D71EE597F42880A1913D
:10D340003AA3B3B2444ACD5B5669DF78600CE91D5D
:10D35000722FFB3E8DD604C79FF516E4A99020815D
:10D36000BBB332A2C55A4C4BD7795E68E11C680D3D
:10D37000F33F7A2E0EE787F61CC495D52AA1A3B0F9
:10D380003882B193466BCF7A5448DD59622DEB3C1D
:10D39000700EF91F8FF706E69DD414C5ABB122A01D
:10D3A000B9923083C77B4E6AD5585C49E33D6A2CFD
:10D3B000F11E780F00D501080000002408010000CC
:10D3C0000803000808D60108080100249885020017
:10D3D000240300081001000043000000F8FFFFFFD5
:10D3E0000040404040404040404041414141414078
:10D3F000404040404040404040404040404040402D
:10D4000040050202020202020202020202020202BB
:10D4100002202020202020202020200202020202C0
:10D420000202909090909090101010101010101018
:10D430001010101010101010101010100202020224
:10D440000202888888888888080808080808080868
:10D450000808080808080808080808080202020264
:10D46000400000000000000000000000000000007C
:10D4700000000000000000000000000000000000AC
:10D48000000000000000000000000000000000009C
:10D49000000000000000000000000000000000008C
:10D4A000000000000000000000000000000000007C
:10D4B000000000000000000000000000000000006C
:10D4C000000000000000000000000000000000005C
:10D4D000000000000000000000000000000000004C
:10D4E000000000001C00000043000000F8FFFFFFE8
:10D4F0000C0000000E0000000F0000002E000000D5
:10D5000082810100FFFF00001953010889530108BF
:10D51000A9530108D153010821540108C952010837
:10D5200039530108000000000090D0030090D003A0
:10D53000014601083143010861490108000000006B
:10D5400021440108C9410108C1420108000000004E
:10D55000000000000000000021450108B14401085E
:10D56000914501089944010809024300020100C0E5
:10D570003209040000010202010005240010010527
:10D58000240100010424020205240600010705828B
:10D590000308001009040100020A00000007050149
:10D5A0000240000007058102400000000A06000258
:10D5B00000000040010000001201000202020040D1
:10D5C000830440570002010203010000E92600081D
:10D5D000E1260008812600082127000849270008C5
:10D5E000040309041A03000000000000000000000A
:10D5F000000000000000000000000000000001002A
:08D6000010000000AAAAAAAA6A
:04000005080002CD20
:00000001FF
